t_s,attention,confidence
0.06867699018370778,0.521192762984544,0.2198412698412699
0.07867699018370777,0.5211658904214364,0.2286507936507937
0.08867699018370777,0.5213166335080585,0.23753968253968258
0.09867699018370776,0.5131484417527438,0.24517857142857147
0.10867699018370776,0.5111534514643044,0.25309523809523815
0.11867699018370775,0.5001054522796974,0.2533730158730159
0.12867699018370776,0.5000888235235844,0.2576984126984127
0.13867699018370774,0.5002407364986275,0.26158730158730165
0.14867699018370772,0.5001536230274046,0.2711706349206349
0.15867699018370773,0.5002565875976522,0.27908730158730166
0.16867699018370774,0.4919513516141204,0.2870039682539683
0.17867699018370772,0.4871986972212106,0.29394841269841276
0.1886769901837077,0.47581461657818463,0.29394841269841276
0.1986769901837077,0.4738903335170817,0.2989484126984127
0.20867699018370772,0.4741377886017512,0.3045634920634921
0.2186769901837077,0.47430308298145846,0.3142857142857143
0.22867699018370768,0.474614971611778,0.32009920634920636
0.2386769901837077,0.47482569516500234,0.32902777777777775
0.2486769901837077,0.47443001407405816,0.3340277777777778
0.2586769901837077,0.4661446157830854,0.3348611111111111
0.26867699018370766,0.46645642250653535,0.3368055555555555
0.2786769901837077,0.45782709826236057,0.3409722222222222
0.2886769901837077,0.4574061456026704,0.35055555555555545
0.29867699018370764,0.4494020153085969,0.353611111111111
0.30867699018370764,0.44876003440345086,0.3628968253968253
0.31867699018370765,0.4442002456686893,0.364781746031746
0.32867699018370766,0.43419955341896105,0.3665873015873015
0.33867699018370767,0.43452890778319486,0.36936507936507934
0.3486769901837076,0.43489802438687963,0.37394841269841256
0.35867699018370763,0.43525713446059183,0.3835317460317459
0.36867699018370764,0.43567517001361455,0.3882936507936507
0.3786769901837076,0.4361355633494677,0.3969047619047618
0.3886769901837076,0.43659742317371064,0.39732142857142855
0.3986769901837076,0.4371108009059704,0.4025992063492062
0.4086769901837076,0.4376356479247587,0.4064880952380951
0.41867699018370763,0.438177564187894,0.41418650793650774
0.4286769901837076,0.4386572893029299,0.4233531746031744
0.4386769901837076,0.4389435943058848,0.42863095238095217
0.4486769901837076,0.4394625444370992,0.43640873015873005
0.45867699018370756,0.44005234806406124,0.43640873015873005
0.46867699018370756,0.44067394669733273,0.44285714285714267
0.4786769901837076,0.44131388905269936,0.44744047619047594
0.4886769901837076,0.4419645400035018,0.4566071428571426
0.4986769901837076,0.44262428249223396,0.4659126984126982
0.5086769901837076,0.4432472717342652,0.472440476190476
0.5186769901837076,0.44261291525122565,0.4810515873015871
0.5286769901837075,0.4422169401690785,0.4813293650793649
0.5386769901837075,0.4429200957842723,0.486190476190476
0.5486769901837075,0.443381791556456,0.4908333333333331
0.5586769901837075,0.4437371151510026,0.49972222222222196
0.5686769901837075,0.44436173621683334,0.50625
0.5786769901837076,0.4447729250906631,0.5150595238095237
0.5886769901837076,0.4428010104313446,0.521031746031746
0.5986769901837075,0.4338663554878939,0.5203174603174603
0.6086769901837075,0.43377876041170027,0.5180555555555555
0.6186769901837075,0.43359854518472263,0.5215277777777776
0.6286769901837075,0.433461420097829,0.5249801587301585
0.6386769901837075,0.42682256496348775,0.530813492063492
0.6486769901837075,0.4250295867883659,0.5394246031746031
0.6586769901837075,0.4234396267708291,0.5441468253968255
0.6686769901837075,0.42276512286702556,0.5413690476190478
0.6786769901837075,0.42259291763257073,0.5388690476190476
0.6886769901837074,0.42226175428496887,0.5411111111111112
0.6986769901837074,0.422143243580839,0.5452777777777776
0.7086769901837074,0.42222405731916585,0.552063492063492
0.7186769901837075,0.42222558679665456,0.5559523809523809
0.7286769901837075,0.42187737821812615,0.5582539682539683
0.7386769901837075,0.42173711355555943,0.5524007936507938
0.7486769901837075,0.42168413387082865,0.5479563492063492
0.7586769901837074,0.4214777747713152,0.5471230158730158
0.7686769901837074,0.42120351685547713,0.5533730158730156
0.7786769901837074,0.41776293899598976,0.5576785714285712
0.7886769901837074,0.41282891109822134,0.5629365079365075
0.7986769901837074,0.4122884051060168,0.5615476190476191
0.8086769901837074,0.40966674152918003,0.556547619047619
0.8186769901837074,0.39938659480080435,0.5551587301587301
0.8286769901837074,0.3993734217897713,0.5530753968253967
0.8386769901837074,0.3982389149402438,0.5591468253968253
0.8486769901837073,0.3883680400609521,0.5632341269841269
0.8586769901837074,0.3880850409343404,0.5671230158730157
0.8686769901837074,0.3878021802248031,0.5653769841269842
0.8786769901837074,0.38771895483045193,0.5632936507936507
0.8886769901837074,0.38778071837413947,0.5691468253968252
0.8986769901837074,0.3798629054147153,0.5702976190476189
0.9086769901837074,0.3797980754055428,0.5783531746031745
0.9186769901837073,0.3790880039943766,0.5850198412698411
0.9286769901837073,0.3746428268324701,0.5905753968253966
0.9386769901837073,0.3710410375931635,0.5909920634920636
0.9486769901837073,0.3708737854156587,0.5902579365079365
0.9586769901837073,0.37085925497941297,0.5959523809523809
0.9686769901837073,0.3708819175885404,0.5968253968253968
0.9786769901837074,0.37179653926782635,0.6054365079365077
0.9886769901837074,0.37183979819743274,0.6112698412698412
0.9986769901837074,0.3719481590220354,0.6163293650793649
1.0086769901837074,0.37216606875615366,0.6181349206349206
1.0186769901837074,0.3724133026893408,0.6185515873015872
1.0286769901837074,0.37247580363616345,0.6229166666666667
1.0386769901837072,0.37351814295328417,0.6234722222222222
1.0486769901837072,0.3755652034212252,0.6326388888888886
1.0586769901837072,0.375842355112701,0.6376388888888889
1.0686769901837072,0.3761289856533717,0.6444444444444442
1.0786769901837072,0.3766958917003384,0.6444444444444445
1.0886769901837072,0.3770709955800835,0.6455555555555555
1.0986769901837072,0.38501417380592456,0.6479166666666668
1.1086769901837072,0.3855825575165616,0.6499999999999999
1.1186769901837073,0.39439142823940254,0.6590277777777778
1.1286769901837073,0.3862760148784206,0.6647023809523809
1.1386769901837073,0.3862336619585642,0.670813492063492
1.1486769901837073,0.385195382922687,0.668730158730159
1.1586769901837073,0.3789673401197604,0.6659325396825395
1.1686769901837073,0.38568638335389893,0.6660714285714285
1.1786769901837073,0.3875341675150469,0.6688888888888888
1.1886769901837073,0.3965174682378451,0.6732539682539682
1.1986769901837073,0.3982335153985658,0.6779761904761902
1.2086769901837071,0.3973701968898515,0.6819444444444444
1.2186769901837071,0.388882899946491,0.6736111111111115
1.2286769901837071,0.3889312396985926,0.6677976190476193
1.2386769901837071,0.38818527747783554,0.6616468253968254
1.2486769901837071,0.3797845122165553,0.6656746031746031
1.2586769901837072,0.38673798649604363,0.6676785714285712
1.2686769901837072,0.3866158020545334,0.6706349206349205
1.2786769901837072,0.3952731914540818,0.6664682539682543
1.2886769901837072,0.3962338565991073,0.6568849206349209
1.2986769901837072,0.4042840999553137,0.6538293650793653
1.3086769901837072,0.40447342536497427,0.6484325396825396
1.3186769901837072,0.40776492959146904,0.6537698412698412
1.3286769901837072,0.4162369542785136,0.6537698412698413
1.3386769901837072,0.41453461587619533,0.6526587301587302
1.3486769901837072,0.41246782263858306,0.6482142857142859
1.358676990183707,0.4059434572002082,0.6391865079365082
1.368676990183707,0.4040020243576287,0.6344246031746034
1.378676990183707,0.40154133620192967,0.6316468253968249
1.388676990183707,0.4006825224081242,0.6378968253968254
1.398676990183707,0.39245652389857927,0.6369642857142856
1.408676990183707,0.3901025266466501,0.634186507936508
1.418676990183707,0.387941264318382,0.6264880952380955
1.428676990183707,0.3798546986564608,0.6173214285714286
1.438676990183707,0.37987799687213614,0.612043650793651
1.448676990183707,0.379331477316546,0.6122420634920631
1.4586769901837071,0.3744300660331894,0.6173809523809523
1.4686769901837071,0.3702630372639664,0.6195436507936505
1.4786769901837071,0.3624154334329766,0.6173412698412699
1.4886769901837071,0.35585575184815416,0.6081746031746034
1.4986769901837071,0.3550928721756363,0.5988690476190476
1.5086769901837072,0.3514375788442156,0.5927579365079365
1.5186769901837072,0.34312179887890065,0.5927579365079363
1.528676990183707,0.342110505139163,0.5954563492063492
1.538676990183707,0.3341033551013052,0.5905952380952384
1.548676990183707,0.33233195908138485,0.5859523809523813
1.558676990183707,0.3322569696014273,0.5770634920634926
1.568676990183707,0.3304970886727957,0.5705357142857145
1.578676990183707,0.3250069458562604,0.562559523809524
1.588676990183707,0.32089384209463073,0.5653373015873012
1.598676990183707,0.32852784166060817,0.5650000000000003
1.608676990183707,0.32831166464598377,0.5594841269841272
1.618676990183707,0.32830973956022796,0.5547619047619051
1.628676990183707,0.32838368338683127,0.5447619047619051
1.638676990183707,0.33427321568190277,0.5389285714285715
1.648676990183707,0.3341298158759481,0.5303174603174604
1.658676990183707,0.32867507254592265,0.5329563492063493
1.668676990183707,0.3288988190051318,0.5318452380952383
1.6786769901837069,0.3289147622810898,0.5272023809523813
1.6886769901837069,0.3287885914226036,0.5221825396825401
1.6986769901837069,0.32855673809218516,0.5209325396825397
1.708676990183707,0.32833115326589907,0.5228968253968255
1.718676990183707,0.3281053288304501,0.5212301587301588
1.728676990183707,0.32078476556941865,0.5284523809523805
1.738676990183707,0.32075627775323157,0.5361904761904759
1.748676990183707,0.3197932321899494,0.5435515873015868
1.758676990183707,0.3113737980206748,0.5473611111111112
1.768676990183707,0.311345532348978,0.5471230158730159
1.778676990183707,0.3142569721594682,0.5519841269841271
1.788676990183707,0.31853459973719356,0.5519841269841271
1.798676990183707,0.3186850217018985,0.5611507936507935
1.808676990183707,0.3197683707882079,0.5672619047619049
1.818676990183707,0.32826866400529914,0.5735119047619044
1.828676990183707,0.3283856787404839,0.576011904761905
1.838676990183707,0.3289699731111228,0.5770238095238095
1.8486769901837068,0.3374607033735545,0.5822420634920636
1.8586769901837068,0.3376119531431179,0.5830753968253968
1.8686769901837068,0.33768536740864824,0.5919642857142852
1.8786769901837068,0.3347480285531006,0.5940476190476193
1.8886769901837068,0.33040163807518885,0.5940476190476193
1.8986769901837068,0.33732454005472096,0.5919642857142858
1.9086769901837068,0.329303937609775,0.5927976190476191
1.9186769901837069,0.3295834659174911,0.5940476190476193
1.9286769901837069,0.3318630227123064,0.5940476190476193
1.9386769901837069,0.3338425409938214,0.5990476190476187
1.9486769901837069,0.33198414455554026,0.6001984126984128
1.958676990183707,0.32568379277201615,0.6001984126984128
1.968676990183707,0.3256802616992349,0.5981150793650795
1.978676990183707,0.3246874906159056,0.596170634920635
1.988676990183707,0.32346417029308555,0.5953373015873016
1.9986769901837067,0.323282938901848,0.5953373015873016
2.008676990183707,0.32293504872556533,0.5922817460317459
2.0186769901837067,0.3222292837986573,0.5925595238095237
2.028676990183707,0.32170373447955186,0.592281746031746
2.0386769901837067,0.32133161823536416,0.5911706349206349
2.048676990183707,0.32126227972258314,0.5906150793650793
2.0586769901837068,0.3211893698180421,0.5911706349206349
2.068676990183707,0.32115597324834894,0.5911706349206349
2.0786769901837068,0.3211355266410184,0.5904761904761905
2.0886769901837066,0.32111787826223553,0.5904761904761905
2.098676990183707,0.3210957264562798,0.590357142857143
2.1086769901837066,0.32108549127369673,0.5898809523809524
2.118676990183707,0.32109402205786497,0.5884920634920635
2.1286769901837066,0.32848311617424947,0.5884920634920635
2.138676990183707,0.32864305342855304,0.5879365079365081
2.1486769901837066,0.3300963420636223,0.5889087301587298
2.158676990183707,0.32871997140281944,0.5937896825396826
2.1686769901837066,0.32930544676603213,0.5943452380952385
2.178676990183707,0.3287523929623198,0.5938690476190479
2.1886769901837066,0.32060076592829456,0.5964880952380952
2.198676990183707,0.3204789686519529,0.5966269841269842
2.2086769901837067,0.3209758142244669,0.5952579365079369
2.218676990183707,0.32137973596080593,0.6019841269841267
2.2286769901837067,0.3214048979900051,0.6119841269841266
2.2386769901837065,0.321691126636986,0.6186507936507938
2.2486769901837067,0.32933835689594254,0.6193452380952377
2.2586769901837065,0.32986327260825293,0.625952380952381
2.2686769901837067,0.32999259755848737,0.6310515873015873
2.2786769901837065,0.3300469313968166,0.6403571428571424
2.2886769901837067,0.33003458161733895,0.6503571428571426
2.2986769901837065,0.3300688924108108,0.6602182539682536
2.3086769901837068,0.3302070485193831,0.664384920634921
2.3186769901837065,0.33024174761629366,0.6664682539682539
2.3286769901837068,0.33077698735095545,0.6746626984126988
2.3386769901837066,0.3315956551450571,0.6829960317460316
2.348676990183707,0.3333851877276046,0.6921626984126986
2.3586769901837066,0.33944481892104383,0.7016071428571428
2.368676990183707,0.34055542645057085,0.711011904761905
2.3786769901837066,0.3420437033937346,0.7130952380952387
2.388676990183707,0.3426113012367515,0.7151785714285717
2.3986769901837066,0.3502826814545711,0.7206944444444446
2.4086769901837064,0.35179751165473505,0.7295833333333331
2.4186769901837066,0.3533678687256298,0.738888888888889
2.4286769901837064,0.36124330502466967,0.7488888888888888
2.4386769901837066,0.36135532168018847,0.7565277777777781
2.4486769901837064,0.36157511580844276,0.7574404761904768
2.4586769901837067,0.3662516422144256,0.7598015873015875
2.4686769901837065,0.3702224720693977,0.760912698412699
2.4786769901837067,0.37820268725098527,0.7679761904761906
2.4886769901837065,0.3853384041798848,0.7750595238095237
2.4986769901837067,0.38606719082645036,0.785059523809524
2.5086769901837065,0.3905306054113085,0.7900595238095245
2.5186769901837067,0.400252770815452,0.7883928571428579
2.5286769901837065,0.40312136236702406,0.7905753968253969
2.5386769901837067,0.41468840212193064,0.8001587301587303
2.5486769901837065,0.41840524955505964,0.8080555555555561
2.5586769901837068,0.39150613872402434,0.8145039682539685
2.5686769901837065,0.32222531480253735,0.8245039682539681
2.5786769901837063,0.26527156952825454,0.8257539682539695
2.5886769901837066,0.22812699899124103,0.8214484126984136
2.5986769901837063,0.22730901706028578,0.8251984126984127
2.6086769901837066,0.22749314227883663,0.8346428571428571
2.6186769901837064,0.22774593468138288,0.842559523809524
2.6286769901837066,0.22186772500870458,0.8497817460317459
2.6386769901837064,0.22043737326475554,0.8592261904761903
2.6486769901837066,0.2145372356038535,0.8622817460317472
2.6586769901837064,0.21928794324988785,0.8578174603174612
2.6686769901837066,0.21916357494628697,0.8596230158730164
2.6786769901837064,0.2196364708201269,0.8689285714285715
2.6886769901837066,0.22513788087047581,0.8744444444444454
2.6986769901837064,0.23136886239293308,0.8750000000000008
2.7086769901837067,0.23829530430409407,0.875535714285715
2.7186769901837065,0.25217949598681483,0.8717261904761923
2.7286769901837062,0.2736880450646092,0.8617261904761923
2.7386769901837065,0.28864139688790347,0.85232142857143
2.7486769901837063,0.30440599061416024,0.8514880952380961
2.7586769901837065,0.3287316308505439,0.8467063492063504
2.7686769901837063,0.34209815721144743,0.8452380952380961
2.7786769901837065,0.35904011000060115,0.8389880952380966
2.7886769901837063,0.37722155445257666,0.8294047619047636
2.7986769901837065,0.39343170481373607,0.8194047619047634
2.8086769901837063,0.398904353671887,0.811765873015874
2.8186769901837065,0.40301602055606967,0.8112103174603181
2.8286769901837063,0.40739830893095014,0.8059325396825402
2.8386769901837066,0.40928082637172936,0.8057936507936515
2.8486769901837063,0.41029592626094774,0.7978174603174616
2.8586769901837066,0.41197762421162404,0.789484126984128
2.8686769901837064,0.41486654979768367,0.7803571428571441
2.878676990183706,0.42178112147485086,0.7748015873015877
2.8886769901837064,0.4302179724136972,0.7748015873015877
2.898676990183706,0.43409600654108454,0.7713293650793654
2.9086769901837064,0.4450881842787101,0.7700793650793658
2.918676990183706,0.4459106183120538,0.7636904761904771
2.9286769901837064,0.44752417511144055,0.7564682539682551
2.938676990183706,0.4494654705642007,0.7475793650793662
2.9486769901837064,0.45338823437592746,0.7423611111111116
2.9586769901837062,0.46155438925287295,0.7398611111111124
2.9686769901837065,0.46211412601300206,0.7368055555555559
2.9786769901837062,0.4664435790704853,0.7369444444444451
2.9886769901837065,0.47188619028696743,0.7309722222222228
2.9986769901837063,0.47324911752298787,0.7245634920634931
3.0086769901837065,0.4753133974473674,0.7199801587301593
3.0186769901837063,0.4789405999137477,0.7184523809523813
3.0286769901837065,0.48127552536600865,0.7158730158730167
3.0386769901837063,0.4830745271807551,0.7137896825396829
3.048676990183706,0.4834320330348726,0.7120436507936516
3.0586769901837063,0.4833181064543263,0.7068650793650804
3.068676990183706,0.4829567235648656,0.7015873015873029
3.0786769901837063,0.4826400470596659,0.6967460317460324
3.088676990183706,0.48232227324286225,0.6963293650793657
3.0986769901837063,0.4820431320177063,0.6939484126984136
3.108676990183706,0.4817686872197348,0.692757936507937
3.1186769901837064,0.481455758235823,0.6913690476190486
3.128676990183706,0.4728995938500942,0.6848412698412714
3.1386769901837064,0.4727491522150665,0.6753968253968264
3.148676990183706,0.4745035208538608,0.6726190476190481
3.1586769901837064,0.48464785755391293,0.6685714285714295
3.168676990183706,0.48358638940957305,0.6639880952380957
3.1786769901837064,0.48644781587575836,0.6647023809523811
3.188676990183706,0.49439752963190847,0.6643849206349219
3.1986769901837064,0.49550760281308476,0.6609126984126988
3.2086769901837062,0.4967295657211993,0.6626984126984126
3.218676990183706,0.506207183055293,0.6645833333333339
3.2286769901837062,0.5071550364431984,0.6645833333333339
3.238676990183706,0.5079443409976782,0.6651388888888892
3.2486769901837063,0.5084208531913644,0.665416666666667
3.258676990183706,0.5087971156877038,0.6655555555555561
3.2686769901837063,0.5083660509321866,0.6652777777777782
3.278676990183706,0.507027590966728,0.6659722222222226
3.2886769901837063,0.5057415832147333,0.6659722222222226
3.298676990183706,0.5051942322933203,0.6661111111111114
3.3086769901837063,0.5053197119606224,0.668055555555556
3.318676990183706,0.5053153175029536,0.6687500000000003
3.3286769901837063,0.5055109307184957,0.668055555555556
3.338676990183706,0.5061765338986789,0.668055555555556
3.3486769901837063,0.5067126563700972,0.6687500000000004
3.358676990183706,0.5070480914547597,0.6687500000000004
3.368676990183706,0.5069256779861727,0.6693452380952382
3.378676990183706,0.5065618087663041,0.6714285714285718
3.388676990183706,0.506023337897171,0.6726785714285716
3.398676990183706,0.49701997344082416,0.6721230158730161
3.408676990183706,0.49625781332729857,0.6721230158730161
3.418676990183706,0.4949155362183971,0.6728174603174606
3.428676990183706,0.49464427829958824,0.6728174603174606
3.438676990183706,0.4947906765759344,0.6751785714285712
3.448676990183706,0.4958123251224389,0.6762896825396827
3.4586769901837062,0.49540378201925866,0.6787896825396825
3.468676990183706,0.4945756078870474,0.6769841269841271
3.4786769901837062,0.4936651454562563,0.6775396825396824
3.488676990183706,0.49316851050540195,0.6804563492063493
3.4986769901837063,0.493467451496925,0.6804563492063493
3.508676990183706,0.494539032280189,0.6850396825396816
3.518676990183706,0.49426271873582356,0.688095238095238
3.528676990183706,0.49312412944612233,0.6926587301587301
3.538676990183706,0.49227218706534404,0.687936507936509
3.548676990183706,0.49295685068508927,0.6800396825396827
3.558676990183706,0.4939518450324864,0.6735912698412709
3.568676990183706,0.4930639944695174,0.6635912698412707
3.578676990183706,0.4883229690488232,0.6622023809523809
3.588676990183706,0.47938856682658837,0.657757936507937
3.598676990183706,0.4688572945043853,0.6576190476190483
3.608676990183706,0.45407859285543695,0.6492857142857151
3.618676990183706,0.4523771430008883,0.6413690476190481
3.628676990183706,0.455581938368264,0.6350992063492067
3.638676990183706,0.45364743830254484,0.6345833333333333
3.648676990183706,0.46220033287887236,0.6316666666666669
3.658676990183706,0.4609330351600434,0.6287698412698413
3.668676990183706,0.4593499959189781,0.6266865079365084
3.678676990183706,0.45661333947811583,0.6173809523809533
3.6886769901837058,0.4519121948464249,0.6113095238095237
3.698676990183706,0.4404916745171168,0.6043650793650793
3.708676990183706,0.4404749917090201,0.6043650793650793
3.718676990183706,0.4387028096484362,0.6015873015873016
3.728676990183706,0.43812581317548155,0.6015873015873016
3.738676990183706,0.44054257625171844,0.6015873015873016
3.748676990183706,0.44256891309430435,0.5924206349206361
3.758676990183706,0.4435688982888366,0.5875595238095241
3.768676990183706,0.43658740935317686,0.5834325396825396
3.778676990183706,0.43737007062771954,0.5882936507936508
3.788676990183706,0.43551192004370276,0.5882936507936508
3.798676990183706,0.4258575413122455,0.5882936507936508
3.808676990183706,0.42592546334994746,0.5859325396825406
3.818676990183706,0.4238660785256159,0.5764880952380963
3.828676990183706,0.4205794265636803,0.5727380952380964
3.838676990183706,0.4114765537166533,0.5687103174603174
3.848676990183706,0.4110024304393482,0.5737698412698417
3.8586769901837057,0.40792577092954374,0.5721031746031751
3.868676990183706,0.39806676710876465,0.5712301587301591
3.8786769901837057,0.39747589449102044,0.5667857142857158
3.888676990183706,0.3964785899149526,0.5567857142857157
3.8986769901837057,0.3932255648518837,0.5524801587301601
3.908676990183706,0.38591873855386943,0.5509523809523806
3.9186769901837057,0.3853642069881093,0.5531746031746039
3.928676990183706,0.3849961911633496,0.5503968253968257
3.9386769901837058,0.38507898810984614,0.5492857142857149
3.948676990183706,0.3851436880300569,0.5445039682539693
3.958676990183706,0.38468866626915144,0.5370039682539685
3.968676990183706,0.3839939846553464,0.5321428571428582
3.978676990183706,0.37568727400558355,0.5325595238095233
3.988676990183706,0.3740129333045968,0.5318650793650802
3.998676990183706,0.3725040670190282,0.5282738095238099
4.008676990183706,0.3644327835645535,0.5270238095238103
4.018676990183706,0.3648725861624028,0.5185515873015886
4.028676990183706,0.3640212159231049,0.5114087301587306
4.038676990183705,0.36208446545548983,0.5046031746031768
4.048676990183706,0.35354531241466247,0.5035714285714291
4.058676990183706,0.3535006812536208,0.49986111111111187
4.068676990183706,0.35304522949298217,0.49513888888888946
4.078676990183705,0.3520088485419832,0.4918650793650809
4.088676990183706,0.35109014835572144,0.4897817460317464
4.098676990183706,0.3506070675167913,0.49228174603174596
4.108676990183706,0.351956732525796,0.49394841269841305
4.1186769901837055,0.3533544887127354,0.49742063492063415
4.128676990183706,0.3623327887027198,0.5039484126984126
4.138676990183706,0.3628814515397305,0.5139484126984121
4.148676990183706,0.36335321639526846,0.51811507936508
4.1586769901837055,0.3633142788349789,0.5216071428571424
4.168676990183705,0.35796939890903445,0.5275793650793652
4.178676990183706,0.35163608679660757,0.5275793650793655
4.188676990183706,0.3460340571320945,0.5309126984126978
4.1986769901837055,0.3441847917560255,0.53452380952381
4.208676990183705,0.3428281997356666,0.53452380952381
4.218676990183706,0.3414758906415486,0.5338293650793656
4.228676990183706,0.3406478885312909,0.5338293650793655
4.238676990183706,0.33988719133357803,0.5338293650793655
4.248676990183705,0.3391292991500067,0.5338293650793655
4.258676990183706,0.33876844603972933,0.534246031746032
4.268676990183706,0.3384773886819583,0.53452380952381
4.278676990183706,0.3381979770483163,0.53452380952381
4.288676990183705,0.33777589551400267,0.5339682539682545
4.298676990183706,0.3371977699623597,0.5338293650793655
4.308676990183706,0.3365482061769711,0.5338293650793655
4.318676990183706,0.3363728439785259,0.5338293650793655
4.328676990183705,0.33644764849304665,0.53452380952381
4.338676990183705,0.33656228085296697,0.53452380952381
4.348676990183706,0.3368126093813941,0.53452380952381
4.358676990183706,0.3371098083696046,0.5338293650793655
4.3686769901837055,0.3375041244006169,0.5338293650793655
4.378676990183705,0.33828549455708357,0.5338293650793655
4.388676990183706,0.3392583498809072,0.5338293650793655
4.398676990183706,0.3476435625015584,0.53452380952381
4.4086769901837055,0.3483476972375931,0.53452380952381
4.418676990183705,0.34905873401191473,0.53452380952381
4.428676990183706,0.3497882416472681,0.5339285714285719
4.438676990183706,0.350255326114248,0.5339285714285719
4.4486769901837055,0.3503952659877691,0.5339285714285719
4.458676990183705,0.3504725597369094,0.5339285714285719
4.468676990183706,0.3506331351704176,0.5360119047619052
4.478676990183706,0.3509104690119771,0.5360119047619052
4.488676990183706,0.351334427643055,0.5360119047619052
4.498676990183705,0.3507294347036631,0.5353174603174609
4.508676990183705,0.3483824423969379,0.5353174603174609
4.518676990183706,0.34606782354217097,0.5353174603174609
4.528676990183706,0.34416391788053013,0.5355952380952383
4.538676990183705,0.34322525230780726,0.5407341269841265
4.548676990183705,0.34218302745100077,0.5507341269841258
4.558676990183706,0.3414841890406185,0.5607341269841265
4.568676990183706,0.3417338233147145,0.5707341269841266
4.578676990183705,0.3420980163001219,0.5800396825396816
4.588676990183705,0.3437050010012605,0.5900396825396813
4.598676990183706,0.3472664774579431,0.5955952380952382
4.608676990183706,0.35741526125316786,0.6044841269841262
4.6186769901837055,0.3571378150417356,0.6144841269841266
4.628676990183705,0.3562723706130236,0.6221428571428582
4.638676990183706,0.3472341263751149,0.6136309523809539
4.648676990183706,0.34459032142321694,0.6169642857142855
4.6586769901837055,0.347340838941542,0.6264087301587296
4.668676990183705,0.3537098162663583,0.6322420634920641
4.678676990183705,0.35787571651211625,0.6394642857142849
4.688676990183706,0.3592019290109047,0.6437500000000006
4.6986769901837055,0.3660078217821849,0.6422222222222245
4.708676990183705,0.3610321980632277,0.6329365079365095
4.718676990183705,0.36497545267096226,0.6317460317460324
4.728676990183706,0.3680673408558876,0.6389682539682537
4.738676990183706,0.37134053854361315,0.6442460317460323
4.748676990183705,0.3736259360984215,0.649801587301588
4.758676990183705,0.37058105034715955,0.649801587301588
4.768676990183706,0.37601764145642447,0.6456349206349221
4.778676990183706,0.3748269335893043,0.6370238095238104
4.788676990183705,0.36806231536322165,0.6366071428571435
4.798676990183705,0.375102992102719,0.6450396825396819
4.808676990183705,0.3729420121327912,0.6485119047619055
4.818676990183706,0.36457812572268933,0.6485119047619055
4.828676990183705,0.3690760517969874,0.6485119047619055
4.838676990183705,0.38207734408797783,0.6430952380952406
4.848676990183705,0.38589005705141116,0.6360119047619055
4.858676990183706,0.3851738222587121,0.6372619047619049
4.8686769901837055,0.39463915685436585,0.6464285714285712
4.878676990183705,0.39609861517865264,0.6488095238095245
4.888676990183705,0.39761500049449006,0.6488095238095245
4.898676990183706,0.39370167698867203,0.6486706349206358
4.9086769901837055,0.401182391684756,0.6414484126984148
4.918676990183705,0.4017987973393962,0.6356150793650801
4.928676990183705,0.39427707576502397,0.6379761904761898
4.938676990183706,0.3927854584988221,0.6479761904761902
4.9486769901837055,0.3902219209405657,0.6488095238095245
4.958676990183705,0.38415205746290043,0.6488095238095245
4.968676990183705,0.38208815673513297,0.6488095238095245
4.978676990183705,0.3902644458692117,0.6401984126984153
4.988676990183706,0.3904044491069944,0.6376984126984134
4.998676990183705,0.3830020700502219,0.6413095238095229
5.008676990183705,0.3913535143872504,0.649226190476191
5.018676990183705,0.3286198077813553,0.6495039682539689
5.028676990183706,0.3497343994795193,0.6495039682539689
5.038676990183705,0.3854640594915681,0.6495039682539689
5.048676990183705,0.39869176747468954,0.6429761904761917
5.058676990183705,0.3951946440932046,0.6418650793650801
5.068676990183706,0.3758070535846572,0.6474206349206347
5.078676990183705,0.36623814289538004,0.6529761904761913
5.088676990183705,0.3654653428358842,0.6454761904761922
5.098676990183705,0.36907630540502384,0.6354761904761929
5.108676990183706,0.3732308807797168,0.6254761904761925
5.1186769901837055,0.37728883948193104,0.6154761904761921
5.128676990183705,0.3778871315345363,0.6054761904761926
5.138676990183705,0.36730710223939733,0.6023809523809531
5.148676990183705,0.3616805374691524,0.5968253968253989
5.1586769901837055,0.35475965869239906,0.5873809523809544
5.168676990183705,0.34916112373394254,0.5773809523809549
5.178676990183705,0.3459989862045709,0.5673809523809545
5.188676990183705,0.3462118691052215,0.5573809523809551
5.1986769901837055,0.3425470637880239,0.5477976190476203
5.208676990183705,0.33241613399010844,0.5461309523809531
5.218676990183705,0.3306996730852333,0.5396825396825418
5.228676990183705,0.3300152436729293,0.5296825396825421
5.238676990183706,0.32974285338477294,0.5196825396825414
5.248676990183705,0.32947605014449416,0.509682539682542
5.258676990183705,0.3286242943885003,0.4996825396825416
5.268676990183705,0.32094498570282964,0.4902777777777799
5.278676990183705,0.3236673642471123,0.4897222222222235
5.288676990183705,0.3256750782656033,0.48194444444444606
5.298676990183705,0.324658397703889,0.47208333333333563
5.308676990183705,0.32226219454181154,0.46208333333333584
5.318676990183705,0.3191446725859496,0.45208333333333584
5.328676990183705,0.3165074357134604,0.44208333333333544
5.338676990183705,0.3122162299655032,0.43430555555555667
5.348676990183705,0.32335858363639436,0.43347222222222404
5.358676990183705,0.3260440735119777,0.4252777777777803
5.3686769901837055,0.31155432455378096,0.4152777777777794
5.378676990183705,0.3015727455555451,0.4052777777777799
5.388676990183705,0.2907568967729837,0.3952777777777803
5.398676990183705,0.2845779897257,0.3852777777777801
5.4086769901837055,0.2934104662835025,0.3791666666666674
5.418676990183705,0.31657930178021704,0.3784722222222231
5.428676990183705,0.32121399271240064,0.3690674603174624
5.438676990183705,0.3125637607384222,0.35906746031746295
5.448676990183705,0.3004631482915754,0.3490674603174628
5.458676990183705,0.28741298724513176,0.33906746031746227
5.468676990183705,0.28444685118646973,0.32906746031746276
5.478676990183705,0.3222249993010359,0.32430555555555624
5.488676990183705,0.3816999190197991,0.3215277777777801
5.498676990183705,0.38426507001753274,0.3123611111111127
5.508676990183705,0.3667833038940393,0.3023611111111131
5.518676990183705,0.32862220589409236,0.2923611111111136
5.528676990183705,0.2852020422864912,0.2823611111111136
5.538676990183705,0.2660680775145701,0.27236111111111294
5.548676990183705,0.2984493455268836,0.26944444444444515
5.558676990183705,0.31560494709854825,0.26456349206349405
5.568676990183705,0.2777091351060107,0.2545634920634946
5.578676990183705,0.23475500331613933,0.24456349206349423
5.588676990183705,0.23382513370278676,0.2345634920634939
5.598676990183705,0.23299008786880873,0.22456349206349438
5.608676990183705,0.23226547496440422,0.21492063492063718
5.618676990183705,0.2735026754438237,0.21349206349206423
5.628676990183705,0.2860553150878954,0.20765873015873115
5.638676990183705,0.2507528327634279,0.20724206349206425
5.648676990183705,0.23916871525055874,0.2030753968253989
5.658676990183705,0.5203648381106392,0.19363095238095523
5.668676990183705,0.5203648381106392,0.18779761904761977
5.678676990183705,0.5203648381106392,0.18140873015873157
5.688676990183705,0.5203648381106392,0.18587301587301483
5.698676990183705,0.5203648381106392,0.1860119047619055
5.708676990183705,0.5203648381106392,0.1860119047619055
5.718676990183705,0.5203648381106392,0.1860119047619055
5.728676990183705,0.5203648381106392,0.17878968253968466
5.738676990183705,0.5203648381106392,0.17351190476190548
5.748676990183705,0.5203648381106392,0.17017857142857126
5.758676990183705,0.5203648381106392,0.17892857142857152
5.768676990183705,0.5203648381106392,0.17976190476190548
5.778676990183705,0.5203648381106392,0.17976190476190548
5.7886769901837045,0.5203648381106392,0.17976190476190548
5.798676990183705,0.5203648381106392,0.17132936507936716
5.808676990183705,0.5203648381106392,0.1678571428571436
5.818676990183705,0.5203648381106392,0.17142857142857063
5.8286769901837046,0.5203648381106392,0.17906746031746104
5.838676990183705,0.5203648381106392,0.17906746031746104
5.848676990183705,0.5203648381106392,0.17906746031746104
5.858676990183705,0.5203648381106392,0.17781746031746193
5.868676990183705,0.5203648381106392,0.16865079365079616
5.878676990183705,0.5203648381106392,0.166269841269842
5.888676990183705,0.5203648381106392,0.1716865079365076
5.898676990183705,0.5203648381106392,0.17906746031746104
5.908676990183705,0.5203648381106392,0.17906746031746104
5.918676990183705,0.5203648381106392,0.17906746031746104
5.928676990183705,0.5203648381106392,0.17670634920635137
5.938676990183705,0.5203648381106392,0.16670634920635172
5.948676990183705,0.5203648381106392,0.16599206349206402
5.9586769901837044,0.5203648381106392,0.17313492063491925
5.968676990183705,0.5203648381106392,0.17896825396825472
5.978676990183705,0.5203648381106392,0.17896825396825472
5.988676990183705,0.5203648381106392,0.17896825396825472
5.9986769901837045,0.5203648381106392,0.1753571428571454
6.008676990183705,0.5203648381106392,0.16744047619047717
6.018676990183705,0.5203648381106392,0.16716269841269918
6.028676990183705,0.5203648381106392,0.17577380952380886
6.0386769901837045,0.5203648381106392,0.17827380952381028
6.048676990183705,0.5203648381106392,0.17827380952381028
6.058676990183705,0.5203648381106392,0.17827380952381028
6.068676990183705,0.5203648381106392,0.1727182539682565
6.0786769901837046,0.5203648381106392,0.16716269841269915
6.088676990183704,0.5203648381106392,0.16827380952380963
6.098676990183705,0.5203648381106392,0.17730158730158727
6.108676990183705,0.5203648381106392,0.17896825396825472
6.118676990183705,0.5203648381106392,0.17896825396825472
6.128676990183704,0.5203648381106392,0.17896825396825472
6.138676990183705,0.5203648381106392,0.17206349206349392
6.148676990183705,0.5203648381106392,0.16775793650793727
6.158676990183705,0.5203648381106392,0.16984126984126913
6.168676990183704,0.5203648381106392,0.17886904761904693
6.178676990183705,0.5203648381106392,0.1788690476190484
6.188676990183705,0.5203648381106392,0.1788690476190484
6.198676990183705,0.5203648381106392,0.17845238095238253
6.2086769901837044,0.5203648381106392,0.17011904761905053
6.218676990183705,0.5203648381106392,0.16726190476190556
6.228676990183705,0.5203648381106392,0.17101190476190412
6.238676990183705,0.5203648381106392,0.17878968253968266
6.2486769901837045,0.5203648381106392,0.1790674603174611
6.258676990183704,0.5203648381106392,0.1790674603174611
6.268676990183705,0.5203648381106392,0.17847222222222325
6.278676990183705,0.5203648381106392,0.16902777777777953
6.2886769901837045,0.5203648381106392,0.1673611111111119
6.298676990183704,0.5203648381106392,0.17295634920634753
6.308676990183705,0.5203648381106392,0.1790674603174611
6.318676990183705,0.5203648381106392,0.1790674603174611
6.3286769901837046,0.5203648381106392,0.1790674603174611
6.338676990183704,0.5203648381106392,0.1768452380952402
6.348676990183705,0.5203648381106392,0.16767857142857276
6.358676990183705,0.5203648381106392,0.1665674603174611
6.368676990183705,0.5203648381106392,0.17351190476190376
6.378676990183704,0.5203648381106392,0.1776785714285722
6.388676990183705,0.5203648381106392,0.1776785714285722
6.398676990183705,0.5203648381106392,0.1776785714285722
6.408676990183705,0.5203648381106392,0.17378968253968508
6.418676990183704,0.5203648381106392,0.16448412698412923
6.428676990183704,0.5203648381106392,0.16503968253968254
6.438676990183705,0.5203648381106392,0.17337301587301487
6.448676990183705,0.5203648381106392,0.1762896825396833
6.4586769901837044,0.5203648381106392,0.1762896825396833
6.468676990183704,0.5203648381106392,0.1762896825396833
6.478676990183705,0.5203648381106392,0.1710515873015895
6.488676990183705,0.5203648381106392,0.16382936507936618
6.4986769901837045,0.5203648381106392,0.16424603174603136
6.508676990183704,0.5203648381106392,0.172718253968253
6.518676990183705,0.5203648381106392,0.17410714285714365
6.528676990183705,0.5203648381106392,0.17410714285714365
6.5386769901837045,0.5203648381106392,0.17410714285714365
6.548676990183704,0.5203648381106392,0.1670238095238121
6.558676990183704,0.5203648381106392,0.1619047619047627
6.568676990183705,0.5203648381106392,0.16398809523809513
6.5786769901837046,0.5203648381106392,0.17287698412698432
6.588676990183704,0.5203648381106392,0.1770833333333325
6.598676990183704,0.5203648381106392,0.1777777777777786
6.608676990183705,0.5203648381106392,0.17742063492063592
6.618676990183705,0.5203648381106392,0.16884920634920894
6.628676990183704,0.5203648381106392,0.16662698412698435
6.638676990183704,0.5203648381106392,0.17357142857142743
6.648676990183705,0.5203648381106392,0.18134920634920715
6.658676990183705,0.5203648381106392,0.18662698412698314
6.668676990183704,0.5203648381106392,0.19126984126984206
6.678676990183704,0.5203648381106392,0.19154761904761947
6.688676990183705,0.5203648381106392,0.1858531746031765
6.698676990183705,0.5203648381106392,0.1886309523809516
6.7086769901837044,0.4840394791864548,0.19863095238095105
6.718676990183704,0.47789894434724156,0.20446428571428651
6.728676990183704,0.522739989776654,0.21238095238095087
6.738676990183705,0.5465768606772252,0.2212698412698409
6.7486769901837045,0.535935350081122,0.22251984126984203
6.758676990183704,0.5322161314000003,0.22293650793650835
6.768676990183704,0.520661266123338,0.2308531746031727
6.778676990183705,0.5309221128301361,0.24085317460317396
6.7886769901837045,0.5119564104363593,0.24918650793650773
6.798676990183704,0.4939786991320314,0.25876984126984026
6.808676990183704,0.5004181467358089,0.267519841269841
6.818676990183705,0.5340298950008802,0.2689484126984132
6.8286769901837046,0.5668537867492989,0.27130952380952283
6.838676990183704,0.5576485465253381,0.2813095238095227
6.848676990183704,0.5261603343017776,0.29130952380952213
6.858676990183705,0.48952711261621173,0.30130952380952336
6.868676990183705,0.4589318077768387,0.3113095238095228
6.878676990183704,0.47365061599940644,0.3213095238095228
6.888676990183704,0.5722482445016096,0.3251984126984135
6.898676990183704,0.5868123449040996,0.3278174603174586
6.908676990183705,0.5884768312328751,0.33781746031745935
6.918676990183704,0.5886225670262787,0.34781746031745936
6.928676990183704,0.5873395318951028,0.3578174603174588
6.938676990183704,0.5824662500027306,0.36781746031745916
6.948676990183705,0.5914890786466793,0.3775595238095235
6.9586769901837044,0.599063131178065,0.3786706349206357
6.968676990183704,0.6007400598184903,0.38283730158730056
6.978676990183704,0.6029023234856861,0.39283730158730007
6.988676990183705,0.6042826388724823,0.4028373015873006
6.9986769901837045,0.6049658046306603,0.41283730158730075
7.008676990183704,0.6056239214031115,0.4228373015873002
7.018676990183704,0.5986233708309905,0.43283730158730055
7.028676990183705,0.597565444609973,0.4254761904761922
7.0386769901837045,0.5956793270177432,0.43019841269841214
7.048676990183704,0.5936695279240919,0.4350595238095228
7.058676990183704,0.5928220201921758,0.4450595238095224
7.068676990183704,0.5930600026999817,0.45228174603174587
7.0786769901837046,0.5906969281608033,0.4622817460317454
7.088676990183704,0.5940747788607171,0.4711706349206344
7.098676990183704,0.5958441559399662,0.47214285714285703
7.108676990183704,0.5967410148897989,0.48047619047618906
7.118676990183705,0.5968627723609049,0.49047619047618946
7.128676990183704,0.5949948468214667,0.5004761904761894
7.138676990183704,0.5930349108138137,0.5104761904761893
7.148676990183704,0.5902827197581386,0.5204761904761886
7.158676990183705,0.5878234775936438,0.5283928571428578
7.168676990183704,0.588798915892281,0.5293650793650798
7.178676990183704,0.5864860779934933,0.5393650793650778
7.188676990183704,0.5909441513167765,0.5493650793650783
7.198676990183705,0.5333264732421543,0.5593650793650785
7.2086769901837044,0.45308097496919136,0.5693650793650783
7.218676990183704,0.43530159435487364,0.5793650793650784
7.228676990183704,0.557484172863684,0.5849206349206357
7.238676990183704,0.5868345999758686,0.5871428571428562
7.2486769901837045,0.5866572756963288,0.5968650793650785
7.258676990183704,0.5856221451634483,0.606865079365078
7.268676990183704,0.5835701097671808,0.6168650793650784
7.278676990183704,0.5064663488137128,0.6268650793650778
7.2886769901837045,0.48955026846949934,0.6368650793650783
7.298676990183704,0.5858930404949306,0.6412698412698421
7.308676990183704,0.5847397707689412,0.6451587301587288
7.318676990183704,0.5846181914780398,0.6551587301587284
7.3286769901837046,0.5835405517400389,0.6651587301587296
7.338676990183704,0.5350017076190748,0.6751587301587291
7.348676990183704,0.4292742902111923,0.6851587301587292
7.358676990183704,0.4286356816479899,0.6951587301587289
7.368676990183704,0.5855456138533863,0.6982142857142866
7.378676990183704,0.6041850178173039,0.7040476190476181
7.388676990183704,0.6070711352048735,0.714047619047618
7.398676990183704,0.5770802499403074,0.7240476190476174
7.408676990183704,0.45945856188707673,0.7340476190476177
7.418676990183704,0.44637090324224515,0.7440476190476182
7.428676990183704,0.45133837596642307,0.7534920634920632
7.438676990183704,0.5031619021592112,0.755158730158731
7.448676990183704,0.6193084924844451,0.7622420634920618
7.4586769901837044,0.5825184697098905,0.7722420634920625
7.468676990183704,0.4793470931610393,0.7822420634920626
7.478676990183704,0.45094177739591196,0.792242063492062
7.488676990183704,0.45155707692485364,0.8022420634920624
7.4986769901837045,0.4544165099364024,0.8116865079365083
7.508676990183704,0.4565859042525293,0.8132142857142862
7.518676990183704,0.4571691527618051,0.8218253968253959
7.528676990183704,0.45669082297566943,0.8318253968253954
7.538676990183704,0.4561351107812416,0.841825396825395
7.548676990183704,0.45558993209202103,0.851825396825396
7.558676990183704,0.45512413330005885,0.8618253968253955
7.568676990183704,0.4547269808161064,0.869742063492063
7.578676990183704,0.4539829399878272,0.8708531746031739
7.588676990183704,0.4530414775909701,0.8766468253968258
7.598676990183704,0.4525889497031476,0.8859523809523799
7.608676990183704,0.45114201141191584,0.8959523809523796
7.618676990183704,0.4484964673619815,0.9059523809523791
7.628676990183704,0.4465051546647152,0.9153968253968252
7.638676990183704,0.4451226479769975,0.9184523809523817
7.648676990183704,0.4459216522383054,0.9206746031746015
7.658676990183704,0.4466988709892761,0.9253968253968262
7.668676990183704,0.44711510839327945,0.9307539682539673
7.678676990183704,0.44476656911591134,0.9396428571428573
7.688676990183704,0.4425005697705058,0.9465873015873005
7.698676990183704,0.44233139812048144,0.9529761904761913
7.708676990183704,0.44432337114560055,0.9529761904761913
7.718676990183704,0.4538313800322203,0.9571428571428562
7.728676990183704,0.4547137077545109,0.9592261904761913
7.738676990183704,0.4550771452789951,0.9603373015873018
7.748676990183704,0.4551969486574569,0.9668650793650803
7.758676990183704,0.45532405332854164,0.967698412698413
7.768676990183704,0.4540422242051249,0.9689484126984136
7.778676990183704,0.4554503439220172,0.9689484126984136
7.788676990183704,0.4701007395432351,0.970615079365079
7.798676990183704,0.47948861071692567,0.9710317460317469
7.808676990183704,0.4823856790230206,0.9722817460317459
7.818676990183704,0.47928001672762777,0.9772817460317469
7.828676990183704,0.48035089758677263,0.9772817460317469
7.8386769901837035,0.48195718201762744,0.9772817460317469
7.848676990183704,0.4810499983769328,0.9772817460317469
7.858676990183704,0.48665536857406877,0.9772817460317469
7.868676990183704,0.49661587023161463,0.9772817460317469
7.8786769901837035,0.49984189771873844,0.9772817460317469
7.888676990183704,0.49068303558180726,0.9779761904761913
7.898676990183704,0.4828328435197177,0.9779761904761913
7.908676990183704,0.4841582477381043,0.9779761904761913
7.9186769901837035,0.4869142127563971,0.9779761904761913
7.928676990183704,0.49197886757838283,0.9779761904761913
7.938676990183704,0.49630434960674746,0.9779761904761913
7.948676990183704,0.4893350012388907,0.9781150793650798
7.958676990183704,0.47388319690341146,0.9798611111111118
7.968676990183704,0.47396774983345996,0.9798611111111118
7.978676990183704,0.47272184315394844,0.9798611111111118
7.988676990183704,0.47252074978079517,0.9798611111111118
7.998676990183704,0.4782455647145591,0.9798611111111118
8.008676990183703,0.4817579335871151,0.9798611111111118
8.018676990183703,0.47770315918670625,0.9798611111111118
8.028676990183703,0.4597407278649869,0.9886111111111098
8.038676990183705,0.4669364988939906,0.9908333333333339
8.048676990183704,0.4727788717511514,0.9951388888888897
8.058676990183704,0.4822010588991653,0.9951388888888897
8.068676990183704,0.5038268144306203,0.9979166666666661
8.078676990183704,0.4993081575842352,0.9979166666666673
8.088676990183703,0.48350158541795407,0.9979166666666673
8.098676990183703,0.4756484740121623,0.9979166666666673
8.108676990183703,0.47630373353871336,0.9970833333333351
8.118676990183705,0.4797073680585885,0.9965277777777785
8.128676990183704,0.4893667069498558,0.9965277777777785
8.138676990183704,0.5014179033633794,0.9965277777777785
8.148676990183704,0.5249428041728421,0.9965277777777785
8.158676990183704,0.5765326767366106,0.9965277777777785
8.168676990183704,0.6124838531197014,0.9965277777777785
8.178676990183703,0.6305080408832533,0.9962500000000012
8.188676990183703,0.6417027486290087,0.995833333333334
8.198676990183703,0.661525331368397,0.995833333333334
8.208676990183704,0.6736912323186377,0.995833333333334
8.218676990183704,0.6726652351032224,0.995833333333334
8.228676990183704,0.661672080397278,0.9965277777777785
8.238676990183704,0.6546321966798678,0.9965277777777785
8.248676990183704,0.6618649009581518,0.9953373015873023
8.258676990183703,0.6683839905378562,0.9953373015873023
8.268676990183703,0.6736849967661229,0.9953373015873023
8.278676990183703,0.678272899672892,0.9953373015873023
8.288676990183705,0.6783284894909526,0.9953373015873023
8.298676990183704,0.6690608809981949,0.9953373015873023
8.308676990183704,0.6637166106248177,0.9953373015873023
8.318676990183704,0.6619942126142885,0.9946428571428583
8.328676990183704,0.6589684957251037,0.9946428571428579
8.338676990183703,0.6572021132750296,0.9946428571428579
8.348676990183703,0.6565794831056092,0.9946428571428579
8.358676990183703,0.652848172274414,0.9946428571428579
8.368676990183703,0.645878803892148,0.9946428571428579
8.378676990183704,0.6427073057809302,0.9946428571428579
8.388676990183704,0.641086062720401,0.9939484126984135
8.398676990183704,0.6407024894327766,0.9939484126984135
8.408676990183704,0.6440709090772636,0.9939484126984135
8.418676990183704,0.6501447282883277,0.9939484126984135
8.428676990183703,0.6461193392244403,0.9939484126984135
8.438676990183703,0.6324417178101269,0.9939484126984135
8.448676990183703,0.6280384029294485,0.993809523809525
8.458676990183704,0.6279002906106615,0.993253968253969
8.468676990183704,0.6276375354297394,0.993253968253969
8.478676990183704,0.628420172010081,0.993253968253969
8.488676990183704,0.6286987918381614,0.993253968253969
8.498676990183704,0.6230117141197585,0.993253968253969
8.508676990183703,0.6149138894519606,0.993253968253969
8.518676990183703,0.6127293929612871,0.993253968253969
8.528676990183703,0.6133039669427166,0.9918650793650802
8.538676990183703,0.6151170617156613,0.9918650793650802
8.548676990183704,0.6180137791874437,0.9918650793650802
8.558676990183704,0.6182848388497725,0.9918650793650802
8.568676990183704,0.6098862906945343,0.9918650793650802
8.578676990183704,0.6022903612593896,0.9918650793650802
8.588676990183703,0.6027002835722548,0.9918650793650802
8.598676990183703,0.6083972379889909,0.9918650793650802
8.608676990183703,0.616149710579242,0.9918650793650802
8.618676990183703,0.6237623276156641,0.9918650793650802
8.628676990183704,0.6217539441857141,0.9918650793650802
8.638676990183704,0.6011049069536635,0.9918650793650802
8.648676990183704,0.5861005510357117,0.9918650793650802
8.658676990183704,0.5895063568722737,0.9918650793650802
8.668676990183704,0.6004853358219596,0.9918650793650802
8.678676990183703,0.6041623248194514,0.9918650793650802
8.688676990183703,0.6038658357473479,0.9918650793650802
8.698676990183703,0.5992932285104136,0.9918650793650802
8.708676990183703,0.5895899779507808,0.9918650793650802
8.718676990183704,0.587835702998821,0.9918650793650802
8.728676990183704,0.5963867648067026,0.9918650793650802
8.738676990183704,0.6061327379720812,0.9918650793650802
8.748676990183704,0.6076480125631241,0.9918650793650802
8.758676990183703,0.6081008744690458,0.9918650793650802
8.768676990183703,0.6104656149606579,0.9918650793650802
8.778676990183703,0.6123141171076262,0.9918650793650802
8.788676990183703,0.6122367024681857,0.9918650793650802
8.798676990183704,0.620815817370795,0.9918650793650802
8.808676990183704,0.6303697788718174,0.9918650793650802
8.818676990183704,0.6310997358700989,0.9918650793650802
8.828676990183704,0.6282627597970324,0.9918650793650802
8.838676990183703,0.621888698176904,0.9918650793650802
8.848676990183703,0.6133336243869799,0.9918650793650802
8.858676990183703,0.6201656838474267,0.9918650793650802
8.868676990183703,0.6474229373105067,0.9918650793650802
8.878676990183703,0.6584558270691592,0.9918650793650802
8.888676990183704,0.6528924802860702,0.9918650793650802
8.898676990183704,0.6449276497590747,0.9918650793650802
8.908676990183704,0.635958185760741,0.9918650793650802
8.918676990183704,0.6269837938018671,0.9918650793650802
8.928676990183703,0.6265731374850989,0.9918650793650802
8.938676990183703,0.6383726523421496,0.9918650793650802
8.948676990183703,0.6413476895057257,0.9918650793650802
8.958676990183703,0.6336721911336095,0.9918650793650802
8.968676990183702,0.6253305330802025,0.9918650793650802
8.978676990183704,0.6182201602130597,0.9918650793650802
8.988676990183704,0.613238285717617,0.9918650793650802
8.998676990183704,0.616769751338269,0.9918650793650802
9.008676990183703,0.6271670171309051,0.9918650793650802
9.018676990183703,0.6292541625729609,0.9918650793650802
9.028676990183703,0.6254359658555169,0.9918650793650802
9.038676990183703,0.6198993092897113,0.9924206349206351
9.048676990183703,0.6139155986312697,0.9932539682539689
9.058676990183704,0.6113518752093182,0.9932539682539689
9.068676990183704,0.625117503518606,0.9932539682539689
9.078676990183704,0.6420138912497847,0.9932539682539689
9.088676990183703,0.6377605450243422,0.9932539682539689
9.098676990183703,0.6254805387225508,0.9932539682539689
9.108676990183703,0.6156253389706903,0.9940873015873016
9.118676990183703,0.5997834905739883,0.9946428571428579
9.128676990183703,0.5577100050645032,0.9946428571428579
9.138676990183702,0.5507454297984984,0.9946428571428579
9.148676990183704,0.5788379404196329,0.9946428571428579
9.158676990183704,0.5831060045236157,0.9946428571428579
9.168676990183704,0.5759544573576738,0.9946428571428579
9.178676990183703,0.5686411145622269,0.9949206349206351
9.188676990183703,0.5637047131547293,0.9953373015873023
9.198676990183703,0.5622473392029543,0.9953373015873023
9.208676990183703,0.5680502157502902,0.9953373015873023
9.218676990183702,0.5718659262628165,0.9953373015873023
9.228676990183704,0.5693229271921783,0.9953373015873023
9.238676990183704,0.5627281821903433,0.9953373015873023
9.248676990183704,0.5523318623908547,0.9965277777777785
9.258676990183703,0.5452816385154771,0.9965277777777785
9.268676990183703,0.5524870770827645,0.9965277777777785
9.278676990183703,0.5913373319359833,0.995833333333334
9.288676990183703,0.6011625117663554,0.995833333333334
9.298676990183703,0.5883634597036198,0.995833333333334
9.308676990183702,0.574022687754167,0.995833333333334
9.318676990183704,0.564497323439278,0.9965277777777781
9.328676990183704,0.5397848050856535,0.9965277777777785
9.338676990183703,0.5287609228893803,0.9965277777777785
9.348676990183703,0.5574297861462238,0.9930555555555561
9.358676990183703,0.5662749991131009,0.9930555555555561
9.368676990183703,0.5598983514015193,0.9930555555555561
9.378676990183703,0.552654207875509,0.9930555555555561
9.388676990183702,0.5497016304506667,0.9937500000000006
9.398676990183704,0.549131611629496,0.9937500000000006
9.408676990183704,0.5594051088584229,0.9925000000000016
9.418676990183704,0.5716488546590841,0.9909722222222228
9.428676990183703,0.5670246307107765,0.9909722222222228
9.438676990183703,0.5497112290070433,0.9909722222222228
9.448676990183703,0.5358452877931013,0.9911111111111113
9.458676990183703,0.5464271714804777,0.9916666666666673
9.468676990183702,0.5555933395789421,0.9916666666666673
9.478676990183702,0.5701447038638465,0.9863888888888916
9.488676990183704,0.5726179209106927,0.9847222222222228
9.498676990183704,0.5720596752913011,0.9812500000000006
9.508676990183703,0.5710700903222969,0.9812500000000006
9.518676990183703,0.5663576073253304,0.9805555555555565
9.528676990183703,0.5643072831101718,0.9798611111111117
9.538676990183703,0.5638515084299678,0.9789087301587317
9.548676990183703,0.5560177293533408,0.9699206349206368
9.558676990183702,0.5549417793974286,0.9629761904761951
9.568676990183704,0.5522629734744986,0.9543650793650814
9.578676990183704,0.5516438312237971,0.9522817460317469
9.588676990183703,0.5475180394827014,0.9489484126984163
9.598676990183703,0.5389961649487625,0.9474206349206358
9.608676990183703,0.5292087005748275,0.9414484126984156
9.618676990183703,0.539886957875566,0.931448412698417
9.628676990183703,0.5375653483397661,0.9214484126984167
9.638676990183702,0.5293092105797196,0.9114484126984163
9.648676990183702,0.4882866395462596,0.9082341269841278
9.658676990183704,0.42028457225510196,0.9043452380952409
9.668676990183704,0.43591308948156376,0.8943452380952406
9.678676990183703,0.4577149999699389,0.8843452380952409
9.688676990183703,0.4789223856085146,0.8743452380952416
9.698676990183703,0.4932213022225887,0.8643452380952413
9.708676990183703,0.4828542595369537,0.854345238095242
9.718676990183702,0.43721611508732283,0.8526785714285722
9.728676990183702,0.42947223259369544,0.8462500000000039
9.738676990183704,0.45128779451989826,0.8362500000000017
9.748676990183704,0.4663540981137203,0.8262500000000033
9.758676990183703,0.4727534082898996,0.8162500000000028
9.768676990183703,0.46650119525066486,0.8062500000000025
9.778676990183703,0.41865264774985744,0.7973611111111129
9.788676990183703,0.3500061686683774,0.7965277777777785
9.798676990183703,0.3370320817509759,0.7880555555555587
9.808676990183702,0.34349051546312354,0.7780555555555602
9.818676990183702,0.34361109652635285,0.7680555555555597
9.828676990183704,0.33315611776216164,0.7580555555555576
9.838676990183703,0.31546814826967234,0.748055555555559
9.848676990183703,0.3074492611306121,0.7395833333333339
9.858676990183703,0.30702321055279974,0.738333333333335
9.868676990183703,0.3057895844304802,0.7291666666666708
9.878676990183703,0.3052029594815257,0.7191666666666704
9.888676990183702,0.30516048871680285,0.70916666666667
9.898676990183702,0.30448780875476755,0.6991666666666716
9.908676990183704,0.3029052845732108,0.6891666666666694
9.918676990183704,0.2949147765673743,0.6826388888888899
9.928676990183703,0.2987722733716086,0.680972222222225
9.938676990183703,0.33590691635329717,0.6709722222222256
9.948676990183703,0.3283760014387355,0.6609722222222254
9.958676990183703,0.2988153586083642,0.650972222222225
9.968676990183702,0.3000795562363419,0.6409722222222264
9.978676990183702,0.30081982348842334,0.630972222222226
9.988676990183702,0.29434713950022995,0.6260912698412704
9.998676990183704,0.4317029889460668,0.6224801587301618
10.008676990183703,0.44748909896733574,0.6124801587301615
10.018676990183703,0.4190719533935175,0.6024801587301611
10.028676990183703,0.31189917587122973,0.5924801587301626
10.038676990183703,0.2944191224936995,0.5824801587301621
10.048676990183703,0.29426005370922187,0.5724801587301619
10.058676990183702,0.3066248279485699,0.569146825396826
10.068676990183702,0.44814321545464625,0.5637896825396868
10.078676990183702,0.44964509105931044,0.5537896825396864
10.088676990183703,0.4496603812533183,0.5437896825396856
10.098676990183703,0.37291618821395667,0.5337896825396857
10.108676990183703,0.31352176296515105,0.5237896825396854
10.118676990183703,0.3605882888551598,0.5137896825396867
10.128676990183703,0.45864847407517767,0.5124007936507943
10.138676990183702,0.4592892007639684,0.5055952380952417
10.148676990183702,0.4584678282883649,0.49559523809524164
10.158676990183702,0.4584212048285057,0.4855952380952427
10.168676990183704,0.43196994048964743,0.47559523809524057
10.178676990183703,0.35124109315228674,0.4655952380952409
10.188676990183703,0.4071489794811336,0.45615079365079675
10.198676990183703,0.4530775881361697,0.4550396825396845
10.208676990183703,0.45289093543559616,0.44670634920635205
10.218676990183702,0.4526801112805992,0.4367063492063535
10.228676990183702,0.453299881136281,0.4267063492063531
10.238676990183702,0.41172482971121144,0.41670634920635274
10.248676990183702,0.3755111781409805,0.4067063492063542
10.258676990183703,0.4361252246889937,0.3987896825396836
10.268676990183703,0.4570875089981456,0.39851190476190546
10.278676990183703,0.4565910945805733,0.3892063492063531
10.288676990183703,0.4228414946936651,0.37920634920635277
10.298676990183703,0.33262492382429126,0.3692063492063524
10.308676990183702,0.2968973252219384,0.35920634920635386
10.318676990183702,0.2954847377035903,0.34920634920635346
10.328676990183702,0.3958649600617455,0.3426587301587309
10.338676990183703,0.44660901663919556,0.34043650793651026
10.348676990183703,0.4466129709022004,0.3341865079365111
10.358676990183703,0.4379566612689594,0.32418650793651077
10.368676990183703,0.3780875077632543,0.31418650793651215
10.378676990183703,0.3276339406253565,0.3041865079365118
10.388676990183702,0.3160177903945484,0.29418650793651147
10.398676990183702,0.38384107007189583,0.28918650793650863
10.408676990183702,0.43308523801713233,0.28674603174603436
10.418676990183702,0.4160879451585406,0.27827380952381375
10.428676990183703,0.36971078091235293,0.2682738095238116
10.438676990183703,0.3343701609885081,0.25827380952381307
10.448676990183703,0.31258723514234427,0.24827380952381267
10.458676990183703,0.32053836757627086,0.23827380952381233
10.468676990183702,0.4185240340072127,0.23521825396825463
10.478676990183702,0.416624635484044,0.23674603174603348
10.488676990183702,0.413278188218119,0.22841269841270193
10.498676990183702,0.39883451087853294,0.22188492063492557
10.508676990183703,0.3436711584868421,0.21188492063492342
10.518676990183703,0.29953332481312556,0.20257936507936722
10.528676990183703,0.5203648381106392,0.19494047619047952
10.538676990183703,0.5203648381106392,0.19380952380952365
10.548676990183703,0.5203648381106392,0.1971031746031765
10.558676990183702,0.5203648381106392,0.1940476190476197
10.568676990183702,0.5203648381106392,0.19265873015873197
10.578676990183702,0.5203648381106392,0.18474206349206732
10.588676990183702,0.5203648381106392,0.17807539682539747
10.598676990183703,0.5203648381106392,0.17029761904762009
10.608676990183703,0.5203648381106392,0.1757142857142842
10.618676990183703,0.5203648381106392,0.1787698412698419
10.628676990183703,0.5203648381106392,0.1787698412698419
10.638676990183702,0.5203648381106392,0.1787698412698419
10.648676990183702,0.5203648381106392,0.17198412698413046
10.658676990183702,0.5203648381106392,0.16587301587301653
10.668676990183702,0.5203648381106392,0.16726190476190422
10.678676990183703,0.5203648381106392,0.1767063492063489
10.688676990183703,0.5203648381106392,0.17837301587301652
10.698676990183703,0.5203648381106392,0.17837301587301652
10.708676990183703,0.5203648381106392,0.17837301587301652
10.718676990183702,0.5203648381106392,0.17003968253968674
10.728676990183702,0.5203648381106392,0.16646825396825463
10.738676990183702,0.5203648381106392,0.16980158730158512
10.748676990183702,0.5203648381106392,0.17908730158730166
10.758676990183702,0.5203648381106392,0.17956349206349273
10.768676990183703,0.5203648381106392,0.17956349206349273
10.778676990183703,0.5203648381106392,0.17845238095238375
10.788676990183703,0.5203648381106392,0.16928571428571781
10.798676990183703,0.5203648381106392,0.16775793650793722
10.808676990183702,0.5203648381106392,0.17303571428571177
10.818676990183702,0.5203648381106392,0.17956349206349215
10.828676990183702,0.5203648381106392,0.17956349206349273
10.838676990183702,0.5203648381106392,0.17956349206349273
10.848676990183703,0.5203648381106392,0.17803571428571746
10.858676990183703,0.5203648381106392,0.16928571428571604
10.868676990183703,0.5203648381106392,0.16845238095238163
10.878676990183703,0.5203648381106392,0.1749801587301562
10.888676990183702,0.5203648381106392,0.17956349206349273
10.898676990183702,0.5203648381106392,0.17956349206349273
10.908676990183702,0.5203648381106392,0.17956349206349273
10.918676990183702,0.5203648381106392,0.1760912698412735
10.928676990183702,0.5203648381106392,0.1677579365079372
10.938676990183703,0.5203648381106392,0.1677579365079372
10.948676990183703,0.5203648381106392,0.17623015873015693
10.958676990183703,0.5203648381106392,0.17956349206349273
10.968676990183702,0.5203648381106392,0.17956349206349273
10.978676990183702,0.5203648381106392,0.17956349206349273
10.988676990183702,0.5203648381106392,0.17444444444444795
10.998676990183702,0.5203648381106392,0.1680555555555562
11.008676990183702,0.5203648381106392,0.16888888888888826
11.018676990183703,0.5203648381106392,0.17777777777777667
11.028676990183703,0.5203648381106392,0.17916666666666733
11.038676990183703,0.5203648381106392,0.17916666666666733
11.048676990183703,0.5203648381106392,0.17916666666666733
11.058676990183702,0.5203648381106392,0.17250000000000387
11.068676990183702,0.5203648381106392,0.16785714285714354
11.078676990183702,0.5203648381106392,0.169523809523807
11.088676990183702,0.5203648381106392,0.1784126984126972
11.098676990183701,0.5203648381106392,0.17896825396825464
11.108676990183703,0.5203648381106392,0.17896825396825464
11.118676990183703,0.5203648381106392,0.17896825396825464
11.128676990183703,0.5203648381106392,0.17035714285714673
11.138676990183702,0.5203648381106392,0.1671626984126991
11.148676990183702,0.5203648381106392,0.17037698412698232
11.158676990183702,0.5203648381106392,0.1782936507936508
11.168676990183702,0.5203648381106392,0.17857142857142924
11.178676990183702,0.5203648381106392,0.17857142857142924
11.188676990183703,0.5203648381106392,0.17801587301587415
11.198676990183703,0.5203648381106392,0.16912698412698604
11.208676990183703,0.5203648381106392,0.16746031746031814
11.218676990183702,0.5203648381106392,0.17232142857142568
11.228676990183702,0.5203648381106392,0.17857142857142924
11.238676990183702,0.5203648381106392,0.17857142857142924
11.248676990183702,0.5203648381106392,0.17857142857142924
11.258676990183702,0.5203648381106392,0.17648809523809916
11.268676990183701,0.5203648381106392,0.16676587301587723
11.278676990183703,0.5203648381106392,0.16676587301587367
11.288676990183703,0.5203648381106392,0.17357142857142638
11.298676990183703,0.5203648381106392,0.17857142857142924
11.308676990183702,0.5203648381106392,0.17857142857142924
11.318676990183702,0.5203648381106392,0.17857142857142924
11.328676990183702,0.5203648381106392,0.17511904761905148
11.338676990183702,0.5203648381106392,0.16734126984127146
11.348676990183701,0.5203648381106392,0.16734126984126907
11.358676990183703,0.5203648381106392,0.17511904761904615
11.368676990183703,0.5203648381106392,0.17817460317460385
11.378676990183703,0.5203648381106392,0.17817460317460385
11.388676990183702,0.5203648381106392,0.17817460317460385
11.398676990183702,0.5203648381106392,0.1731746031746063
11.408676990183702,0.5203648381106392,0.16686507936508002
11.418676990183702,0.5203648381106392,0.16686507936508002
11.428676990183702,0.5203648381106392,0.17658730158729957
11.438676990183701,0.5203648381106392,0.1786706349206356
11.448676990183703,0.5203648381106392,0.1786706349206356
11.458676990183703,0.5203648381106392,0.1786706349206356
11.468676990183702,0.5203648381106392,0.17172619047619472
11.478676990183702,0.5203648381106392,0.16547619047619117
11.488676990183702,0.5203648381106392,0.16738095238095144
11.498676990183702,0.5203648381106392,0.17632936507936528
11.508676990183702,0.5203648381106392,0.1768849206349213
11.518676990183701,0.5203648381106392,0.1768849206349213
11.528676990183701,0.5203648381106392,0.17660714285714418
11.538676990183703,0.5203648381106392,0.16869047619047972
11.548676990183703,0.5203648381106392,0.1643849206349213
11.558676990183702,0.5203648381106392,0.1675793650793636
11.568676990183702,0.5203648381106392,0.17579365079364942
11.578676990183702,0.5203648381106392,0.17579365079365145
11.588676990183702,0.5203648381106392,0.17579365079365145
11.598676990183701,0.5203648381106392,0.17565476190476326
11.608676990183701,0.5203648381106392,0.16912698412698868
11.618676990183703,0.5203648381106392,0.1660714285714292
11.628676990183703,0.5203648381106392,0.17121031746031493
11.638676990183702,0.5203648381106392,0.17787698412698477
11.648676990183702,0.5203648381106392,0.17787698412698477
11.658676990183702,0.5203648381106392,0.17787698412698477
11.668676990183702,0.5203648381106392,0.17857142857142863
11.678676990183702,0.5203648381106392,0.1780158730158747
11.688676990183701,0.5203648381106392,0.17996031746031455
11.698676990183701,0.5203648381106392,0.18982142857142495
11.708676990183703,0.5203648381106392,0.1963492063492066
11.718676990183702,0.5056153849036816,0.20496031746031454
11.728676990183702,0.5089177445480925,0.20773809523809586
11.738676990183702,0.5173870397064774,0.20773809523809586
11.748676990183702,0.4674258294637866,0.2082142857142847
11.758676990183702,0.46643100886523164,0.21609126984126653
11.768676990183701,0.5023676669410335,0.2260912698412669
11.778676990183701,0.5266584826794047,0.23283730158729893
11.788676990183703,0.4996432957566953,0.24242063492063268
11.798676990183703,0.48789436357281524,0.2461706349206351
11.808676990183702,0.5285798698474253,0.2469246031746038
11.818676990183702,0.542810171840518,0.25039682539682306
11.828676990183702,0.544359665166316,0.26039682539682285
11.838676990183702,0.5456809989101378,0.2703968253968232
11.848676990183701,0.5275839199365493,0.2797023809523773
11.858676990183701,0.5040024040442579,0.2897023809523776
11.868676990183701,0.49862351093440427,0.2927579365079371
11.878676990183703,0.5424185293468482,0.2948412698412704
11.888676990183702,0.5433094300018415,0.30025793650793425
11.898676990183702,0.5444820490626212,0.3102579365079346
11.908676990183702,0.5450844682978592,0.32025793650793316
11.918676990183702,0.5406303576386738,0.33025793650793356
11.928676990183702,0.5199737658138315,0.3402579365079339
11.938676990183701,0.5354005300719349,0.34851190476190175
11.948676990183701,0.5494583716864766,0.34920634920634974
11.958676990183703,0.5491842435124004,0.3558730158730143
11.968676990183702,0.5490186264388938,0.36587301587301285
11.978676990183702,0.5489242930216562,0.37587301587301325
11.988676990183702,0.5508371247457821,0.38587301587301354
11.998676990183702,0.5531608104434742,0.39587301587301355
12.008676990183702,0.5600226686766591,0.40462301587301447
12.018676990183701,0.5631082667318854,0.40545634920634976
12.028676990183701,0.564249189144746,0.41406746031745695
12.038676990183701,0.5654050393908658,0.42406746031745624
12.048676990183703,0.5658985713124367,0.4340674603174584
12.058676990183702,0.5660234281932147,0.44406746031745875
12.068676990183702,0.5666203308127898,0.4540674603174573
12.078676990183702,0.5683297342473521,0.46170634920634973
12.088676990183702,0.5693714039020435,0.4628174603174599
12.098676990183701,0.5706258561632426,0.472261904761901
12.108676990183701,0.5720764729228138,0.48226190476190134
12.118676990183701,0.5735132142192598,0.49226190476190174
12.128676990183703,0.5754446413896306,0.5022619047619021
12.138676990183702,0.5771929206046321,0.5122619047619025
12.148676990183702,0.5862000498742215,0.5184523809523814
12.158676990183702,0.5868309564448101,0.5205357142857121
12.168676990183702,0.5891985345186956,0.5302579365079335
12.178676990183702,0.5905616373885624,0.5402579365079337
12.188676990183701,0.5904405996044219,0.5502579365079328
12.198676990183701,0.590584013105898,0.5602579365079327
12.208676990183701,0.5917027934721728,0.570257936507933
12.218676990183702,0.5923264318926469,0.5753968253968259
12.228676990183702,0.5936007318846112,0.5791468253968227
12.238676990183702,0.595953915472276,0.5891468253968231
12.248676990183702,0.5975662494037396,0.5991468253968231
12.258676990183702,0.5987699373198508,0.609146825396822
12.268676990183701,0.6006740676970584,0.6191468253968223
12.278676990183701,0.6035108024460721,0.6291468253968228
12.288676990183701,0.61298427605158,0.6323412698412703
12.298676990183703,0.6158173542056782,0.6373412698412678
12.308676990183702,0.619469785736878,0.6473412698412682
12.318676990183702,0.6276045734964805,0.6573412698412667
12.328676990183702,0.6257746693782305,0.6673412698412671
12.338676990183702,0.6256795843701103,0.6773412698412675
12.348676990183701,0.6294101296243134,0.6870634920634897
12.358676990183701,0.6357137518172766,0.6892857142857147
12.368676990183701,0.6366944739080852,0.6962301587301556
12.3786769901837,0.6390334839795507,0.7062301587301542
12.388676990183702,0.6393872419218896,0.7162301587301563
12.398676990183702,0.6386719927539395,0.7262301587301566
12.408676990183702,0.6386308495967069,0.736230158730156
12.418676990183702,0.639047069756719,0.7462301587301555
12.428676990183702,0.6454922672869964,0.7465079365079363
12.438676990183701,0.645004319700673,0.7544246031745993
12.448676990183701,0.6448937433628409,0.7644246031745993
12.458676990183701,0.6440389230453607,0.7744246031745996
12.468676990183702,0.6309534303810126,0.7844246031746017
12.478676990183702,0.5293628306698299,0.7944246031746003
12.488676990183702,0.6217128511802719,0.8025198412698403
12.498676990183702,0.6502169376784894,0.8035714285714265
12.508676990183702,0.6548271437747556,0.8130158730158694
12.518676990183701,0.6585800035352589,0.8230158730158698
12.528676990183701,0.5261200991945917,0.8330158730158702
12.538676990183701,0.5017873942742094,0.8430158730158688
12.5486769901837,0.508776958404059,0.853015873015869
12.558676990183702,0.5258073101854074,0.859821428571429
12.568676990183702,0.6634296336290394,0.8616071428571416
12.578676990183702,0.6813046662533142,0.87160714285714
12.588676990183702,0.6819314596494677,0.8816071428571404
12.598676990183701,0.6863937608151344,0.8910515873015862
12.608676990183701,0.6915714081538599,0.8981349206349171
12.618676990183701,0.6917700158026954,0.9081349206349175
12.6286769901837,0.6909325906902833,0.912996031746032
12.6386769901837,0.6898847957505579,0.9163293650793608
12.648676990183702,0.6884370640661149,0.9263293650793629
12.658676990183702,0.6866196323293302,0.9363293650793623
12.668676990183702,0.6844457633137633,0.9442460317460303
12.678676990183702,0.6819192069793626,0.945357142857141
12.688676990183701,0.680265615922701,0.9517460317460316
12.698676990183701,0.6800045014083245,0.9518849206349209
12.708676990183701,0.6800938622141283,0.9553571428571399
12.7186769901837,0.6795350571574047,0.9567460317460321
12.728676990183702,0.6787099099921513,0.9639682539682511
12.738676990183702,0.6798175758466664,0.9706349206349211
12.748676990183702,0.6813826869801151,0.9708730158730156
12.758676990183702,0.6812793593437851,0.9725198412698416
12.768676990183701,0.6811514146529971,0.9725198412698416
12.778676990183701,0.6824102572635965,0.9757738095238093
12.788676990183701,0.6844862333861478,0.9761904761904765
12.7986769901837,0.6858640733820676,0.982440476190473
12.8086769901837,0.6860588716820715,0.9864087301587305
12.818676990183702,0.6851602575814989,0.9864087301587305
12.828676990183702,0.684231335982759,0.9864087301587305
12.838676990183702,0.6828877303493911,0.9864087301587305
12.848676990183701,0.688395830890832,0.987103174603175
12.858676990183701,0.6868772184192302,0.987103174603175
12.868676990183701,0.6926960448985472,0.9940476190476157
12.8786769901837,0.6903279101017963,0.9954365079365083
12.8886769901837,0.6879066895825751,0.9954365079365083
12.898676990183702,0.6855693366739902,0.9947420634920638
12.908676990183702,0.6849139289862698,0.9947420634920638
12.918676990183702,0.6850681406962752,0.9947420634920638
12.928676990183702,0.68628454965064,0.9947420634920638
12.938676990183701,0.6950628386543768,0.9964880952380951
12.948676990183701,0.6886743266121752,0.9973214285714288
12.958676990183701,0.6821345590160315,0.9973214285714288
12.9686769901837,0.6743654695818635,0.9967261904761907
12.9786769901837,0.6685597715088262,0.9967261904761907
12.988676990183702,0.6711406712519865,0.9967261904761907
12.998676990183702,0.6759409501697631,0.9967261904761907
13.008676990183702,0.6749863057157351,0.9971428571428568
13.018676990183701,0.6680051127861961,0.9974206349206352
13.028676990183701,0.6656374751687124,0.9971428571428579
13.038676990183701,0.6645627447888686,0.9967261904761907
13.0486769901837,0.6636748359240696,0.9967261904761907
13.0586769901837,0.6661419409600311,0.9967261904761907
13.068676990183702,0.6688805014719084,0.9967261904761907
13.078676990183702,0.6627780639863797,0.9974206349206352
13.088676990183702,0.6582233448481765,0.9974206349206352
13.098676990183701,0.661318643788258,0.997281746031747
13.108676990183701,0.6666670418099357,0.9967261904761907
13.118676990183701,0.6699173482707349,0.9967261904761907
13.1286769901837,0.6721251729350182,0.9967261904761907
13.1386769901837,0.6688756256075659,0.9967261904761907
13.1486769901837,0.65195804817439,0.9973214285714288
13.158676990183702,0.6415435639576887,0.9973214285714288
13.168676990183702,0.6490088126795945,0.996626984126985
13.178676990183702,0.659063052874235,0.9966269841269845
13.188676990183701,0.6638231780639497,0.9966269841269845
13.198676990183701,0.6662539723780941,0.9966269841269845
13.208676990183701,0.6652277480265781,0.9966269841269845
13.2186769901837,0.6594669503491599,0.9966269841269845
13.2286769901837,0.6564697782451878,0.9966269841269845
13.238676990183702,0.6571071603196915,0.9966269841269845
13.248676990183702,0.6583378406810905,0.9966269841269845
13.258676990183702,0.6598285296922541,0.9966269841269845
13.268676990183701,0.660932481470826,0.9966269841269845
13.278676990183701,0.656899770806014,0.9966269841269845
13.288676990183701,0.6486650236018293,0.9966269841269845
13.2986769901837,0.645278436469053,0.9963492063492081
13.3086769901837,0.6475356537743364,0.9946428571428574
13.3186769901837,0.6522178253434091,0.9946428571428574
13.328676990183702,0.6587266071469238,0.9946428571428574
13.338676990183702,0.6640539115748618,0.9946428571428574
13.348676990183701,0.6569610694897218,0.9946428571428574
13.358676990183701,0.6342651381854972,0.9946428571428574
13.368676990183701,0.619817606554251,0.9946428571428574
13.3786769901837,0.609191335635733,0.993948412698413
13.3886769901837,0.6001329092546742,0.993948412698413
13.3986769901837,0.5980213696583953,0.993948412698413
13.408676990183702,0.5999033597059232,0.993948412698413
13.418676990183702,0.5967665025946804,0.993948412698413
13.428676990183702,0.591410252800913,0.993948412698413
13.438676990183701,0.5881753084913112,0.993948412698413
13.448676990183701,0.5839363461113668,0.993948412698413
13.458676990183701,0.5812316108077448,0.993948412698413
13.4686769901837,0.5838345692153385,0.993948412698413
13.4786769901837,0.5860085479230669,0.993948412698413
13.4886769901837,0.5760068458329438,0.993948412698413
13.498676990183702,0.5620352630889118,0.993948412698413
13.508676990183702,0.5598664408794359,0.993948412698413
13.518676990183701,0.5619156579331315,0.993948412698413
13.528676990183701,0.5647816423866138,0.993948412698413
13.538676990183701,0.5677267487330842,0.993948412698413
13.5486769901837,0.5678641617620483,0.993948412698413
13.5586769901837,0.5607684103185292,0.993948412698413
13.5686769901837,0.5554610947512414,0.993948412698413
13.578676990183702,0.5555687862244594,0.993948412698413
13.588676990183702,0.5564031138817223,0.993948412698413
13.598676990183701,0.5562419414137124,0.993948412698413
13.608676990183701,0.5549045179058447,0.993948412698413
13.618676990183701,0.5486030593724129,0.993948412698413
13.6286769901837,0.534148540509102,0.993948412698413
13.6386769901837,0.5257269137872042,0.993948412698413
13.6486769901837,0.5338916381775458,0.993948412698413
13.6586769901837,0.5452309598043522,0.993948412698413
13.668676990183702,0.5506954389836591,0.993948412698413
13.678676990183702,0.5522423569623948,0.993948412698413
13.688676990183701,0.5441811167500578,0.993948412698413
13.698676990183701,0.5224719795121266,0.993948412698413
13.708676990183701,0.5111974832111593,0.993948412698413
13.7186769901837,0.517606695527171,0.993948412698413
13.7286769901837,0.5279425125489372,0.993948412698413
13.7386769901837,0.5323919913302491,0.993948412698413
13.748676990183702,0.5341601328715792,0.993948412698413
13.758676990183702,0.5328675843485358,0.993948412698413
13.768676990183701,0.528288643102188,0.993948412698413
13.778676990183701,0.5312570851920934,0.993948412698413
13.788676990183701,0.5478558166232806,0.993948412698413
13.7986769901837,0.5620573145898922,0.993948412698413
13.8086769901837,0.5646240231587443,0.993948412698413
13.8186769901837,0.5624495921001769,0.993948412698413
13.8286769901837,0.5538986757729484,0.993948412698413
13.838676990183702,0.5470508477054739,0.993948412698413
13.848676990183701,0.565877931014006,0.993948412698413
13.858676990183701,0.6075408612345917,0.993948412698413
13.868676990183701,0.6244456884493578,0.993948412698413
13.8786769901837,0.6194598874800366,0.993948412698413
13.8886769901837,0.6102737141556872,0.993948412698413
13.8986769901837,0.5988514262405916,0.9946428571428574
13.9086769901837,0.5896808411201773,0.9946428571428574
13.918676990183702,0.5937863878173323,0.9946428571428574
13.928676990183702,0.6019833939352478,0.9925595238095241
13.938676990183701,0.5980226574550352,0.9925595238095241
13.948676990183701,0.5891753195937192,0.9925595238095241
13.958676990183701,0.5802209440292618,0.9925595238095241
13.9686769901837,0.5717738992899492,0.9931547619047622
13.9786769901837,0.5670145163148893,0.9931547619047622
13.9886769901837,0.5710936702077162,0.9931547619047622
13.9986769901837,0.5771034254584676,0.9925595238095241
14.008676990183702,0.5739523671202053,0.9925595238095241
14.018676990183701,0.5683425902857829,0.9925595238095241
14.028676990183701,0.5626045224188467,0.9928373015873013
14.038676990183701,0.5559734839242513,0.9932539682539685
14.0486769901837,0.5520802139782408,0.9932539682539685
14.0586769901837,0.5577430468081265,0.9932539682539685
14.0686769901837,0.5635832945040775,0.9932539682539685
14.0786769901837,0.5593410448278989,0.9932539682539685
14.0886769901837,0.5497102136238597,0.9932539682539685
14.098676990183701,0.5391366473676836,0.993392857142857
14.108676990183701,0.5295471859493559,0.9939484126984129
14.118676990183701,0.5293388028648682,0.9939484126984129
14.1286769901837,0.55131973538586,0.9939484126984129
14.1386769901837,0.5655258449444754,0.9939484126984129
14.1486769901837,0.561269224167423,0.9939484126984129
14.1586769901837,0.5520186971017939,0.9939484126984129
14.1686769901837,0.542121353011355,0.9946428571428564
14.178676990183702,0.5323316928923689,0.9946428571428573
14.188676990183701,0.5295348544043645,0.9946428571428573
14.198676990183701,0.5385355762587388,0.9946428571428573
14.208676990183701,0.542383679811928,0.9946428571428573
14.2186769901837,0.5386816458868966,0.9946428571428573
14.2286769901837,0.5327879915179274,0.9946428571428573
14.2386769901837,0.526883975015091,0.9946428571428573
14.2486769901837,0.5215902632214773,0.9946428571428573
14.2586769901837,0.5201655970402304,0.9946428571428573
14.268676990183701,0.5250834878197045,0.9946428571428573
14.278676990183701,0.5253214759357899,0.9946428571428573
14.288676990183701,0.5195381484965838,0.9946428571428573
14.2986769901837,0.5125010883499638,0.9949206349206337
14.3086769901837,0.5050661176094834,0.9966269841269842
14.3186769901837,0.4986222587176994,0.9966269841269842
14.3286769901837,0.5043603946914869,0.9966269841269842
14.3386769901837,0.5184599279305433,0.9966269841269842
14.348676990183701,0.518547721292553,0.9966269841269842
14.358676990183701,0.5108786613120835,0.9966269841269842
14.368676990183701,0.5122992828093483,0.9966269841269842
14.3786769901837,0.532907574122485,0.9973214285714287
14.3886769901837,0.5484878061094202,0.9973214285714287
14.3986769901837,0.5523617150843051,0.9966269841269842
14.4086769901837,0.5574041471604578,0.9966269841269842
14.4186769901837,0.5513943882088898,0.9966269841269842
14.4286769901837,0.5404813113894881,0.9966269841269842
14.438676990183701,0.5410880638278236,0.9966269841269842
14.448676990183701,0.5542244807466509,0.9966269841269842
14.458676990183701,0.5611793157074575,0.9966269841269842
14.4686769901837,0.5738220083326538,0.9940476190476202
14.4786769901837,0.5868903669484141,0.9937698412698421
14.4886769901837,0.5814604409664224,0.9933531746031748
14.4986769901837,0.5658236343605388,0.9933531746031748
14.5086769901837,0.5612205724643121,0.9918253968253987
14.518676990183701,0.567202901452111,0.9912698412698415
14.528676990183701,0.5686141938840642,0.988214285714289
14.538676990183701,0.5753432927851911,0.9811309523809534
14.5486769901837,0.5789389120024874,0.9802976190476219
14.5586769901837,0.5724178514084561,0.9773809523809526
14.5686769901837,0.5572115867131513,0.9773809523809526
14.5786769901837,0.538789895258992,0.9750198412698423
14.5886769901837,0.5222381243424153,0.9746031746031748
14.5986769901837,0.5100422859346934,0.9675198412698458
14.608676990183701,0.5160374720374744,0.9597420634920664
14.618676990183701,0.5167738846318464,0.9502976190476229
14.6286769901837,0.4955635183292967,0.942876984126985
14.6386769901837,0.47341711650388885,0.9424603174603178
14.6486769901837,0.47769375102160444,0.9367857142857151
14.6586769901837,0.4933610660571935,0.9342261904761939
14.6686769901837,0.5011305650273241,0.9245039682539739
14.6786769901837,0.5091453760315944,0.9145039682539734
14.688676990183701,0.5194583141576157,0.9045039682539713
14.698676990183701,0.4951679567921836,0.895059523809525
14.708676990183701,0.4376254989304657,0.8939484126984129
14.7186769901837,0.41026648615054073,0.8863095238095275
14.7286769901837,0.42360232685688237,0.8763095238095279
14.7386769901837,0.43817086841418784,0.8663095238095285
14.7486769901837,0.4521139614825734,0.8563095238095283
14.7586769901837,0.45556930875413765,0.8463095238095278
14.7686769901837,0.4282859182252369,0.8376984126984165
14.778676990183701,0.3777712047676834,0.8371428571428584
14.788676990183701,0.3771700516415902,0.8288095238095268
14.7986769901837,0.3906127183593505,0.8188095238095282
14.8086769901837,0.38107709437593784,0.8088095238095279
14.8186769901837,0.37007987166746786,0.7988095238095275
14.8286769901837,0.36113076687245255,0.788809523809529
14.8386769901837,0.35238858198247675,0.7821428571428573
14.8486769901837,0.35133741490457226,0.7814484126984164
14.858676990183701,0.37819558332518144,0.7720039682539723
14.868676990183701,0.4052356153885316,0.7620039682539719
14.8786769901837,0.3807877149549696,0.7520039682539715
14.8886769901837,0.3398825428508329,0.7420039682539726
14.8986769901837,0.33096470464520644,0.7320039682539726
14.9086769901837,0.3198639065390529,0.7265873015873017
14.9186769901837,0.4608081232626519,0.7238095238095276
14.9286769901837,0.47278406912998955,0.7158928571428622
14.9386769901837,0.46479469557167435,0.7058928571428619
14.948676990183701,0.4551513884332661,0.6958928571428602
14.958676990183701,0.3604618510444883,0.6858928571428612
14.9686769901837,0.32215794385603974,0.6758928571428608
14.9786769901837,0.39708149905973883,0.6724206349206351
14.9886769901837,0.4482249776207328,0.6690873015873063
14.9986769901837,0.4463921360125014,0.6596825396825441
15.0086769901837,0.4375522492800479,0.6496825396825437
15.0186769901837,0.3811774908287431,0.6396825396825451
15.028676990183701,0.2843034799202876,0.629682539682543
15.038676990183701,0.315970694458753,0.6196825396825426
15.0486769901837,0.42527258552827707,0.6174603174603175
15.0586769901837,0.4241285420870901,0.6121825396825437
15.0686769901837,0.42124940755984647,0.6021825396825433
15.0786769901837,0.4130815987549686,0.5921825396825448
15.0886769901837,0.4139822884928659,0.5821825396825444
15.0986769901837,0.2768753532449463,0.5721825396825441
15.1086769901837,0.28371400472884234,0.563015873015877
15.118676990183701,0.4074876426053733,0.561904761904762
15.1286769901837,0.4083035705593409,0.5553769841269874
15.1386769901837,0.40914162494513495,0.5453769841269885
15.1486769901837,0.4064001893854992,0.5353769841269886
15.1586769901837,0.30868268716427166,0.5253769841269882
15.1686769901837,0.2620115010500559,0.5153769841269896
15.1786769901837,0.345839617309032,0.5068055555555565
15.1886769901837,0.3993419814166416,0.5064484126984129
15.1986769901837,0.3975500983283177,0.4979761904761953
15.208676990183701,0.39174736764624285,0.4879761904761946
15.2186769901837,0.3897513538670721,0.4779761904761942
15.2286769901837,0.29446028872263647,0.4679761904761946
15.2386769901837,0.24870129840421834,0.4579761904761953
15.2486769901837,0.2924418753627006,0.4508928571428574
15.2586769901837,0.38164452954669603,0.44910714285714587
15.2686769901837,0.3814608991434883,0.4395833333333389
15.2786769901837,0.37443508111759455,0.42958333333333854
15.288676990183701,0.30576133187178495,0.4195833333333364
15.2986769901837,0.25187845131894554,0.40958333333333785
15.3086769901837,0.2489810562187492,0.3995833333333375
15.3186769901837,0.3366774958169312,0.3944444444444447
15.3286769901837,0.3799605181768419,0.392777777777783
15.3386769901837,0.3787449266457657,0.38277777777778266
15.3486769901837,0.3259690165226259,0.3727777777777823
15.3586769901837,0.2604359773159051,0.36277777777778303
15.3686769901837,0.232440486082959,0.35277777777778335
15.3786769901837,0.23204138043738837,0.34277777777778123
15.3886769901837,0.2809516085565501,0.3388888888888892
15.3986769901837,0.3617932493934015,0.3352777777777823
15.4086769901837,0.3359828488543239,0.32527777777778194
15.4186769901837,0.2633070156727869,0.3152777777777816
15.4286769901837,0.22016251717407898,0.305277777777783
15.4386769901837,0.22038142972610747,0.29527777777778264
15.4486769901837,0.2191804984209093,0.2855555555555589
15.458676990183701,0.24342368649398594,0.28333333333333355
15.4686769901837,0.28818831869534856,0.28105158730159013
15.4786769901837,0.2536130991227849,0.27132936507936806
15.4886769901837,0.22088093064000505,0.26174603174603667
15.4986769901837,0.2204781967821241,0.2517460317460363
15.5086769901837,0.22133778920052752,0.24327380952381242
15.5186769901837,0.2172689719246584,0.23382936507937072
15.5286769901837,0.2691626365843796,0.23601190476190093
15.5386769901837,0.31857977952841976,0.2358730158730193
15.5486769901837,0.2904569560850782,0.22670634920635097
15.5586769901837,0.2440325511120412,0.21962301587302008
15.5686769901837,0.2151445335205524,0.20962301587301974
15.5786769901837,0.3370575050259688,0.20198412698413143
15.5886769901837,0.5203648381106392,0.19406746031746291
15.5986769901837,0.46541661350238983,0.20013888888888795
15.6086769901837,0.5203648381106392,0.19886904761904955
15.6186769901837,0.5203648381106392,0.19831349206349233
15.6286769901837,0.5203648381106392,0.19573412698412992
15.6386769901837,0.5203648381106392,0.18615079365079817
15.6486769901837,0.5203648381106392,0.18182539682540075
15.6586769901837,0.5203648381106392,0.1775793650793621
15.6686769901837,0.5203648381106392,0.18591269841269634
15.6786769901837,0.5203648381106392,0.1859126984126987
15.6886769901837,0.5203648381106392,0.1859126984126987
15.6986769901837,0.5203648381106392,0.18535714285714622
15.7086769901837,0.5203648381106392,0.17646825396825994
15.7186769901837,0.5203648381106392,0.17410714285714315
15.7286769901837,0.5203648381106392,0.17855158730158438
15.7386769901837,0.5203648381106392,0.18521825396825425
15.7486769901837,0.5203648381106392,0.18521825396825425
15.7586769901837,0.5203648381106392,0.18521825396825425
15.7686769901837,0.5203648381106392,0.18382936507936712
15.7786769901837,0.5203648381106392,0.17438492063492422
15.7886769901837,0.5203648381106392,0.17271825396825424
15.7986769901837,0.5203648381106392,0.17910714285713888
15.8086769901837,0.5203648381106392,0.1845238095238098
15.8186769901837,0.5203648381106392,0.1845238095238098
15.8286769901837,0.5203648381106392,0.1845238095238098
15.8386769901837,0.5203648381106392,0.18119047619048112
15.8486769901837,0.5203648381106392,0.17188492063492164
15.8586769901837,0.5203648381106392,0.1713293650793654
15.8686769901837,0.5203648381106392,0.17906746031745527
15.878676990183699,0.5203648381106392,0.18253968253968283
15.8886769901837,0.5203648381106392,0.18253968253968283
15.8986769901837,0.5203648381106392,0.18253968253968283
15.9086769901837,0.5203648381106392,0.17795634920635342
15.9186769901837,0.5203648381106392,0.17073412698412846
15.9286769901837,0.5203648381106392,0.17128968253968116
15.9386769901837,0.5203648381106392,0.17962301587301155
15.9486769901837,0.5203648381106392,0.1816468253968257
15.9586769901837,0.5203648381106392,0.1816468253968257
15.9686769901837,0.5203648381106392,0.1816468253968257
15.9786769901837,0.5203648381106392,0.17511904761905112
15.9886769901837,0.5203648381106392,0.16845238095238127
15.9986769901837,0.5203648381106392,0.16988095238094844
16.008676990183698,0.5203648381106392,0.17904761904761557
16.0186769901837,0.5203648381106392,0.18015873015873046
16.0286769901837,0.5203648381106392,0.18015873015873046
16.0386769901837,0.5203648381106392,0.18015873015873046
16.0486769901837,0.5203648381106392,0.17238095238095696
16.0586769901837,0.5203648381106392,0.16765873015873048
16.0686769901837,0.5203648381106392,0.1704365079365059
16.0786769901837,0.5203648381106392,0.1790476190476185
16.0886769901837,0.5203648381106392,0.179464285714286
16.0986769901837,0.5203648381106392,0.179464285714286
16.1086769901837,0.5203648381106392,0.17863095238095456
16.1186769901837,0.5203648381106392,0.16974206349206733
16.1286769901837,0.5203648381106392,0.16626984126984154
16.1386769901837,0.5203648381106392,0.17099206349206092
16.1486769901837,0.5203648381106392,0.1780753968253971
16.1586769901837,0.5203648381106392,0.1780753968253971
16.168676990183698,0.5203648381106392,0.1780753968253971
16.1786769901837,0.5203648381106392,0.17664682539682994
16.1886769901837,0.5203648381106392,0.1670039682539714
16.1986769901837,0.5203648381106392,0.16547619047619078
16.2086769901837,0.5203648381106392,0.1715476190476172
16.2186769901837,0.5203648381106392,0.17738095238095208
16.2286769901837,0.5203648381106392,0.17738095238095267
16.2386769901837,0.5203648381106392,0.17738095238095267
16.2486769901837,0.5203648381106392,0.17446428571429026
16.258676990183698,0.5203648381106392,0.16625000000000192
16.2686769901837,0.5203648381106392,0.16577380952380982
16.2786769901837,0.5203648381106392,0.17369047619047506
16.2886769901837,0.5203648381106392,0.17857142857142885
16.2986769901837,0.5203648381106392,0.17857142857142885
16.3086769901837,0.5203648381106392,0.17857142857142885
16.3186769901837,0.5203648381106392,0.1737103174603213
16.3286769901837,0.5203648381106392,0.16537698412698443
16.3386769901837,0.5203648381106392,0.1658531746031745
16.348676990183698,0.5203648381106392,0.17513888888888138
16.3586769901837,0.5203648381106392,0.17847222222222253
16.3686769901837,0.5203648381106392,0.17847222222222253
16.3786769901837,0.5203648381106392,0.17847222222222253
16.3886769901837,0.5203648381106392,0.17236111111111427
16.3986769901837,0.5203648381106392,0.166666666666667
16.4086769901837,0.5203648381106392,0.1683333333333308
16.418676990183698,0.5203648381106392,0.17777777777777098
16.4286769901837,0.5203648381106392,0.179166666666667
16.4386769901837,0.5203648381106392,0.179166666666667
16.4486769901837,0.5203648381106392,0.17888888888889065
16.4586769901837,0.5203648381106392,0.17111111111111357
16.4686769901837,0.5203648381106392,0.16597222222222252
16.4786769901837,0.5203648381106392,0.1690277777777731
16.4886769901837,0.5203648381106392,0.17847222222221723
16.4986769901837,0.5203648381106392,0.179166666666667
16.508676990183698,0.5203648381106392,0.179166666666667
16.5186769901837,0.5203648381106392,0.179166666666667
16.5286769901837,0.5203648381106392,0.17003968253968405
16.5386769901837,0.5203648381106392,0.1672619047619051
16.5486769901837,0.5203648381106392,0.1715674603174564
16.5586769901837,0.5203648381106392,0.17837301587301624
16.5686769901837,0.5203648381106392,0.17837301587301624
16.5786769901837,0.5203648381106392,0.17837301587301624
16.5886769901837,0.5203648381106392,0.17726190476190606
16.598676990183698,0.5203648381106392,0.16841269841270098
16.6086769901837,0.5203648381106392,0.1674603174603178
16.6186769901837,0.5203648381106392,0.17371031746031426
16.6286769901837,0.5203648381106392,0.18065476190476223
16.6386769901837,0.5203648381106392,0.18065476190476223
16.6486769901837,0.5203648381106392,0.18065476190476223
16.6586769901837,0.5203648381106392,0.181150793650794
16.668676990183698,0.5203648381106392,0.17628968253968763
16.6786769901837,0.5203648381106392,0.17652777777777742
16.688676990183698,0.5203648381106392,0.1843849206349146
16.6986769901837,0.5203648381106392,0.18896825396825292
16.7086769901837,0.5203648381106392,0.19246031746031783
16.7186769901837,0.5203648381106392,0.19246031746031783
16.7286769901837,0.5203648381106392,0.19315476190476227
16.7386769901837,0.5203648381106392,0.1919642857142861
16.7486769901837,0.5203648381106392,0.19682539682539366
16.758676990183698,0.30321192752120885,0.20626984126983597
16.7686769901837,0.33549883549423115,0.21071428571428494
16.7786769901837,0.3662093842871265,0.21863095238095256
16.7886769901837,0.3660150319273472,0.22015873015872844
16.7986769901837,0.41275119204675864,0.2211309523809528
16.8086769901837,0.41574136426596514,0.22529761904761472
16.8186769901837,0.40285656137847936,0.23442460317460004
16.8286769901837,0.3726222125550069,0.2444246031745986
16.8386769901837,0.34066933859250303,0.25025793650793404
16.848676990183698,0.3315580802483359,0.25970238095237874
16.8586769901837,0.34437331282592176,0.26428571428570996
16.8686769901837,0.3914154562036743,0.2662698412698417
16.8786769901837,0.41246374583656337,0.27279761904761457
16.8886769901837,0.3931712668243331,0.2827976190476167
16.8986769901837,0.362030124491426,0.29279761904761525
16.9086769901837,0.32993027573616024,0.30279761904761526
16.918676990183698,0.30692642883575594,0.3127976190476124
16.9286769901837,0.33766317028430265,0.3187698412698384
16.938676990183698,0.4261807159578706,0.32043650793650846
16.9486769901837,0.46657162594275176,0.32841269841269466
16.9586769901837,0.441918394239956,0.3384126984126967
16.9686769901837,0.408392590831698,0.34841269841269534
16.9786769901837,0.3704342730994271,0.3584126984126939
16.9886769901837,0.33522516048724543,0.3684126984126925
16.9986769901837,0.37118305156184667,0.37628968253968303
17.008676990183698,0.4668227904411279,0.37712301587301444
17.0186769901837,0.48054332158963575,0.38601190476190167
17.028676990183698,0.47107701582643563,0.39601190476190024
17.0386769901837,0.4319666743759899,0.4060119047618988
17.0486769901837,0.3917706615024501,0.416011904761901
17.0586769901837,0.3761850347117115,0.42601190476189954
17.0686769901837,0.4778830906389583,0.4332341269841263
17.0786769901837,0.49385733247014135,0.43462301587301216
17.0886769901837,0.5020683887961578,0.4442063492063468
17.098676990183698,0.5193809953223045,0.45420634920634184
17.1086769901837,0.5238878534287704,0.4642063492063439
17.1186769901837,0.5252907968195556,0.4742063492063461
17.1286769901837,0.5133532509945969,0.48420634920634464
17.1386769901837,0.5286674997270862,0.4894841269841274
17.1486769901837,0.5286169639110999,0.4924007936507898
17.1586769901837,0.5277274234161246,0.5024007936507919
17.168676990183698,0.526784295621197,0.512400793650787
17.1786769901837,0.5208542190344324,0.5224007936507892
17.188676990183698,0.4761527370414131,0.5324007936507877
17.1986769901837,0.49085755488572835,0.5424007936507899
17.2086769901837,0.5403253729404507,0.5456349206349211
17.2186769901837,0.540736946573941,0.5498015873015848
17.2286769901837,0.5438038474701639,0.5598015873015829
17.2386769901837,0.5537987941569856,0.5698015873015815
17.2486769901837,0.5543315520927,0.5798015873015835
17.258676990183698,0.5552764378742192,0.5898015873015822
17.2686769901837,0.5559051450604068,0.5998015873015843
17.278676990183698,0.5593335773094322,0.6018849206349212
17.2886769901837,0.5553337059391164,0.6070039682539631
17.2986769901837,0.527375348691672,0.6170039682539644
17.3086769901837,0.4392102499743067,0.627003968253963
17.3186769901837,0.34688886597452145,0.6370039682539652
17.3286769901837,0.23615822246905932,0.6470039682539638
17.3386769901837,0.2787896126604362,0.6565277777777758
17.348676990183698,0.2895432603025664,0.6572420634920639
17.3586769901837,0.29104217690412826,0.663908730158725
17.368676990183697,0.29287689419869634,0.6739087301587235
17.3786769901837,0.2932534245238864,0.6839087301587257
17.3886769901837,0.2931491662696296,0.6939087301587278
17.3986769901837,0.26776302962986065,0.7039087301587263
17.4086769901837,0.2937073530098151,0.7122420634920633
17.418676990183698,0.3021525164143988,0.7127976190476196
17.4286769901837,0.30545175941029534,0.7214087301587256
17.438676990183698,0.3088987261145416,0.7314087301587243
17.4486769901837,0.3185853444298265,0.7414087301587263
17.458676990183697,0.3313277967288047,0.7514087301587249
17.4686769901837,0.24230337797842133,0.7614087301587271
17.4786769901837,0.30785631294891774,0.7683531746031751
17.4886769901837,0.43378685535880507,0.7689087301587295
17.4986769901837,0.45344887993866856,0.7782142857142819
17.508676990183698,0.4658634394805333,0.7882142857142804
17.5186769901837,0.329822937368686,0.7982142857142825
17.528676990183698,0.3450929755738562,0.8082142857142811
17.5386769901837,0.36389895415374873,0.8182142857142805
17.5486769901837,0.38730284054581604,0.8232142857142861
17.5586769901837,0.39989170734728785,0.8264087301587248
17.5686769901837,0.46261909343100427,0.836408730158727
17.5786769901837,0.49137772845555283,0.8464087301587255
17.5886769901837,0.4963035359215303,0.8558531746031727
17.598676990183698,0.4421389359911372,0.8657142857142811
17.6086769901837,0.4289633166288828,0.8757142857142804
17.618676990183697,0.44432000533225857,0.8794642857142861
17.6286769901837,0.4510991205404503,0.8825198412698367
17.6386769901837,0.4769482993195902,0.8925198412698389
17.6486769901837,0.49726619423707835,0.9025198412698374
17.6586769901837,0.522895062426286,0.9088293650793655
17.668676990183698,0.5281264312995898,0.9150793650793585
17.6786769901837,0.5263890777462779,0.924841269841266
17.688676990183698,0.5456014752460743,0.9269841269841275
17.6986769901837,0.5536501614964974,0.9324007936507913
17.708676990183697,0.5711051476435961,0.9389087301587248
17.7186769901837,0.5934315831462047,0.948908730158727
17.7286769901837,0.6128738708258116,0.9537698412698415
17.7386769901837,0.6321333041550292,0.9582936507936447
17.7486769901837,0.6350990313169809,0.9634325396825392
17.758676990183698,0.6295602074358713,0.9639880952380955
17.7686769901837,0.6221434985642457,0.9695436507936487
17.778676990183698,0.6177975789805634,0.9716269841269801
17.7886769901837,0.6316934712293115,0.9800992063492028
17.798676990183697,0.6376430179944097,0.9827380952380954
17.8086769901837,0.6466922514473785,0.983154761904761
17.8186769901837,0.6495656785465066,0.9840277777777778
17.8286769901837,0.651156663494085,0.9840277777777778
17.8386769901837,0.6604269836351082,0.9881944444444445
17.848676990183698,0.6638425131759561,0.9887499999999967
17.8586769901837,0.6655424352268441,0.9941666666666656
17.868676990183697,0.6676219549853557,0.9944444444444444
17.8786769901837,0.6698507566961787,0.9944444444444444
17.8886769901837,0.6705820775935474,0.9944444444444444
17.8986769901837,0.6707601224811537,0.9944444444444444
17.9086769901837,0.6710201132571441,0.9944444444444444
17.918676990183698,0.6720603767382181,0.9944444444444444
17.9286769901837,0.6734221483417422,0.9979166666666667
17.938676990183698,0.674116517942651,0.9979166666666667
17.9486769901837,0.6738682339166885,0.9979166666666667
17.958676990183697,0.6729821164442211,0.9979166666666667
17.9686769901837,0.6724166237360294,0.9979166666666667
17.9786769901837,0.6720911122173713,0.9979166666666667
17.9886769901837,0.6787223884584667,0.9979166666666667
17.9986769901837,0.680751985458432,0.9986111111111111
18.008676990183698,0.6810040274992788,0.9986111111111111
18.0186769901837,0.6831868121341813,0.9986111111111111
18.028676990183698,0.6848082906274376,0.9986111111111111
18.0386769901837,0.6851497567225178,0.9986111111111111
18.048676990183697,0.6846510070964149,0.9986111111111111
18.0586769901837,0.6846065216843349,0.9986111111111111
18.0686769901837,0.6841621941721922,0.9986111111111111
18.0786769901837,0.683078117503293,0.9986111111111111
18.0886769901837,0.6822569710590268,0.9986111111111111
18.098676990183698,0.6805817651016152,0.9986111111111111
18.1086769901837,0.6779928932549308,0.9986111111111111
18.118676990183697,0.6757043487919647,0.9986111111111111
18.1286769901837,0.6744821900124416,0.9986111111111111
18.138676990183697,0.6744081413755821,0.9986111111111111
18.1486769901837,0.674036451683359,0.9986111111111111
18.1586769901837,0.6740963947432237,0.9986111111111111
18.168676990183698,0.6758819024489942,0.9986111111111111
18.1786769901837,0.6783465152411043,0.9986111111111111
18.188676990183698,0.6816110834278054,0.9986111111111111
18.1986769901837,0.6836891799541979,0.9986111111111111
18.208676990183697,0.6792335075172937,0.9993055555555554
18.2186769901837,0.6722157132072427,0.9993055555555554
18.2286769901837,0.6752446081778298,0.9993055555555554
18.2386769901837,0.6787091629204343,0.9993055555555554
18.2486769901837,0.6790104354398853,0.9993055555555554
18.258676990183698,0.677404022586044,0.9993055555555554
18.2686769901837,0.6712040715887025,0.9993055555555554
18.278676990183698,0.6611248966586778,0.9993055555555554
18.2886769901837,0.6587371882412367,0.9993055555555554
18.298676990183697,0.6605906529727482,0.9993055555555554
18.3086769901837,0.662951835901977,0.9993055555555554
18.3186769901837,0.6664813412239087,0.9993055555555554
18.3286769901837,0.6694443555101046,0.9993055555555554
18.3386769901837,0.6658361463665359,0.9993055555555554
18.348676990183698,0.6581780608328901,0.9993055555555554
18.3586769901837,0.6542041402489414,0.9993055555555554
18.368676990183697,0.6500615958854636,0.9993055555555554
18.3786769901837,0.6504800171036037,0.9993055555555554
18.388676990183697,0.6558541343739803,0.9993055555555554
18.3986769901837,0.6610209247305537,0.9993055555555554
18.4086769901837,0.6532158317945835,0.9993055555555554
18.418676990183698,0.6398183884732682,0.9993055555555554
18.4286769901837,0.6359320745263655,0.9993055555555554
18.438676990183698,0.637175664486168,0.9993055555555554
18.4486769901837,0.6416289675208001,0.9993055555555554
18.458676990183697,0.6494143863673971,0.9993055555555554
18.4686769901837,0.6514715110985274,0.9993055555555554
18.478676990183697,0.6297995428602665,0.9993055555555554
18.4886769901837,0.6070189018823986,0.9993055555555554
18.4986769901837,0.6178790376280009,0.9993055555555554
18.508676990183698,0.6392012388604085,0.9993055555555554
18.5186769901837,0.656294601294086,0.9993055555555554
18.528676990183698,0.6655952726595296,0.9993055555555554
18.5386769901837,0.6668036544739889,0.9993055555555554
18.548676990183697,0.6596806382863468,0.9999999999999999
18.5586769901837,0.6518608252745156,0.9999999999999999
18.568676990183697,0.6504209652519086,0.9999999999999999
18.5786769901837,0.6500964529286548,0.9999999999999999
18.5886769901837,0.647180894810061,0.9999999999999999
18.598676990183698,0.6468452122634044,0.9999999999999999
18.6086769901837,0.6424279018614593,0.9999999999999999
18.618676990183697,0.630083480736017,0.9999999999999999
18.6286769901837,0.6246887349006025,0.9999999999999999
18.638676990183697,0.6293720265376859,0.9999999999999999
18.6486769901837,0.6351102365158559,0.9999999999999999
18.6586769901837,0.6372498664476,0.9999999999999999
18.668676990183698,0.6374517257866038,0.9999999999999999
18.6786769901837,0.6313209480477928,0.9999999999999999
18.688676990183698,0.6211660301078786,0.9999999999999999
18.6986769901837,0.6195244611367704,0.9999999999999999
18.708676990183697,0.6301445968295749,0.9999999999999999
18.7186769901837,0.6424255876219239,0.9999999999999999
18.728676990183697,0.6465445919164615,0.9999999999999999
18.7386769901837,0.6463568411393013,0.9999999999999999
18.7486769901837,0.635763178512495,0.9999999999999999
18.758676990183698,0.6203898431715675,0.9999999999999999
18.7686769901837,0.6250644883082799,0.9999999999999999
18.778676990183698,0.6572605626516311,0.9999999999999999
18.7886769901837,0.67236167137585,0.9999999999999999
18.798676990183697,0.6675400269703533,0.9999999999999999
18.8086769901837,0.661685161860759,0.9999999999999999
18.818676990183697,0.6562656160142469,0.9999999999999999
18.8286769901837,0.6515087284145945,0.9999999999999999
18.8386769901837,0.6569574392817586,0.9999999999999999
18.848676990183698,0.6706828289354169,0.9994047619047618
18.8586769901837,0.6736456594687947,0.9994047619047618
18.868676990183697,0.66873900417592,0.9994047619047618
18.8786769901837,0.6617179122702138,0.9994047619047618
18.888676990183697,0.6528112785004548,0.9994047619047618
18.8986769901837,0.6481956721383065,0.9994047619047618
18.908676990183697,0.6652369415714461,0.9994047619047618
18.918676990183698,0.6868190891221698,0.9994047619047618
18.9286769901837,0.6809682947393266,0.9994047619047618
18.938676990183698,0.6733644018753,0.9994047619047618
18.9486769901837,0.6611433925288468,0.9994047619047618
18.958676990183697,0.6512871883351203,0.9994047619047618
18.9686769901837,0.6464495437357047,0.9994047619047618
18.978676990183697,0.6515043355933855,0.9994047619047618
18.9886769901837,0.6562970525053434,0.9994047619047618
18.9986769901837,0.6523009633932269,0.9994047619047618
19.008676990183698,0.6446573240189317,0.9994047619047618
19.0186769901837,0.6390619104103159,0.9994047619047618
19.028676990183698,0.6343846432988449,0.9994047619047618
19.0386769901837,0.6314600078153227,0.9994047619047618
19.048676990183697,0.636574976481995,0.9994047619047618
19.0586769901837,0.6407959912361749,0.9994047619047618
19.068676990183697,0.6379818304608211,0.9994047619047618
19.0786769901837,0.6319437723152961,0.9994047619047618
19.0886769901837,0.6229998750898186,0.9994047619047618
19.098676990183698,0.6146715604680895,0.9994047619047618
19.1086769901837,0.6157292848520804,0.9994047619047618
19.118676990183697,0.6316957972551445,0.9994047619047618
19.1286769901837,0.6375130375036566,0.9994047619047618
19.138676990183697,0.6321836405980535,0.9994047619047618
19.1486769901837,0.6251531544554868,0.9994047619047618
19.158676990183697,0.6170844539993234,0.9994047619047618
19.168676990183698,0.6097460475174472,0.9994047619047618
19.1786769901837,0.6093353682723638,0.9994047619047618
19.188676990183698,0.6155450086291411,0.9988095238095237
19.1986769901837,0.6167037730441316,0.9988095238095237
19.208676990183697,0.6113525858007698,0.9988095238095237
19.2186769901837,0.6051417407067334,0.9988095238095237
19.228676990183697,0.5966245390980481,0.9988095238095237
19.2386769901837,0.5882844853769723,0.9988095238095237
19.248676990183696,0.5880257265926883,0.9988095238095237
19.258676990183698,0.5940149734016469,0.9988095238095237
19.2686769901837,0.593652718685869,0.9988095238095237
19.278676990183698,0.5872938386601134,0.9988095238095237
19.2886769901837,0.579456297164085,0.9988095238095237
19.298676990183697,0.5706890305055533,0.9988095238095237
19.3086769901837,0.5656148697596791,0.9988095238095237
19.318676990183697,0.5756681633790384,0.9988095238095237
19.3286769901837,0.5880595329035503,0.9988095238095237
19.3386769901837,0.5832004396299639,0.9988095238095237
19.348676990183698,0.5704162729148079,0.9988095238095237
19.3586769901837,0.567372181483714,0.9988095238095237
19.368676990183697,0.5761217957106141,0.9988095238095237
19.3786769901837,0.5793219539792984,0.9988095238095237
19.388676990183697,0.5831125609629434,0.9958928571428615
19.3986769901837,0.5886921437814192,0.9953373015873016
19.408676990183697,0.5821873692545231,0.9953373015873016
19.418676990183698,0.5710614685583262,0.9953373015873016
19.4286769901837,0.5681360442862213,0.9953373015873016
19.438676990183698,0.5676474625970686,0.9953373015873016
19.4486769901837,0.5609668036954741,0.9951984126984135
19.458676990183697,0.5632305431138913,0.9914484126984138
19.4686769901837,0.565752097366367,0.9911706349206351
19.478676990183697,0.5581448126238281,0.9897817460317461
19.4886769901837,0.545960454061187,0.9897817460317461
19.498676990183696,0.5420975962606761,0.9896626984126996
19.508676990183698,0.54512510647752,0.989186507936508
19.5186769901837,0.5445405213799653,0.9864087301587326
19.528676990183698,0.5528747321820731,0.9798611111111112
19.5386769901837,0.5464205779796262,0.9758333333333362
19.548676990183697,0.5336506671345277,0.970138888888889
19.5586769901837,0.5365678111047458,0.970138888888889
19.568676990183697,0.5550421287887676,0.9652777777777828
19.5786769901837,0.5752516485823044,0.9648015873015889
19.588676990183696,0.5702799108304661,0.9565873015873082
19.598676990183698,0.5656151360990382,0.9513095238095255
19.6086769901837,0.5628635620754536,0.9447222222222267
19.618676990183697,0.5619317536323077,0.9416666666666668
19.6286769901837,0.5618306055165924,0.9416666666666668
19.638676990183697,0.5596994685570057,0.9387301587301599
19.6486769901837,0.5610540356621323,0.9378968253968291
19.658676990183697,0.5427411393681787,0.9284523809523867
19.668676990183698,0.5079450114829419,0.9219246031746038
19.678676990183696,0.49813378956253235,0.9188690476190562
19.688676990183698,0.5225394741434345,0.9133928571428572
19.6986769901837,0.5348729875821866,0.9131150793650809
19.708676990183697,0.529662123443843,0.9078373015873016
19.7186769901837,0.529565213197277,0.90575396825397
19.728676990183697,0.5213533625874222,0.8960317460317502
19.7386769901837,0.5128023504343269,0.8932539682539683
19.748676990183696,0.5039419114515223,0.8917261904761917
19.758676990183698,0.5104489606806083,0.889781746031746
19.7686769901837,0.5148913146397233,0.889781746031746
19.778676990183698,0.5279168782904197,0.8863095238095238
19.7886769901837,0.5399579702965034,0.8835317460317483
19.798676990183697,0.5316235309447621,0.8740873015873054
19.8086769901837,0.5296712173476776,0.8724206349206348
19.818676990183697,0.5329074168039223,0.8705357142857162
19.8286769901837,0.5391818510761023,0.8691468253968254
19.838676990183696,0.5448586272388488,0.8685912698412709
19.848676990183698,0.5404720383840338,0.8672619047619049
19.8586769901837,0.5383730825357906,0.8644841269841307
19.868676990183697,0.5349034350526567,0.8561507936507986
19.8786769901837,0.5346563808282593,0.8549603174603176
19.888676990183697,0.5403940551670998,0.8519047619047652
19.8986769901837,0.54776195047572,0.850793650793651
19.908676990183697,0.5413596141184934,0.8488492063492094
19.918676990183698,0.5400481105297446,0.8473214285714288
19.928676990183696,0.5388554357502973,0.8425595238095313
19.938676990183698,0.5379441164673028,0.8351984126984151
19.9486769901837,0.539305996249164,0.8339880952380967
19.958676990183697,0.5407117329477418,0.8306746031746074
19.9686769901837,0.5420958982361995,0.8295634920634924
19.978676990183697,0.5421681897570086,0.8272222222222243
19.9886769901837,0.5422248351407396,0.8263888888888893
19.998676990183696,0.54239501823931,0.8202380952381011
20.008676990183698,0.5434592041684281,0.8118849206349266
20.018676990183696,0.5441572830318229,0.801884920634928
20.028676990183698,0.543421367525085,0.7925992063492094
20.0386769901837,0.5359204991125158,0.7911706349206351
20.048676990183697,0.5368503068038467,0.7845039682539724
20.0586769901837,0.5370721743654806,0.7795634920634971
20.068676990183697,0.5374388751634022,0.7698412698412772
20.0786769901837,0.529834465954328,0.759841269841275
20.088676990183696,0.5294738404873827,0.7498412698412764
20.098676990183698,0.5284162702489296,0.7406746031746034
20.1086769901837,0.5291025902939489,0.739960317460319
20.118676990183697,0.5300404283893161,0.731150793650801
20.1286769901837,0.5179998142264404,0.7211507936507988
20.138676990183697,0.5148426377175842,0.7123015873015929
20.1486769901837,0.5108765767314261,0.7041071428571459
20.158676990183697,0.5106632112560033,0.6962698412698464
20.168676990183698,0.5093099113624723,0.6892857142857157
20.178676990183696,0.5081875451670802,0.6878968253968327
20.188676990183698,0.5070426532746602,0.6793849206349263
20.1986769901837,0.5061206976983824,0.6695039682539726
20.208676990183697,0.505320639493896,0.6620039682539731
20.2186769901837,0.5051520245265446,0.6534722222222258
20.228676990183697,0.5054476925029159,0.6455555555555605
20.2386769901837,0.5056082786480652,0.6395833333333333
20.248676990183696,0.5061178215877932,0.6366666666666745
20.258676990183698,0.506818420576523,0.6280555555555613
20.268676990183696,0.5074810622951494,0.6180555555555627
20.278676990183698,0.5077707479525367,0.6118055555555597
20.2886769901837,0.5071435628197373,0.608055555555557
20.298676990183697,0.507015032527774,0.6048214285714336
20.3086769901837,0.5078132024678135,0.6007936507936509
20.318676990183697,0.5095410190432174,0.5978174603174654
20.3286769901837,0.4931594024243081,0.5955952380952407
20.338676990183696,0.4901862122833925,0.5868452380952446
20.348676990183698,0.5068450750537373,0.5838888888888897
20.358676990183696,0.517428437704401,0.582638888888889
20.368676990183697,0.5193952450344906,0.5798611111111135
20.3786769901837,0.5203594349978038,0.5786706349206351
20.388676990183697,0.5178375568633894,0.5792261904761895
20.3986769901837,0.4990147345542769,0.5780753968254004
20.408676990183697,0.5009763216982502,0.5698809523809553
20.418676990183698,0.51752694960661,0.5648809523809543
20.428676990183696,0.5214526258969642,0.5611507936507966
20.438676990183698,0.521539214449641,0.5555952380952445
20.4486769901837,0.5218734211246583,0.5549007936507929
20.458676990183697,0.5222067224081535,0.5542063492063519
20.4686769901837,0.5096130218881822,0.5505952380952391
20.478676990183697,0.5172340848525165,0.5436904761904777
20.4886769901837,0.5224206279165124,0.5353571428571484
20.498676990183696,0.5239395873989243,0.5263095238095291
20.508676990183698,0.5259970030941306,0.5190079365079383
20.518676990183696,0.5360166757942616,0.5212301587301539
20.528676990183698,0.4512225949358488,0.5194246031746053
20.5386769901837,0.408969222075602,0.5175198412698407
20.548676990183697,0.4012414019097175,0.514186507936512
20.5586769901837,0.40726775199987686,0.5047420634920692
20.568676990183697,0.43012448749386345,0.49960317460317705
20.5786769901837,0.4413140258648501,0.4924404761904748
20.588676990183696,0.45100037932215054,0.4989880952380921
20.598676990183698,0.44892889717066264,0.4946825396825426
20.608676990183696,0.45298391854767067,0.4912698412698413
20.618676990183697,0.461937664720169,0.48432539682540393
20.6286769901837,0.46440151390196305,0.4743253968254018
20.638676990183697,0.4648955186777478,0.4672619047619101
20.6486769901837,0.45410348814286366,0.4624007936507901
20.658676990183697,0.42796089396532827,0.4693452380952381
20.668676990183698,0.40637952967969554,0.4658730158730188
20.678676990183696,0.41939659556642406,0.4589285714285714
20.688676990183698,0.45419698086601257,0.45440476190476825
20.698676990183696,0.47003473593774514,0.44468253968254484
20.708676990183697,0.46258736843684894,0.4399603174603231
20.7186769901837,0.4529841155893756,0.4368055555555537
20.728676990183697,0.44674255251394507,0.44208333333333405
20.7386769901837,0.44226262763608215,0.4348611111111167
20.748676990183696,0.4523941464672282,0.42638888888889526
20.758676990183698,0.45945231385531227,0.41833333333333894
20.768676990183696,0.45214682293038233,0.4083333333333403
20.778676990183698,0.4414633026928545,0.40180555555556036
20.7886769901837,0.44821670411845,0.4020833333333308
20.798676990183697,0.4593027278875811,0.4053373015873039
20.8086769901837,0.45686357310554904,0.39742063492063945
20.818676990183697,0.4590265112440901,0.3895833333333383
20.8286769901837,0.4638055972368732,0.38319444444444684
20.838676990183696,0.46406787892260437,0.37819444444444755
20.848676990183698,0.4690364484021325,0.37625000000000064
20.858676990183696,0.46549027911970925,0.37847222222221744
20.868676990183697,0.45755870376209196,0.38194444444444436
20.8786769901837,0.45349743926631525,0.3796230158730182
20.888676990183697,0.4555680946479381,0.37448412698412903
20.8986769901837,0.45915949060947603,0.3686309523809544
20.908676990183697,0.46337046619135686,0.36654761904761984
20.918676990183698,0.46061171596934347,0.36071428571428793
20.928676990183696,0.46394470618065653,0.3649206349206305
20.938676990183698,0.4546730521999122,0.36644841269841466
20.948676990183696,0.443814780915516,0.3634920634920689
20.958676990183697,0.43927549086542594,0.357222222222223
20.9686769901837,0.4360454969926155,0.3513888888888899
20.978676990183697,0.4406041074179409,0.34718253968254204
20.9886769901837,0.4430664140357034,0.34121031746031827
20.998676990183696,0.4332117093800136,0.3463888888888909
21.008676990183698,0.43322635580451824,0.3483730158730128
21.018676990183696,0.43148212632967897,0.3519841269841268
21.028676990183698,0.4393296804034153,0.3515079365079377
21.038676990183696,0.44675824436020806,0.3482936507936527
21.048676990183697,0.44296136456559976,0.3506547619047625
21.0586769901837,0.4497127200773687,0.3509920634920585
21.068676990183697,0.4561413055402821,0.36001984126983505
21.0786769901837,0.46232064546502216,0.3658531746031694
21.088676990183696,0.4581993464897025,0.37013888888888863
21.098676990183698,0.45693529459789395,0.36986111111111225
21.108676990183696,0.45594598731511726,0.36769841269841325
21.118676990183697,0.4551024006328194,0.3723214285714248
21.128676990183695,0.46347169444739067,0.3802380952380865
21.138676990183697,0.46336310109601464,0.38742063492063256
21.1486769901837,0.4705495256678327,0.39297619047618815
21.158676990183697,0.4660344672990862,0.39498015873015935
21.168676990183698,0.4669991876194289,0.39335317460317565
21.178676990183696,0.46757300216948683,0.39349206349205906
21.188676990183698,0.45147623783050006,0.39708333333333135
21.198676990183696,0.4488576491270026,0.4057936507936428
21.208676990183697,0.45081398259380023,0.4102380952380941
21.2186769901837,0.45284575264013266,0.41765873015872645
21.228676990183697,0.4549830293694893,0.41765873015873
21.2386769901837,0.4580471198977095,0.4165476190476208
21.248676990183696,0.4619595428380218,0.4182142857142804
21.258676990183698,0.4637366616841981,0.42363095238094656
21.268676990183696,0.4624751901739063,0.4336309523809451
21.278676990183698,0.46003683447215543,0.43751984126983784
21.288676990183696,0.45829636883677827,0.44085317460317136
21.298676990183697,0.45688949069850915,0.4367063492063491
21.3086769901837,0.46349006747875443,0.4360119047619046
21.318676990183697,0.4687625042069553,0.43690476190476024
21.3286769901837,0.4602239718877882,0.43585317460317197
21.338676990183696,0.4603788501117904,0.44460317460316806
21.348676990183698,0.46820546847004013,0.4449801587301579
21.358676990183696,0.4733631193694599,0.44623015873015864
21.368676990183697,0.4845544131722477,0.4420634920634944
21.378676990183695,0.5062640256283272,0.44027777777777766
21.388676990183697,0.4928067785466918,0.4404166666666676
21.3986769901837,0.4696201588783001,0.4408730158730122
21.408676990183697,0.46744234236056525,0.4490674603174573
21.418676990183698,0.4798124018681367,0.45198412698412505
21.428676990183696,0.4791586649859154,0.4548809523809533
21.438676990183698,0.47728673741307753,0.4523809523809522
21.448676990183696,0.4895501471941174,0.4523809523809522
21.458676990183697,0.48527351402158264,0.4550198412698382
21.468676990183695,0.47419608872495356,0.45863095238094975
21.478676990183697,0.4745237611838682,0.4666865079365068
21.4886769901837,0.4767869679689484,0.4739682539682509
21.498676990183696,0.4728877227811271,0.4827182539682511
21.508676990183698,0.47121964629423313,0.4862103174603172
21.518676990183696,0.4782306163870069,0.4862103174603172
21.528676990183698,0.47770850193435643,0.4931746031746007
21.538676990183696,0.48163116986514337,0.4991071428571372
21.548676990183697,0.49167552840962764,0.5081349206349167
21.5586769901837,0.5004514507476094,0.517579365079359
21.568676990183697,0.49527906001519745,0.5275793650793577
21.5786769901837,0.5264550161276046,0.5324404761904759
21.588676990183696,0.5460280191378026,0.5341071428571394
21.598676990183698,0.5297635003350729,0.5429960317460272
21.608676990183696,0.5195220566905709,0.5529960317460259
21.618676990183697,0.5314323274496568,0.5629960317460244
21.628676990183695,0.5425601431446387,0.572996031746023
21.638676990183697,0.5442508544296218,0.5829960317460251
21.6486769901837,0.5643917984728273,0.5873015873015871
21.658676990183697,0.5721346312372747,0.5893849206349158
21.668676990183698,0.5550674006749703,0.5991071428571392
21.678676990183696,0.5497980661065615,0.6091071428571363
21.688676990183698,0.5571664396491488,0.6191071428571363
21.698676990183696,0.5608955098491536,0.6291071428571349
21.708676990183697,0.5600055750452073,0.6386904761904713
21.718676990183695,0.5609579372749595,0.6429563492063491
21.728676990183697,0.5309626280083501,0.6474007936507886
21.7386769901837,0.4275617377256573,0.6574007936507907
21.748676990183696,0.33092838100949856,0.6674007936507858
21.758676990183698,0.2693604157089178,0.6774007936507879
21.768676990183696,0.2692364665026164,0.6874007936507864
21.778676990183698,0.26385667697683035,0.6968452380952347
21.788676990183696,0.26605662062269975,0.6985119047619046
21.798676990183697,0.26456977353358246,0.7047023809523765
21.808676990183695,0.2592672944877012,0.7142857142857064
21.818676990183697,0.2589583290030759,0.7240079365079293
21.8286769901837,0.26480148341283943,0.7317857142857116
21.838676990183696,0.26858725146658746,0.7373412698412654
21.848676990183698,0.26924546776132174,0.7404761904761903
21.858676990183696,0.2704065724729552,0.7404761904761903
21.868676990183697,0.2645484878486391,0.7453373015872966
21.878676990183695,0.25735228501873963,0.7488492063492018
21.888676990183697,0.27687451440687927,0.7570436507936452
21.8986769901837,0.3113242417696331,0.7640079365079342
21.908676990183697,0.3452361554193864,0.7680357142857103
21.918676990183698,0.3591344934101914,0.774702380952379
21.928676990183696,0.37148610013010375,0.7752579365079342
21.938676990183698,0.3915610264602144,0.7810912698412653
21.948676990183696,0.4319882875141551,0.7852579365079284
21.958676990183697,0.4659247476612395,0.7948412698412649
21.968676990183695,0.4967645329044295,0.8017857142857118
21.978676990183697,0.494703964464594,0.808333333333329
21.9886769901837,0.49417209482923047,0.8145833333333332
21.998676990183696,0.5241644891155164,0.8154166666666587
22.008676990183698,0.5411518920313786,0.8217857142857113
22.018676990183696,0.5484391788965408,0.8281746031745959
22.028676990183698,0.545780718240493,0.8379365079365035
22.038676990183696,0.5495862574816005,0.8425793650793629
22.048676990183697,0.5509923527134616,0.8467460317460295
22.058676990183695,0.571551785753498,0.8500992063492062
22.068676990183697,0.5847207804494645,0.8507936507936494
22.0786769901837,0.5805944517466631,0.8549603174603173
22.088676990183696,0.5728201100756162,0.8606746031745967
22.098676990183698,0.5690977381109203,0.8701190476190461
22.108676990183696,0.5727996471687227,0.8729960317460291
22.118676990183697,0.5735363403881488,0.877182539682536
22.128676990183695,0.574972782646221,0.8785714285714284
22.138676990183697,0.5749847821564473,0.8802380952380919
22.148676990183695,0.5718810195259866,0.8828769841269827
22.158676990183697,0.5843506517983507,0.8887103174603116
22.168676990183698,0.6142493721174018,0.897321428571426
22.178676990183696,0.6288983533454611,0.8985714285714261
22.188676990183698,0.6252004961911367,0.9040873015872977
22.198676990183696,0.6196381639123656,0.9045634920634918
22.208676990183697,0.6174580685296643,0.9076190476190436
22.218676990183695,0.5985464769287183,0.9087301587301585
22.228676990183697,0.5851996566138249,0.9166468253968202
22.2386769901837,0.5983060590519479,0.9237301587301576
22.248676990183696,0.5973713508805184,0.9249801587301559
22.258676990183698,0.5765444213316453,0.9277579365079374
22.268676990183696,0.5610188435183633,0.9274801587301587
22.278676990183698,0.5617837576722658,0.9298412698412689
22.288676990183696,0.5476126894545901,0.9302579365079364
22.298676990183697,0.5478509373125384,0.9376388888888845
22.308676990183695,0.5736265239886751,0.9423611111111111
22.318676990183697,0.5759730184156947,0.9444444444444409
22.3286769901837,0.5587508554227358,0.947440476190477
22.338676990183696,0.5515039319599649,0.9470238095238095
22.348676990183698,0.5656407185973499,0.9496031746031746
22.358676990183696,0.5777949461135335,0.9496031746031746
22.368676990183697,0.6134157333729576,0.9565476190476142
22.378676990183695,0.6456709487461566,0.9595238095238094
22.388676990183697,0.6370133980156295,0.9617460317460274
22.398676990183695,0.5590857089531559,0.9629960317460317
22.408676990183697,0.5634600392730267,0.9629960317460317
22.418676990183698,0.6103117634120651,0.965079365079365
22.428676990183696,0.6148861289745912,0.9659126984126958
22.438676990183698,0.6384732892747307,0.9739682539682475
22.448676990183696,0.6663370136785365,0.9748015873015873
22.458676990183697,0.6667378091941593,0.9766071428571419
22.468676990183695,0.6307328473420237,0.9768849206349206
22.478676990183697,0.6335748935987304,0.9771230158730151
22.488676990183695,0.6561199219613337,0.978174603174603
22.498676990183696,0.6521112530198437,0.9785912698412658
22.508676990183698,0.6656516282770809,0.9828769841269821
22.518676990183696,0.6661219953135995,0.9834325396825395
22.528676990183698,0.6666953755503865,0.9848214285714284
22.538676990183696,0.6492505663018318,0.9848214285714284
22.548676990183697,0.657906861180127,0.9848214285714284
22.558676990183695,0.6737897315901323,0.9848214285714284
22.568676990183697,0.6868661548027627,0.9848214285714284
22.578676990183695,0.6881468440830775,0.9875992063492061
22.588676990183696,0.6911254928634579,0.9875992063492061
22.598676990183698,0.682211465210932,0.9882936507936505
22.608676990183696,0.5697655944153177,0.9882936507936505
22.618676990183697,0.5736902336727716,0.9882936507936505
22.628676990183695,0.6042994423330366,0.9882936507936505
22.638676990183697,0.6202226065907659,0.9882936507936505
22.648676990183695,0.6235729870798643,0.9896825396825393
22.658676990183697,0.6341869820376231,0.990099206349205
22.668676990183698,0.6114870639728893,0.9903769841269837
22.678676990183696,0.583341494648183,0.9903769841269837
22.688676990183698,0.5797478311483782,0.9903769841269837
22.698676990183696,0.5975649593411679,0.9903769841269837
22.708676990183697,0.602964382008776,0.9907936507936494
22.718676990183695,0.6002835677828909,0.9917658730158725
22.728676990183697,0.6075264116432145,0.9917658730158725
22.738676990183695,0.608920469637299,0.9917658730158725
22.748676990183696,0.6106917019887439,0.9917658730158725
22.758676990183698,0.6126332037868342,0.9917658730158725
22.768676990183696,0.6142331892176491,0.9917658730158725
22.778676990183698,0.6130393335394437,0.9923214285714265
22.788676990183696,0.6086287926730335,0.9931547619047615
22.798676990183697,0.6135919636495043,0.9931547619047615
22.808676990183695,0.6313507029571752,0.9931547619047615
22.818676990183697,0.6410812184298299,0.9931547619047615
22.828676990183695,0.6435088656419619,0.9931547619047615
22.838676990183696,0.6467810751338827,0.9931547619047615
22.848676990183698,0.6517559324832403,0.9938888888888877
22.858676990183696,0.6481944619519022,0.9944444444444439
22.868676990183697,0.6524878325736521,0.9944444444444439
22.878676990183695,0.6582047431806818,0.9944444444444439
22.888676990183697,0.6625794483868239,0.9944444444444439
22.898676990183695,0.662816827660087,0.9944444444444439
22.908676990183697,0.664730231195657,0.9944444444444439
22.918676990183695,0.664033827471008,0.9951388888888871
22.928676990183696,0.6641716207963396,0.9951388888888884
22.938676990183698,0.6685108929436849,0.9951388888888884
22.948676990183696,0.6727846064964058,0.9951388888888884
22.958676990183697,0.672219594345291,0.9951388888888884
22.968676990183695,0.6712233701692079,0.9951388888888884
22.978676990183697,0.6705324670151873,0.9951388888888884
22.988676990183695,0.6715671752880442,0.9956944444444429
22.998676990183696,0.667601454653542,0.9958333333333328
23.008676990183698,0.6686340006440569,0.9958333333333328
23.018676990183696,0.6700389041025095,0.9958333333333328
23.028676990183698,0.6719195511672645,0.9958333333333328
23.038676990183696,0.6764988394203413,0.9958333333333328
23.048676990183697,0.6813890033125243,0.9959722222222209
23.058676990183695,0.6706891237265956,0.9972222222222216
23.068676990183697,0.6689895011585774,0.9972222222222216
23.078676990183695,0.6786499112031478,0.9972222222222216
23.088676990183696,0.6848876856655601,0.9972222222222216
23.098676990183698,0.6883761764301052,0.9972222222222216
23.108676990183696,0.687279932736058,0.9972222222222216
23.118676990183697,0.6867755817406085,0.9972222222222216
23.128676990183695,0.6840993483163759,0.997916666666666
23.138676990183697,0.6851313319583602,0.997916666666666
23.148676990183695,0.6899083050811217,0.997916666666666
23.158676990183697,0.6925914538394259,0.997916666666666
23.168676990183695,0.6905149527086962,0.997916666666666
23.178676990183696,0.6925313804836464,0.997916666666666
23.188676990183698,0.6917090257208806,0.997916666666666
23.198676990183696,0.6879788833579292,0.9986111111111103
23.208676990183697,0.6948248991374448,0.9986111111111103
23.218676990183695,0.7065300752178235,0.9986111111111103
23.228676990183697,0.7134851311475257,0.9986111111111103
23.238676990183695,0.7108954999840287,0.9986111111111103
23.248676990183696,0.7122838536300702,0.9986111111111103
23.258676990183694,0.7155988746830354,0.9990277777777755
23.268676990183696,0.7132061568283466,0.9993055555555548
23.278676990183698,0.7140345719633253,0.9993055555555548
23.288676990183696,0.7175467133832805,0.9993055555555548
23.298676990183697,0.7177004038002807,0.9993055555555548
23.308676990183695,0.7163841480094115,0.9993055555555548
23.318676990183697,0.7168476441794055,0.9993055555555548
23.328676990183695,0.7147728217905638,0.9995833333333312
23.338676990183696,0.7119074298650404,0.9999999999999992
23.348676990183698,0.71262726538171,0.9999999999999992
23.358676990183696,0.7138397900784369,0.9999999999999992
23.368676990183697,0.7137763714886992,0.9999999999999992
23.378676990183695,0.7133243615954105,0.9999999999999992
23.388676990183697,0.7121163886223597,0.9999999999999992
23.398676990183695,0.713671180086105,0.9999999999999992
23.408676990183697,0.7108627798137291,0.9999999999999992
23.418676990183695,0.7136708069007804,0.9999999999999992
23.428676990183696,0.7162439901389,0.9999999999999992
23.438676990183698,0.7146510830920806,0.9999999999999992
23.448676990183696,0.7145659456264866,0.9999999999999992
23.458676990183697,0.714322872171996,0.9999999999999992
23.468676990183695,0.7111943484531673,0.9999999999999992
23.478676990183697,0.7107104131785577,0.9999999999999992
23.488676990183695,0.714550276589251,0.9999999999999992
23.498676990183696,0.7171769556690852,0.9999999999999992
23.508676990183694,0.7161959670295445,0.9999999999999992
23.518676990183696,0.7167427689184681,0.9999999999999992
23.528676990183698,0.7152745987617761,0.9999999999999992
23.538676990183696,0.712408534852111,0.9999999999999992
23.548676990183697,0.7121463866200253,0.9999999999999992
23.558676990183695,0.716682284315835,0.9999999999999992
23.568676990183697,0.7198828689854531,0.9999999999999992
23.578676990183695,0.7184698163258925,0.9999999999999992
23.588676990183696,0.7134882753066376,0.9999999999999992
23.598676990183694,0.7066767865804424,0.9999999999999992
23.608676990183696,0.6883816725455252,0.9999999999999992
23.618676990183697,0.6758386908878891,0.9999999999999992
23.628676990183695,0.7031034971659051,0.9999999999999992
23.638676990183697,0.7144035464901904,0.9999999999999992
23.648676990183695,0.6983943919402947,0.9999999999999992
23.658676990183697,0.6891322354429509,0.9999999999999992
23.668676990183695,0.6856352388728176,0.9999999999999992
23.678676990183696,0.6814135000223227,0.9999999999999992
23.688676990183694,0.6860416621625924,0.9999999999999992
23.698676990183696,0.6983436188000657,0.9999999999999992
23.708676990183697,0.7012261238822559,0.9999999999999992
23.718676990183695,0.698469832448984,0.9999999999999992
23.728676990183697,0.7004766532142335,0.9999999999999992
23.738676990183695,0.7061891734874238,0.9999999999999992
23.748676990183696,0.7108712484234316,0.9999999999999992
23.758676990183694,0.7135545843069442,0.9999999999999992
23.768676990183696,0.7248527291579178,0.9999999999999992
23.778676990183698,0.7235336316862986,0.9999999999999992
23.788676990183696,0.7179790729299113,0.9999999999999992
23.798676990183697,0.7217486473543251,0.9999999999999992
23.808676990183695,0.7343772051420319,0.9999999999999992
23.818676990183697,0.7373729133830507,0.9999999999999992
23.828676990183695,0.7406513182304268,0.9999999999999992
23.838676990183696,0.745723856994004,0.9999999999999992
23.848676990183694,0.7450238563067777,0.9999999999999992
23.858676990183696,0.7405035863087394,0.9999999999999992
23.868676990183697,0.7375150948634633,0.9999999999999992
23.878676990183695,0.7381042274950406,0.9999999999999992
23.888676990183697,0.7374195315539273,0.9999999999999992
23.898676990183695,0.7358983718127295,0.9999999999999992
23.908676990183697,0.7401624771905717,0.9999999999999992
23.918676990183695,0.73516474091246,0.9999999999999992
23.928676990183696,0.7265463078221137,0.9999999999999992
23.938676990183694,0.7236224095375591,0.9999999999999992
23.948676990183696,0.7231569523127294,0.9999999999999992
23.958676990183697,0.7227683929798279,0.9999999999999992
23.968676990183695,0.7218094619447479,0.9999999999999992
23.978676990183697,0.7257847065270024,0.9999999999999992
23.988676990183695,0.7201788269957606,0.9999999999999992
23.998676990183696,0.7094349324538931,0.9999999999999992
24.008676990183694,0.7061449320869273,0.9999999999999992
24.018676990183696,0.706757237724507,0.9999999999999992
24.028676990183694,0.7029575699676882,0.9999999999999992
24.038676990183696,0.7141769953285867,0.9994444444444447
24.048676990183697,0.7166148291573808,0.9993055555555548
24.058676990183695,0.7046814231796107,0.9993055555555548
24.068676990183697,0.6908173010513403,0.9993055555555548
24.078676990183695,0.6831384014920963,0.9993055555555548
24.088676990183696,0.6824484770198627,0.9993055555555548
24.098676990183694,0.6788284169838208,0.9993055555555548
24.108676990183696,0.6758557130552552,0.9986111111111103
24.118676990183697,0.6748223070782061,0.9986111111111103
24.128676990183695,0.655297760769059,0.9986111111111103
24.138676990183697,0.6462221249885586,0.9986111111111103
24.148676990183695,0.6444530901264082,0.9986111111111103
24.158676990183697,0.6427286984159724,0.9986111111111103
24.168676990183695,0.6358346031354644,0.9986111111111103
24.178676990183696,0.6415698313773194,0.9972222222222216
24.188676990183694,0.6386985398914181,0.9961111111111135
24.198676990183696,0.6196410783809584,0.9958333333333326
24.208676990183697,0.6129792116075544,0.9958333333333326
24.218676990183695,0.612132520909922,0.9958333333333326
24.228676990183697,0.6105690123411992,0.9958333333333326
24.238676990183695,0.6164995702211171,0.9952777777777781
24.248676990183696,0.6248946206955487,0.9930555555555549
24.258676990183694,0.6129020267575072,0.9908333333333357
24.268676990183696,0.59344024676898,0.990277777777777
24.278676990183694,0.5861739471124046,0.990277777777777
24.288676990183696,0.5842924695586567,0.990277777777777
24.298676990183697,0.5814207080616454,0.990277777777777
24.308676990183695,0.5792137873118152,0.9868055555555595
24.318676990183697,0.5799142642581377,0.9854166666666658
24.328676990183695,0.5753646503365681,0.9854166666666658
24.338676990183696,0.5686190787657296,0.9854166666666658
24.348676990183694,0.5687494132322772,0.9854166666666658
24.358676990183696,0.5719533705552883,0.9854166666666658
24.368676990183694,0.5705937263371855,0.9854166666666658
24.378676990183695,0.5660738535140248,0.9837896825396829
24.388676990183697,0.5626040238551602,0.9834325396825389
24.398676990183695,0.5552466180217501,0.9834325396825389
24.408676990183697,0.5454611102890217,0.9834325396825389
24.418676990183695,0.5426489034045965,0.9834325396825389
24.428676990183696,0.5407147179918158,0.9834325396825389
24.438676990183694,0.5351687090430655,0.9834325396825389
24.448676990183696,0.5260292326963857,0.9820436507936499
24.458676990183697,0.5255042052587483,0.9820436507936499
24.468676990183695,0.5148091329823452,0.980654761904761
24.478676990183697,0.5049126546548927,0.980654761904761
24.488676990183695,0.49828778894610043,0.980654761904761
24.498676990183696,0.5028318787239404,0.980654761904761
24.508676990183694,0.49663653629621624,0.980654761904761
24.518676990183696,0.4962160483826333,0.9792658730158721
24.528676990183694,0.4960935473823824,0.9792658730158721
24.538676990183696,0.4957848039708659,0.9785714285714276
24.548676990183697,0.4954213480458438,0.9785714285714276
24.558676990183695,0.49676990796647236,0.9781547619047619
24.568676990183697,0.49910829731607065,0.9778769841269832
24.578676990183695,0.5016450304635541,0.9763492063492099
24.588676990183696,0.4955232330436754,0.973234126984127
24.598676990183694,0.49746876478588137,0.971587301587302
24.608676990183696,0.4995193360272546,0.9696428571428563
24.618676990183694,0.509453285574955,0.9696428571428563
24.628676990183695,0.5090835338370304,0.9682539682539674
24.638676990183697,0.5126464668886546,0.9682539682539674
24.648676990183695,0.5022103589734237,0.9644642857142889
24.658676990183697,0.5011944569158138,0.9602976190476192
24.668676990183695,0.49954721300176014,0.958134920634922
24.678676990183696,0.4970209916577153,0.9546626984126978
24.688676990183694,0.4900129738527877,0.9546626984126978
24.698676990183696,0.48637805787176,0.9514880952380946
24.708676990183694,0.4846243071517043,0.9506547619047644
24.718676990183695,0.48307419609365143,0.9431547619047661
24.728676990183697,0.4739794161516316,0.9355158730158766
24.738676990183695,0.4696543301846869,0.9266269841269898
24.748676990183696,0.4588616808333625,0.9204365079365073
24.758676990183694,0.464521407197815,0.9187698412698468
24.768676990183696,0.4539692160019549,0.9107142857142899
24.778676990183694,0.4482421478021245,0.9039880952381032
24.788676990183696,0.4463272075000064,0.8959325396825444
24.798676990183694,0.44524746297466844,0.8860714285714358
24.808676990183695,0.4348901830170845,0.8760714285714337
24.818676990183697,0.41892631570758454,0.8716269841269836
24.828676990183695,0.4174143650043834,0.8687698412698492
24.838676990183696,0.41401101152806113,0.8587698412698471
24.848676990183694,0.41487618399455983,0.8487698412698487
24.858676990183696,0.41437157152785314,0.8387698412698464
24.868676990183694,0.4056892079274277,0.8287698412698479
24.878676990183695,0.38979618305714975,0.8187698412698472
24.888676990183697,0.3822706301679382,0.8162698412698408
24.898676990183695,0.3856144058341762,0.811964285714293
24.908676990183697,0.37552124290227706,0.8019642857142909
24.918676990183695,0.3637916353181237,0.7919642857142922
24.928676990183696,0.36451114552931274,0.7819642857142901
24.938676990183694,0.3648928594454017,0.7719642857142915
24.948676990183696,0.36166866009349724,0.7623809523809558
24.958676990183694,0.3558511709838084,0.7607142857142851
24.968676990183695,0.3605635285270297,0.7544642857142922
24.978676990183697,0.3533086649592644,0.7444642857142901
24.988676990183695,0.34747321406988635,0.7344642857142916
24.998676990183696,0.34671113978320955,0.7244642857142894
25.008676990183694,0.34452141951371673,0.7144642857142944
25.018676990183696,0.34151050448318293,0.7051587301587354
25.028676990183694,0.34852730222282513,0.7048809523809533
25.038676990183696,0.3481761953981103,0.697519841269846
25.048676990183694,0.34793363030176666,0.6876587301587375
25.058676990183695,0.34757334881525015,0.6776587301587352
25.068676990183697,0.3464100394869164,0.6676587301587367
25.078676990183695,0.35167459853920735,0.6576587301587381
25.088676990183696,0.3432806988132239,0.6500396825396838
25.098676990183694,0.3461221096503051,0.6492460317460365
25.108676990183696,0.3929080992394404,0.6410515873015925
25.118676990183694,0.39463555246794074,0.6310515873015938
25.128676990183695,0.41151911204262837,0.6210515873015932
25.138676990183694,0.4073204716349627,0.6110515873015967
25.148676990183695,0.4140915923415167,0.6010515873015946
25.158676990183697,0.412761081937856,0.5949404761904756
25.168676990183695,0.4308912878945504,0.5937500000000016
25.178676990183696,0.43735812736631824,0.5851388888888933
25.188676990183694,0.4370559742199144,0.5762500000000038
25.198676990183696,0.44649680442259226,0.5665277777777851
25.208676990183694,0.4444038631860269,0.5565277777777865
25.218676990183695,0.4394047837523386,0.5465277777777844
25.228676990183697,0.4290987893413588,0.5423611111111106
25.238676990183695,0.43695501687531924,0.5401388888888927
25.248676990183696,0.42789675868917076,0.5325000000000039
25.258676990183694,0.4227584330364512,0.5247222222222279
25.268676990183696,0.43345295835910613,0.5152777777777844
25.278676990183694,0.4310373376444551,0.5052777777777858
25.288676990183696,0.4309528780638862,0.49527777777778365
25.298676990183694,0.4185917166396315,0.4923611111111106
25.308676990183695,0.412218467652359,0.4912500000000004
25.318676990183697,0.4015703973919814,0.48263888888889545
25.328676990183695,0.39109891910022665,0.4726388888888968
25.338676990183696,0.39251721667766487,0.46263888888889476
25.348676990183694,0.38875682311678483,0.45263888888889614
25.358676990183696,0.37837191828036243,0.44305555555555975
25.368676990183694,0.3715214427564405,0.44166666666666615
25.378676990183695,0.3653767374691621,0.4374603174603224
25.388676990183694,0.35201792104494245,0.4278174603174697
25.398676990183695,0.3495555449348113,0.4178174603174676
25.408676990183697,0.35022371541087854,0.40781746031746546
25.418676990183695,0.3449760832660395,0.39781746031746684
25.428676990183696,0.33753032940965483,0.3889285714285725
25.438676990183694,0.329780158747674,0.38809523809523755
25.448676990183696,0.32609572868956577,0.38170634920635643
25.458676990183694,0.31133585248304474,0.37170634920635787
25.468676990183695,0.3097266749939774,0.3630952380952446
25.478676990183693,0.3118864322641504,0.353095238095246
25.488676990183695,0.31284514761675114,0.3430952380952439
25.498676990183696,0.30095063642736264,0.3353174603174597
25.508676990183694,0.30134187391901773,0.33490079365079456
25.518676990183696,0.29713962936382443,0.32767857142857787
25.528676990183694,0.29274037765588085,0.31767857142857925
25.538676990183696,0.295373031229582,0.3083730158730216
25.548676990183694,0.2954756441976977,0.298373015873023
25.558676990183695,0.29096906721372123,0.2887896825396866
25.568676990183697,0.28219459328028085,0.28323412698412637
25.578676990183695,0.27977082639521883,0.2824007936507973
25.588676990183696,0.27931222089011976,0.2755158730158779
25.598676990183694,0.27495901062786077,0.26716269841270424
25.608676990183696,0.2779573850252548,0.25910714285714787
25.618676990183694,0.2790637465649868,0.24910714285714927
25.628676990183695,0.2757082486597298,0.24049603174603745
25.638676990183694,0.2673947958737744,0.2359126984126977
25.648676990183695,0.26937379265426004,0.23539682539682863
25.658676990183697,0.25952045446568184,0.2295634920634961
25.668676990183695,0.2575111737230007,0.22172619047619485
25.678676990183696,0.2619237625440586,0.21519841269841694
25.688676990183694,0.26386853928230036,0.20519841269841838
25.698676990183696,0.5203648381106392,0.19851190476191055
25.708676990183694,0.5203648381106392,0.19656746031745653
25.718676990183695,0.5203648381101981,0.1999007936507953
25.728676990183693,0.5203648381106392,0.19753968253968324
25.738676990183695,0.5203648381106392,0.19642857142857073
25.748676990183696,0.5203648381106392,0.1933134920634956
25.758676990183694,0.5203648381106392,0.18498015873016063
25.768676990183696,0.5203648381106392,0.1830357142857159
25.778676990183694,0.5203648381106392,0.18837301587300662
25.788676990183696,0.5203648381106392,0.18892857142857175
25.798676990183694,0.5203648381106392,0.1887896825396818
25.808676990183695,0.5203648381106392,0.18920634920634752
25.818676990183693,0.5203648381106392,0.18462301587302224
25.828676990183695,0.5203648381106392,0.177480158730158
25.838676990183696,0.5203648381106392,0.178591269841267
25.848676990183694,0.5203648381106392,0.187619047619043
25.858676990183696,0.5203648381106392,0.18928571428571356
25.868676990183694,0.5203648381106392,0.18928571428571356
25.878676990183695,0.5203648381106392,0.18928571428571356
25.888676990183694,0.5203648381106392,0.18178571428572352
25.898676990183695,0.5203648381106392,0.17609126984126913
25.908676990183697,0.5203648381106392,0.1782341269841214
25.918676990183695,0.5203648381106392,0.18730158730158067
25.928676990183696,0.5203648381106392,0.18730158730158658
25.938676990183694,0.5203648381106392,0.18730158730158658
25.948676990183696,0.5203648381106392,0.18688492063492382
25.958676990183694,0.5203648381106392,0.17855158730159582
25.968676990183695,0.5203648381106392,0.17480158730158657
25.978676990183693,0.5203648381106392,0.1768849206349128
25.988676990183695,0.5203648381106392,0.18408730158729902
25.998676990183696,0.5203648381106392,0.1843253968253961
26.008676990183694,0.5203648381106392,0.1843253968253961
26.018676990183696,0.5203648381106392,0.18363095238095287
26.028676990183694,0.5203648381106392,0.1755753968254018
26.038676990183696,0.5203648381106392,0.17390873015872946
26.048676990183694,0.5203648381106392,0.17960317460316608
26.058676990183695,0.5203648381106392,0.18710317460317388
26.068676990183693,0.5203648381106392,0.18769841269841098
26.078676990183695,0.5203648381106392,0.187698412698412
26.088676990183696,0.5203648381106392,0.18531746031746418
26.098676990183694,0.5203648381106392,0.1778968253968273
26.108676990183696,0.5203648381106392,0.17678571428571357
26.118676990183694,0.5203648381106392,0.18373015873015092
26.128676990183695,0.5203648381106392,0.18789682539682467
26.138676990183694,0.5203648381106392,0.18859126984126912
26.148676990183695,0.5203648381106392,0.18859126984126912
26.158676990183693,0.5203648381106392,0.18553571428571972
26.168676990183695,0.5203648381106392,0.1772817460317504
26.178676990183696,0.5203648381106392,0.1778373015872992
26.188676990183694,0.5203648381106392,0.1861706349206278
26.198676990183696,0.5203648381106392,0.18992063492063288
26.208676990183694,0.5203648381106392,0.19255952380952307
26.218676990183695,0.5203648381106392,0.19255952380952307
26.228676990183693,0.5203648381106392,0.18884920634920987
26.238676990183695,0.5203648381106392,0.1835714285714289
26.248676990183693,0.5203648381106392,0.1848412698412624
26.258676990183694,0.5203648381106392,0.1943650793650708
26.268676990183696,0.5203648381106392,0.19950396825396274
26.278676990183694,0.3039890582912709,0.20585317460317382
26.288676990183696,0.30222227445127015,0.20585317460317382
26.298676990183694,0.30782517976059337,0.20515873015872937
26.308676990183695,0.3067225979730275,0.2075198412698367
26.318676990183693,0.30770368384995633,0.21626984126983337
26.328676990183695,0.3183178073559811,0.22603174603173792
26.338676990183696,0.32072778524558393,0.23498015873015152
26.348676990183694,0.32004401963864954,0.2449801587301501
26.358676990183696,0.3285830498801176,0.2505158730158713
26.368676990183694,0.34020688879373445,0.2494047619047611
26.378676990183695,0.3408551023561962,0.25267857142856703
26.388676990183694,0.3436404734824575,0.26196428571427494
26.398676990183695,0.3479132203499046,0.27182539682538953
26.408676990183693,0.34966363516741833,0.28057539682538674
26.418676990183695,0.34871582739440327,0.2905753968253889
26.428676990183696,0.35567575379127925,0.296825396825396
26.438676990183694,0.3724507779341143,0.296825396825396
26.448676990183696,0.3707193804530522,0.3016865079365006
26.458676990183694,0.3711261307845495,0.3111309523809423
26.468676990183695,0.3751076494706488,0.32043650793650114
26.478676990183693,0.3775471598321423,0.3290476190476097
26.488676990183695,0.3744074309858546,0.3390476190476118
26.498676990183693,0.3849158148427786,0.3426587301587293
26.508676990183694,0.3971099178669169,0.3430753968253947
26.518676990183696,0.395190293862888,0.3499007936507857
26.528676990183694,0.3922433100376431,0.35990079365078426
26.538676990183696,0.39476262496004344,0.3694246031745968
26.548676990183694,0.39304089889763955,0.3793055555555469
26.558676990183695,0.3909099525604688,0.389305555555549
26.568676990183693,0.3968509239420187,0.3932539682539694
26.578676990183695,0.4013583461281741,0.39505952380951725
26.588676990183693,0.3982127846731167,0.4035317460317352
26.598676990183694,0.39664798500245474,0.41353174603173737
26.608676990183696,0.3997295133185141,0.42311507936507375
26.618676990183694,0.40199881920282315,0.4328373015872936
26.628676990183695,0.4045957968165006,0.44283730158729573
26.638676990183694,0.42748426641070614,0.44672619047618956
26.648676990183695,0.42753001813802954,0.45015873015872404
26.658676990183693,0.4129273955490503,0.4590476190476089
26.668676990183695,0.4133411036825924,0.46904761904761105
26.678676990183696,0.419848917002508,0.47904761904761317
26.688676990183694,0.4194432656332187,0.48904761904761174
26.698676990183696,0.41393355363931456,0.4987698412698371
26.708676990183694,0.4235519458083819,0.5009920634920626
26.718676990183695,0.42559027464990645,0.5037698412698356
26.728676990183693,0.42576969256534525,0.5137698412698319
26.738676990183695,0.42639152728757185,0.5237698412698341
26.748676990183693,0.4331608612606407,0.5330753968253881
26.758676990183694,0.4348912970512563,0.5430753968253902
26.768676990183696,0.44165676038192825,0.5530753968253888
26.778676990183694,0.45215356782104493,0.5537698412698403
26.788676990183696,0.45449862445490696,0.559880952380945
26.798676990183694,0.4542704726923611,0.5698809523809435
26.808676990183695,0.46114871866215534,0.57946428571428
26.818676990183693,0.4758321631093785,0.5884920634920554
26.828676990183695,0.4747133760612599,0.5984920634920541
26.838676990183693,0.48109172093650887,0.6068253968253909
26.848676990183694,0.5009741954025949,0.6076587301587253
26.858676990183696,0.4952672144027537,0.6153968253968187
26.868676990183694,0.48592331472170114,0.6253968253968174
26.878676990183695,0.49156606796061886,0.6353968253968195
26.888676990183694,0.4989802607618124,0.6453968253968152
26.898676990183695,0.5034062814601962,0.6553968253968167
26.908676990183693,0.5007919611222741,0.6628968253968245
26.918676990183695,0.504234896499596,0.6635912698412677
26.928676990183693,0.5009964761241039,0.6735912698412604
26.938676990183694,0.4975493307043692,0.6835912698412625
26.948676990183696,0.49423796500547534,0.693591269841264
26.958676990183694,0.49537243634574385,0.7035912698412596
26.968676990183695,0.4541453832233841,0.7135912698412618
26.978676990183693,0.3771982172498823,0.7208134920634897
26.988676990183695,0.2893831788316312,0.7236111111111055
26.998676990183693,0.2607731831545123,0.7333730158730071
27.008676990183694,0.2708691696491372,0.7433730158730092
27.018676990183696,0.27990716088556583,0.7533730158730078
27.028676990183694,0.28286036767761163,0.7617063492063411
27.038676990183696,0.27998760374450266,0.7712896825396752
27.048676990183694,0.29251658614256765,0.774999999999999
27.058676990183695,0.29855929116171653,0.7774999999999933
27.068676990183693,0.2884606739599568,0.7869047619047549
27.078676990183695,0.2863378753359416,0.7969047619047525
27.088676990183693,0.292430726415329,0.806904761904751
27.098676990183694,0.29980931618851353,0.8151190476190389
27.108676990183696,0.30850202350677464,0.8251190476190411
27.118676990183694,0.33321317258426275,0.8274801587301578
27.128676990183695,0.3752500824052433,0.8333134920634861
27.138676990183694,0.41269596759605554,0.8426190476190375
27.148676990183695,0.4469047869118245,0.8526190476190388
27.158676990183693,0.4516445648001524,0.8617857142857073
27.168676990183695,0.4584317083139486,0.8712301587301507
27.178676990183693,0.4722307910391061,0.8803968253968202
27.188676990183694,0.4979217515971075,0.8816468253968245
27.198676990183696,0.5141098388004531,0.8878968253968204
27.208676990183694,0.5246119811566772,0.8952579365079264
27.218676990183695,0.5509207055440243,0.9052579365079285
27.228676990183693,0.577756878446582,0.9131349206349155
27.238676990183695,0.5970355143393209,0.9211904761904691
27.248676990183693,0.6006552381912771,0.9297817460317441
27.258676990183694,0.6090460978004593,0.9302579365079358
27.268676990183693,0.6170101736098609,0.9351190476190434
27.278676990183694,0.6293402449930824,0.9387698412698321
27.288676990183696,0.640760092511367,0.9487698412698343
27.298676990183694,0.6519099347398836,0.9523809523809518
27.308676990183695,0.6546482999964047,0.9546031746031721
27.318676990183693,0.6581267233978827,0.955853174603174
27.328676990183695,0.6636608748770136,0.956091269841268
27.338676990183693,0.6664249552982309,0.9571428571428565
27.348676990183694,0.6654798561285851,0.9571428571428565
27.358676990183696,0.6585854931866556,0.9611904761904717
27.368676990183694,0.6598343721221522,0.9636904761904755
27.378676990183695,0.6601305559261599,0.9662499999999979
27.388676990183694,0.650502014190192,0.966964285714285
27.398676990183695,0.6547113199492667,0.9671031746031726
27.408676990183693,0.658100345222512,0.9683531746031738
27.418676990183695,0.6521745697489656,0.9683531746031738
27.428676990183693,0.6656679768974694,0.9709920634920599
27.438676990183694,0.6669487065535008,0.9718253968253961
27.448676990183696,0.6683515198167347,0.9747420634920619
27.458676990183694,0.6519111357068045,0.9752976190476182
27.468676990183695,0.6781564504645551,0.9759920634920615
27.478676990183693,0.6802260375874906,0.9773809523809516
27.488676990183695,0.6786490352102439,0.9773809523809516
27.498676990183693,0.689418493309777,0.9815476190476182
27.508676990183694,0.6899492200852019,0.9815476190476182
27.518676990183693,0.6820063004990372,0.9833333333333325
27.528676990183694,0.6277697644161948,0.9833333333333325
27.538676990183696,0.6293703014408536,0.983809523809522
27.548676990183694,0.6530947743663393,0.9839285714285706
27.558676990183695,0.6420995153753213,0.9839285714285706
27.568676990183693,0.6293220568650275,0.9858134920634891
27.578676990183695,0.6317318767847352,0.9863690476190439
27.588676990183693,0.6231435171885974,0.9878968253968244
27.598676990183694,0.6071736429614507,0.9878968253968244
27.608676990183692,0.6270488278430687,0.9883134920634896
27.618676990183694,0.6507267076431834,0.9885912698412689
27.628676990183695,0.6627886760503771,0.9885912698412689
27.638676990183694,0.6796215112506663,0.9892857142857133
27.648676990183695,0.6846465601686716,0.9901587301587266
27.658676990183693,0.6708794376134479,0.9912698412698403
27.668676990183695,0.648641023119197,0.9912698412698403
27.678676990183693,0.6508484518818942,0.9912698412698403
27.688676990183694,0.6606784031920754,0.9912698412698403
27.698676990183692,0.6662228439946787,0.9914087301587278
27.708676990183694,0.6728841427770794,0.9919642857142847
27.718676990183695,0.6760624552570956,0.9933531746031713
27.728676990183693,0.6584793413648887,0.9933531746031736
27.738676990183695,0.6504370567073338,0.9933531746031736
27.748676990183693,0.6633968644709276,0.9933531746031736
27.758676990183694,0.6824385867656699,0.9933531746031736
27.768676990183693,0.6698080352928081,0.9933531746031736
27.778676990183694,0.6467977097955803,0.9940476190476181
27.788676990183696,0.6472783332905631,0.995436507936507
27.798676990183694,0.6525005925751661,0.995436507936507
27.808676990183695,0.6542841363548878,0.995436507936507
27.818676990183693,0.6554442334568539,0.995436507936507
27.828676990183695,0.6614673339410285,0.995436507936507
27.838676990183693,0.6580381449727518,0.9959920634920608
27.848676990183694,0.6514628716067621,0.9961309523809514
27.858676990183692,0.6637708440415622,0.9967261904761895
27.868676990183694,0.673068365036231,0.9967261904761895
27.878676990183695,0.6705191705643063,0.9967261904761895
27.888676990183694,0.6723401840116101,0.9967261904761895
27.898676990183695,0.6735473412219737,0.9967261904761895
27.908676990183693,0.6739090494681356,0.997083333333331
27.918676990183695,0.6706641355156137,0.9973214285714275
27.928676990183693,0.6753144250151321,0.9973214285714275
27.938676990183694,0.6777533059589853,0.9973214285714275
27.948676990183692,0.6747704884107776,0.9973214285714275
27.958676990183694,0.672953068106823,0.9973214285714275
27.968676990183695,0.6696928165311417,0.9973214285714275
27.978676990183693,0.6697983475697984,0.9980158730158719
27.988676990183695,0.6673319841865301,0.9980158730158719
27.998676990183693,0.6708977767170802,0.9980158730158719
28.008676990183694,0.673707011616342,0.9980158730158719
28.018676990183693,0.6734516916344288,0.9980158730158719
28.028676990183694,0.675156235495499,0.9980158730158719
28.038676990183692,0.677474650538799,0.9980158730158719
28.048676990183694,0.6633212850367515,0.99861111111111
28.058676990183695,0.6624655536928454,0.99861111111111
28.068676990183693,0.6782456353414406,0.99861111111111
28.078676990183695,0.6826810996298224,0.99861111111111
28.088676990183693,0.6824167798558476,0.99861111111111
28.098676990183694,0.6854510692392508,0.99861111111111
28.108676990183692,0.6871098031871613,0.99861111111111
28.118676990183694,0.6816350369106041,0.9993055555555544
28.128676990183695,0.6808034202992587,0.9993055555555544
28.138676990183694,0.6861462227068643,0.9993055555555544
28.148676990183695,0.6878862092626623,0.9993055555555544
28.158676990183693,0.6870350421135369,0.9993055555555544
28.168676990183695,0.6880849894447266,0.9993055555555544
28.178676990183693,0.6912356319081789,0.9995833333333307
28.188676990183694,0.6851658449886864,0.9999999999999988
28.198676990183692,0.6878440640951912,0.9999999999999988
28.208676990183694,0.6957342926572173,0.9999999999999988
28.218676990183695,0.6988394903544621,0.9999999999999988
28.228676990183693,0.6968419925219912,0.9999999999999988
28.238676990183695,0.6954431317510184,0.9999999999999988
28.248676990183693,0.697728516489025,0.9999999999999988
28.258676990183694,0.6940285750204284,0.9999999999999988
28.268676990183693,0.6951912613570145,0.9999999999999988
28.278676990183694,0.6980361185757655,0.9993055555555544
28.288676990183692,0.6976558714010539,0.9993055555555544
28.298676990183694,0.6954254692569705,0.9993055555555544
28.308676990183695,0.6974658936558492,0.9993055555555544
28.318676990183693,0.6940102930338514,0.9993055555555544
28.328676990183695,0.6911716019980354,0.9993055555555544
28.338676990183693,0.6946744814882007,0.9993055555555544
28.348676990183694,0.7095026537301438,0.9993055555555544
28.358676990183692,0.7238965553112752,0.9993055555555544
28.368676990183694,0.7239169488910145,0.9993055555555544
28.378676990183692,0.7266703965482387,0.9993055555555544
28.388676990183694,0.7287050932684863,0.9993055555555544
28.398676990183695,0.7319484963114496,0.9993055555555544
28.408676990183693,0.735465453266971,0.9993055555555544
28.418676990183695,0.7374002226225332,0.9993055555555544
28.428676990183693,0.7376992680910023,0.9993055555555544
28.438676990183694,0.7393895228083393,0.9993055555555544
28.448676990183692,0.740389665882323,0.9993055555555544
28.458676990183694,0.7386713014641594,0.9993055555555544
28.468676990183695,0.7374115970640547,0.9993055555555544
28.478676990183693,0.7328252675333417,0.9990277777777781
28.488676990183695,0.7342730156227807,0.99861111111111
28.498676990183693,0.7347538381248542,0.99861111111111
28.508676990183694,0.7371182586344165,0.99861111111111
28.518676990183693,0.7394952877614044,0.99861111111111
28.528676990183694,0.7323896628395217,0.99861111111111
28.538676990183692,0.735448960744393,0.99861111111111
28.548676990183694,0.7439808635525881,0.99861111111111
28.558676990183695,0.7521435174049611,0.99861111111111
28.568676990183693,0.7525092323282495,0.99861111111111
28.578676990183695,0.7542572544534204,0.99861111111111
28.588676990183693,0.7556450329761465,0.99861111111111
28.598676990183694,0.7539138682429531,0.99861111111111
28.608676990183692,0.7557543636064467,0.99861111111111
28.618676990183694,0.7598272516053761,0.9979166666666668
28.628676990183692,0.7608177260790118,0.9979166666666656
28.638676990183694,0.7590538350746349,0.9979166666666656
28.648676990183695,0.7591426892031352,0.9979166666666656
28.658676990183693,0.7584637293589473,0.9979166666666656
28.668676990183695,0.7549249871158692,0.9979166666666656
28.678676990183693,0.7510082757869841,0.9979166666666656
28.688676990183694,0.7574045193266741,0.9972222222222212
28.698676990183692,0.7533850186683672,0.9972222222222212
28.708676990183694,0.7453695819101829,0.9972222222222212
28.718676990183692,0.7445947451577616,0.9972222222222212
28.728676990183693,0.7464623421809473,0.9972222222222212
28.738676990183695,0.7399439470671937,0.9972222222222212
28.748676990183693,0.7493747150774496,0.9970833333333337
28.758676990183694,0.7647725746157182,0.9965277777777768
28.768676990183693,0.765260244557612,0.9965277777777768
28.778676990183694,0.7586895860225882,0.9965277777777768
28.788676990183692,0.7580574147630087,0.9965277777777768
28.798676990183694,0.7606358511917712,0.9965277777777768
28.80867699018369,0.7620152485456976,0.9965277777777768
28.818676990183693,0.7620930638469205,0.9965277777777768
28.828676990183695,0.76633669491939,0.9958333333333323
28.838676990183693,0.7629312253609313,0.9958333333333323
28.848676990183694,0.7563764585495304,0.9958333333333323
28.858676990183692,0.7511341891365151,0.9958333333333323
28.868676990183694,0.7464012679840639,0.9958333333333323
28.878676990183692,0.7397919360749013,0.9958333333333323
28.888676990183694,0.7551821774272262,0.9953571428571428
28.898676990183695,0.7592660777259395,0.9952380952380943
28.908676990183693,0.729866637251867,0.9952380952380943
28.918676990183695,0.7025044398095702,0.9952380952380943
28.928676990183693,0.6969786253547686,0.9952380952380943
28.938676990183694,0.695640067760526,0.9952380952380943
28.948676990183692,0.6887618275297636,0.9952380952380943
28.958676990183694,0.7062155529334007,0.994821428571429
28.968676990183692,0.7176479740478822,0.9945436507936499
28.978676990183693,0.712364839777371,0.9945436507936499
28.988676990183695,0.7081252414993185,0.9945436507936499
28.998676990183693,0.708725125332264,0.9945436507936499
29.008676990183694,0.7139798009429175,0.9945436507936499
29.018676990183693,0.7100405740147228,0.9945436507936499
29.028676990183694,0.7070882121414379,0.9938492063492055
29.038676990183692,0.7018235629924292,0.9938492063492055
29.048676990183694,0.6921011285041477,0.9938492063492055
29.05867699018369,0.6835639615215117,0.9938492063492055
29.068676990183693,0.6816601836333958,0.9938492063492055
29.078676990183695,0.6801184851068371,0.9938492063492055
29.088676990183693,0.6742443288989542,0.9938492063492055
29.098676990183694,0.6761969356630512,0.993154761904761
29.108676990183692,0.6731097706272582,0.993154761904761
29.118676990183694,0.6645505382516905,0.993154761904761
29.128676990183692,0.6592207329216562,0.993154761904761
29.138676990183694,0.65995300441859,0.993154761904761
29.14867699018369,0.6581319417600063,0.993154761904761
29.158676990183693,0.65453744522721,0.993154761904761
29.168676990183695,0.658580263529375,0.9924603174603167
29.178676990183693,0.6556646350901373,0.9924603174603167
29.188676990183694,0.6469822929876491,0.9924603174603167
29.198676990183692,0.6445415647366348,0.9924603174603167
29.208676990183694,0.6464188433728287,0.9924603174603167
29.218676990183692,0.6434094070381106,0.9924603174603167
29.228676990183693,0.6409323768308522,0.9922222222222227
29.238676990183695,0.6414067101658885,0.9918650793650786
29.248676990183693,0.6393141349891641,0.9918650793650786
29.258676990183694,0.6339572047398803,0.9918650793650786
29.268676990183693,0.6313179989629323,0.9918650793650786
29.278676990183694,0.6308738803978572,0.9925595238095231
29.288676990183692,0.6297207026243221,0.9925595238095231
29.298676990183694,0.6295084133410822,0.9922817460317479
29.30867699018369,0.6283079833623131,0.9911706349206341
29.318676990183693,0.6230163857315734,0.9897817460317452
29.328676990183695,0.6168577371314986,0.9897817460317452
29.338676990183693,0.6146982033041861,0.9897817460317452
29.348676990183694,0.6136964653848035,0.9897817460317452
29.358676990183692,0.611291444414138,0.9897817460317452
29.368676990183694,0.6113511405291748,0.9883928571428585
29.378676990183692,0.6104199768769343,0.9883928571428562
29.388676990183694,0.6056380810721484,0.9870039682539673
29.39867699018369,0.5985972820814509,0.9870039682539673
29.408676990183693,0.5974787808014922,0.9870039682539673
29.418676990183695,0.5977281574923544,0.9870039682539673
29.428676990183693,0.5892182702270481,0.9870039682539673
29.438676990183694,0.5962995724868962,0.9858333333333333
29.448676990183692,0.5980255223681313,0.9847420634920653
29.458676990183694,0.5776321590765151,0.9829365079365071
29.468676990183692,0.5693120674772743,0.9829365079365071
29.478676990183693,0.5898996520842963,0.9832142857142834
29.48867699018369,0.5993049287028469,0.9836309523809514
29.498676990183693,0.5945494311957826,0.9836309523809514
29.508676990183694,0.5823727041214073,0.9815476190476181
29.518676990183693,0.5804058430022029,0.978968253968255
29.528676990183694,0.5726152245298756,0.9775793650793643
29.538676990183692,0.5650188155032704,0.9775793650793643
29.548676990183694,0.5675229379007204,0.9769841269841262
29.55867699018369,0.5664212133991496,0.9769841269841262
29.568676990183693,0.5560878633020644,0.976289682539683
29.578676990183695,0.5576995269623644,0.9754166666666667
29.588676990183693,0.5544791575877153,0.973194444444447
29.598676990183694,0.5351768175731532,0.9722222222222215
29.608676990183692,0.5298897300893176,0.9722222222222215
29.618676990183694,0.5350547090859797,0.9715277777777771
29.628676990183692,0.5330391845727566,0.9715277777777771
29.638676990183694,0.5179075784217396,0.9709722222222227
29.64867699018369,0.5128237523469593,0.9701388888888883
29.658676990183693,0.5116997958422443,0.9694444444444439
29.668676990183695,0.510985739210124,0.9694444444444439
29.678676990183693,0.5201202182930819,0.9694444444444439
29.688676990183694,0.5221924474686457,0.9701388888888883
29.698676990183692,0.5222699518345241,0.9701388888888883
29.708676990183694,0.5136572151348145,0.9693055555555576
29.718676990183692,0.5134771201821396,0.9687499999999994
29.728676990183693,0.5132043275837226,0.9673611111111104
29.73867699018369,0.511574618296167,0.9673611111111104
29.748676990183693,0.508636244116354,0.967499999999998
29.758676990183694,0.505773114064038,0.9680555555555549
29.768676990183693,0.49602141099622843,0.9680555555555549
29.778676990183694,0.4958072684370342,0.9656944444444523
29.788676990183692,0.4918054336590484,0.960932539682544
29.798676990183694,0.4889604245617631,0.95287698412699
29.80867699018369,0.48304912543317347,0.9500992063492056
29.818676990183693,0.49193556048219556,0.9473214285714301
29.82867699018369,0.49059944725274657,0.9452380952380944
29.838676990183693,0.49059859492809105,0.9429761904761946
29.848676990183694,0.482571820117217,0.9351984126984159
29.858676990183692,0.48187898363716586,0.929087301587307
29.868676990183694,0.4808567157961927,0.922123015873021
29.878676990183692,0.489317205259933,0.9214285714285707
29.888676990183694,0.4886076203006865,0.9195634920634923
29.89867699018369,0.48889090455117434,0.916388888888892
29.908676990183693,0.49573490479036914,0.9122222222222276
29.91867699018369,0.4984582989026385,0.9048611111111157
29.928676990183693,0.49815882507361176,0.9015277777777798
29.938676990183694,0.4977558115156272,0.8975000000000014
29.948676990183692,0.5061263433377056,0.8972222222222215
29.958676990183694,0.5066416199256426,0.896527777777777
29.968676990183692,0.5065944190423218,0.894047619047623
29.978676990183693,0.5020033574084412,0.8912698412698477
29.98867699018369,0.4968856985004923,0.8839087301587327
29.998676990183693,0.5065441717532805,0.8779563492063523
30.008676990183694,0.5059533960714454,0.8721230158730151
30.018676990183693,0.4974453068885884,0.8721230158730151
30.028676990183694,0.4987990193675055,0.871349206349207
30.038676990183692,0.4991518104267406,0.8689880952380962
30.048676990183694,0.4952698141959044,0.8629563492063563
30.05867699018369,0.4911619436883099,0.855595238095242
30.068676990183693,0.4875556298711826,0.8499007936507977
30.07867699018369,0.4861662286959407,0.8455357142857135
30.088676990183693,0.4913240841941795,0.8449801587301595
30.098676990183694,0.4910397893419363,0.8439087301587317
30.108676990183692,0.49019052733392177,0.8407341269841293
30.118676990183694,0.48097037117932867,0.8353174603174653
30.128676990183692,0.48049184739480033,0.8259126984127061
30.138676990183694,0.47981526352007614,0.8178571428571474
30.14867699018369,0.47818760305298685,0.812996031746031
30.158676990183693,0.4848935357781783,0.8113293650793705
30.16867699018369,0.48350034638437694,0.8074404761904808
30.178676990183693,0.4889461855910295,0.8025595238095268
30.188676990183694,0.5280061706355323,0.7946825396825453
30.198676990183692,0.5487749381032159,0.7846825396825468
30.208676990183694,0.5542569214451807,0.7746825396825446
30.218676990183692,0.5558014922256928,0.7716269841269834
30.228676990183693,0.5476046757514101,0.7674404761904791
30.23867699018369,0.52640100814066,0.7601190476190551
30.248676990183693,0.5070478516904835,0.7519246031746076
30.25867699018369,0.5112626751841881,0.7430357142857228
30.268676990183693,0.5425355319657323,0.7330357142857207
30.278676990183694,0.5670296810938769,0.723035714285722
30.288676990183692,0.5790297103111548,0.7205357142857135
30.298676990183694,0.5801916861049848,0.7137301587301632
30.30867699018369,0.5788229907276177,0.7048412698412784
30.318676990183693,0.5815404649220298,0.6962301587301651
30.32867699018369,0.5809806763163525,0.6862301587301666
30.338676990183693,0.5696318936166282,0.6762301587301672
30.348676990183694,0.5505505133711946,0.6669246031746038
30.358676990183692,0.5483098347901482,0.666369047619047
30.368676990183694,0.5353059247534229,0.6600198412698455
30.378676990183692,0.5231784258513902,0.6500198412698491
30.388676990183694,0.5139685981873006,0.6414087301587359
30.39867699018369,0.5151315818231467,0.6314087301587381
30.408676990183693,0.5145235442130452,0.6214087301587389
30.41867699018369,0.5138370019827606,0.6134920634920682
30.428676990183693,0.5107647116981694,0.6129365079365101
30.438676990183694,0.4953882326074924,0.6057738095238143
30.448676990183692,0.4873206619554478,0.5971428571428591
30.458676990183694,0.5048686241078545,0.5900595238095288
30.468676990183692,0.5107228994696266,0.5800595238095336
30.478676990183693,0.4988201933380519,0.5700595238095315
30.48867699018369,0.48393882024525736,0.5633928571428564
30.498676990183693,0.47991529057827237,0.5618650793650865
30.50867699018369,0.4788789086024616,0.5539484126984212
30.518676990183693,0.47628841580816533,0.5472222222222254
30.528676990183694,0.48142941111592435,0.5386111111111189
30.538676990183692,0.4840342421300684,0.5286111111111202
30.548676990183694,0.47918476927540493,0.5192063492063563
30.55867699018369,0.4698457013207938,0.5144841269841263
30.568676990183693,0.46921909812236884,0.5130952380952397
30.57867699018369,0.4521686131813631,0.5039682539682603
30.588676990183693,0.44550516695094194,0.49688492063492606
30.59867699018369,0.45189204274055617,0.4878571428571535
30.608676990183692,0.4510645090750564,0.47785714285715136
30.618676990183694,0.44080404606204876,0.46924603174603696
30.628676990183692,0.4294946838418268,0.4657738095238088
30.638676990183694,0.43395422450638543,0.46091269841270305
30.64867699018369,0.4292853277833028,0.4517460317460396
30.658676990183693,0.4311059142657675,0.4431349206349292
30.66867699018369,0.43664350173416816,0.43313492063493064
30.678676990183693,0.4363036772105385,0.42313492063492847
30.688676990183694,0.4330495179657302,0.41313492063492635
30.698676990183692,0.43127044850613255,0.41160714285714217
30.708676990183694,0.4326554431816393,0.4057738095238126
30.718676990183692,0.4275861592085856,0.39632936507937505
30.728676990183693,0.43152599812267434,0.38771825396826176
30.73867699018369,0.4377015793726481,0.3777182539682632
30.748676990183693,0.4365443571333949,0.3677182539682611
30.75867699018369,0.43199792276808024,0.35878968253968707
30.768676990183693,0.4340716623342769,0.35783730158730087
30.778676990183694,0.41388384842683656,0.3515873015873009
30.788676990183692,0.39759955753749837,0.34634920634921057
30.798676990183694,0.4179400564317795,0.34440476190476244
30.80867699018369,0.4300960029086104,0.33718253968254813
30.818676990183693,0.41041489314047525,0.32996031746032134
30.82867699018369,0.4036028891522194,0.3244047619047611
30.838676990183693,0.41072866255932283,0.32571428571428285
30.84867699018369,0.40446288714380646,0.3240873015873065
30.858676990183692,0.3914935881505781,0.320198412698415
30.868676990183694,0.39295407267825744,0.31716269841269873
30.878676990183692,0.39405600401958774,0.30785714285715055
30.888676990183694,0.3870359288291828,0.30019841269841646
30.89867699018369,0.37552783932051553,0.297103174603171
30.908676990183693,0.37295175042094164,0.29918650793650864
30.91867699018369,0.36755854834531454,0.2968253968254013
30.928676990183693,0.3641310489414451,0.29015873015873506
30.93867699018369,0.3654937084495703,0.28418650793651373
30.948676990183692,0.36497711530505367,0.2744642857142927
30.958676990183694,0.36164846422508845,0.2655753968254007
30.968676990183692,0.353594329318221,0.26319444444443907
30.978676990183693,0.35378208563469926,0.26222222222222286
30.98867699018369,0.3500657251246423,0.2595833333333392
30.998676990183693,0.3480860821761879,0.2562698412698431
31.00867699018369,0.35358754566700523,0.25265873015873863
31.018676990183693,0.3558748279392227,0.24265873015873649
31.028676990183694,0.34456673091049045,0.23412698412698868
31.038676990183692,0.33860344058008895,0.2332936507936483
31.048676990183694,0.3351111984171172,0.23432539682539602
31.05867699018369,0.33756089493689745,0.23168650793651174
31.068676990183693,0.34338415043948556,0.22807539682539835
31.07867699018369,0.34927211312849105,0.22244047619048388
31.088676990183693,0.34869424760983414,0.21299603174603624
31.09867699018369,0.34509747091545745,0.20511904761905
31.108676990183692,0.3395185269671151,0.20638888888888496
31.118676990183694,0.3367426947019982,0.20486111111111147
31.128676990183692,0.3347703391444968,0.20426587301587215
31.138676990183694,0.33452580277009697,0.2023214285714288
31.14867699018369,0.5203648381106392,0.19718253968254665
31.158676990183693,0.5203648381106392,0.18884920634920857
31.16867699018369,0.5203648381106392,0.18343253968254417
31.178676990183693,0.5203648381106392,0.18783730158729953
31.18867699018369,0.5203648381106392,0.18749999999999917
31.198676990183692,0.5203648381106392,0.18749999999999917
31.208676990183694,0.5203648381106392,0.18749999999999917
31.218676990183692,0.5203648381106392,0.1805555555555654
31.228676990183693,0.5203648381106392,0.17498015873016157
31.23867699018369,0.5203648381106392,0.17488095238094659
31.248676990183693,0.5203648381106392,0.18224206349206268
31.25867699018369,0.5203648381106392,0.1825992063492042
31.268676990183693,0.5203648381106392,0.18353174603174402
31.27867699018369,0.5203648381106392,0.18422619047618966
31.288676990183692,0.5203648381106392,0.1767261904761996
31.298676990183694,0.5203648381106392,0.173809523809523
31.30867699018369,0.5203648381106392,0.17700396825395817
31.318676990183693,0.5203648381106392,0.18630952380951707
31.32867699018369,0.5203648381106392,0.18700396825396742
31.338676990183693,0.5203648381106392,0.18748015873015697
31.34867699018369,0.5203648381106392,0.18759920634921498
31.358676990183692,0.5203648381106392,0.1781547619047703
31.36867699018369,0.5203648381106392,0.1758928571428563
31.378676990183692,0.5203648381106392,0.18103174603173666
31.388676990183694,0.5203648381106392,0.18769841269841187
31.39867699018369,0.5203648381106392,0.18829365079364996
31.408676990183693,0.5203648381106392,0.18912698412698023
31.41867699018369,0.5203648381106392,0.18759920634921085
31.428676990183693,0.5203648381106392,0.18051587301587646
31.43867699018369,0.5203648381106392,0.17982142857142608
31.448676990183692,0.5203648381106392,0.18646825396824793
31.458676990183694,0.5203648381106392,0.1923015873015846
31.468676990183692,0.5203648381106392,0.19702380952380336
31.478676990183693,0.34187231064152135,0.20238095238094442
31.48867699018369,0.3459167388276698,0.20168650793651538
31.498676990183693,0.5203648381106392,0.1987896825396791
31.50867699018369,0.34197138034743035,0.20101190476190237
31.518676990183693,0.3422207842668011,0.20892857142856466
31.52867699018369,0.34786289073150767,0.2169841269841195
31.538676990183692,0.3479010288637332,0.22420634920634006
31.548676990183694,0.34996323275706903,0.23162698412697877
31.55867699018369,0.3595014682222051,0.23033730158730226
31.568676990183693,0.36229416926638147,0.23005952380952177
31.57867699018369,0.3614809943985023,0.2367857142857049
31.588676990183693,0.36286018954077814,0.2460912698412626
31.59867699018369,0.3745592501078744,0.25470238095236875
31.608676990183692,0.3760025511488219,0.26470238095237086
31.61867699018369,0.37671709626607425,0.27331349206348415
31.628676990183692,0.40110071407182313,0.2726190476190468
31.638676990183694,0.3957700804193614,0.27567460317459913
31.64867699018369,0.3853611507005538,0.28386904761903897
31.658676990183693,0.38285398298328427,0.2931746031745931
31.66867699018369,0.3891434862450779,0.3017857142857045
31.678676990183693,0.3924744169421953,0.3117857142857049
31.68867699018369,0.3914342763550556,0.3206746031745957
31.698676990183692,0.4008554718569928,0.3205357142857134
31.70867699018369,0.40186337281265255,0.3251190476190375
31.718676990183692,0.397131878791624,0.3351190476190361
31.728676990183693,0.39805507259669914,0.3451190476190382
31.73867699018369,0.39793923779594836,0.3551190476190368
31.748676990183693,0.3953432366644455,0.3651190476190389
31.75867699018369,0.3998093541028502,0.37333333333332985
31.768676990183693,0.41441476080326173,0.373809523809523
31.77867699018369,0.40859526828062975,0.37964285714284635
31.788676990183692,0.3953561257145632,0.38964285714284635
31.798676990183694,0.39696587971077985,0.3996428571428485
31.80867699018369,0.40323791021282707,0.40964285714284704
31.818676990183693,0.40994193342053453,0.41964285714284916
31.82867699018369,0.43192019717875496,0.4270039682539688
31.838676990183693,0.44685464385056717,0.42753968253967983
31.84867699018369,0.4295756716221123,0.4369444444444322
31.858676990183692,0.41854005543378,0.4469444444444343
31.86867699018369,0.4299476834314038,0.45694444444443294
31.878676990183692,0.4432321803007769,0.46694444444443506
31.888676990183694,0.4507325352518513,0.4769444444444372
31.89867699018369,0.45788989801153573,0.48263888888888806
31.908676990183693,0.4616809259341502,0.4847222222222137
31.91867699018369,0.4628698152555652,0.4944444444444329
31.928676990183693,0.4634144664590138,0.504444444444435
31.93867699018369,0.4657864333354019,0.5144444444444337
31.948676990183692,0.4680540613153721,0.5244444444444357
31.95867699018369,0.4675412147768665,0.5344444444444343
31.968676990183692,0.4891948538170712,0.538888888888888
31.978676990183693,0.4937270127185556,0.5426388888888795
31.98867699018369,0.48897956314732477,0.552638888888878
31.998676990183693,0.4878758853245632,0.5619047619047545
32.008676990183694,0.48945114306914417,0.5713492063491984
32.01867699018369,0.49562320151804456,0.5813492063491984
32.02867699018369,0.49142038709488484,0.5913492063491955
32.03867699018369,0.49323330208271493,0.5938492063492055
32.048676990183694,0.4943417491423489,0.5988492063491984
32.05867699018369,0.4962685975057727,0.6088492063491984
32.06867699018369,0.4976896860214315,0.6181547619047468
32.078676990183695,0.49870471386286697,0.628154761904754
32.08867699018369,0.5009642758413888,0.638154761904754
32.09867699018369,0.49834326158390074,0.6476785714285669
32.10867699018369,0.5072792041128192,0.649107142857142
32.118676990183694,0.5108674115341859,0.6560515873015793
32.12867699018369,0.5156118364957137,0.6660515873015764
32.13867699018369,0.5181769421150689,0.6760515873015737
32.148676990183695,0.5198512520989286,0.6860515873015793
32.15867699018369,0.523063384923573,0.6960515873015792
32.16867699018369,0.5198395841313862,0.7053571428571361
32.17867699018369,0.5229235493900956,0.7058333333333296
32.188676990183694,0.5266822154368541,0.7140476190476125
32.19867699018369,0.5299551978472986,0.7240476190476096
32.20867699018369,0.5277258859178124,0.7340476190476067
32.21867699018369,0.5286326769006341,0.744047619047604
32.22867699018369,0.5350953507847646,0.7540476190476111
32.23867699018369,0.5489285250068817,0.7612698412698392
32.24867699018369,0.5503636877988214,0.7619642857142791
32.258676990183694,0.5580629167986149,0.7704960317460247
32.26867699018369,0.5649705020594363,0.7795634920634853
32.27867699018369,0.5597687376394709,0.7888690476190368
32.28867699018369,0.5613909337228423,0.798869047619034
32.298676990183694,0.5666437317489877,0.8088690476190397
32.30867699018369,0.5790150106337877,0.8149801587301578
32.31867699018369,0.5808603449165349,0.8156746031745998
32.328676990183695,0.5863419695639012,0.8249801587301507
32.33867699018369,0.5906804170262935,0.8345039682539613
32.34867699018369,0.5897229609041493,0.8436904761904668
32.35867699018369,0.5896586001796301,0.853690476190464
32.368676990183694,0.6003477125145763,0.8636904761904682
32.37867699018369,0.6193099039648852,0.867857142857142
32.38867699018369,0.6195077974726534,0.8711904761904625
32.398676990183695,0.6222194575815729,0.8805952380952302
32.40867699018369,0.6240332056037023,0.8897619047618992
32.41867699018369,0.6251417738153155,0.8992063492063412
32.42867699018369,0.6257484281430412,0.9068452380952289
32.438676990183694,0.6186881923862476,0.9158730158730103
32.44867699018369,0.6200734699612404,0.918948412698412
32.45867699018369,0.6214408230160188,0.9220039682539599
32.46867699018369,0.6246726964853381,0.9272817460317382
32.47867699018369,0.6267918046987675,0.9319246031746014
32.48867699018369,0.6370768914827074,0.9392857142857076
32.49867699018369,0.6401193510880883,0.9437103174603111
32.508676990183694,0.6467042122667821,0.9514880952380886
32.51867699018369,0.6528132444195824,0.9528769841269835
32.52867699018369,0.6550870127921344,0.9548214285714246
32.53867699018369,0.6562359742581622,0.9575992063492036
32.548676990183694,0.657392923289023,0.9601785714285679
32.55867699018369,0.6582714115991762,0.9661904761904744
32.56867699018369,0.6585149990518517,0.9685515873015819
32.578676990183695,0.659176776428634,0.9718253968253961
32.58867699018369,0.659779045842473,0.9718253968253961
32.59867699018369,0.6598892181541054,0.9732142857142849
32.60867699018369,0.6601038108908924,0.9732142857142849
32.618676990183694,0.6683183249169156,0.9746031746031716
32.62867699018369,0.6724005880562012,0.9787698412698406
32.63867699018369,0.6824991844310643,0.9811309523809452
32.64867699018369,0.6804671028431604,0.9829365079365072
32.65867699018369,0.6870770982265674,0.9829365079365072
32.66867699018369,0.6917637109622252,0.9843253968253948
32.67867699018369,0.6916511578708447,0.984325396825396
32.688676990183694,0.6883718476710199,0.9854365079365053
32.69867699018369,0.6860038721481138,0.9871031746031739
32.70867699018369,0.6840795264947116,0.9891865079365072
32.71867699018369,0.6841251871296825,0.9891865079365072
32.72867699018369,0.6846555606893117,0.9891865079365072
32.73867699018369,0.6847754691735385,0.9891865079365072
32.74867699018369,0.6851041969310814,0.9891865079365072
32.758676990183694,0.6888480621048059,0.9899007936507909
32.76867699018369,0.6863621208364756,0.9903769841269834
32.77867699018369,0.6533177936710368,0.993154761904761
32.78867699018369,0.5966596154512387,0.993154761904761
32.798676990183694,0.548559466658093,0.993154761904761
32.80867699018369,0.5599231496345408,0.993154761904761
32.81867699018369,0.5849192291013736,0.993154761904761
32.828676990183695,0.5318341064991058,0.9927380952380933
32.83867699018369,0.5176594723448658,0.993154761904761
32.84867699018369,0.5564715560208499,0.9930158730158736
32.85867699018369,0.5660506154298535,0.9917658730158723
32.868676990183694,0.5425511113470983,0.9917658730158723
32.87867699018369,0.5115061992625678,0.9917658730158723
32.88867699018369,0.4934743512516957,0.9917658730158723
32.89867699018369,0.4971844121496177,0.9903769841269834
32.90867699018369,0.49813447701715396,0.9903769841269834
32.91867699018369,0.514127140469869,0.9903769841269834
32.92867699018369,0.5318154509413946,0.9903769841269834
32.938676990183694,0.5171918044620161,0.9903769841269834
32.94867699018369,0.49459020199820874,0.9903769841269834
32.95867699018369,0.4820266837119398,0.9903769841269834
32.96867699018369,0.4655045001698518,0.9910714285714277
32.97867699018369,0.4673606717570634,0.9910714285714277
32.98867699018369,0.4771569432348145,0.9910714285714277
32.99867699018369,0.4781067507391184,0.9910714285714277
33.008676990183694,0.48129761179334674,0.9910714285714277
33.01867699018369,0.4862891232482274,0.9910714285714277
33.02867699018369,0.4891120940237206,0.9910714285714277
33.03867699018369,0.4819434140811016,0.9917658730158722
33.048676990183694,0.47792709008885875,0.9917658730158722
33.05867699018369,0.4816367989641364,0.9917658730158722
33.06867699018369,0.48259545813080335,0.9917658730158722
33.078676990183695,0.4807216854690967,0.9917658730158722
33.08867699018369,0.4819796627967288,0.9917658730158722
33.09867699018369,0.48675699070416356,0.9918849206349185
33.10867699018369,0.4806669531142851,0.9923611111111103
33.118676990183694,0.4827739236143915,0.9923611111111103
33.12867699018369,0.49049091558514063,0.9923611111111103
33.13867699018369,0.4911118830170293,0.9923611111111103
33.14867699018369,0.48947851371137113,0.9923611111111103
33.15867699018369,0.488875325324718,0.9923611111111103
33.16867699018369,0.49064492627683237,0.9930555555555535
33.17867699018369,0.4855651175935172,0.9930555555555547
33.188676990183694,0.4903163943889768,0.9930555555555547
33.19867699018369,0.49981574343761576,0.9930555555555547
33.20867699018369,0.5060674495831102,0.9930555555555547
33.21867699018369,0.5068500202443811,0.9930555555555547
33.22867699018369,0.5026524409289063,0.9930555555555547
33.23867699018369,0.49136375192404663,0.993611111111109
33.24867699018369,0.4854945549552978,0.993749999999999
33.258676990183694,0.4922322942159302,0.993749999999999
33.26867699018369,0.49939086963988716,0.993749999999999
33.27867699018369,0.5053116688301008,0.993749999999999
33.28867699018369,0.5029717608492781,0.993749999999999
33.298676990183694,0.5030260620998975,0.993749999999999
33.30867699018369,0.5004407039536993,0.9944444444444435
33.31867699018369,0.49906788707244876,0.9944444444444435
33.32867699018369,0.5014949937162454,0.9944444444444435
33.33867699018369,0.5046222293623643,0.9944444444444435
33.34867699018369,0.5021114986865395,0.9944444444444435
33.35867699018369,0.5002266305732318,0.9944444444444435
33.368676990183694,0.49856560236827535,0.9944444444444435
33.37867699018369,0.49530790534253316,0.9951388888888879
33.38867699018369,0.49694184261816676,0.9951388888888879
33.39867699018369,0.5034304005269364,0.9951388888888879
33.40867699018369,0.5080842880122151,0.9951388888888879
33.41867699018369,0.50907312808041,0.9951388888888879
33.42867699018369,0.5099504159763389,0.9951388888888879
33.438676990183694,0.5143964597556518,0.9951388888888879
33.44867699018369,0.506487644760001,0.9951388888888879
33.45867699018369,0.506524854038744,0.9951388888888879
33.46867699018369,0.5148856005844242,0.9951388888888879
33.47867699018369,0.5168876490875274,0.9951388888888879
33.48867699018369,0.5134947948195312,0.9951388888888879
33.49867699018369,0.5141148638562714,0.9951388888888879
33.508676990183694,0.5125108600018496,0.9951388888888879
33.51867699018369,0.5087615990593152,0.9951388888888879
33.52867699018369,0.5078203904204819,0.9951388888888879
33.53867699018369,0.5097059190616219,0.9951388888888879
33.548676990183694,0.5128290440409603,0.9951388888888879
33.55867699018369,0.5125553686152211,0.9951388888888879
33.56867699018369,0.5132313077784831,0.9951388888888879
33.57867699018369,0.5096697372952369,0.9951388888888879
33.58867699018369,0.5068622034044037,0.9951388888888879
33.59867699018369,0.5113726331005992,0.9951388888888879
33.60867699018369,0.519956543028291,0.9951388888888879
33.618676990183694,0.521860225218241,0.9951388888888879
33.62867699018369,0.5204018551787105,0.9951388888888879
33.63867699018369,0.5167747130890836,0.9951388888888879
33.64867699018369,0.513847161989479,0.9951388888888879
33.65867699018369,0.5040396004361495,0.9951388888888879
33.66867699018369,0.5115163807089681,0.9951388888888879
33.67867699018369,0.5244598216170576,0.9944444444444435
33.688676990183694,0.5270761508090704,0.9944444444444435
33.69867699018369,0.5141079513893243,0.9944444444444435
33.70867699018369,0.5098224386640647,0.9944444444444435
33.71867699018369,0.5075783971476472,0.9944444444444435
33.72867699018369,0.508652677445248,0.9944444444444435
33.73867699018369,0.5142530950099563,0.9944444444444435
33.74867699018369,0.5283683301170657,0.993749999999999
33.75867699018369,0.5248197867293579,0.993749999999999
33.76867699018369,0.5133102024473326,0.993749999999999
33.77867699018369,0.5081776938606996,0.993749999999999
33.78867699018369,0.4757228241501725,0.993749999999999
33.798676990183694,0.46300241246869117,0.993749999999999
33.80867699018369,0.49719738491452664,0.9933333333333336
33.81867699018369,0.5208834809658942,0.9930555555555547
33.82867699018369,0.5067133488461135,0.9944444444444436
33.83867699018369,0.5112199362891154,0.9944444444444436
33.84867699018369,0.5221381725261032,0.994583333333331
33.85867699018369,0.5235740640463681,0.9958333333333323
33.868676990183694,0.5339626422064838,0.9958333333333323
33.87867699018369,0.5799402423345859,0.995138888888888
33.88867699018369,0.6078173285230052,0.995138888888888
33.89867699018369,0.6043646119401879,0.9972222222222213
33.90867699018369,0.6056133187987689,0.9972222222222213
33.91867699018369,0.6164088240811126,0.9972222222222213
33.92867699018369,0.6241628715975364,0.9972222222222213
33.938676990183694,0.6343404431966749,0.9972222222222213
33.94867699018369,0.656975589021027,0.9966269841269833
33.95867699018369,0.6490850795888956,0.9953769841269889
33.96867699018369,0.61715037312572,0.9945436507936499
33.97867699018369,0.6096889346233536,0.9945436507936499
33.98867699018369,0.6253291049628519,0.9938492063492055
33.99867699018369,0.6344252743427653,0.9938492063492055
34.00867699018369,0.6333859054181631,0.9934325396825407
34.01867699018369,0.6325222875259775,0.9896825396825388
34.02867699018369,0.6368734180023826,0.9885317460317485
34.03867699018369,0.6371075516994607,0.9876984126984119
34.048676990183694,0.6460276780649195,0.9876984126984119
34.05867699018369,0.6445388150084511,0.9876984126984119
34.06867699018369,0.6371532328800092,0.9876984126984119
34.07867699018369,0.6278797622294582,0.9876984126984119
34.08867699018369,0.6322795815755134,0.9870039682539674
34.09867699018369,0.6327773827386668,0.986309523809523
34.10867699018369,0.6269201560974298,0.986309523809523
34.118676990183694,0.6217964504630341,0.986309523809523
34.12867699018369,0.6208738919412208,0.986309523809523
34.13867699018369,0.619089406653153,0.986309523809523
34.14867699018369,0.6164334453632436,0.9860317460317499
34.15867699018369,0.627894281478975,0.9849206349206341
34.16867699018369,0.6274535155147744,0.9828373015873043
34.17867699018369,0.6083981698160437,0.9828373015873008
34.188676990183694,0.6062635925560427,0.9828373015873008
34.19867699018369,0.6109383153699307,0.9828373015873008
34.20867699018369,0.6106666994307302,0.9828373015873008
34.21867699018369,0.6037498708467306,0.9821428571428586
34.22867699018369,0.6052737841110118,0.981448412698412
34.23867699018369,0.6018809385292536,0.9795833333333336
34.24867699018369,0.5954303323804744,0.9794642857142849
34.25867699018369,0.5935584928052164,0.9794642857142849
34.26867699018369,0.5929540734666918,0.9794642857142849
34.27867699018369,0.5896120422454434,0.9794642857142849
34.28867699018369,0.580839213483554,0.978353174603178
34.298676990183694,0.5812417189674068,0.9779365079365083
34.30867699018369,0.5745473430344915,0.9759920634920627
34.31867699018369,0.5679402806964575,0.9759920634920627
34.32867699018369,0.5676384452268795,0.9759920634920627
34.33867699018369,0.5662108851081611,0.9759920634920627
34.34867699018369,0.5573242302422291,0.9759920634920627
34.35867699018369,0.5664518987218725,0.9737698412698441
34.368676990183694,0.5694338351025349,0.9718253968253983
34.37867699018369,0.5463116115437275,0.9666666666666657
34.38867699018369,0.5348668633304569,0.9666666666666657
34.39867699018369,0.5302045506896027,0.9665277777777792
34.40867699018369,0.5328566938680129,0.9659722222222213
34.41867699018369,0.532019695082464,0.9659722222222213
34.42867699018369,0.5250381503189758,0.9606150793650785
34.43867699018369,0.5224269759724812,0.9575595238095292
34.44867699018369,0.5124417299984035,0.9528571428571432
34.45867699018369,0.5068007784339462,0.9523809523809514
34.46867699018369,0.5104804577219842,0.9502976190476229
34.47867699018369,0.5115915187216568,0.9502976190476181
34.48867699018369,0.5091165193813127,0.948630952380955
34.49867699018369,0.5073479224563474,0.9439285714285718
34.50867699018369,0.4910689859970247,0.9406746031746118
34.51867699018369,0.47436474450182586,0.9372023809523801
34.52867699018369,0.47832073800014374,0.9372023809523801
34.53867699018369,0.4838255108461371,0.9358134920634912
34.548676990183694,0.48259810160504985,0.9358134920634912
34.55867699018369,0.4768389777470573,0.9341468253968293
34.56867699018369,0.47790214258053765,0.928869047619048
34.57867699018369,0.4757613684074332,0.9237500000000073
34.58867699018369,0.47187913381605656,0.9209325396825387
34.59867699018369,0.47216341885302593,0.9207936507936513
34.60867699018369,0.47186717137501705,0.9196428571428562
34.618676990183694,0.4709619472721683,0.9196428571428562
34.62867699018369,0.4693253968104706,0.9158928571428633
34.63867699018369,0.46185448254050404,0.905892857142869
34.64867699018369,0.4444267074121735,0.896031746031757
34.65867699018369,0.43022442464213034,0.8925595238095229
34.66867699018369,0.42086813616727786,0.88978174603175
34.67867699018369,0.40527357986989887,0.8813095238095279
34.68867699018369,0.3976867003538573,0.8788690476190467
34.69867699018369,0.38629991833848965,0.8759523809523886
34.70867699018369,0.38510576434325905,0.8659523809523915
34.71867699018369,0.37923325435277744,0.8559523809523942
34.72867699018369,0.3670246615380494,0.8524801587301578
34.73867699018369,0.37270914099163427,0.8477579365079426
34.74867699018369,0.3726025650754423,0.8384523809523885
34.75867699018369,0.37352857397390676,0.8284523809523913
34.76867699018369,0.37352216780014014,0.818452380952387
34.77867699018369,0.3701656824745815,0.8084523809523899
34.78867699018369,0.3656472093175415,0.7984523809523928
34.798676990183694,0.357528327731958,0.7964285714285705
34.80867699018369,0.3641019052860353,0.7901785714285764
34.81867699018369,0.36242156297722433,0.7804563492063553
34.82867699018369,0.3619178539397704,0.7704563492063624
34.83867699018369,0.3624106319122943,0.7604563492063553
34.84867699018369,0.36253934772810337,0.7504563492063567
34.85867699018369,0.3580704304894373,0.7412896825396892
34.868676990183694,0.3612522029134201,0.7401785714285705
34.87867699018369,0.35739864611324496,0.7326587301587362
34.88867699018369,0.35425643478662433,0.7226587301587419
34.89867699018369,0.3550184194414425,0.7126587301587433
34.90867699018369,0.35650964125547596,0.7026587301587363
34.91867699018369,0.3568217787622972,0.6926587301587362
34.92867699018369,0.35319281028938593,0.6843253968253957
34.93867699018369,0.3566553170606101,0.6837698412698424
34.94867699018369,0.3567051386321468,0.6750595238095313
34.95867699018369,0.3626365392873827,0.6663095238095285
34.96867699018369,0.3679758293147323,0.6571428571428704
34.97867699018369,0.3729262015590322,0.6471428571428631
34.98867699018369,0.37504396012404545,0.6378373015873077
34.99867699018369,0.3628446002539644,0.6307539682539672
35.00867699018369,0.35925230159767996,0.6290873015873082
35.01867699018369,0.3548234699432744,0.6231150793650855
35.02867699018369,0.3524985197633254,0.6142658730158786
35.03867699018369,0.34582117168066706,0.6056547619047715
35.048676990183694,0.340669140684694,0.5957936507936569
35.05867699018369,0.32944150806511757,0.585793650793657
35.06867699018369,0.3112290892954249,0.5806547619047608
35.07867699018369,0.31102767190988745,0.5775992063492195
35.08867699018369,0.30876230312228786,0.5682936507936568
35.09867699018369,0.30618435259580024,0.5589880952381026
35.10867699018369,0.301224901288223,0.5496825396825499
35.11867699018369,0.3014913828694115,0.5396825396825526
35.12867699018369,0.3035236499809196,0.5296825396825455
35.13867699018369,0.2988835542284648,0.5259920634920623
35.14867699018369,0.3079398426829406,0.5212698412698495
35.15867699018369,0.30963520118065324,0.5123809523809583
35.16867699018369,0.31181104155410655,0.504464285714288
35.17867699018369,0.32153707490285927,0.4944642857142944
35.18867699018369,0.3235162947791826,0.4844642857142972
35.19867699018369,0.32375678139474695,0.47474206349206793
35.20867699018369,0.32154783078565524,0.47251984126984
35.21867699018369,0.33224962127336444,0.4672619047619153
35.22867699018369,0.33518374689025954,0.4579563492063551
35.23867699018369,0.33567211276459225,0.4498214285714334
35.24867699018369,0.3358031856258602,0.43994047619048343
35.25867699018369,0.3355005892039857,0.42994047619048625
35.26867699018369,0.3352801313774129,0.419940476190482
35.27867699018369,0.32833794580965314,0.41966269841269876
35.28867699018369,0.33581967426792625,0.41452380952381035
35.298676990183694,0.3341280087106008,0.40595238095238556
35.30867699018369,0.3322836455521195,0.39873015873016215
35.31867699018369,0.32348960643881153,0.38928571428572006
35.32867699018369,0.32173620517089585,0.37928571428572716
35.33867699018369,0.31397463877961856,0.37095238095238314
35.34867699018369,0.3188124977028702,0.3698412698412756
35.35867699018369,0.3171970101788332,0.36484126984127235
35.36867699018369,0.3152738132426662,0.357341269841278
35.37867699018369,0.3209699637548356,0.3530952380952439
35.38867699018369,0.3193662744881485,0.34309523809524956
35.39867699018369,0.32410457888487615,0.3332341269841375
35.40867699018369,0.31731171446880946,0.3269841269841257
35.41867699018369,0.3135178357838748,0.3255952380952392
35.42867699018369,0.3203058341743171,0.32440476190476897
35.43867699018369,0.31991178156907957,0.3178769841269893
35.44867699018369,0.31966488204855836,0.3146626984127045
35.45867699018369,0.3194642766935994,0.3055555555555638
35.46867699018369,0.3193096908399017,0.298611111111117
35.47867699018369,0.31908445042941797,0.293253968253967
35.48867699018369,0.31872100044629864,0.2926984126984126
35.49867699018369,0.3183927085616654,0.2946230158730219
35.50867699018369,0.3180361281741508,0.28829365079364955
35.51867699018369,0.3175996411354451,0.2834325396825455
35.52867699018369,0.38004876920823705,0.2750595238095311
35.53867699018369,0.4736846741733849,0.26888888888890033
35.54867699018369,0.4742252340713434,0.26666666666666533
35.55867699018369,0.47980648048123864,0.26732142857142366
35.56867699018369,0.4786600050804607,0.2688492063492074
35.57867699018369,0.4800933394682391,0.26619047619047387
35.58867699018369,0.4831304861921392,0.2608531746031804
35.59867699018369,0.48123574154419685,0.2550198412698414
35.60867699018369,0.48053416981547925,0.25329365079365435
35.61867699018369,0.47986074109046495,0.25257936507936374
35.62867699018369,0.47888739713410305,0.2556349206349122
35.63867699018369,0.47678415175829697,0.2634126984126928
35.64867699018369,0.4757060635661775,0.26660714285713916
35.65867699018369,0.4822070841075783,0.26244047619047844
35.66867699018369,0.481660711310305,0.26180555555555185
35.67867699018369,0.4831575092615503,0.2679166666666621
35.68867699018369,0.48370573697793384,0.2699404761904749
35.69867699018369,0.4964962867095256,0.2713293650793567
35.70867699018369,0.4044986315670642,0.2784126984126932
35.71867699018369,0.3445046502677496,0.2833333333333272
35.72867699018369,0.3566305097544375,0.28166666666666645
35.73867699018369,0.39389467520833843,0.2847222222222149
35.74867699018369,0.4059214271761481,0.29259920634919645
35.75867699018369,0.3831313945420768,0.30259920634919363
35.76867699018369,0.3757288685284694,0.31200396825396076
35.77867699018369,0.38281892635485637,0.3197817460317397
35.78867699018369,0.3880831027684178,0.3260317460317362
35.79867699018369,0.39826450196484847,0.3253968253968241
35.80867699018369,0.40036107946432964,0.3320634920634836
35.81867699018369,0.40354757703977157,0.3413690476190403
35.82867699018369,0.4063563828300263,0.3513690476190363
35.83867699018369,0.40892882470995806,0.36136904761903915
35.84867699018369,0.41077965673027583,0.3700793650793552
35.85867699018369,0.41666286755734816,0.37855158730157834
35.86867699018369,0.4207872388139329,0.3782738095238082
35.87867699018369,0.4225545026287377,0.3864880952380868
35.88867699018369,0.42338644339567305,0.39648809523808676
35.89867699018369,0.42299252806153453,0.4064880952380797
35.90867699018369,0.4225731728661472,0.4164880952380868
35.91867699018369,0.4151975128636276,0.4264880952380868
35.92867699018369,0.4196049981979114,0.43422619047618916
35.93867699018369,0.4235395590436657,0.43408730158729814
35.94867699018369,0.41477564923511673,0.4432738095238021
35.95867699018369,0.4144073616318755,0.45279761904760635
35.96867699018369,0.4138950761382374,0.4627976190476035
35.97867699018369,0.41436993980114556,0.47192460317459595
35.98867699018369,0.41595412809772575,0.48150793650792806
35.99867699018369,0.41662377932147304,0.48859126984126855
36.00867699018369,0.4153642893632908,0.4906746031745924
36.01867699018369,0.4170791887213356,0.500396825396817
36.02867699018369,0.41890585148609066,0.5103968253968141
36.03867699018369,0.4247850789918872,0.5198412698412578
36.04867699018369,0.42564601641776784,0.5297023809523654
36.05867699018369,0.46699943577693903,0.5397023809523724
36.06867699018369,0.43389752283297556,0.5448412698412686
36.07867699018369,0.43298432678400023,0.5478968253968142
36.08867699018369,0.4330737734064784,0.557896825396817
36.09867699018369,0.4318980467634172,0.5678968253968156
36.10867699018369,0.4345674308844162,0.5772023809523683
36.11867699018369,0.5196302218695863,0.5872023809523655
36.12867699018369,0.5752234021341766,0.5972023809523727
36.13867699018369,0.5997884683360887,0.6008928571428559
36.14867699018369,0.5537262257883871,0.6058928571428417
36.15867699018369,0.5875993689586937,0.6158928571428487
36.16867699018369,0.5939163538102683,0.6258928571428488
36.17867699018369,0.5906420615893491,0.6358928571428459
36.18867699018369,0.5905263659738752,0.6458928571428431
36.19867699018369,0.5865024553518969,0.6556150793650733
36.20867699018369,0.593141347945725,0.6578373015873002
36.21867699018369,0.576033604187292,0.663789682539667
36.228676990183686,0.5961285106273312,0.673789682539667
36.23867699018369,0.5963842709345685,0.6837896825396741
36.24867699018369,0.5959451067386065,0.6937896825396727
36.25867699018369,0.5966287379303175,0.7037896825396698
36.26867699018369,0.5982745067484976,0.7137896825396741
36.27867699018369,0.6061854482565602,0.7140674603174573
36.28867699018369,0.6082855210568332,0.7203174603174525
36.29867699018369,0.6116829042952938,0.72930555555554
36.30867699018369,0.6134130563140751,0.7384722222222161
36.31867699018369,0.6196047964951931,0.7479166666666581
36.32867699018369,0.6179276430065633,0.7579166666666552
36.33867699018369,0.6242124202155372,0.7662499999999951
36.34867699018369,0.6253234759078068,0.7673611111111026
36.35867699018369,0.6265619276361859,0.7745833333333243
36.36867699018369,0.6287631764869627,0.7840277777777621
36.37867699018369,0.6305195214616299,0.7934325396825311
36.38867699018369,0.633501063469539,0.8034325396825311
36.39867699018369,0.6446117785108454,0.813432539682524
36.40867699018369,0.6625112094242335,0.8202380952380939
36.41867699018369,0.6683202145837225,0.8216269841269804
36.42867699018369,0.6720652609327341,0.8281746031745936
36.43867699018369,0.6742996902458387,0.8377579365079224
36.44867699018369,0.6754043766570084,0.8456746031745948
36.45867699018369,0.6767548052721449,0.8552579365079257
36.46867699018369,0.6700072970635049,0.8642857142857012
36.478676990183686,0.6706415840410042,0.8696428571428558
36.48867699018369,0.6714149325225458,0.8718650793650733
36.49867699018369,0.6718052997127809,0.8746428571428474
36.50867699018369,0.6719677552995013,0.8842261904761798
36.51867699018369,0.6721190268638596,0.8925595238095154
36.52867699018369,0.6685528669802403,0.9009325396825298
36.53867699018369,0.6630642866706115,0.9084920634920494
36.54867699018369,0.6636192934831182,0.9107142857142845
36.55867699018369,0.6635313230535003,0.911726190476188
36.56867699018369,0.6628489516600898,0.9154761904761857
36.57867699018369,0.6626183991592111,0.923253968253962
36.58867699018369,0.6627489118527842,0.9314087301587217
36.59867699018369,0.6635422718537274,0.9373809523809482
36.60867699018369,0.6560961238997517,0.9402579365079303
36.61867699018369,0.6560468647111249,0.9409722222222209
36.62867699018369,0.6560921977899603,0.9416666666666652
36.63867699018369,0.6561297360446557,0.9438888888888827
36.64867699018369,0.6572298424327824,0.9505555555555447
36.658676990183686,0.6578110903649277,0.9581944444444359
36.66867699018369,0.6581195438402154,0.9616071428571391
36.67867699018369,0.6584911028279476,0.9646626984126954
36.68867699018369,0.6588795247935887,0.9650793650793636
36.69867699018369,0.6592731621118192,0.9666071428571403
36.70867699018369,0.6591178040632392,0.9695238095238005
36.71867699018369,0.6583090277642439,0.9746031746031636
36.728676990183686,0.6573056060344757,0.9797420634920595
36.73867699018369,0.650726493097621,0.9814087301587273
36.74867699018369,0.6490909700883194,0.9835317460317443
36.75867699018369,0.6489294875855648,0.9835317460317443
36.76867699018369,0.6486597371559744,0.9841269841269814
36.77867699018369,0.6488041327362299,0.9863492063491996
36.78867699018369,0.6491449094883742,0.9900992063492005
36.79867699018369,0.6494669881109287,0.992757936507935
36.80867699018369,0.6455096295055469,0.992757936507935
36.81867699018369,0.6429804604845664,0.9934523809523781
36.82867699018369,0.6439779684079591,0.9934523809523793
36.83867699018369,0.6467158707808991,0.9934523809523793
36.84867699018369,0.649698341222104,0.9947420634920618
36.85867699018369,0.6524238069829065,0.9954365079365063
36.86867699018369,0.6528661242163595,0.9968253968253952
36.87867699018369,0.6456277495833376,0.9968253968253952
36.88867699018369,0.6467069024723422,0.9968253968253952
36.89867699018369,0.6251243713655839,0.9968253968253952
36.908676990183686,0.6281144948106971,0.9968253968253952
36.91867699018369,0.660926787200952,0.9968253968253952
36.92867699018369,0.6624599496277642,0.9974206349206333
36.93867699018369,0.6710145466035827,0.9981150793650777
36.94867699018369,0.6857076937431426,0.9982341269841243
36.95867699018369,0.6819550854226243,0.9987103174603157
36.96867699018369,0.6843084007098482,0.9987103174603157
36.978676990183686,0.6844185980219076,0.9995833333333292
36.98867699018369,0.6878234022635579,0.9999999999999982
36.99867699018369,0.6995079410657344,0.9999999999999982
37.00867699018369,0.7025942693527314,0.9999999999999982
37.01867699018369,0.7076041202687703,0.9999999999999982
37.02867699018369,0.7107929218825538,0.9999999999999982
37.03867699018369,0.7124417360745424,0.9999999999999982
37.04867699018369,0.7136587086102089,0.9999999999999982
37.05867699018369,0.7154430668486902,0.9999999999999982
37.06867699018369,0.7166233594825868,0.9999999999999982
37.07867699018369,0.7148402532346577,0.9999999999999982
37.08867699018369,0.7113700309311253,0.9999999999999982
37.09867699018369,0.6910181560358237,0.9999999999999982
37.10867699018369,0.6907454070581918,0.9999999999999982
37.11867699018369,0.6993718399357415,0.9999999999999982
37.12867699018369,0.7095071337902709,0.9999999999999982
37.13867699018369,0.6860339122900261,0.9999999999999982
37.14867699018369,0.6818076614408903,0.9999999999999982
37.158676990183686,0.682328330984971,0.9999999999999982
37.16867699018369,0.6766967030101831,0.9999999999999982
37.17867699018369,0.6744907522468031,0.9999999999999982
37.18867699018369,0.6730525584311208,0.9999999999999982
37.19867699018369,0.6806933588871381,0.9999999999999982
37.20867699018369,0.6789000050630316,0.9999999999999982
37.21867699018369,0.6802895663137103,0.9999999999999982
37.228676990183686,0.6776184758171971,0.9999999999999982
37.23867699018369,0.6814789094421095,0.9999999999999982
37.24867699018369,0.6831475910123108,0.9999999999999982
37.25867699018369,0.6826471085162191,0.9999999999999982
37.26867699018369,0.6803850227437661,0.9999999999999982
37.27867699018369,0.6770736597282823,0.9999999999999982
37.28867699018369,0.6784904989855773,0.9999999999999982
37.29867699018369,0.6877052309202754,0.9999999999999982
37.30867699018369,0.6989020862603482,0.9999999999999982
37.31867699018369,0.7051085731373211,0.9999999999999982
37.32867699018369,0.705296430621122,0.9999999999999982
37.338676990183686,0.6822728904456212,0.9999999999999982
37.34867699018369,0.6564410155421861,0.9999999999999982
37.35867699018369,0.6654948320016413,0.9999999999999982
37.36867699018369,0.6965711180833977,0.9999999999999982
37.37867699018369,0.6994488223392049,0.9999999999999982
37.38867699018369,0.6912461114751712,0.9999999999999982
37.39867699018369,0.684216700465386,0.9999999999999982
37.408676990183686,0.6704087380055866,0.9999999999999982
37.41867699018369,0.6641185636803518,0.9999999999999982
37.42867699018369,0.6713992916186022,0.9999999999999982
37.43867699018369,0.6932439604465424,0.9999999999999982
37.44867699018369,0.6971048351503676,0.9999999999999982
37.45867699018369,0.6883885094045303,0.9999999999999982
37.46867699018369,0.6923544246583255,0.9999999999999982
37.478676990183686,0.6861271252145613,0.9999999999999982
37.48867699018369,0.6855740157110201,0.9999999999999982
37.49867699018369,0.7021464101319339,0.9999999999999982
37.50867699018369,0.7195299272042923,0.9999999999999982
37.51867699018369,0.7188657889153243,0.9999999999999982
37.52867699018369,0.7094752671628903,0.9999999999999982
37.53867699018369,0.6949337977016163,0.9999999999999982
37.54867699018369,0.6686563432274513,0.9999999999999982
37.55867699018369,0.6687504360479731,0.9999999999999982
37.56867699018369,0.7101308107960492,0.9999999999999982
37.57867699018369,0.7412430899107662,0.9999999999999982
37.588676990183686,0.7289770370023636,0.9999999999999982
37.59867699018369,0.7053272713565814,0.9999999999999982
37.60867699018369,0.7119608742693775,0.9999999999999982
37.61867699018369,0.7120958809146636,0.9999999999999982
37.62867699018369,0.7132492672129256,0.9999999999999982
37.63867699018369,0.7189174947219914,0.9999999999999982
37.64867699018369,0.7211891766335143,0.9999999999999982
37.658676990183686,0.7016781156698266,0.9999999999999982
37.66867699018369,0.6952680409438028,0.9999999999999982
37.67867699018369,0.692255234843413,0.9999999999999982
37.68867699018369,0.6880264337137764,0.9999999999999982
37.69867699018369,0.6906667546502233,0.9999999999999982
37.70867699018369,0.7018371335794802,0.9999999999999982
37.71867699018369,0.7030142947687151,0.9999999999999982
37.728676990183686,0.6922083667875794,0.9999999999999982
37.73867699018369,0.6860805216553566,0.9999999999999982
37.74867699018369,0.6796318376982828,0.9999999999999982
37.75867699018369,0.675067233373622,0.9999999999999982
37.768676990183685,0.6732016893936374,0.9999999999999982
37.77867699018369,0.6852826627661993,0.9999999999999982
37.78867699018369,0.6863170874824763,0.9999999999999982
37.79867699018369,0.6753529611000558,0.9999999999999982
37.80867699018369,0.6787085695801902,0.9999999999999982
37.81867699018369,0.6869165749230288,0.9999999999999982
37.82867699018369,0.6862844134155558,0.9999999999999982
37.838676990183686,0.6875935522893899,0.9999999999999982
37.84867699018369,0.6883709972215054,0.9999999999999982
37.85867699018369,0.6799488048686211,0.9999999999999982
37.86867699018369,0.6703856575404158,0.9999999999999982
37.87867699018369,0.6750356007405922,0.9999999999999982
37.88867699018369,0.6921651520672593,0.9999999999999982
37.89867699018369,0.6968426131308411,0.9999999999999982
37.908676990183686,0.701529635791015,0.9999999999999982
37.91867699018369,0.7150206275205325,0.9999999999999982
37.92867699018369,0.7091001071806232,0.9999999999999982
37.93867699018369,0.6989587271057104,0.9999999999999982
37.94867699018369,0.6953330204118908,0.9999999999999982
37.95867699018369,0.6974376285516866,0.9999999999999982
37.96867699018369,0.6918563828676485,0.9999999999999982
37.978676990183686,0.6856423627222666,0.9999999999999982
37.98867699018369,0.6689550975944787,0.9999999999999982
37.99867699018369,0.6479159260310389,0.9999999999999982
38.00867699018369,0.6340455078514892,0.9999999999999982
38.018676990183685,0.6302578679745867,0.9999999999999982
38.02867699018369,0.6314527155525118,0.9999999999999982
38.03867699018369,0.6417212468986735,0.9999999999999982
38.04867699018369,0.6236591659491971,0.9999999999999982
38.05867699018369,0.6029479583795081,0.9999999999999982
38.06867699018369,0.5861126136021978,0.9999999999999982
38.07867699018369,0.5964212549732517,0.9999999999999982
38.088676990183686,0.6619085565498973,0.9999999999999982
38.09867699018369,0.7088391452049528,0.9999999999999982
38.10867699018369,0.682243038207133,0.9999999999999982
38.11867699018369,0.6556251648773613,0.9999999999999982
38.12867699018369,0.6230013693978704,0.9999999999999982
38.13867699018369,0.6275417194285272,0.9999999999999982
38.14867699018369,0.6397612565583086,0.9999999999999982
38.158676990183686,0.6525399635646423,0.9999999999999982
38.16867699018369,0.6815612264293194,0.9999999999999982
38.17867699018369,0.6651195757797148,0.9999999999999982
38.18867699018369,0.6095006719809337,0.9999999999999982
38.19867699018369,0.5874668194618216,0.9999999999999982
38.20867699018369,0.581494657683676,0.9999999999999982
38.21867699018369,0.5964486995648984,0.9999999999999982
38.228676990183686,0.6351031561355829,0.9999999999999982
38.23867699018369,0.6489168226738978,0.9999999999999982
38.24867699018369,0.6068185939050179,0.9999999999999982
38.25867699018369,0.58524997939503,0.9999999999999982
38.268676990183685,0.5835163916896686,0.9999999999999982
38.27867699018369,0.5820773428246443,0.9999999999999982
38.28867699018369,0.5816129037582617,0.9999999999999982
38.29867699018369,0.5822835200759043,0.9999999999999982
38.30867699018369,0.5969374331510982,0.9999999999999982
38.31867699018369,0.5985659354025221,0.9999999999999982
38.32867699018369,0.5855538944281633,0.9999999999999982
38.338676990183686,0.5907316135457028,0.9999999999999982
38.34867699018369,0.6043041131988799,0.9999999999999982
38.35867699018369,0.618486641398005,0.9999999999999982
38.36867699018369,0.6296053579536304,0.9999999999999982
38.37867699018369,0.6330799968397348,0.9999999999999982
38.38867699018369,0.6313078575092481,0.9999999999999982
38.39867699018369,0.6338835997290417,0.9999999999999982
38.408676990183686,0.6350897401461635,0.9999999999999982
38.41867699018369,0.6459417734245291,0.9999999999999982
38.42867699018369,0.6469256687984822,0.9999999999999982
38.43867699018369,0.6362959155514379,0.9999999999999982
38.448676990183685,0.6317718190427549,0.9999999999999982
38.45867699018369,0.6035036630494686,0.9999999999999982
38.46867699018369,0.6008457862514781,0.9999999999999982
38.478676990183686,0.6017710704158729,0.9999999999999982
38.48867699018369,0.6121484484883521,0.9999999999999982
38.49867699018369,0.6085107803572748,0.9999999999999982
38.50867699018369,0.6047982993627663,0.9999999999999982
38.518676990183685,0.6112924232291606,0.9999999999999982
38.52867699018369,0.6198610640403013,0.9999999999999982
38.53867699018369,0.6237724658705079,0.9999999999999982
38.54867699018369,0.6210689913046622,0.9999999999999982
38.55867699018369,0.6146226694794105,0.9999999999999982
38.56867699018369,0.5887958615286661,0.9999999999999982
38.57867699018369,0.589185933978458,0.9999999999999982
38.588676990183686,0.5818921159351809,0.9999999999999982
38.59867699018369,0.6054856416394405,0.9999999999999982
38.60867699018369,0.6038768965124107,0.9999999999999982
38.61867699018369,0.5879117265928264,0.9999999999999982
38.62867699018369,0.5856627936397834,0.9999999999999982
38.63867699018369,0.5865815235245521,0.9999999999999982
38.64867699018369,0.5823952348959364,0.9999999999999982
38.658676990183686,0.5936614223615565,0.9999999999999982
38.66867699018369,0.6117577578637152,0.9994047619047611
38.67867699018369,0.6102395756836452,0.9994047619047601
38.68867699018369,0.5866861840785694,0.9994047619047601
38.698676990183685,0.5704629536964414,0.9994047619047601
38.70867699018369,0.565679674691973,0.9994047619047601
38.71867699018369,0.564741453758641,0.9994047619047601
38.728676990183686,0.5701478951129131,0.9994047619047601
38.73867699018369,0.5988742807677493,0.9974603174603168
38.74867699018369,0.5947174227609261,0.9973214285714268
38.75867699018369,0.5898586178677176,0.9973214285714268
38.768676990183685,0.5924131688641563,0.9973214285714268
38.77867699018369,0.5765778792488828,0.9973214285714268
38.78867699018369,0.5789552690200865,0.9973214285714268
38.79867699018369,0.5908422999973463,0.9973214285714268
38.80867699018369,0.6153687485328989,0.9959325396825379
38.81867699018369,0.600550686064338,0.9959325396825379
38.82867699018369,0.5828445166765127,0.9959325396825379
38.838676990183686,0.5834005154673527,0.9959325396825379
38.84867699018369,0.5838124882874447,0.9959325396825379
38.85867699018369,0.5792895970475676,0.9959325396825379
38.86867699018369,0.6088027903366953,0.9952380952380958
38.87867699018369,0.6373710593001668,0.9939484126984109
38.88867699018369,0.6319191226029099,0.9939484126984109
38.89867699018369,0.6024968747111118,0.9939484126984109
38.908676990183686,0.5934659347301009,0.9939484126984109
38.91867699018369,0.5787692304851706,0.9939484126984109
38.92867699018369,0.5739224653311444,0.9939484126984109
38.93867699018369,0.5934146096646405,0.9928373015873041
38.948676990183685,0.6168304680416241,0.9911706349206332
38.95867699018369,0.5898373135099881,0.9911706349206332
38.96867699018369,0.576113287088541,0.9911706349206332
38.978676990183686,0.5773709799816416,0.9911706349206332
38.98867699018369,0.582073371362406,0.9911706349206332
38.99867699018369,0.5841796772572293,0.9904761904761887
39.00867699018369,0.6262929525922717,0.9866269841269873
39.018676990183685,0.6228273097970026,0.9852182539682524
39.02867699018369,0.5867203555054216,0.9852182539682524
39.03867699018369,0.5505139451611238,0.9846626984126989
39.04867699018369,0.5486263084390999,0.9845238095238079
39.05867699018369,0.5464303864834439,0.9845238095238079
39.06867699018369,0.544889095335109,0.9839285714285698
39.07867699018369,0.5704640234150681,0.9765674603174654
39.088676990183686,0.5738369452032412,0.9742063492063477
39.09867699018369,0.5456531920080713,0.9742063492063477
39.10867699018369,0.5334106970725727,0.9729563492063534
39.11867699018369,0.5345939188572478,0.9721230158730144
39.128676990183685,0.526043412109877,0.971845238095239
39.13867699018369,0.5261455671423171,0.9701785714285712
39.14867699018369,0.5249323525798012,0.961428571428573
39.158676990183686,0.5210967985955977,0.9603174603174589
39.16867699018369,0.520122817283713,0.9603174603174589
39.17867699018369,0.5191777354944297,0.9582341269841256
39.18867699018369,0.5179630568207751,0.9582341269841256
39.198676990183685,0.5164349090846012,0.9557341269841327
39.20867699018369,0.5144051304500384,0.951289682539687
39.21867699018369,0.5146791505360448,0.9422619047619152
39.228676990183686,0.5144105798248183,0.9410714285714271
39.23867699018369,0.5157020489398703,0.9410714285714271
39.24867699018369,0.5159438962911315,0.939880952380951
39.25867699018369,0.5210955136339993,0.939880952380951
39.268676990183685,0.5308916727370946,0.9377976190476225
39.27867699018369,0.5097886038649857,0.9328571428571515
39.28867699018369,0.5002106720470045,0.9234126984127077
39.29867699018369,0.4951800483868265,0.9206349206349193
39.30867699018369,0.48998606450491045,0.9206349206349193
39.31867699018369,0.48649116819036886,0.9171626984126994
39.32867699018369,0.48227815180048245,0.9166071428571447
39.338676990183686,0.4772713338911264,0.9100793650793721
39.34867699018369,0.4781465322082896,0.9031349206349276
39.35867699018369,0.4790299071689286,0.8935515873015952
39.36867699018369,0.47790960934514803,0.8900793650793684
39.378676990183685,0.4774197248323888,0.8898412698412703
39.38867699018369,0.4766716561653402,0.8860119047619032
39.39867699018369,0.4762680420598191,0.884206349206352
39.408676990183686,0.4768726177887313,0.8775396825396857
39.41867699018369,0.4779432874016418,0.8700396825396882
39.42867699018369,0.47651632673869326,0.8605158730158786
39.43867699018369,0.4751348756996984,0.8560912698412705
39.448676990183685,0.477209819139853,0.8553968253968334
39.45867699018369,0.5337594343225811,0.8507341269841265
39.46867699018369,0.6209500139935861,0.8463293650793731
39.478676990183686,0.6105368696510998,0.838551587301593
39.48867699018369,0.5860265828356572,0.829801587301593
39.49867699018369,0.5982457283985076,0.8198015873015945
39.50867699018369,0.6186697492478505,0.8136904761904749
39.518676990183685,0.6404873246626195,0.8123015873015907
39.52867699018369,0.6404457721946852,0.8049404761904815
39.53867699018369,0.640142759395987,0.7971626984127099
39.54867699018369,0.6328139735593115,0.7871626984127114
39.558676990183685,0.6325740451751322,0.7771626984127114
39.56867699018369,0.6322163574647198,0.7671626984127042
39.57867699018369,0.6319582541059684,0.762301587301586
39.588676990183686,0.6385116579545004,0.7594444444444541
39.59867699018369,0.6367016086943504,0.7533134920634965
39.60867699018369,0.6364111776539876,0.7444246031746133
39.61867699018369,0.6368088068255977,0.7344246031746162
39.628676990183685,0.6340799482159515,0.7244246031746161
39.63867699018369,0.6294607947740317,0.7144246031746091
39.64867699018369,0.620489461227532,0.7106150793650782
39.658676990183686,0.6244649926765028,0.706031746031759
39.66867699018369,0.6261665883523463,0.7010912698412707
39.67867699018369,0.6252710818260441,0.6910912698412786
39.68867699018369,0.6246693911889506,0.6810912698412814
39.698676990183685,0.6232465854839314,0.6710912698412829
39.70867699018369,0.621270099607993,0.6610912698412758
39.71867699018369,0.6127547559393465,0.6587301587301576
39.728676990183686,0.6116295431911375,0.6525793650793758
39.73867699018369,0.6096426276045592,0.6460515873015896
39.74867699018369,0.6005865417541735,0.6364682539682613
39.75867699018369,0.5996188478409743,0.6264682539682642
39.768676990183685,0.5998907102733452,0.616468253968267
39.77867699018369,0.5976769777845997,0.6073015873015911
39.78867699018369,0.5956509858218837,0.6060515873015861
39.79867699018369,0.5963937364559535,0.5982738095238226
39.808676990183685,0.5959910041928309,0.5896626984127116
39.81867699018369,0.5966255042494953,0.5796626984127045
39.82867699018369,0.5969898508817661,0.5696626984127073
39.838676990183686,0.5964123697730204,0.5596626984127101
39.84867699018369,0.5957826960979637,0.5504960317460307
39.85867699018369,0.6000706111974905,0.5496626984127011
39.86867699018369,0.6024116126571536,0.5414682539682647
39.878676990183685,0.6019839115606387,0.5327579365079494
39.88867699018369,0.602235403198097,0.5227579365079424
39.89867699018369,0.6027412250652054,0.5127579365079439
39.908676990183686,0.6024812926872516,0.5027579365079495
39.91867699018369,0.594592867871122,0.4955357142857155
39.92867699018369,0.5978782513980637,0.4941468253968325
39.93867699018369,0.6015824721105716,0.4862698412698486
39.948676990183685,0.5995583618754544,0.4779365079365209
39.95867699018369,0.59290532247085,0.4679365079365138
39.96867699018369,0.5920351364967367,0.4579365079365209
39.978676990183686,0.5901741357450102,0.44793650793652096
39.98867699018369,0.5820043939585842,0.4424603174603163
39.99867699018369,0.5839232179174447,0.4402380952381026
40.00867699018369,0.5899870980908003,0.4354761904761958
40.018676990183685,0.5915061142814065,0.4268849206349337
40.02867699018369,0.5911258926320678,0.4168849206349266
40.03867699018369,0.5912603917207158,0.40744047619048573
40.04867699018369,0.5896570393605527,0.39757936507937813
40.058676990183685,0.581142893731704,0.3935515873015862
40.06867699018369,0.5800659719072985,0.390674603174608
40.07867699018369,0.5779613795860072,0.3901190476190498
40.088676990183686,0.577743762196375,0.38248015873017044
40.09867699018369,0.5789386546519206,0.37248015873016616
40.10867699018369,0.5836703408232826,0.3637301587301633
40.11867699018369,0.5813921513467709,0.3545634920635052
40.128676990183685,0.5801240609450103,0.3527579365079331
40.13867699018369,0.5799061866546994,0.351507936507939
40.14867699018369,0.5807349075846784,0.35232142857143317
40.158676990183686,0.5822694916115199,0.3438492063492148
40.16867699018369,0.583054770627901,0.33412698412699016
40.17867699018369,0.5833739623335573,0.32621031746032636
40.18867699018369,0.5835374824288502,0.3162103174603292
40.198676990183685,0.5842482373183404,0.3175992063492029
40.20867699018369,0.5848145789879622,0.31690476190475847
40.21867699018369,0.585177295963266,0.3167658730158731
40.228676990183686,0.5862428431097705,0.30795634920636233
40.238676990183684,0.5704605807757087,0.2979563492063624
40.24867699018369,0.5329083485831622,0.2891468253968329
40.25867699018369,0.5629492530348027,0.2808134920634948
40.268676990183685,0.5845681924696958,0.2823412698412641
40.27867699018369,0.5828026229823632,0.2803571428571418
40.28867699018369,0.5791497647169915,0.2798015873015884
40.29867699018369,0.5518267315747555,0.2725793650793782
40.308676990183685,0.552913004313267,0.26257936507937824
40.31867699018369,0.5431457795062832,0.25605158730159094
40.32867699018369,0.5814378467315883,0.24946428571428134
40.338676990183686,0.5877838028888084,0.2543253968253936
40.34867699018369,0.5867064293754061,0.25446428571428464
40.35867699018369,0.5874480552343979,0.2540476190476199
40.36867699018369,0.5889143081242556,0.2475198412698497
40.378676990183685,0.5903493891565122,0.23775793650794766
40.38867699018369,0.5918857536596225,0.23158730158730767
40.39867699018369,0.5935311479304822,0.2276984126984074
40.408676990183686,0.5949149095384451,0.23168650793651258
40.41867699018369,0.5950795969268207,0.23363095238095014
40.42867699018369,0.5961518128338076,0.23412698412698427
40.43867699018369,0.597719371472271,0.22896825396826356
40.448676990183685,0.5978451328332742,0.21966269841270208
40.45867699018369,0.5970435947601662,0.21432539682540186
40.46867699018369,0.5972077219237567,0.21498015873015291
40.478676990183686,0.5973738036126957,0.21970238095237515
40.488676990183684,0.5967987913561493,0.22351190476190372
40.49867699018369,0.5964566395856966,0.22587301587301198
40.50867699018369,0.6006267201636173,0.2230952380952484
40.518676990183685,0.6025784800449321,0.2144841269841354
40.52867699018369,0.6015998659694313,0.21184523809523942
40.53867699018369,0.5550884862313331,0.21712301587300203
40.54867699018369,0.47840924094386644,0.22267857142856087
40.558676990183685,0.44719388077470135,0.22559523809523702
40.56867699018369,0.44184345903588895,0.2267857142857132
40.57867699018369,0.5021334725340749,0.22164682539683425
40.588676990183686,0.6053616166026268,0.21450396825396897
40.59867699018369,0.5808438707587874,0.21119047619047224
40.60867699018369,0.44347285507999035,0.2189682539682415
40.61867699018369,0.44396118955763697,0.22549603174601643
40.628676990183685,0.4452257567965586,0.22855158730158381
40.63867699018369,0.4469266075712429,0.23035714285714173
40.64867699018369,0.4551328266477504,0.22416666666667406
40.658676990183686,0.45465730544123467,0.21986111111110807
40.668676990183684,0.4546906681470101,0.21914682539682528
40.67867699018369,0.4541160692928801,0.2288690476190382
40.68867699018369,0.4539438955909636,0.23664682539681575
40.698676990183685,0.45568303076342676,0.24301587301586242
40.70867699018369,0.45781823481383926,0.24773809523809293
40.71867699018369,0.4674929553408787,0.24176587301587665
40.728676990183686,0.46784475530663466,0.2406349206349148
40.738676990183684,0.4686049715996414,0.24452380952380132
40.74867699018369,0.4770865135156969,0.2536309523809476
40.75867699018369,0.4770587293570884,0.2604761904761837
40.768676990183685,0.4778978875897497,0.26617063492062204
40.77867699018369,0.48230606504174095,0.27095238095238106
40.78867699018369,0.48536137850219346,0.2655357142857217
40.79867699018369,0.4839770186718474,0.2688095238095166
40.808676990183685,0.48334484735075006,0.2762103174603021
40.81867699018369,0.4843344599818497,0.28482142857142273
40.82867699018369,0.4850611309494188,0.29178571428570893
40.838676990183686,0.48576780045760287,0.2978571428571333
40.84867699018369,0.4875914985058271,0.3028571428571461
40.85867699018369,0.48927923137100415,0.3001785714285723
40.86867699018369,0.49124429716471546,0.3061507936507831
40.878676990183685,0.4910424517276465,0.31406746031744504
40.88867699018369,0.49063144020533517,0.3235119047618978
40.89867699018369,0.49039081249943545,0.331567460317455
40.908676990183686,0.4865169021413806,0.33990079365078124
40.918676990183684,0.4896651893133058,0.3450396825396815
40.92867699018369,0.4841520702475968,0.3447619047618971
40.93867699018369,0.48213325275846075,0.35218253968252794
40.948676990183685,0.48172985930830375,0.36134920634919104
40.95867699018369,0.4856093388869468,0.37134920634919816
40.96867699018369,0.48372407181662613,0.3792658730158684
40.978676990183686,0.4832148761953838,0.3892658730158577
40.988676990183684,0.48998786000168215,0.3942658730158739
40.99867699018369,0.48883314645333054,0.3956746031745935
41.00867699018369,0.4891819725466015,0.403869047619037
41.018676990183685,0.48852665744313317,0.4135912698412545
41.02867699018369,0.4887080481072929,0.4235912698412616
41.03867699018369,0.492286796055618,0.4312499999999897
41.04867699018369,0.49724096564890496,0.44101190476188945
41.058676990183685,0.5083999287948405,0.4450396825396814
41.06867699018369,0.5099636098430468,0.4485119047618977
41.07867699018369,0.5125660195029832,0.45573412698411586
41.088676990183686,0.5129523908952734,0.46573412698411304
41.09867699018369,0.5116822613955543,0.4755952380952298
41.10867699018369,0.5114207930327433,0.481150793650783
41.11867699018369,0.5111433004226597,0.4908730158730005
41.128676990183685,0.5124703266208865,0.4915674603174592
41.13867699018369,0.506011742135613,0.4944841269841211
41.14867699018369,0.500643411643025,0.5018253968253872
41.158676990183686,0.4997901703748619,0.5114087301587196
41.168676990183684,0.4982741159592528,0.521130952380937
41.17867699018369,0.49667669240959217,0.5285515873015763
41.18867699018369,0.49545876609994605,0.5385515873015734
41.198676990183685,0.493927888156532,0.5390674603174544
41.20867699018369,0.49377686673639193,0.5442063492063445
41.21867699018369,0.49518450634889466,0.5526785714285632
41.228676990183686,0.4954755528934592,0.5626785714285562
41.238676990183684,0.49597147292842425,0.572123015873003
41.24867699018369,0.49740962206308026,0.5799007936507841
41.25867699018369,0.49581339717197126,0.5882341269841221
41.268676990183685,0.49820908550812754,0.5887896825396816
41.27867699018369,0.4990437931322152,0.5957142857142776
41.28867699018369,0.4986367368659208,0.6057142857142719
41.29867699018369,0.49733326595341926,0.6157142857142706
41.308676990183685,0.5009673273249285,0.6252976190476062
41.31867699018369,0.5098512543694574,0.6350198412698332
41.32867699018369,0.5221916168222321,0.6421626984126975
41.338676990183686,0.5305450898831218,0.6438293650793577
41.348676990183684,0.5354161244334943,0.650634920634904
41.35867699018369,0.5406735185403013,0.6606349206349083
41.36867699018369,0.5421592957310564,0.6706349206349054
41.378676990183685,0.5410440171623839,0.6799206349206258
41.38867699018369,0.5334510799649061,0.6888492063491982
41.39867699018369,0.5316853645150873,0.6945436507936498
41.408676990183686,0.5327139085920691,0.6972222222222118
41.418676990183684,0.5379443270429863,0.702777777777765
41.42867699018369,0.5408752275484663,0.7118055555555464
41.43867699018369,0.5600475743282189,0.7213888888888752
41.448676990183685,0.5709198841742659,0.7313888888888738
41.45867699018369,0.5801918482883258,0.7413888888888809
41.46867699018369,0.59688536479575,0.745138888888888
41.478676990183686,0.596894872752973,0.748194444444441
41.488676990183684,0.5926467288604769,0.7531349206349054
41.49867699018369,0.5914956591653013,0.7607738095238028
41.50867699018369,0.5961157445697386,0.769662698412686
41.518676990183685,0.602036156801834,0.7789682539682411
41.52867699018369,0.6022047708249698,0.7889682539682459
41.53867699018369,0.61779712731684,0.7914682539682529
41.54867699018369,0.6246264417174223,0.7959126984126926
41.558676990183685,0.631229023904063,0.8029960317460165
41.56867699018369,0.6202325391739105,0.8118055555555476
41.57867699018369,0.6104384463243266,0.8218055555555447
41.588676990183686,0.6098731335741238,0.8318055555555418
41.598676990183684,0.6393897040746612,0.841249999999994
41.60867699018369,0.7078273413967932,0.8423611111111102
41.61867699018369,0.7116831830515828,0.8458333333333325
41.628676990183685,0.712364670676256,0.8527777777777652
41.63867699018369,0.7127770922008431,0.8609722222222143
41.64867699018369,0.7149103792730973,0.8709722222222129
41.658676990183686,0.7187620211841711,0.8798611111111009
41.668676990183684,0.7131918790121493,0.8861111111111033
41.67867699018369,0.7136511923413861,0.8863888888888865
41.68867699018369,0.7140639839556602,0.888611111111106
41.698676990183685,0.7013226138703255,0.892242063492058
41.70867699018369,0.709220264066634,0.8975198412698346
41.71867699018369,0.7181469426633579,0.905853174603169
41.728676990183686,0.7162144156292093,0.9131349206349129
41.738676990183684,0.7122150327092989,0.9177182539682509
41.74867699018369,0.7119229581248949,0.9183333333333278
41.75867699018369,0.7116642510517643,0.9214880952380888
41.768676990183685,0.7101681850587339,0.9257936507936477
41.77867699018368,0.7079236207752339,0.9301785714285611
41.78867699018369,0.7000906843142802,0.9368452380952287
41.79867699018369,0.6976945414714916,0.9413492063491974
41.808676990183685,0.6978287731865641,0.9439484126984118
41.81867699018369,0.697582235422696,0.9453373015872985
41.82867699018369,0.6963958144128534,0.9483730158730094
41.838676990183686,0.6953047103425477,0.9523015873015823
41.848676990183684,0.6932303932518366,0.9564682539682455
41.85867699018369,0.6893909063719479,0.9599801587301524
41.86867699018369,0.6897125789675617,0.96289682539682
41.878676990183685,0.5894664357441916,0.9649801587301581
41.88867699018369,0.521049648777354,0.9655357142857124
41.89867699018369,0.4956918830377271,0.9674801587301538
41.908676990183686,0.4866758637034372,0.9691468253968247
41.918676990183684,0.48023469191914864,0.9712301587301533
41.92867699018369,0.5141837328504505,0.9726190476190469
41.93867699018369,0.5562271494390002,0.9737698412698385
41.948676990183685,0.630861862753771,0.9746031746031739
41.95867699018369,0.6258873083269594,0.9746031746031739
41.96867699018369,0.6199898593688303,0.9766865079365037
41.978676990183686,0.6116510490546556,0.9766865079365072
41.988676990183684,0.6011807480105151,0.9771626984126957
41.99867699018369,0.5968765777050388,0.9786706349206341
42.00867699018369,0.5938967223800696,0.9790873015872988
42.018676990183685,0.5930983736488361,0.9793650793650784
42.02867699018368,0.5919981812339645,0.9793650793650784
42.03867699018369,0.5910237123037152,0.9817063492063447
42.04867699018369,0.5913421807983873,0.9819444444444436
42.058676990183685,0.5916686339969273,0.9819444444444436
42.06867699018369,0.5842985379603594,0.9819444444444436
42.07867699018369,0.5848710853236995,0.9823611111111119
42.088676990183686,0.5847699384952246,0.9819444444444436
42.098676990183684,0.5836442018568423,0.9820833333333299
42.10867699018369,0.5810211640812438,0.986527777777775
42.11867699018369,0.5790733171640708,0.9868055555555546
42.128676990183685,0.5780732046583842,0.9881944444444436
42.13867699018369,0.5775462238085014,0.9881944444444436
42.14867699018369,0.5691064769116811,0.9887896825396817
42.158676990183686,0.5692500083604407,0.9887896825396817
42.168676990183684,0.5704174087694256,0.9887896825396817
42.17867699018369,0.5719035986576604,0.9913690476190468
42.18867699018369,0.5732955956140781,0.9913690476190468
42.198676990183685,0.5740477040000421,0.9919642857142849
42.20867699018369,0.568957664801039,0.9919642857142849
42.21867699018369,0.5670552409029598,0.9926587301587292
42.228676990183686,0.5683208756900119,0.9926587301587292
42.238676990183684,0.5690406759222509,0.9932142857142824
42.24867699018369,0.5698670379126575,0.995436507936507
42.25867699018369,0.5784696103008161,0.995436507936507
42.268676990183685,0.5786777052956853,0.995436507936507
42.27867699018368,0.5707366518626847,0.995436507936507
42.28867699018369,0.569018076736823,0.995436507936507
42.29867699018369,0.5648937497421459,0.995436507936507
42.308676990183685,0.5607471507497251,0.9958531746031712
42.31867699018369,0.55816205939708,0.9961309523809514
42.32867699018369,0.5580968395104327,0.9961309523809514
42.338676990183686,0.5580341902884516,0.9961309523809514
42.348676990183684,0.5578649321196945,0.9961309523809514
42.35867699018369,0.5574257067918976,0.9961309523809514
42.36867699018369,0.5569675816454132,0.9961309523809514
42.378676990183685,0.5565153937278944,0.996845238095231
42.38867699018369,0.5625658444866856,0.9979166666666656
42.39867699018369,0.5636360176414178,0.9979166666666656
42.408676990183686,0.5640097497945993,0.9979166666666656
42.418676990183684,0.5667715519863019,0.9979166666666656
42.42867699018369,0.5694568392311544,0.9979166666666656
42.43867699018369,0.5718333715908746,0.9979166666666656
42.448676990183685,0.573120503854357,0.9979166666666656
42.45867699018368,0.5792847660035838,0.9979166666666656
42.46867699018369,0.5836281059327101,0.9979166666666656
42.478676990183686,0.5798400090480459,0.9979166666666656
42.488676990183684,0.5744579210774949,0.9979166666666656
42.49867699018369,0.5754578728787199,0.9979166666666656
42.50867699018369,0.5816601840844012,0.9979166666666656
42.518676990183685,0.581556493914224,0.9986111111111077
42.52867699018368,0.5814633509573354,0.99861111111111
42.53867699018369,0.5818230887244993,0.99861111111111
42.54867699018369,0.5823189777914373,0.99861111111111
42.558676990183685,0.5828163416245851,0.99861111111111
42.56867699018369,0.5830024214940447,0.99861111111111
42.57867699018369,0.5831135621906315,0.99861111111111
42.588676990183686,0.5897735293259477,0.99861111111111
42.598676990183684,0.591384250291633,0.99861111111111
42.60867699018369,0.5912433562611832,0.99861111111111
42.61867699018369,0.5911870129961501,0.99861111111111
42.628676990183685,0.5920649408633709,0.99861111111111
42.63867699018369,0.5945398251114483,0.99861111111111
42.64867699018369,0.596935130694148,0.99861111111111
42.658676990183686,0.5989212717503992,0.99861111111111
42.668676990183684,0.6078233504146674,0.99861111111111
42.67867699018369,0.6087070535467088,0.99861111111111
42.68867699018369,0.6030668623163137,0.99861111111111
42.698676990183685,0.6018675983500035,0.99861111111111
42.70867699018368,0.6020986346164967,0.99861111111111
42.71867699018369,0.6019956563903256,0.99861111111111
42.728676990183686,0.6034994858211354,0.99861111111111
42.738676990183684,0.6065999895181892,0.99861111111111
42.74867699018369,0.6049640123400283,0.99861111111111
42.75867699018369,0.6039217883496555,0.99861111111111
42.768676990183685,0.6029232265253267,0.99861111111111
42.77867699018368,0.601995231460894,0.99861111111111
42.78867699018369,0.6078227532900763,0.99861111111111
42.79867699018369,0.6088820169871797,0.99861111111111
42.808676990183685,0.6082564986659121,0.99861111111111
42.81867699018369,0.6082529961950726,0.99861111111111
42.82867699018369,0.6084848800703259,0.99861111111111
42.838676990183686,0.6086420819424071,0.99861111111111
42.848676990183684,0.6091648279873345,0.99861111111111
42.85867699018369,0.6148176441996138,0.99861111111111
42.86867699018369,0.6189146169360593,0.99861111111111
42.878676990183685,0.6198557575195934,0.99861111111111
42.88867699018368,0.6227963773162436,0.99861111111111
42.89867699018369,0.6360817408451771,0.99861111111111
42.908676990183686,0.6404558597250326,0.99861111111111
42.918676990183684,0.6447608763579725,0.99861111111111
42.92867699018369,0.6499768882858484,0.9988888888888862
42.93867699018369,0.658884534396729,0.9993055555555544
42.948676990183685,0.6572017909009717,0.9993055555555544
42.95867699018368,0.6546626072752294,0.9993055555555544
42.96867699018369,0.6475116115366888,0.9993055555555544
42.978676990183686,0.6638293366493022,0.9993055555555544
42.988676990183684,0.679472490942339,0.9993055555555544
42.99867699018369,0.6801786369342825,0.9993055555555544
43.00867699018369,0.6742612148975695,0.9993055555555544
43.018676990183685,0.6779153886496736,0.9993055555555544
43.02867699018368,0.6774962287615545,0.9993055555555544
43.03867699018369,0.6452741805610216,0.9993055555555544
43.04867699018369,0.6205578306827523,0.9993055555555544
43.058676990183685,0.6099450964848805,0.9993055555555544
43.06867699018369,0.6324952692522225,0.9993055555555544
43.07867699018369,0.6134441001239866,0.9995833333333305
43.088676990183686,0.5413669245268434,0.9999999999999988
43.098676990183684,0.5414593209660661,0.9999999999999988
43.10867699018369,0.5461628271104891,0.9999999999999988
43.11867699018369,0.5488726913936817,0.9999999999999988
43.128676990183685,0.5494186012927594,0.9999999999999988
43.13867699018368,0.5523040915291415,0.9999999999999988
43.14867699018369,0.5626455315575782,0.9999999999999988
43.158676990183686,0.5610410027285302,0.9999999999999988
43.168676990183684,0.5595238824519072,0.9999999999999988
43.17867699018369,0.5581530908475,0.9999999999999988
43.18867699018369,0.5551434165283753,0.9999999999999988
43.198676990183685,0.5579336935373173,0.9999999999999988
43.20867699018368,0.5760430437289539,0.9999999999999988
43.21867699018369,0.5865387974928152,0.9999999999999988
43.228676990183686,0.5855099527551015,0.9999999999999988
43.238676990183684,0.5843339824168433,0.9999999999999988
43.24867699018369,0.5842632493657157,0.9999999999999988
43.25867699018369,0.5840020271919623,0.9999999999999988
43.268676990183685,0.584484321131371,0.9999999999999988
43.27867699018368,0.5935560690995375,0.9999999999999988
43.28867699018369,0.5944606846193824,0.9999999999999988
43.29867699018369,0.5967880812323249,0.9999999999999988
43.308676990183685,0.5982544768625342,0.9999999999999988
43.31867699018369,0.5980535871723277,0.9999999999999988
43.32867699018369,0.5970711052730018,0.9999999999999988
43.338676990183686,0.5966188641086901,0.9999999999999988
43.348676990183684,0.5964873585580165,0.9999999999999988
43.35867699018369,0.59606918884997,0.9999999999999988
43.36867699018369,0.5953998701345932,0.9999999999999988
43.378676990183685,0.59422852464421,0.9999999999999988
43.38867699018368,0.5930508779797095,0.9999999999999988
43.39867699018369,0.5922418841219459,0.9999999999999988
43.408676990183686,0.5919622958643218,0.9999999999999988
43.418676990183684,0.5912358267134389,0.9999999999999988
43.42867699018369,0.5899282098246069,0.9999999999999988
43.43867699018369,0.5830661164629494,0.9999999999999988
43.448676990183685,0.5820406817098204,0.9999999999999988
43.45867699018368,0.5809157530429928,0.9999999999999988
43.46867699018369,0.5790394633972432,0.9999999999999988
43.478676990183686,0.5818055877585655,0.9999999999999988
43.488676990183684,0.5854880183672941,0.9999999999999988
43.49867699018369,0.5833864138271295,0.9999999999999988
43.50867699018369,0.5814407735969604,0.9999999999999988
43.518676990183685,0.5792412975838631,0.9999999999999988
43.52867699018368,0.5798298092121926,0.9999999999999988
43.53867699018369,0.5804510326629623,0.9999999999999988
43.54867699018369,0.5813164246678206,0.9999999999999988
43.558676990183685,0.5822140742681043,0.9999999999999988
43.56867699018368,0.5829030729775984,0.9999999999999988
43.57867699018369,0.5753582412493183,0.9999999999999988
43.588676990183686,0.5759875002902692,0.9999999999999988
43.598676990183684,0.5750081314462571,0.9999999999999988
43.60867699018369,0.5754544526091716,0.9999999999999988
43.61867699018369,0.5760184262171444,0.9999999999999988
43.628676990183685,0.5765269894221856,0.9999999999999988
43.63867699018368,0.5772065861029563,0.9999999999999988
43.64867699018369,0.5768216320782391,0.9999999999999988
43.658676990183686,0.5854151742386985,0.9999999999999988
43.668676990183684,0.5873807214434701,0.9999999999999988
43.67867699018369,0.5819030572244412,0.9999999999999988
43.68867699018369,0.5874002376872866,0.9999999999999988
43.698676990183685,0.5907851432340049,0.9999999999999988
43.70867699018368,0.5926218286657262,0.9999999999999988
43.71867699018369,0.5933699696030631,0.9999999999999988
43.728676990183686,0.593291918555971,0.9999999999999988
43.738676990183684,0.592369170268451,0.9999999999999988
43.74867699018369,0.5912367108803486,0.9999999999999988
43.75867699018369,0.5900690936763358,0.9999999999999988
43.768676990183685,0.589002975646137,0.9999999999999988
43.77867699018368,0.5845626452225678,0.9999999999999988
43.78867699018369,0.5786573283191757,0.9999999999999988
43.79867699018369,0.5776351508233011,0.9993055555555544
43.808676990183685,0.5776136428524355,0.9993055555555544
43.81867699018368,0.5787880300333932,0.9993055555555544
43.82867699018369,0.578419303337625,0.9993055555555544
43.838676990183686,0.5807554100964363,0.9993055555555544
43.848676990183684,0.5845185294522365,0.9993055555555544
43.85867699018369,0.5860193784782316,0.9982341269841307
43.86867699018369,0.5842528982115041,0.9968253968253957
43.878676990183685,0.5822198669910162,0.9968253968253957
43.88867699018368,0.5817431637798073,0.9968253968253957
43.89867699018369,0.5810722329832101,0.9961309523809514
43.908676990183686,0.580616615244703,0.9961309523809514
43.918676990183684,0.5804980646686337,0.9961309523809514
43.92867699018369,0.5810802316062962,0.9948809523809548
43.93867699018369,0.5815017477127356,0.9933531746031736
43.948676990183685,0.581451487887116,0.9933531746031736
43.95867699018368,0.5786555985119869,0.9929365079365093
43.96867699018369,0.5754803595356389,0.9926587301587292
43.978676990183686,0.5722587501988912,0.9926587301587292
43.988676990183684,0.5698782603575211,0.9926587301587292
43.99867699018368,0.5679387859667162,0.990535714285716
44.00867699018369,0.5664117730057285,0.9899801587301578
44.018676990183685,0.5676178363536345,0.9899801587301578
44.02867699018368,0.5689663661210669,0.9897023809523824
44.03867699018369,0.5683957614419203,0.9892857142857134
44.04867699018369,0.5708262047592672,0.9892857142857134
44.058676990183685,0.5661221235566533,0.9892857142857134
44.06867699018368,0.568747772025209,0.9858134920634982
44.07867699018369,0.5614492073238777,0.985218253968253
44.088676990183686,0.5589867744311022,0.985218253968253
44.098676990183684,0.5589483257135148,0.984623015873015
44.10867699018369,0.5579380847991066,0.984623015873015
44.11867699018369,0.5564156227808157,0.984623015873015
44.128676990183685,0.5471073753509837,0.9835119047619134
44.13867699018368,0.546342794940477,0.9761507936508023
44.14867699018369,0.5366952080032278,0.9749007936507929
44.158676990183686,0.5379392511502628,0.9749007936507929
44.168676990183684,0.5381840545491563,0.9728174603174643
44.17867699018369,0.5333504641220239,0.9728174603174595
44.18867699018369,0.5272653621081325,0.9717063492063526
44.198676990183685,0.5253499717906818,0.9685119047619181
44.20867699018368,0.5227450103060872,0.9608730158730197
44.21867699018369,0.5171894517904145,0.9589285714285705
44.228676990183686,0.5154557582331274,0.9589285714285705
44.238676990183684,0.5145101765175671,0.9555952380952396
44.24867699018368,0.514920075751314,0.9553174603174621
44.25867699018369,0.5176640710095058,0.9537500000000011
44.268676990183685,0.5118465980838981,0.9479166666666801
44.27867699018368,0.5132291688313476,0.9388690476190529
44.28867699018369,0.511154742844469,0.935853174603175
44.29867699018369,0.5015993200695779,0.9355753968253975
44.308676990183685,0.5018620827124729,0.9297817460317515
44.31867699018368,0.4937480726907733,0.9262896825396866
44.32867699018369,0.526509851629029,0.9228174603174595
44.338676990183686,0.5067134821941285,0.9165079365079485
44.348676990183684,0.48919492671472176,0.9065079365079498
44.35867699018369,0.48647814600596034,0.8979365079365101
44.36867699018369,0.4772747226677331,0.8972222222222215
44.378676990183685,0.4744695057162863,0.88791666666668
44.38867699018368,0.4690115478693584,0.879305555555569
44.39867699018369,0.47077254577736966,0.8712500000000021
44.408676990183686,0.4737134790371771,0.8634722222222327
44.418676990183684,0.46928968322346926,0.8534722222222356
44.42867699018369,0.4582213860640772,0.8458333333333325
44.43867699018369,0.46085744096647974,0.8444047619047667
44.448676990183685,0.49557011963690445,0.8348809523809658
44.45867699018368,0.5425694512375949,0.8248809523809658
44.46867699018369,0.462196539613043,0.8160714285714329
44.478676990183686,0.4566784919837335,0.8060714285714378
44.488676990183684,0.45493429892761805,0.7960714285714405
44.49867699018368,0.4526468505650117,0.7903769841269833
44.50867699018369,0.4528074343972823,0.7878769841269947
44.518676990183685,0.4865930075207496,0.7778769841269976
44.52867699018368,0.4962181432714885,0.7678769841269976
44.53867699018369,0.5624623414467328,0.7584325396825448
44.54867699018369,0.6059972023740484,0.7485714285714363
44.558676990183685,0.6025303743445232,0.738571428571442
44.56867699018368,0.5909460043591483,0.7341269841269834
44.57867699018369,0.5900405481743082,0.7296825396825489
44.588676990183686,0.5648962648220074,0.7196825396825517
44.598676990183684,0.5810195297766767,0.7096825396825531
44.60867699018369,0.5888484202719186,0.701071428571435
44.61867699018369,0.5887276596908122,0.6910714285714421
44.628676990183685,0.5890827599610016,0.6810714285714421
44.63867699018368,0.5900032323039361,0.6771825396825389
44.64867699018369,0.5906880638287464,0.6707936507936586
44.658676990183686,0.5915151536899548,0.6607936507936614
44.668676990183684,0.5925813589030765,0.6507936507936642
44.67867699018368,0.5927463929953006,0.6407936507936671
44.68867699018369,0.5914038301072002,0.6307936507936628
44.698676990183685,0.5883282964563765,0.6212103174603238
44.70867699018368,0.5827729278030044,0.61954365079365
44.71867699018369,0.5833204526514317,0.6112103174603238
44.728676990183686,0.5835503785165562,0.6012103174603266
44.738676990183684,0.5845452206310064,0.5912103174603295
44.74867699018368,0.5850874981938265,0.5812103174603324
44.75867699018369,0.5834652424848795,0.571210317460328
44.768676990183685,0.5741196969792347,0.561904761904773
44.77867699018368,0.5772595793126106,0.5613492063492103
44.78867699018369,0.581371492410774,0.5530158730158793
44.79867699018369,0.5630752094235236,0.543710317460325
44.808676990183685,0.5753607622326595,0.5337103174603308
44.81867699018368,0.5834859604596875,0.5237103174603308
44.82867699018369,0.5785987888207365,0.5137103174603265
44.838676990183686,0.567245004895112,0.5064880952380965
44.848676990183684,0.5819701262734309,0.5055158730158863
44.85867699018369,0.5592339226475769,0.49658730158730474
44.86867699018369,0.5224500920752488,0.48799603174604506
44.878676990183685,0.5088983517255948,0.4779960317460451
44.88867699018368,0.46168916184104086,0.4679960317460451
44.89867699018369,0.43765053676371724,0.45869047619048386
44.908676990183686,0.46171406589293934,0.4525793650793642
44.918676990183684,0.5016130086140762,0.4498015873015959
44.92867699018368,0.4896619821199548,0.44105158730159777
44.93867699018369,0.4195343239501675,0.432579365079377
44.948676990183685,0.4135793717021122,0.4225793650793784
44.95867699018368,0.4141319684700493,0.4129960317460427
44.96867699018369,0.4141392796730852,0.40327380952381575
44.978676990183686,0.4148229024028127,0.399107142857142
44.988676990183684,0.4156374911675575,0.39507936507937697
44.99867699018368,0.4160451872157628,0.38720238095239307
45.00867699018369,0.4165000796779973,0.377757936507947
45.018676990183685,0.4164729257026521,0.3677579365079498
45.02867699018368,0.4155029064911591,0.3580357142857252
45.03867699018369,0.4090925251455621,0.3484523809523872
45.04867699018369,0.40962436975650784,0.3455357142857134
45.058676990183685,0.4176282233403379,0.3395634920635054
45.06867699018368,0.41455519049847717,0.3330357142857205
45.07867699018369,0.41383212747803105,0.32363095238096146
45.088676990183686,0.4137312693443561,0.3136309523809643
45.098676990183684,0.41325304626012155,0.30422619047620375
45.10867699018369,0.41240088959791055,0.2946428571428622
45.11867699018369,0.4126051318085747,0.2932539682539674
45.128676990183685,0.42096696604630174,0.2867261904761919
45.13867699018368,0.42107951623450046,0.28450396825397206
45.14867699018369,0.42976341985555255,0.2757539682539759
45.158676990183686,0.42946890789713943,0.26575396825397873
45.168676990183684,0.4288157725060341,0.25783730158731016
45.17867699018368,0.4313884840404962,0.24902777777778176
45.18867699018369,0.4353827122714511,0.24886904761904458
45.198676990183685,0.4340924297563024,0.2441468253968245
45.20867699018368,0.4330219022752328,0.24178571428572287
45.21867699018369,0.43366170919791813,0.23373015873016498
45.228676990183686,0.43413135721436336,0.22373015873016783
45.238676990183684,0.4342727856451933,0.21706349206350184
45.24867699018368,0.43483530710417656,0.20956349206348857
45.25867699018369,0.4360240301218685,0.20934523809524344
45.268676990183685,0.4367763665475263,0.20773809523808726
45.27867699018368,0.4385236432604522,0.20678571428572154
45.28867699018369,0.5043369675930024,0.19980158730159236
45.29867699018369,0.5203648381106392,0.19007936507937132
45.308676990183685,0.5203648381106392,0.18587301587302313
45.31867699018368,0.5203648381106392,0.18353174603174044
45.32867699018369,0.5203648381106392,0.18422619047619793
45.338676990183686,0.5203648381106392,0.18373015873015788
45.348676990183684,0.5203648381106392,0.18373015873015788
45.35867699018368,0.5203648381106392,0.18230158730159457
45.36867699018369,0.5203648381106392,0.17301587301588636
45.378676990183685,0.5203648381106392,0.17259920634920314
45.38867699018368,0.5203648381106392,0.17704365079363574
45.39867699018369,0.5203648381106392,0.1813492063492055
45.408676990183686,0.5203648381106392,0.18412698412698328
45.418676990183684,0.5203648381106392,0.18472222222221935
45.42867699018368,0.5203648381106392,0.18305555555557176
45.43867699018369,0.5203648381106392,0.17448412698413346
45.448676990183685,0.5203648381106392,0.17640873015872224
45.45867699018368,0.5203648381106392,0.18474206349204847
45.46867699018369,0.5203648381106392,0.19166666666666282
45.478676990183686,0.5203648381106392,0.19736111111110533
45.488676990183684,0.5070838722087628,0.20152777777776842
45.49867699018368,0.506956363136772,0.19990079365080585
45.50867699018369,0.5203648381106392,0.19337301587301314
45.518676990183685,0.5023622602113142,0.20059523809522542
45.52867699018368,0.5032815292176042,0.21059523809522307
45.53867699018369,0.503640392661848,0.21934523809523138
45.54867699018369,0.5121622909715449,0.225813492063487
45.558676990183685,0.5147739827555896,0.22998015873015556
45.56867699018368,0.5254969309401982,0.22817460317460947
45.57867699018369,0.5261951499986613,0.22801587301586726
45.588676990183686,0.5261374103933463,0.23676587301585944
45.598676990183684,0.5260802713819827,0.246765873015858
45.60867699018368,0.5255572800356709,0.25537698412696913
45.61867699018369,0.5247768783767238,0.26329365079364286
45.628676990183685,0.5238980834264765,0.2721428571428469
45.63867699018368,0.5230226608952832,0.27255952380952536
45.64867699018369,0.5217971256116668,0.2742857142857086
45.658676990183686,0.5204344820353131,0.2821626984126862
45.668676990183684,0.5188956921805115,0.2921626984126834
45.67867699018368,0.5197356398378797,0.3021626984126805
45.68867699018369,0.5222439272372883,0.3103571428571335
45.698676990183685,0.5269276207223647,0.31716269841269756
45.70867699018368,0.5336629466981785,0.3167460317460333
45.71867699018369,0.5334932187137598,0.3248015873015794
45.728676990183686,0.5334450058690554,0.3348015873015765
45.738676990183684,0.5333262830242295,0.3448015873015737
45.74867699018368,0.5337689840910793,0.3548015873015708
45.75867699018369,0.535393297315518,0.3648015873015751
45.768676990183685,0.5438748404067157,0.37271825396824604
45.77867699018368,0.5425522011386175,0.37327380952380396
45.78867699018368,0.5424651885313527,0.38160714285712777
45.79867699018369,0.5425094983530738,0.39160714285713344
45.808676990183685,0.5419885489459488,0.4016071428571278
45.81867699018368,0.5411477827264232,0.4116071428571278
45.82867699018369,0.539885881697877,0.421607142857132
45.838676990183686,0.5381250833295197,0.4269246031746075
45.848676990183684,0.5363119581565695,0.4274206349206199
45.85867699018368,0.5382081674560942,0.4374206349206199
45.86867699018369,0.5430371744669289,0.4474206349206199
45.878676990183685,0.547539809774658,0.45742063492061985
45.88867699018368,0.5519593113235337,0.46742063492061986
45.89867699018369,0.5563407941595432,0.47742063492062553
45.908676990183686,0.5680148897480911,0.48200396825397124
45.918676990183684,0.5700761566064042,0.4842261904761802
45.92867699018368,0.5737450220169995,0.4942261904761726
45.93867699018369,0.5761170329862004,0.5042261904761769
45.948676990183685,0.5759438784580724,0.5142261904761755
45.95867699018368,0.5741023576676192,0.5242261904761755
45.96867699018369,0.5735148786242396,0.5342261904761826
45.978676990183686,0.5727169071839456,0.5370039682539675
45.988676990183684,0.5733979119480955,0.5410317460317323
45.99867699018368,0.5744494630877284,0.5510317460317296
46.00867699018369,0.5745912136365936,0.5610317460317338
46.018676990183685,0.5752792170921892,0.5710317460317309
46.02867699018368,0.5795310439934199,0.581031746031731
46.03867699018368,0.5925451062535368,0.5910317460317309
46.04867699018369,0.5945988710776483,0.5927579365079356
46.058676990183685,0.5992912793364815,0.5987301587301437
46.06867699018368,0.608492504198958,0.6087301587301437
46.07867699018369,0.6079010719291065,0.618730158730148
46.088676990183686,0.6032414186828136,0.6287301587301451
46.098676990183684,0.6018586679787432,0.6387301587301437
46.10867699018368,0.6067883836319439,0.6483134920634794
46.11867699018369,0.6069128118949051,0.6490079365079358
46.128676990183685,0.608203721011258,0.6566468253968128
46.13867699018368,0.6081751003650193,0.6662301587301438
46.14867699018369,0.6045387168677261,0.6762301587301495
46.158676990183686,0.5997304238995944,0.6862301587301467
46.168676990183684,0.5909282429259374,0.6962301587301438
46.17867699018368,0.591789413812101,0.705039682539677
46.18867699018369,0.5895881461318128,0.706309523809521
46.198676990183685,0.5901419059203823,0.7142261904761755
46.20867699018368,0.5908765083349578,0.7242261904761754
46.21867699018369,0.5904489919741516,0.7342261904761825
46.228676990183686,0.5902510268560349,0.7442261904761798
46.238676990183684,0.5931799904025131,0.7542261904761769
46.24867699018368,0.5971354743467713,0.7620039682539674
46.25867699018369,0.5978047506953111,0.7637896825396736
46.268676990183685,0.6025169068324676,0.7712301587301508
46.27867699018368,0.6078489664608455,0.7812301587301438
46.28867699018368,0.6092494772865513,0.7912301587301437
46.29867699018369,0.6080864654677106,0.8012301587301494
46.308676990183685,0.6082650625618635,0.8112301587301437
46.31867699018368,0.6089799784450565,0.8170634920634913
46.32867699018369,0.60687325821728,0.8198412698412608
46.338676990183686,0.6050443334624822,0.8266468253968119
46.348676990183684,0.6039885496577616,0.8366468253968106
46.35867699018368,0.6030523035065355,0.8466468253968105
46.36867699018369,0.601476566671926,0.8566468253968105
46.378676990183685,0.5928742904394758,0.8663690476190351
46.38867699018368,0.5954296193373132,0.8705357142857136
46.39867699018369,0.5947108618360853,0.8742857142857109
46.408676990183686,0.5947748806029899,0.8792857142857023
46.418676990183684,0.5960851705728498,0.8886904761904635
46.42867699018368,0.5974788455974427,0.8979960317460142
46.43867699018369,0.5993646460547916,0.9079960317460185
46.448676990183685,0.6020081219123575,0.9155952380952305
46.45867699018368,0.6056196145530804,0.9172619047619043
46.46867699018368,0.6082421557487199,0.9191468253968207
46.478676990183686,0.6120361791254888,0.9234523809523755
46.488676990183684,0.6156923824060749,0.9292857142857096
46.49867699018368,0.6190654573171873,0.9366071428571294
46.50867699018369,0.6162809599435182,0.9456349206349107
46.518676990183685,0.6154436022075852,0.9484126984126956
46.52867699018368,0.6175624916237225,0.9484126984126979
46.53867699018368,0.6176049877642901,0.9491071428571424
46.54867699018369,0.6179655084963791,0.9524999999999952
46.558676990183685,0.6185539369596121,0.9583333333333234
46.56867699018368,0.6192589718130551,0.9645833333333258
46.57867699018369,0.6199080390667079,0.9691865079365026
46.588676990183686,0.620407956469631,0.9704365079365076
46.598676990183684,0.6200266837515878,0.9704365079365076
46.60867699018368,0.6195042341829776,0.9704365079365076
46.61867699018369,0.6190896374715719,0.9725198412698374
46.628676990183685,0.6212478666235068,0.9736706349206299
46.63867699018368,0.6234487835704192,0.9771428571428544
46.64867699018369,0.6239870855253762,0.9818055555555515
46.658676990183686,0.619466589372717,0.9839285714285709
46.668676990183684,0.6209945650895307,0.9839285714285709
46.67867699018368,0.6224440188187007,0.9839285714285709
46.68867699018369,0.624644972627483,0.9857341269841222
46.698676990183685,0.6268475576251936,0.9885119047618971
46.70867699018368,0.6352487980727674,0.9905952380952352
46.71867699018368,0.6264688737596269,0.9908730158730154
46.728676990183686,0.6231835426752093,0.9908730158730154
46.738676990183684,0.6226924018371016,0.9908730158730154
46.74867699018368,0.6216756482653829,0.9908730158730154
46.75867699018369,0.6198431610632332,0.9908730158730154
46.768676990183685,0.6180765270592267,0.9922619047618995
46.77867699018368,0.6149634676349037,0.9922619047619042
46.78867699018368,0.6030959283466336,0.9922619047619042
46.79867699018369,0.5996940680281567,0.9922619047619042
46.808676990183685,0.5982529643145368,0.9922619047619042
46.81867699018368,0.599420435217454,0.9922619047619042
46.82867699018369,0.6013049872203606,0.9922619047619042
46.838676990183686,0.6024116509519678,0.9941666666666589
46.848676990183684,0.6038588892694079,0.9946428571428567
46.85867699018368,0.6007250296981359,0.9946428571428567
46.86867699018369,0.5982887571179247,0.9946428571428567
46.878676990183685,0.5992064962221227,0.9946428571428567
46.88867699018368,0.6001660426677816,0.9946428571428567
46.89867699018368,0.6005729971603228,0.9946428571428567
46.908676990183686,0.5982935285178851,0.9961706349206307
46.918676990183684,0.5961367078200212,0.99672619047619
46.92867699018368,0.5865684321558551,0.99672619047619
46.93867699018369,0.5864585124467795,0.99672619047619
46.948676990183685,0.5859912837478937,0.99672619047619
46.95867699018368,0.5858647159174183,0.99672619047619
46.96867699018368,0.5870749026186803,0.99672619047619
46.978676990183686,0.5884244107152333,0.9981150793650789
46.988676990183684,0.5897286171805072,0.9981150793650789
46.99867699018368,0.590911935907121,0.9981150793650789
47.00867699018369,0.5919860719538802,0.9981150793650789
47.018676990183685,0.5931018796984542,0.9981150793650789
47.02867699018368,0.5941423849718567,0.9981150793650789
47.03867699018368,0.5968116060688613,0.9981150793650789
47.04867699018369,0.6052806711419878,0.9993055555555551
47.058676990183685,0.5947435416739083,0.9993055555555551
47.06867699018368,0.583367953841816,0.998611111111113
47.07867699018369,0.5806309251854319,0.9986111111111107
47.088676990183686,0.5806744631526009,0.9986111111111107
47.098676990183684,0.5857582361727871,0.9986111111111107
47.10867699018368,0.5901812940290553,0.9986111111111107
47.11867699018369,0.5946697970456066,0.9993055555555551
47.128676990183685,0.566090807048347,0.9993055555555551
47.13867699018368,0.5654577958975823,0.9993055555555551
47.14867699018368,0.5584727861041847,0.9993055555555551
47.158676990183686,0.5453916179275238,0.9993055555555551
47.168676990183684,0.5547837475314912,0.9993055555555551
47.17867699018368,0.5551397820810592,0.9993055555555551
47.18867699018369,0.554752203823018,0.9993055555555551
47.198676990183685,0.5557345582838262,0.9993055555555551
47.20867699018368,0.5546131597539806,0.9993055555555551
47.21867699018368,0.553127758785336,0.9993055555555551
47.228676990183686,0.5524016395174809,0.9993055555555551
47.238676990183684,0.5524249227759173,0.9993055555555551
47.24867699018368,0.5542958320407222,0.9993055555555551
47.25867699018369,0.5565546009801052,0.9993055555555551
47.268676990183685,0.5586643655732292,0.9993055555555551
47.27867699018368,0.5597081255355838,0.9993055555555551
47.28867699018368,0.5597770228104432,0.9993055555555551
47.29867699018369,0.5589005643215774,0.9993055555555551
47.308676990183685,0.555328723249666,0.9993055555555551
47.31867699018368,0.551107548730152,0.9993055555555551
47.32867699018369,0.5386409692422505,0.9993055555555551
47.338676990183686,0.5372343614214816,0.9988293650793665
47.348676990183684,0.5360251565808664,0.998710317460317
47.35867699018368,0.5272368421262792,0.998710317460317
47.36867699018369,0.5210232776931601,0.998710317460317
47.378676990183685,0.5276951921260741,0.998710317460317
47.38867699018368,0.5255313815001814,0.998710317460317
47.39867699018368,0.5234710611965611,0.998710317460317
47.408676990183686,0.5137654702108738,0.998710317460317
47.418676990183684,0.5126991605329406,0.998710317460317
47.42867699018368,0.5112857452316212,0.998710317460317
47.43867699018369,0.5098040941816665,0.998710317460317
47.448676990183685,0.508282952889762,0.998710317460317
47.45867699018368,0.5074054330220956,0.998710317460317
47.46867699018368,0.5067022074907757,0.998710317460317
47.478676990183686,0.5060547149450583,0.998710317460317
47.488676990183684,0.5063213137270176,0.998710317460317
47.49867699018368,0.5069975644999966,0.998710317460317
47.50867699018369,0.5128806363927667,0.998710317460317
47.518676990183685,0.5166169187874455,0.998710317460317
47.52867699018368,0.5167835662076407,0.998710317460317
47.53867699018368,0.5172268478952274,0.998710317460317
47.54867699018369,0.517498773521969,0.998710317460317
47.558676990183685,0.517406403907823,0.998710317460317
47.56867699018368,0.517246676884755,0.998710317460317
47.57867699018368,0.516773295942572,0.998710317460317
47.588676990183686,0.5159202867506039,0.998710317460317
47.598676990183684,0.5148585652043319,0.998710317460317
47.60867699018368,0.5085624349118444,0.998710317460317
47.61867699018369,0.5038921322194879,0.998710317460317
47.628676990183685,0.5019092735220236,0.998710317460317
47.63867699018368,0.5007249296354154,0.998710317460317
47.64867699018368,0.5025701346530963,0.998710317460317
47.658676990183686,0.5092769092434856,0.998710317460317
47.668676990183684,0.5091906457196991,0.998710317460317
47.67867699018368,0.5088566575006984,0.998710317460317
47.68867699018369,0.5084229086603802,0.998710317460317
47.698676990183685,0.5079130182431292,0.998710317460317
47.70867699018368,0.5076912145462625,0.998710317460317
47.71867699018368,0.5159199359156821,0.998710317460317
47.728676990183686,0.5158035960731346,0.998710317460317
47.738676990183684,0.5155952365224148,0.998710317460317
47.74867699018368,0.5153720763072985,0.998710317460317
47.75867699018369,0.5151032551892767,0.998710317460317
47.768676990183685,0.5142949178142145,0.998710317460317
47.77867699018368,0.5135627672004014,0.998710317460317
47.78867699018368,0.5210393327782709,0.998710317460317
47.79867699018369,0.5201878918088918,0.998710317460317
47.808676990183685,0.5194019669111882,0.998710317460317
47.81867699018368,0.5189430611065771,0.998710317460317
47.82867699018368,0.5190244231950923,0.998710317460317
47.838676990183686,0.5188567557285605,0.998710317460317
47.848676990183684,0.519175985160012,0.998710317460317
47.85867699018368,0.5240730864197252,0.998710317460317
47.86867699018369,0.5270886261149653,0.998710317460317
47.878676990183685,0.5267863530165774,0.998710317460317
47.88867699018368,0.5277767925596923,0.998710317460317
47.89867699018368,0.5290789389534394,0.998710317460317
47.908676990183686,0.5304690806094928,0.998710317460317
47.918676990183684,0.5322125400123069,0.998710317460317
47.92867699018368,0.5421982039947592,0.998710317460317
47.93867699018369,0.5438192927842921,0.998710317460317
47.948676990183685,0.5448277884992307,0.998710317460317
47.95867699018368,0.5455570739922206,0.998710317460317
47.96867699018368,0.5461884094537204,0.998710317460317
47.978676990183686,0.5461002623221535,0.998710317460317
47.988676990183684,0.5453686907024788,0.998710317460317
47.99867699018368,0.5443741767988404,0.998710317460317
48.00867699018368,0.5437318425716129,0.998710317460317
48.018676990183685,0.5436915630462116,0.998710317460317
48.02867699018368,0.5440837634049452,0.998710317460317
48.03867699018368,0.5437794396841987,0.998710317460317
48.04867699018369,0.5438841999495286,0.998710317460317
48.058676990183685,0.5529719302661377,0.998710317460317
48.06867699018368,0.5542447988467204,0.9994047619047591
48.07867699018368,0.5554685222752745,0.9994047619047615
48.088676990183686,0.5561462363560932,0.9994047619047615
48.098676990183684,0.5555130099168671,0.9994047619047615
48.10867699018368,0.5530618947867788,0.9994047619047615
48.11867699018369,0.551998871262772,0.9994047619047615
48.128676990183685,0.5592909786869911,0.9994047619047615
48.13867699018368,0.6438070062546674,0.9994047619047615
48.14867699018368,0.7033723409279103,0.9994047619047615
48.158676990183686,0.6992766779833262,0.9994047619047615
48.168676990183684,0.6331522942830157,0.9994047619047615
48.17867699018368,0.6564322969360245,0.9994047619047615
48.18867699018369,0.678676568631354,0.9994047619047615
48.198676990183685,0.6988152676238529,0.9994047619047615
48.20867699018368,0.7222177479485602,0.9994047619047615
48.21867699018368,0.6932908246479041,0.9994047619047615
48.228676990183686,0.5837270294445399,0.9994047619047615
48.238676990183684,0.5712188872298274,0.9994047619047615
48.24867699018368,0.568297660343852,0.9994047619047615
48.25867699018368,0.5666117356934646,0.9994047619047615
48.268676990183685,0.5659643441306845,0.9994047619047615
48.27867699018368,0.5658482490812018,0.9994047619047615
48.28867699018368,0.5655905275631224,0.9994047619047615
48.29867699018369,0.565932360240529,0.9994047619047615
48.308676990183685,0.5668858287341444,0.9994047619047615
48.31867699018368,0.568428921487647,0.9994047619047615
48.32867699018368,0.578976401519951,0.9994047619047615
48.338676990183686,0.5796667236539528,0.9998809523809501
48.348676990183684,0.5793069762368347,0.9999999999999996
48.35867699018368,0.5866294313194333,0.9999999999999996
48.36867699018369,0.591852746235154,0.9999999999999996
48.378676990183685,0.5920649569302687,0.9999999999999996
48.38867699018368,0.5928862874245093,0.9999999999999996
48.39867699018368,0.5945042155498916,0.9999999999999996
48.408676990183686,0.604390088531631,0.9999999999999996
48.418676990183684,0.6061781189273411,0.9999999999999996
48.42867699018368,0.607891337653648,0.9999999999999996
48.43867699018369,0.6085935342596966,0.9999999999999996
48.448676990183685,0.6084029225316954,0.9999999999999996
48.45867699018368,0.6084449579222382,0.9999999999999996
48.46867699018368,0.608664052667714,0.9999999999999996
48.478676990183686,0.608738038246673,0.9999999999999996
48.488676990183684,0.608728323607325,0.9999999999999996
48.49867699018368,0.6085614163828394,0.9999999999999996
48.50867699018368,0.608337627479471,0.9999999999999996
48.518676990183685,0.6082327380334934,0.9999999999999996
48.52867699018368,0.6092833760016059,0.9999999999999996
48.53867699018368,0.608159874888525,0.9999999999999996
48.54867699018369,0.6076500868119974,0.9999999999999996
48.558676990183685,0.6071660515881202,0.9999999999999996
48.56867699018368,0.5994886641643147,0.9999999999999996
48.57867699018368,0.6227770873590295,0.9999999999999996
48.588676990183686,0.6274455320832896,0.9999999999999996
48.598676990183684,0.6224210646603523,0.9999999999999996
48.60867699018368,0.6091861741667898,0.9999999999999996
48.61867699018369,0.6082378509168925,0.9999999999999996
48.628676990183685,0.6095716465750689,0.9999999999999996
48.63867699018368,0.6105184254861621,0.9999999999999996
48.64867699018368,0.6105066893652242,0.9999999999999996
48.658676990183686,0.6101788289393424,0.9999999999999996
48.668676990183684,0.6100567541844057,0.9999999999999996
48.67867699018368,0.6099013583701374,0.9999999999999996
48.68867699018368,0.6095388527059287,0.9999999999999996
48.698676990183685,0.6075598751965782,0.9999999999999996
48.70867699018368,0.6040257312595293,0.9999999999999996
48.71867699018368,0.6227348191946634,0.9993055555555551
48.728676990183686,0.6090476104143664,0.9993055555555551
48.738676990183684,0.5995536160472735,0.9993055555555551
48.74867699018368,0.5994811196717489,0.9993055555555551
48.75867699018368,0.6003508009690065,0.9993055555555551
48.768676990183685,0.6013647031208178,0.9993055555555551
48.77867699018368,0.6017301619413034,0.9987500000000042
48.78867699018368,0.6026925745782903,0.9979166666666662
48.79867699018369,0.6021134146203423,0.9979166666666662
48.808676990183685,0.6025657686391794,0.9979166666666662
48.81867699018368,0.6023720439746536,0.9979166666666662
48.82867699018368,0.6023637180236197,0.9979166666666662
48.838676990183686,0.6029788058674391,0.9979166666666662
48.848676990183684,0.603085790366736,0.9977777777777798
48.85867699018368,0.6024254492753998,0.9972222222222218
48.86867699018369,0.6014423559297621,0.9972222222222218
48.878676990183685,0.6010434505250206,0.9972222222222218
48.88867699018368,0.6004125902679461,0.9972222222222218
48.89867699018368,0.6000178476443968,0.9972222222222218
48.908676990183686,0.5917723068190711,0.9972222222222218
48.918676990183684,0.591369692560316,0.9951388888888932
48.92867699018368,0.5868460816153757,0.9951388888888885
48.93867699018368,0.5805561877872905,0.9951388888888885
48.948676990183685,0.5804132208367272,0.9951388888888885
48.95867699018368,0.5800516777170709,0.9951388888888885
48.96867699018368,0.5794941873895613,0.9951388888888885
48.978676990183686,0.5787570819631852,0.9951388888888885
48.988676990183684,0.5784583232218035,0.9931944444444462
48.99867699018368,0.5778071709289445,0.9930555555555551
49.00867699018368,0.5785909585661038,0.9930555555555551
49.018676990183685,0.579581596994728,0.9930555555555551
49.02867699018368,0.5800278696482705,0.9930555555555551
49.03867699018368,0.5815569231943023,0.9930555555555551
49.04867699018369,0.5827149662179457,0.9926388888888927
49.058676990183685,0.5799895888843173,0.9897817460317456
49.06867699018368,0.5757717421726435,0.9897817460317456
49.07867699018368,0.5755564735071933,0.9897817460317456
49.088676990183686,0.5746386214658941,0.9890873015873012
49.098676990183684,0.573124614750815,0.9890873015873012
49.10867699018368,0.5717340601469548,0.9890873015873012
49.11867699018369,0.5707582306233812,0.9890873015873012
49.128676990183685,0.5661886224119562,0.985615079365079
49.13867699018368,0.5625433297998115,0.985615079365079
49.14867699018368,0.5630600045232078,0.985615079365079
49.158676990183686,0.5626764690648947,0.9849206349206345
49.168676990183684,0.5617840111611152,0.9849206349206345
49.17867699018368,0.5611600959116061,0.9849206349206345
49.18867699018368,0.553120999454607,0.9815476190476305
49.198676990183685,0.5489638941360895,0.9787698412698409
49.20867699018368,0.5471555435995092,0.9787698412698409
49.21867699018368,0.5476030465447594,0.9787698412698409
49.228676990183686,0.5371981922432281,0.9773809523809519
49.238676990183684,0.5754838798036533,0.9773809523809519
49.24867699018368,0.5825259211278334,0.9773809523809519
49.25867699018368,0.5626295901326709,0.9714087301587482
49.268676990183685,0.5343223692829205,0.9673611111111106
49.27867699018368,0.5272741814553894,0.9673611111111106
49.28867699018368,0.5428744631385662,0.9673611111111106
49.29867699018369,0.5620381953122089,0.9655753968253964
49.308676990183685,0.5957601491461916,0.9655753968253964
49.31867699018368,0.5454465271809064,0.9655753968253964
49.32867699018368,0.5055667063604009,0.9584920634920716
49.338676990183686,0.48971328823705973,0.957242063492063
49.348676990183684,0.5028362410942195,0.957242063492063
49.35867699018368,0.6278405498037237,0.9564087301587344
49.36867699018368,0.6488309308670218,0.9551587301587297
49.378676990183685,0.6407646962406817,0.9551587301587297
49.38867699018368,0.6412399058575309,0.9551587301587297
49.39867699018368,0.6391589021848861,0.9510515873015896
49.408676990183686,0.6373145783931227,0.9504960317460314
49.418676990183684,0.6383748303717136,0.9504960317460314
49.42867699018368,0.6394247102554159,0.9492460317460362
49.43867699018368,0.6402069670909969,0.948412698412698
49.448676990183685,0.6330541065963432,0.948412698412698
49.45867699018368,0.6332865688322575,0.9467460317460409
49.46867699018368,0.5722160502446569,0.9386904761904854
49.478676990183686,0.6001592263891067,0.938690476190476
49.488676990183684,0.6328185480611016,0.938690476190476
49.49867699018368,0.6342149731314092,0.9371825396825414
49.50867699018368,0.6350718758610326,0.9367063492063489
49.518676990183685,0.6353789608959898,0.9367063492063489
49.52867699018368,0.6085197768255304,0.934345238095252
49.53867699018368,0.6361990908848905,0.9254563492063584
49.54867699018369,0.6357520536526216,0.9249007936507935
49.558676990183685,0.6317472227702332,0.9249007936507935
49.56867699018368,0.6263469183695688,0.9221230158730204
49.57867699018368,0.6318898174523314,0.9221230158730156
49.588676990183686,0.6290580206864883,0.9201785714285733
49.598676990183684,0.6295661193446657,0.9157341269841408
49.60867699018368,0.6288562197303675,0.9090079365079385
49.61867699018368,0.6278976922534958,0.9087301587301584
49.628676990183685,0.6282218703269843,0.9087301587301584
49.63867699018368,0.6281903113222627,0.906349206349206
49.64867699018368,0.6280648189931873,0.9062103174603198
49.658676990183686,0.6280753481796254,0.9046031746031759
49.668676990183684,0.6286630158587728,0.8981150793650933
49.67867699018368,0.6292273109554449,0.8932539682539679
49.68867699018368,0.6296734980344336,0.8932539682539679
49.698676990183685,0.6321003174661943,0.8929761904761948
49.70867699018368,0.6387610733875293,0.8904761904761901
49.71867699018368,0.6393222322720328,0.8904761904761924
49.728676990183686,0.6320455480424518,0.8904761904761901
49.738676990183684,0.6312092962125643,0.8829761904762028
49.74867699018368,0.6286549650872857,0.8758928571428567
49.75867699018368,0.6281049615608162,0.8758928571428567
49.768676990183685,0.6280933060661003,0.8751984126984146
49.77867699018368,0.6275679623252035,0.8729761904761855
49.78867699018368,0.619279549309866,0.8732539682539703
49.79867699018368,0.6191075933189091,0.8725595238095339
49.808676990183685,0.6188138359724638,0.863670634920646
49.81867699018368,0.6178832344354174,0.8587301587301627
49.82867699018368,0.6175756282690225,0.8587301587301586
49.838676990183686,0.6173873345028973,0.8565079365079449
49.848676990183684,0.6169658416040869,0.8549007936507911
49.85867699018368,0.6167658779061219,0.8543452380952403
49.86867699018368,0.6167424070331575,0.8533730158730182
49.878676990183685,0.6171279921096768,0.8433730158730258
49.88867699018368,0.6182901063077247,0.8389285714285737
49.89867699018368,0.6197071797303344,0.8387896825396824
49.908676990183686,0.6285734569792103,0.8350396825396901
49.918676990183684,0.6287292665905228,0.8360119047619
49.92867699018368,0.6322506753850914,0.8346230158730158
49.93867699018368,0.6371993082150555,0.8318452380952499
49.948676990183685,0.6143257396733223,0.8221031746031866
49.95867699018368,0.6080526937176692,0.8185515873015873
49.96867699018368,0.6351572951420952,0.8185515873015873
49.978676990183686,0.63575729081504,0.8149801587301586
49.988676990183684,0.5938046897803495,0.8169246031746009
49.99867699018368,0.5673377453656332,0.8163690476190476
50.00867699018368,0.5960365071155435,0.8117857142857327
50.018676990183685,0.5860210519167868,0.8052579365079436
50.02867699018368,0.5776603351170104,0.8038690476190475
50.03867699018368,0.5807608026110316,0.8038690476190475
50.04867699018368,0.5569275700020386,0.8008134920634842
50.058676990183685,0.5191124460929951,0.8036706349206348
50.06867699018368,0.5373557512682545,0.8036706349206348
50.07867699018368,0.5871733869564311,0.7985317460317629
50.088676990183686,0.58213634140219,0.7908928571428633
50.098676990183684,0.575272088708994,0.7904761904761902
50.10867699018368,0.5943731564749298,0.7901190476190495
50.11867699018368,0.5464250258449539,0.7864087301587299
50.128676990183685,0.4943159709894141,0.7898809523809522
50.13867699018368,0.4972011384530049,0.7898809523809522
50.14867699018368,0.5037849736359981,0.7821031746031901
50.158676990183686,0.4979138545107663,0.7742261904761952
50.168676990183684,0.49797346627536293,0.7735119047619047
50.17867699018368,0.498053284625998,0.772400793650803
50.18867699018368,0.5048792520428458,0.772718253968242
50.198676990183685,0.4954190077517634,0.7754960317460317
50.20867699018368,0.49394634644031277,0.7750793650793674
50.21867699018368,0.4931413045548143,0.7677579365079482
50.228676990183686,0.501885239529862,0.7626190476190492
50.238676990183684,0.5021054983599049,0.7622023809523809
50.24867699018368,0.5039148943706201,0.7616468253968348
50.25867699018368,0.5105210136016463,0.765396825396807
50.268676990183685,0.5128933407318297,0.7694444444444445
50.27867699018368,0.5134464609594163,0.7680555555555675
50.28867699018368,0.5139039678224413,0.7595833333333429
50.29867699018368,0.5144453037622171,0.7565476190476192
50.308676990183685,0.5161837711959478,0.7565476190476192
50.31867699018368,0.5267712509475734,0.7535714285714388
50.32867699018368,0.5299539579333374,0.7599603174603091
50.338676990183686,0.5442589269341459,0.7612103174603176
50.348676990183684,0.54789707298978,0.7585912698412842
50.35867699018368,0.5486395847013226,0.7510912698412701
50.36867699018368,0.5501680848993289,0.7497023809523836
50.378676990183685,0.5616656731663976,0.7497023809523813
50.38867699018368,0.5639498000487458,0.7466468253968327
50.39867699018368,0.5673929596066077,0.7503373015872992
50.408676990183686,0.5709273843615471,0.7508928571428573
50.418676990183684,0.5724790500600963,0.748115079365089
50.42867699018368,0.5739936794293029,0.7449404761904764
50.43867699018368,0.5749204055409551,0.744246031746032
50.448676990183685,0.5839541583740591,0.744246031746032
50.45867699018368,0.5854804433897416,0.7438293650793558
50.46867699018368,0.6775196674452504,0.7518849206349114
50.47867699018368,0.6707719489536571,0.7518849206349209
50.488676990183684,0.65358728191606,0.7488293650793716
50.49867699018368,0.6647302357533165,0.7478373015872996
50.50867699018368,0.6223498861754936,0.7483134920634921
50.518676990183685,0.5910034148814675,0.7483134920634921
50.52867699018368,0.5907663028677025,0.7492857142857002
50.53867699018368,0.5913101025296144,0.7581746031745937
50.54867699018368,0.5927725996432828,0.7585912698412726
50.558676990183685,0.5966998323960546,0.7574404761904763
50.56867699018368,0.5996539843220631,0.7588293650793604
50.57867699018368,0.6029546437945466,0.7588293650793652
50.588676990183686,0.6079135811974041,0.7607738095238075
50.598676990183684,0.6077116458845828,0.76521825396824
50.60867699018368,0.6096742107494213,0.7719444444444422
50.61867699018368,0.6129099769337849,0.7722222222222224
50.628676990183685,0.6140726221418895,0.7691666666666686
50.63867699018368,0.6155335268652855,0.7705357142857144
50.64867699018368,0.6171565665470297,0.7706746031746007
50.658676990183686,0.6184921222705703,0.7722817460317446
50.668676990183684,0.6195908532036667,0.7787698412698272
50.67867699018368,0.6204266090041243,0.7836309523809526
50.68867699018368,0.6209024526361056,0.7826785714285757
50.698676990183685,0.6205488942866645,0.7804960317460296
50.70867699018368,0.6213102793691279,0.7817460317460319
50.71867699018368,0.6227231700847671,0.782440476190474
50.72867699018368,0.6310723623357488,0.7824404761904763
50.738676990183684,0.6332398337195652,0.7899404761904635
50.74867699018368,0.6408040459309269,0.7970238095238096
50.75867699018368,0.6425250306711429,0.7957738095238167
50.768676990183685,0.6420962446627198,0.7931547619047659
50.77867699018368,0.6437339740454137,0.794543650793651
50.78867699018368,0.65270477844013,0.7950992063492042
50.79867699018368,0.6520940338864567,0.7957936507936405
50.808676990183685,0.6510749239701443,0.8046825396825285
50.81867699018368,0.6531883322790554,0.8096230158730118
50.82867699018368,0.652105406562169,0.8067063492063578
50.838676990183686,0.64901905475979,0.8058730158730117
50.848676990183684,0.6470646956911167,0.8052579365079366
50.85867699018368,0.6451334878511532,0.8063690476190453
50.86867699018368,0.6450851063607277,0.8073412698412675
50.878676990183685,0.6443562401984705,0.8173412698412599
50.88867699018368,0.6434505932012665,0.8217857142857121
50.89867699018368,0.6366359666590419,0.8164682539682652
50.90867699018368,0.6267747157053404,0.8145039682539652
50.918676990183684,0.6121440402832278,0.8140873015873016
50.92867699018368,0.609434613426604,0.8149206349206396
50.93867699018368,0.6097702180633554,0.8110317460317413
50.948676990183685,0.6042457469320981,0.8196626984126912
50.95867699018368,0.6070527625391479,0.8232142857142858
50.96867699018368,0.6017992269896282,0.815575396825411
50.97867699018368,0.6019375515815185,0.811587301587313
50.988676990183684,0.6032553848040872,0.8051984126984149
50.99867699018368,0.6038288549923796,0.8050595238095356
51.00867699018368,0.6040863936067928,0.8001984126984126
51.018676990183685,0.6043121014635826,0.7981150793650816
51.02867699018368,0.6047333986255744,0.7953174603174663
51.03867699018368,0.598583034826092,0.786746031746046
51.04867699018368,0.5906083643865941,0.7802182539682696
51.058676990183685,0.5765011962665093,0.7739087301587302
51.06867699018368,0.5712844201864667,0.771825396825404
51.07867699018368,0.5688481971703835,0.7669642857142858
51.088676990183686,0.5664807053483721,0.7652976190476255
51.098676990183684,0.5640942459991432,0.7557142857143
51.10867699018368,0.5614647270198811,0.7460714285714408
51.11867699018368,0.558056445709696,0.7397817460317603
51.128676990183685,0.5485300647616201,0.7349206349206351
51.13867699018368,0.5470119018519146,0.7315873015873144
51.14867699018368,0.541823999521789,0.7293650793650794
51.15867699018368,0.5381262448488979,0.7279365079365185
51.168676990183684,0.5279679970135036,0.719246031746046
51.17867699018368,0.5247098174279026,0.7103571428571476
51.18867699018368,0.5188576495534687,0.7034126984127127
51.198676990183685,0.5155107810928157,0.7004960317460317
51.20867699018368,0.5142867294773485,0.6963293650793769
51.21867699018368,0.5114046443345424,0.693650793650796
51.22867699018368,0.5108908060316119,0.6901785714285856
51.238676990183684,0.5113155922228158,0.6805952380952509
51.24867699018368,0.5098977356492173,0.6711507936507983
51.25867699018368,0.506939515573568,0.6633730158730301
51.268676990183685,0.4988716376347472,0.6617063492063492
51.27867699018368,0.4995126732070266,0.6558730158730182
51.28867699018368,0.4990678549428381,0.6543452380952427
51.29867699018368,0.4973039420314314,0.6493055555555685
51.308676990183685,0.49087899638561355,0.6398611111111223
51.31867699018368,0.48924656991562787,0.6328373015873056
51.32867699018368,0.4811414744175603,0.6246428571428627
51.338676990183686,0.47495244278875254,0.6238095238095236
51.348676990183684,0.4740291758516445,0.6179563492063489
51.35867699018368,0.47162536290541246,0.6162896825396917
51.36867699018368,0.46954402561140224,0.608928571428583
51.378676990183685,0.4608182862597274,0.6001190476190573
51.38867699018368,0.4594642220918739,0.5931746031746093
51.39867699018368,0.45431856639374635,0.5851190476190473
51.40867699018368,0.44579286482637015,0.5838690476190566
51.418676990183684,0.44503802816310534,0.5774801587301632
51.42867699018368,0.44546323797785214,0.571904761904771
51.43867699018368,0.4464809813912252,0.56454365079366
51.448676990183685,0.43912662204476144,0.5548214285714368
51.45867699018368,0.43657737098285326,0.5469047619047758
51.46867699018368,0.4249934917758687,0.5403769841269862
51.47867699018368,0.42222798303238757,0.538948412698427
51.488676990183684,0.41523685947595246,0.5323611111111173
51.49867699018368,0.41078827697800696,0.524861111111125
51.50867699018368,0.4096609371658462,0.5154563492063632
51.518676990183685,0.4087761065381641,0.5054563492063632
51.52867699018368,0.4054183255607575,0.496845238095252
51.53867699018368,0.40417748613198623,0.49226190476190446
51.54867699018368,0.4061756846780173,0.48878968253969524
51.558676990183685,0.4093979984829977,0.47994047619048724
51.56867699018368,0.41239358240027135,0.47132936507937895
51.57867699018368,0.40774815325603253,0.46271825396827065
51.58867699018368,0.40120647064406806,0.4527182539682735
51.598676990183684,0.3986316331448354,0.4427182539682678
51.60867699018368,0.3999786413066259,0.4379960317460314
51.61867699018368,0.4060116162579104,0.4324404761904901
51.628676990183685,0.40932393953156904,0.4254960317460397
51.63867699018368,0.4063977679245736,0.416507936507949
51.64867699018368,0.39939242705389527,0.4085912698412852
51.65867699018368,0.3865721343239795,0.398591269841288
51.668676990183684,0.3838706159270347,0.3885912698412837
51.67867699018368,0.3839349336775165,0.3872023809523807
51.68867699018368,0.3960787331293275,0.38134920634921626
51.698676990183685,0.39829294989346853,0.3738095238095307
51.70867699018368,0.3926509769761237,0.3650595238095378
51.71867699018368,0.37489887959654217,0.35714285714287114
51.72867699018368,0.3695367128774743,0.347142857142874
51.738676990183684,0.36942453122964625,0.33769841269842316
51.74867699018368,0.3732274747442209,0.3365873015873085
51.75867699018368,0.3881044040350477,0.3295039682539752
51.768676990183685,0.3917119942643841,0.3228174603174683
51.77867699018368,0.38689925778215234,0.3150396825396895
51.78867699018368,0.36761797477271535,0.30628968253969663
51.79867699018368,0.35966149977838724,0.29628968253969806
51.808676990183685,0.36070255170715254,0.2883730158730176
51.81867699018368,0.3737224043409428,0.28809523809523796
51.82867699018368,0.3759032009091401,0.2810119047619132
51.83867699018368,0.36973583448830444,0.2740674603174735
51.848676990183684,0.36305756755803636,0.26702380952382354
51.85867699018368,0.3568634663246439,0.2570238095238236
51.86867699018368,0.3514057814801726,0.24702380952382358
51.878676990183685,0.34659923504234463,0.24047619047619034
51.88867699018368,0.3407582792375096,0.23825396825397666
51.89867699018368,0.3308855139311454,0.23398809523809957
51.90867699018368,0.331706018202148,0.22970238095239004
51.918676990183684,0.3304343352535233,0.22400793650794348
51.92867699018368,0.32875604570115946,0.21654761904761655
51.93867699018368,0.3267539912284995,0.2227976190476118
51.948676990183685,0.33447500045988593,0.22390873015873003
51.95867699018368,0.3281591940387336,0.22105158730159666
51.96867699018368,0.3317941756851723,0.22757936507935075
51.97867699018368,0.32820964060156377,0.23490079365078462
51.988676990183684,0.32663124549730294,0.23926587301587718
51.99867699018368,0.32389269266926046,0.23621031746030555
52.00867699018368,0.32402477559049164,0.24565476190474764
52.01867699018368,0.33010660697336114,0.25426587301585873
52.02867699018368,0.3280794175574618,0.25498015873015256
52.03867699018368,0.335977674785091,0.263551587301573
52.04867699018368,0.3326629518140653,0.2735515873015716
52.058676990183685,0.3345988778935071,0.279861111111111
52.06867699018368,0.33329092365437013,0.2819444444444372
52.07867699018368,0.33598649031874583,0.2919444444444273
52.08867699018368,0.34316132798224874,0.3019444444444245
52.098676990183684,0.3412097843885869,0.31055555555554126
52.10867699018368,0.34523762825891713,0.32055555555554127
52.11867699018368,0.34283449017222906,0.3305555555555413
52.128676990183685,0.35339194976819394,0.3354166666666666
52.13867699018368,0.33868367678024264,0.3387499999999872
52.14867699018368,0.33335256552841286,0.3487499999999843
52.15867699018368,0.3369235297434675,0.3587499999999815
52.168676990183684,0.3528274545371598,0.3657738095237953
52.17867699018368,0.36599866338827336,0.3757738095237953
52.18867699018368,0.3645790910643235,0.38577380952379525
52.198676990183685,0.3634614875883668,0.38869047619047614
52.20867699018368,0.3505050548277685,0.39327380952379526
52.21867699018368,0.35543104051019425,0.40327380952379527
52.22867699018368,0.3715934641521325,0.41327380952379245
52.238676990183684,0.3886700104484644,0.42327380952379673
52.24867699018368,0.40374339430318384,0.4332738095237953
52.25867699018368,0.40283989176496443,0.44285714285713096
52.26867699018368,0.39711939845845806,0.4435515873015872
52.27867699018368,0.38051939777904026,0.4507738095237952
52.28867699018368,0.37494715651538085,0.4607738095237952
52.29867699018368,0.38670270459059974,0.47063492063490747
52.308676990183685,0.41746951989798176,0.4800793650793536
52.31867699018368,0.4483279529900609,0.49007936507935074
52.32867699018368,0.44224501300141755,0.4975793650793735
52.33867699018368,0.3969823388171838,0.4956349206349205
52.348676990183684,0.3639440736901692,0.5041071428571285
52.35867699018368,0.36416133882874974,0.5141071428571284
52.36867699018368,0.36637038619899115,0.5241071428571284
52.378676990183685,0.3436836261281,0.5329166666666565
52.38867699018368,0.3176238814155754,0.5429166666666536
52.39867699018368,0.32218445993308414,0.5498809523809544
52.40867699018368,0.32947276335200193,0.5506547619047525
52.418676990183684,0.3301553851030572,0.5598214285714141
52.42867699018368,0.33121808070481173,0.5698214285714142
52.43867699018368,0.33296246040462263,0.5787103174603077
52.448676990183685,0.3425144333809192,0.5884325396825308
52.45867699018368,0.3457216133819136,0.5984325396825252
52.46867699018368,0.35655005057974265,0.6042658730158728
52.47867699018368,0.3590143137023404,0.6056944444444295
52.488676990183684,0.3645683943795137,0.6153373015872886
52.49867699018368,0.3683684972433379,0.6253373015872872
52.50867699018368,0.3691034100399989,0.634742063492049
52.51867699018368,0.3699811563748913,0.644742063492042
52.52867699018368,0.36598545236790625,0.6547420634920491
52.53867699018368,0.36995287215538986,0.6593253968253966
52.54867699018368,0.372556007539302,0.6629365079364921
52.558676990183685,0.374354666814994,0.6729365079364963
52.56867699018368,0.3745294489854667,0.6829365079364934
52.57867699018368,0.3773704022371321,0.6915476190476016
52.58867699018368,0.3762693835111574,0.7015476190475989
52.598676990183684,0.37730658299768594,0.7115476190476046
52.60867699018368,0.3794252233825038,0.7162698412698411
52.61867699018368,0.3801421208156733,0.7218253968253824
52.628676990183685,0.3797557937678231,0.7318253968253866
52.63867699018368,0.3789943316220163,0.7418253968253838
52.64867699018368,0.3804013228884714,0.7497420634920476
52.65867699018368,0.38925748987816383,0.7597420634920448
52.668676990183684,0.3852037421720397,0.7697420634920491
52.67867699018368,0.39629791999580927,0.7711309523809522
52.68867699018368,0.3987202030929806,0.7779365079364936
52.69867699018368,0.40188932689219226,0.7879365079364922
52.70867699018368,0.4052278331017593,0.7979365079364935
52.71867699018368,0.4186028567649772,0.8058531746031602
52.72867699018368,0.4216269361911594,0.8158531746031574
52.738676990183684,0.42414135858322566,0.8252976190476082
52.74867699018368,0.4351214594086062,0.826408730158723
52.75867699018368,0.4370728310846418,0.8347420634920492
52.76867699018368,0.439720141859019,0.8447420634920421
52.77867699018368,0.4413578998531593,0.8539087301587229
52.78867699018368,0.45059114411950935,0.8626587301587159
52.79867699018368,0.4503914510598649,0.8726587301587144
52.808676990183685,0.44556175590506203,0.8805753968253948
52.81867699018368,0.44601435498474185,0.8808531746031745
52.82867699018368,0.44666121104231943,0.8908531746031603
52.83867699018368,0.44691069428340424,0.9008531746031546
52.848676990183684,0.446794889322878,0.9102579365079222
52.85867699018368,0.4465837406467557,0.9202579365079221
52.86867699018368,0.43656559369589737,0.9302579365079222
52.878676990183685,0.43401281974725264,0.9368055555555554
52.88867699018368,0.4315266301513367,0.9390277777777691
52.89867699018368,0.43004640747522116,0.9487499999999842
52.90867699018368,0.42935756543110887,0.9587499999999815
52.918676990183684,0.4287247862500659,0.965972222222215
52.92867699018368,0.4283499961483391,0.9739880952380928
52.93867699018368,0.42024179551877283,0.9744047619047618
52.94867699018368,0.4194584673418165,0.9737103174603174
52.95867699018368,0.42585860711934453,0.9765674603174526
52.96867699018368,0.4237399837698875,0.9776785714285713
52.97867699018368,0.42793996922939914,0.9779166666666641
52.988676990183684,0.4915300303620619,0.9799404761904696
52.99867699018368,0.5163319569386687,0.9838293650793648
53.00867699018368,0.46049511640813545,0.9834722222222241
53.01867699018368,0.41568845618336964,0.9832341269841268
53.02867699018368,0.4236583382560658,0.986706349206349
53.03867699018368,0.4168542768940024,0.986706349206349
53.04867699018368,0.4617648948335703,0.986706349206349
53.058676990183685,0.4876411526402777,0.986706349206349
53.06867699018368,0.5077873760573446,0.986706349206349
53.07867699018368,0.5026185314955217,0.9836507936507959
53.08867699018368,0.4922843934696334,0.9832341269841269
53.098676990183684,0.5078083870628952,0.9846230158730158
53.10867699018368,0.5334717026031441,0.9846230158730158
53.11867699018368,0.5462766727575633,0.9846230158730158
53.12867699018368,0.48118415774844403,0.9846230158730158
53.13867699018368,0.4801992995666404,0.9841468253968272
53.14867699018368,0.5154640914631231,0.9812499999999998
53.15867699018368,0.5433511136530979,0.9812499999999998
53.168676990183684,0.5761723716721218,0.9836309523809523
53.17867699018368,0.5759362444826035,0.9836309523809523
53.18867699018368,0.5840437954465892,0.9836309523809523
53.19867699018368,0.5166529717424699,0.9836309523809523
53.20867699018368,0.4650909763860909,0.9836309523809523
53.21867699018368,0.4692232671988763,0.9836309523809523
53.22867699018368,0.5005108637101797,0.9836309523809523
53.238676990183684,0.5408771957347911,0.9836309523809523
53.24867699018368,0.5600287537559845,0.9836309523809523
53.25867699018368,0.4999711418699857,0.9840476190476166
53.26867699018368,0.41010844261405516,0.9850198412698411
53.27867699018368,0.40612008234944386,0.9850198412698411
53.28867699018368,0.401644106101007,0.9850198412698411
53.29867699018368,0.39971451809878894,0.9850198412698411
53.308676990183685,0.399959968386052,0.9850198412698411
53.31867699018368,0.4016247682645443,0.9850198412698411
53.32867699018368,0.41185646471887416,0.9864087301587182
53.33867699018368,0.41197989597473583,0.9891865079365078
53.348676990183684,0.4104218579831779,0.9891865079365078
53.35867699018368,0.42146167733879053,0.9891865079365078
53.36867699018368,0.42243351149501723,0.9891865079365078
53.37867699018368,0.43277778770542696,0.9891865079365078
53.38867699018368,0.4430614452070876,0.9891865079365078
53.39867699018368,0.44395839549702026,0.9906944444444421
53.40867699018368,0.4442425084101775,0.9911706349206348
53.418676990183684,0.4487485699972433,0.9911706349206348
53.42867699018368,0.48572434491466854,0.9911706349206348
53.43867699018368,0.4968552821061007,0.9911706349206348
53.44867699018368,0.490207437261188,0.9911706349206348
53.45867699018368,0.4852289182543534,0.9911706349206348
53.46867699018368,0.47611125034002905,0.9918650793650768
53.47867699018368,0.4689450385983949,0.9918650793650792
53.488676990183684,0.4622220824168139,0.9918650793650792
53.49867699018368,0.46858607261084567,0.9918650793650792
53.50867699018368,0.468321410214903,0.9918650793650792
53.51867699018368,0.4619082888538069,0.9918650793650792
53.52867699018368,0.464176379192617,0.9918650793650792
53.53867699018368,0.458302734705615,0.9918650793650792
53.54867699018368,0.45681988102681254,0.9918650793650792
53.558676990183685,0.4562396621465102,0.9918650793650792
53.56867699018368,0.46034859057210836,0.9918650793650792
53.57867699018368,0.46423534372039293,0.9918650793650792
53.58867699018368,0.4774866832829862,0.9918650793650792
53.598676990183684,0.4664630967096811,0.9918650793650792
53.60867699018368,0.4528814027538824,0.9918650793650792
53.61867699018368,0.42177089256452527,0.9918650793650792
53.62867699018368,0.41395338766175244,0.9908928571428599
53.63867699018368,0.4045859594253851,0.9890873015873015
53.64867699018368,0.392885333458737,0.9889484126984153
53.65867699018368,0.4012031078062394,0.9883928571428571
53.668676990183684,0.42275929894450176,0.9883928571428571
53.67867699018368,0.40732085604056834,0.9846428571428713
53.68867699018368,0.4110356091250949,0.9807539682539681
53.69867699018368,0.4384812256142726,0.9804761904761955
53.70867699018368,0.4608162985637553,0.9793650793650792
53.71867699018368,0.4685983237773915,0.9793650793650792
53.72867699018368,0.465329786641175,0.9793650793650792
53.738676990183684,0.43957199586131407,0.9793650793650792
53.74867699018368,0.4024131310299978,0.9793650793650792
53.75867699018368,0.3971919193328316,0.9793650793650792
53.76867699018368,0.4250655848647365,0.977281746031753
53.77867699018368,0.44945526989957485,0.9772817460317459
53.78867699018368,0.4424703456795082,0.9772817460317459
53.79867699018368,0.4244528653071202,0.9772817460317459
53.80867699018368,0.4079010760702875,0.9772817460317459
53.81867699018368,0.4015363582779046,0.9772817460317459
53.82867699018368,0.4369571129790252,0.9772817460317459
53.83867699018368,0.5384071167419647,0.9732539682539714
53.848676990183684,0.5473477239771399,0.9702182539682558
53.85867699018368,0.49406817397776054,0.9683531746031744
53.86867699018368,0.45733212684748864,0.9683531746031744
53.87867699018368,0.43591078617994394,0.9683531746031744
53.88867699018368,0.3971156535588483,0.9683531746031744
53.89867699018368,0.38888630853666856,0.9679365079365155
53.90867699018368,0.44339351874788024,0.9650793650793649
53.918676990183684,0.46098650195937285,0.9636904761904783
53.92867699018368,0.42719599156178495,0.963690476190476
53.93867699018368,0.4187228119534254,0.963690476190476
53.94867699018368,0.413706843422048,0.9643849206349204
53.95867699018368,0.40686574875957987,0.9643849206349204
53.96867699018368,0.44088662392389194,0.9636904761904783
53.97867699018368,0.47950030439500435,0.9571626984127154
53.988676990183684,0.42681540796133133,0.9517261904761924
53.99867699018368,0.37610101202966845,0.9515873015873014
54.00867699018368,0.38212485495875015,0.950515873015879
54.01867699018368,0.3938233903082735,0.9498015873015873
54.02867699018368,0.3791831340496795,0.9498015873015873
54.03867699018368,0.4069078707130796,0.9481349206349277
54.04867699018368,0.43538500556916054,0.942440476190484
54.05867699018368,0.41273589623206036,0.9400793650793651
54.06867699018368,0.37881836376813494,0.9400793650793651
54.07867699018368,0.378093864845046,0.9410515873015849
54.08867699018368,0.3773735868796713,0.9414682539682538
54.098676990183684,0.37778329940578353,0.9414682539682538
54.10867699018368,0.38497172674313845,0.938690476190488
54.11867699018368,0.39763537100255864,0.9322420634920705
54.12867699018368,0.37908400281699484,0.931547619047619
54.13867699018368,0.3723117557990157,0.9320238095238076
54.14867699018368,0.3721757194465889,0.9310515873015872
54.15867699018368,0.37734248256245273,0.9310515873015872
54.168676990183684,0.37556747220151854,0.9310515873015872
54.17867699018368,0.3746114545917705,0.9254960317460436
54.18867699018368,0.37318027231441053,0.9184126984127079
54.19867699018368,0.37175792266042806,0.9172619047619047
54.20867699018368,0.36878566978919863,0.91684523809524
54.21867699018368,0.3721022457815125,0.9110119047619095
54.22867699018368,0.37209399531030857,0.9110119047619047
54.23867699018368,0.3709170031331465,0.9110119047619047
54.24867699018368,0.3704664246556093,0.9039285714285856
54.25867699018368,0.36797845689624414,0.8965674603174675
54.26867699018368,0.35780891044266094,0.8936507936507937
54.27867699018368,0.3608070230315976,0.8925396825396921
54.28867699018368,0.3654170698215676,0.8868452380952405
54.29867699018368,0.3572634989477511,0.8849603174603242
54.30867699018368,0.35674616073018955,0.8824206349206382
54.31867699018368,0.35667981899279255,0.8738095238095381
54.32867699018368,0.35599005290443714,0.8655555555555652
54.33867699018368,0.3557090579060522,0.8625000000000002
54.348676990183684,0.3652042594257126,0.8609722222222366
54.35867699018368,0.3624520261107684,0.854722222222227
54.36867699018368,0.3610327820870652,0.8486111111111254
54.37867699018368,0.3616459211032476,0.843948412698425
54.38867699018368,0.36228622965676865,0.8346626984127113
54.39867699018368,0.3624505002321643,0.8246626984127142
54.40867699018368,0.35780061239593824,0.8201388888888891
54.418676990183684,0.3631864290942816,0.8166666666666786
54.42867699018368,0.3622788056152505,0.806666666666681
54.43867699018368,0.3605464091244616,0.7966666666666811
54.44867699018368,0.3520834568717585,0.7887500000000157
54.45867699018368,0.3517531739097055,0.7787500000000115
54.46867699018368,0.34998025557391377,0.7687500000000144
54.47867699018368,0.34107937960235046,0.7652777777777778
54.48867699018368,0.3485216226421425,0.7601587301587501
54.49867699018368,0.3489127115031177,0.7501587301587445
54.50867699018368,0.34940341307438705,0.7401587301587446
54.51867699018368,0.35005172665604295,0.7315476190476334
54.52867699018368,0.34946525880113793,0.7215476190476334
54.53867699018368,0.34807083033879765,0.7115476190476334
54.54867699018368,0.34439620183994873,0.7100198412698415
54.55867699018368,0.3901519780003588,0.7040476190476377
54.56867699018368,0.39880511846215894,0.6940476190476335
54.57867699018368,0.3751071078279526,0.6840476190476333
54.58867699018368,0.33972804663698764,0.675436507936528
54.598676990183684,0.33774963445627,0.6654365079365223
54.60867699018368,0.3329710348697838,0.656269841269851
54.61867699018368,0.40550065557904674,0.6551587301587304
54.62867699018368,0.48042144214189925,0.6475198412698557
54.63867699018368,0.4924701044450729,0.6393253968254099
54.64867699018368,0.45077122407995524,0.6297420634920715
54.65867699018368,0.3989259801224239,0.6214087301587489
54.668676990183684,0.3654569091803247,0.6114087301587446
54.67867699018368,0.3728079395481518,0.606825396825383
54.68867699018368,0.4061301449641597,0.6101587301587328
54.69867699018368,0.41891329490479623,0.6011309523809631
54.70867699018368,0.43339149206164185,0.5922420634920752
54.71867699018368,0.4459311776106498,0.5822420634920781
54.72867699018368,0.45497044614111254,0.572242063492081
54.73867699018368,0.4576089000384319,0.5622420634920837
54.74867699018368,0.44277020995141997,0.5554563492063497
54.75867699018368,0.42635165981091244,0.5529563492063638
54.76867699018368,0.42978784072323,0.54503968253969
54.77867699018368,0.44210216341400016,0.5350396825396971
54.78867699018368,0.45452274502992923,0.5250396825396972
54.79867699018368,0.4644746901319434,0.5150396825396986
54.80867699018368,0.464345960754949,0.5050396825397014
54.81867699018368,0.43761188288222413,0.4999007936507941
54.82867699018368,0.42252879074520255,0.4964484126984273
54.83867699018368,0.41221242046558176,0.4904761904762075
54.848676990183684,0.41578094649954733,0.4835119047619173
54.85867699018368,0.42629057329506415,0.47597222222223684
54.86867699018368,0.43812418676323345,0.46597222222223683
54.87867699018368,0.4453999210782215,0.45597222222223965
54.88867699018368,0.44815513705409454,0.4513888888888893
54.89867699018368,0.4535226771776084,0.4468055555555638
54.90867699018368,0.448536074231725,0.4396626984127173
54.91867699018368,0.45078353217797557,0.43105158730160553
54.92867699018368,0.4583195762276233,0.42244047619049085
54.93867699018368,0.46453233001109207,0.41244047619049085
54.94867699018368,0.4673013946994146,0.4024404761904923
54.95867699018368,0.4648898108163971,0.39841269841269883
54.96867699018368,0.46274814905936756,0.39146825396826623
54.97867699018368,0.4573988899569646,0.3879960317460322
54.98867699018368,0.47511245156582255,0.38343253968255675
54.99867699018368,0.4879960898229249,0.37357142857144326
55.00867699018368,0.4834400171222572,0.3658333333333352
55.01867699018368,0.4898893559240029,0.3619047619047671
55.02867699018368,0.499212925242587,0.3616269841269863
55.03867699018368,0.4933233305061669,0.3594047619047553
55.04867699018368,0.4824308709145874,0.3628769841269925
55.05867699018368,0.4792566150469794,0.35565476190477785
55.06867699018368,0.4920248257257356,0.3492063492063569
55.07867699018368,0.49827108481092747,0.3512896825396831
55.08867699018368,0.4961954416940828,0.3512896825396831
55.098676990183684,0.4997660236189606,0.3505952380952505
55.10867699018368,0.48662508368266477,0.3505952380952269
55.11867699018368,0.4673913056482977,0.35644841269840827
55.12867699018368,0.4709228873050919,0.3545039682539745
55.13867699018368,0.4843538435572209,0.3497817460317509
55.14867699018368,0.4898350308744548,0.35337301587301645
55.15867699018368,0.501436926911885,0.35337301587301645
55.16867699018368,0.5081946607825044,0.35277777777778146
55.17867699018368,0.4892969903463944,0.3583333333333221
55.18867699018368,0.4585563120359605,0.3648611111111046
55.19867699018368,0.45243260428247295,0.3654563492063576
55.20867699018368,0.4596704053560011,0.3642063492063479
55.21867699018368,0.46629797951047736,0.3700396825396784
55.22867699018368,0.4834010048900049,0.3700396825396831
55.23867699018368,0.48398581494118026,0.36892857142857866
55.24867699018368,0.46895459082372054,0.3757341269841134
55.25867699018368,0.4507045775949924,0.3830952380952316
55.26867699018368,0.46141400192677223,0.3860119047619054
55.27867699018368,0.46603074028123526,0.385734126984121
55.28867699018368,0.4767074381294211,0.39142857142856974
55.29867699018368,0.5003996794868263,0.39331349206348604
55.30867699018368,0.49594257940675,0.39515873015872777
55.31867699018368,0.4841812945470403,0.40376984126982773
55.32867699018368,0.47584025150469006,0.41202380952380074
55.33867699018368,0.48634980508577386,0.4150793650793657
55.348676990183684,0.4935682463236425,0.41660714285712935
55.35867699018368,0.4964577691743569,0.42285714285713877
55.36867699018368,0.49540810850163614,0.4289682539682404
55.37867699018368,0.5022517839370589,0.43224206349205196
55.38867699018368,0.4970565562333922,0.4415277777777656
55.39867699018368,0.48759132530464594,0.4515277777777642
55.40867699018368,0.5149792369770365,0.45605158730158796
55.41867699018368,0.5276110694888914,0.4595238095237924
55.42867699018368,0.5256592083639341,0.4695238095237959
55.43867699018368,0.5195938468241397,0.4795238095237959
55.44867699018368,0.5255526973523349,0.4867460317460167
55.45867699018368,0.5202709914046509,0.496746031746021
55.46867699018368,0.513422722083732,0.5067460317460182
55.47867699018368,0.5528880293742855,0.5088293650793657
55.48867699018368,0.5684164998318669,0.5139484126983934
55.49867699018368,0.5603649621912637,0.5239484126983991
55.50867699018368,0.5493841025433451,0.5339484126983991
55.51867699018368,0.5457812836763029,0.5425595238095102
55.52867699018368,0.5472346313725829,0.5525595238095145
55.53867699018368,0.5516536102571004,0.5625595238095102
55.54867699018368,0.5766664335459087,0.56061507936508
55.55867699018368,0.5778996996622936,0.5665873015872839
55.56867699018368,0.5728991637237643,0.5765873015872881
55.57867699018368,0.5676091720187671,0.5865873015872881
55.58867699018368,0.5764669488575966,0.5951984126983991
55.59867699018368,0.5814888019727709,0.605198412698392
55.60867699018368,0.5820265736189776,0.6139484126984063
55.61867699018368,0.5799896748473792,0.6147817460317467
55.62867699018368,0.5764277827729585,0.6233928571428408
55.63867699018368,0.5797008379291007,0.633392857142845
55.64867699018368,0.5924957931451806,0.6431150793650705
55.65867699018368,0.5975716391816235,0.6520039682539504
55.66867699018368,0.6037922570702013,0.6620039682539475
55.67867699018368,0.5997550019476405,0.6696428571428578
55.68867699018368,0.5978787832249363,0.670198412698411
55.69867699018368,0.5973533270865803,0.6795039682539532
55.70867699018368,0.5928457681317504,0.6895039682539574
55.71867699018368,0.586986057004309,0.6995039682539547
55.72867699018368,0.5813111339175899,0.7095039682539518
55.73867699018368,0.5793895422502531,0.7195039682539489
55.74867699018368,0.5814454171082105,0.7255952380952386
55.75867699018368,0.594440060227482,0.7280952380952245
55.76867699018368,0.5952083284434012,0.7380952380952245
55.77867699018368,0.5883235771254052,0.7480952380952287
55.78867699018368,0.58004325768034,0.7580952380952244
55.79867699018368,0.5724935652989209,0.7680952380952231
55.80867699018368,0.5693057343779566,0.7780952380952202
55.81867699018368,0.595982528921605,0.7832341269841276
55.82867699018368,0.618238041991635,0.7866865079364943
55.83867699018368,0.6182553579808447,0.7966865079364943
55.84867699018368,0.6180735905119487,0.8066865079364872
55.85867699018368,0.6183226050924784,0.8160912698412561
55.86867699018368,0.6178073972731352,0.8260912698412562
55.87867699018368,0.6138751100976287,0.8360912698412534
55.88867699018368,0.6088419116910023,0.8406746031746037
55.89867699018368,0.6084535772811552,0.8456746031745895
55.90867699018368,0.6084544328206808,0.8556746031745853
55.91867699018368,0.6071122204826649,0.8656746031745824
55.92867699018368,0.6051296534455819,0.8742857142857007
55.93867699018368,0.6029528395136154,0.8842857142857006
55.94867699018368,0.6003285744702489,0.8942857142856991
55.95867699018368,0.5933091593046791,0.8983134920634925
55.96867699018368,0.5930908423703525,0.9059523809523673
55.97867699018368,0.5933513194016256,0.9159523809523644
55.98867699018368,0.5934954390976617,0.9259523809523617
55.99867699018368,0.5942530658985454,0.9359523809523673
56.00867699018368,0.5948662599895151,0.9451190476190386
56.01867699018368,0.58628941707835,0.9499999999999958
56.028676990183676,0.5853418326194197,0.9502777777777756
56.03867699018368,0.584476716869887,0.9541666666666673
56.04867699018368,0.585120725175559,0.9563888888888739
56.05867699018368,0.5749881704690614,0.9659722222222075
56.06867699018368,0.5433778568579253,0.9724206349206285
56.07867699018368,0.5630337795055027,0.9717261904761912
56.08867699018368,0.573712397652056,0.9717261904761912
56.09867699018368,0.5604096200684927,0.9724206349206179
56.10867699018368,0.5557845405212987,0.9751984126984135
56.11867699018368,0.5575745504615438,0.9757936507936495
56.12867699018368,0.5459544353064157,0.9784325396825347
56.13867699018368,0.5415827647708865,0.9831547619047585
56.14867699018368,0.5418297707283822,0.9827380952380961
56.15867699018368,0.5334185335608285,0.9827380952380961
56.16867699018368,0.5249600389081291,0.9833333333333312
56.17867699018368,0.5236254819357362,0.9833333333333342
56.18867699018368,0.5314003172168267,0.9838888888888874
56.19867699018368,0.5339673564829766,0.9844444444444375
56.20867699018368,0.5489046239009275,0.9861111111111119
56.21867699018368,0.5563258431307906,0.9861111111111119
56.22867699018368,0.5516580915328315,0.9861111111111119
56.23867699018368,0.5552265280577432,0.9872222222222165
56.24867699018368,0.5559977731617641,0.9875000000000008
56.25867699018368,0.5598528300463036,0.9875000000000008
56.26867699018368,0.5643649663271483,0.9875000000000008
56.278676990183676,0.5696028797631576,0.9888888888888897
56.28867699018368,0.5719634897343752,0.9881944444444454
56.29867699018368,0.5717690989706277,0.9881944444444454
56.30867699018368,0.5778096870810697,0.9888888888888897
56.31867699018368,0.5776497447498459,0.9888888888888897
56.32867699018368,0.5777774729022983,0.9888888888888897
56.33867699018368,0.575754763754034,0.9888888888888897
56.34867699018368,0.5768045094881492,0.9887500000000043
56.35867699018368,0.579538717606832,0.9881944444444454
56.36867699018368,0.5882388772654699,0.9881944444444454
56.37867699018368,0.5886835868736011,0.9895833333333341
56.38867699018368,0.5912336235846599,0.9895833333333341
56.39867699018368,0.5998974542649662,0.9895833333333341
56.40867699018368,0.5953600150994353,0.9895833333333341
56.41867699018368,0.5905301860178208,0.9888888888888933
56.42867699018368,0.5962648821223883,0.9888888888888897
56.43867699018368,0.6052391780438721,0.9888888888888897
56.44867699018368,0.6092207231970246,0.9895833333333341
56.45867699018368,0.6143097897507904,0.9895833333333341
56.46867699018368,0.6272732904078648,0.9895833333333341
56.47867699018368,0.6098297046527144,0.9909722222222231
56.48867699018368,0.5991187987145674,0.9904960317460355
56.49867699018368,0.5963888895559819,0.990376984126985
56.50867699018368,0.6057212286431316,0.990376984126985
56.51867699018368,0.6105891680038228,0.990376984126985
56.528676990183676,0.6123833468937174,0.990376984126985
56.53867699018368,0.6105617366090842,0.990376984126985
56.54867699018368,0.5898439311230914,0.9938492063492073
56.55867699018368,0.5811639477028959,0.9938492063492073
56.56867699018368,0.5935625402681836,0.9938492063492073
56.57867699018368,0.607098621830681,0.9938492063492073
56.58867699018368,0.6074331024151082,0.9938492063492073
56.59867699018368,0.6087122292050858,0.9938492063492073
56.60867699018368,0.6110955212667748,0.9942658730158715
56.61867699018368,0.5998781477103869,0.9945436507936517
56.62867699018368,0.587203731705666,0.9945436507936517
56.63867699018368,0.5901819403510893,0.9945436507936517
56.64867699018368,0.5926807068689571,0.9945436507936517
56.65867699018368,0.5952067650027366,0.9945436507936517
56.66867699018368,0.5948868982382451,0.9945436507936517
56.67867699018368,0.5928701974153264,0.995238095238096
56.68867699018368,0.5753842402241703,0.995238095238096
56.69867699018368,0.5795847228025418,0.995238095238096
56.708676990183676,0.5981129586045919,0.995238095238096
56.71867699018368,0.6068634852448518,0.995238095238096
56.72867699018368,0.6095201839200015,0.995238095238096
56.73867699018368,0.6102253661628393,0.995238095238096
56.74867699018368,0.6099633669316343,0.9959325396825405
56.75867699018368,0.6003347513702192,0.9950992063492119
56.76867699018368,0.5949269875202312,0.9945436507936516
56.778676990183676,0.6074589821134275,0.9945436507936516
56.78867699018368,0.613866525829103,0.9945436507936516
56.79867699018368,0.6153620049049127,0.9945436507936516
56.80867699018368,0.6158274452973401,0.9945436507936516
56.81867699018368,0.6029474336260345,0.9945436507936516
56.82867699018368,0.5870889326522771,0.9945436507936516
56.83867699018368,0.5878928000706674,0.9945436507936516
56.84867699018368,0.5970478584309986,0.9945436507936516
56.85867699018368,0.5976213659530325,0.9945436507936516
56.86867699018368,0.5965385085380446,0.9945436507936516
56.87867699018368,0.5938122746340525,0.9945436507936516
56.88867699018368,0.5873059785181112,0.9945436507936516
56.89867699018368,0.5801457155341662,0.9945436507936516
56.90867699018368,0.5986927249571145,0.9938293650793711
56.91867699018368,0.6097768842589124,0.9933531746031754
56.92867699018368,0.6032786400033263,0.9933531746031754
56.93867699018368,0.5931327688771116,0.9933531746031754
56.94867699018368,0.5815696270402008,0.9933531746031754
56.958676990183676,0.5829508966979147,0.9933531746031754
56.96867699018368,0.5783460485158868,0.9933531746031754
56.97867699018368,0.5735201721817246,0.9933531746031754
56.98867699018368,0.5754987156077067,0.9933531746031754
56.99867699018368,0.5696522893140346,0.9933531746031754
57.00867699018368,0.5624630937824615,0.9933531746031754
57.01867699018368,0.5586128619647414,0.9933531746031754
57.028676990183676,0.5563131947769955,0.9933531746031754
57.03867699018368,0.5609447334859737,0.9933531746031754
57.04867699018368,0.5723765114248771,0.9927579365079373
57.05867699018368,0.572811345314548,0.9927579365079373
57.06867699018368,0.5630664005788064,0.9927579365079373
57.07867699018368,0.5501607447764214,0.9934523809523818
57.08867699018368,0.5537173473051241,0.9934523809523818
57.09867699018368,0.5555665862369586,0.9934523809523818
57.10867699018368,0.5554586066190843,0.9934523809523818
57.11867699018368,0.5554289442839555,0.9934523809523818
57.12867699018368,0.5515332926485467,0.9934523809523818
57.138676990183676,0.5445163093787361,0.9934523809523818
57.14867699018368,0.5404787891498969,0.9941468253968261
57.15867699018368,0.5380534440415004,0.9941468253968261
57.16867699018368,0.54196863381533,0.9941468253968261
57.17867699018368,0.53795932857656,0.9941468253968261
57.18867699018368,0.541040091031843,0.9941468253968261
57.19867699018368,0.5355483731032693,0.9941468253968261
57.208676990183676,0.526638873856959,0.9941468253968261
57.21867699018368,0.5126246903627499,0.9941468253968261
57.22867699018368,0.5175574664745851,0.9927579365079372
57.23867699018368,0.5121294465874715,0.9927579365079372
57.24867699018368,0.5109487242651904,0.9927579365079372
57.25867699018368,0.5055147843693931,0.9927579365079372
57.26867699018368,0.4935622740162617,0.9927579365079372
57.278676990183676,0.47913169109349957,0.9927579365079372
57.28867699018368,0.47839990192838466,0.9934523809523816
57.29867699018368,0.4802377315879199,0.9934523809523816
57.30867699018368,0.4806452889585957,0.9934523809523816
57.31867699018368,0.46949162276849427,0.9934523809523816
57.32867699018368,0.46522536477291676,0.9927579365079372
57.33867699018368,0.46537328750304363,0.9927579365079372
57.34867699018368,0.46747392035474455,0.9928968253968234
57.35867699018368,0.46461889202829254,0.9896031746031814
57.36867699018368,0.45790304084871836,0.9888888888888896
57.37867699018368,0.45610935363740784,0.9888888888888896
57.388676990183676,0.42824286485781665,0.9877380952380994
57.39867699018368,0.41234714142347245,0.9875992063492072
57.40867699018368,0.4237542262482303,0.9875992063492072
57.41867699018368,0.4440712261058728,0.9882936507936481
57.42867699018368,0.45353498200382997,0.9848214285714294
57.43867699018368,0.4642587003455189,0.9848214285714294
57.44867699018368,0.45587718193706206,0.9848214285714294
57.458676990183676,0.42131476342014784,0.9832936507936578
57.46867699018368,0.40576842256624357,0.981448412698416
57.47867699018368,0.41427805816734525,0.9814484126984137
57.48867699018368,0.425753376619362,0.9819246031746012
57.49867699018368,0.44891230882056005,0.9785714285714294
57.50867699018368,0.46098362651734054,0.9785714285714294
57.51867699018368,0.46877321607602185,0.977876984126985
57.528676990183676,0.4666010911886047,0.9706547619047798
57.53867699018368,0.4535817962703666,0.9617658730158825
57.54867699018368,0.4435995811383164,0.954861111111112
57.55867699018368,0.45874796375736115,0.9536111111111213
57.56867699018368,0.482384495880009,0.9468253968254039
57.57867699018368,0.5042052566489903,0.941686507936523
57.58867699018368,0.5024752581886739,0.9346031746031801
57.59867699018368,0.4941601761337786,0.925853174603191
57.60867699018368,0.46666330294164726,0.9158531746031896
57.61867699018368,0.453320840260301,0.9086309523809579
57.62867699018368,0.47019843506354264,0.9062698412698591
57.638676990183676,0.47344449512353853,0.8973809523809665
57.64867699018368,0.46890506917111796,0.8876587301587452
57.65867699018368,0.4705641026306341,0.8809920634920715
57.66867699018368,0.46676713441280665,0.8718253968254189
57.67867699018368,0.4587295292555653,0.8618253968254118
57.68867699018368,0.47418736590823735,0.8565476190476199
57.69867699018368,0.49852339379568456,0.8550198412698579
57.708676990183676,0.4942470834454382,0.8450198412698606
57.71867699018368,0.4743637806552488,0.8350198412698564
57.72867699018368,0.46218490544474555,0.8274007936508117
57.73867699018368,0.447003393691458,0.8174007936508145
57.74867699018368,0.4413315276702533,0.8074007936508089
57.75867699018368,0.4501082116091876,0.8043055555555518
57.76867699018368,0.4733655179174141,0.8000000000000153
57.778676990183676,0.4720492077344194,0.7900000000000181
57.78867699018368,0.4709545325451037,0.7800000000000139
57.79867699018368,0.4611056781306141,0.7706944444444611
57.80867699018368,0.45274027402283046,0.760694444444464
57.818676990183675,0.45515019398707945,0.7506944444444668
57.82867699018368,0.4661946379232473,0.7486111111111121
57.83867699018368,0.4673396870808954,0.7418055555555708
57.84867699018368,0.45949623595438244,0.7318055555555721
57.85867699018368,0.45353323977254484,0.7218055555555708
57.86867699018368,0.45659660572907296,0.7118055555555708
57.87867699018368,0.45932976776662565,0.7018055555555736
57.888676990183676,0.45975936966658193,0.6923611111111286
57.89867699018368,0.46098488325832093,0.6913888888888946
57.90867699018368,0.46191902658431827,0.6843253968254078
57.91867699018368,0.45570188830000075,0.6748015873016094
57.92867699018368,0.45181606709139777,0.6648015873016023
57.93867699018368,0.46081009720264926,0.6548015873016024
57.94867699018368,0.47166233999668766,0.6448015873016039
57.958676990183676,0.4721244936576607,0.636468253968261
57.96867699018368,0.47277231729341224,0.6359126984126993
57.97867699018368,0.4804666541466803,0.6259126984127164
57.98867699018368,0.4713933212940198,0.6159126984127191
57.99867699018368,0.4612561740292663,0.6059126984127134
58.00867699018368,0.4601471604051272,0.5959126984127135
58.01867699018368,0.47127419619017286,0.5859126984127134
58.028676990183676,0.4741479990827052,0.5789682539682548
58.03867699018368,0.43344197943970847,0.5773015873015945
58.04867699018368,0.3794469398458776,0.5683134920635086
58.05867699018368,0.3818333167195011,0.5583134920635114
58.068676990183675,0.43642247699135106,0.5483134920635142
58.07867699018368,0.4775417918264943,0.5383134920635071
58.08867699018368,0.4760597402501419,0.5283134920635072
58.09867699018368,0.45602798970634384,0.5227182539682549
58.10867699018368,0.43521625920545826,0.5195238095238246
58.11867699018368,0.4166836068649825,0.5095238095238246
58.12867699018368,0.4317504160619184,0.49952380952382747
58.138676990183676,0.46741547161626124,0.4895238095238303
58.14867699018368,0.47031616061073955,0.47952380952382456
58.15867699018368,0.47624815844892726,0.4695238095238246
58.16867699018368,0.46491114595268956,0.46577380952381037
58.17867699018368,0.44780536850813146,0.46113095238096746
58.18867699018368,0.37490000394847417,0.4511309523809675
58.19867699018368,0.39087079171870104,0.4411309523809689
58.208676990183676,0.46341882859033506,0.4311309523809717
58.21867699018368,0.4756309035548991,0.4211309523809675
58.22867699018368,0.4412898065196902,0.4127976190476341
58.23867699018368,0.45188090171134615,0.4107142857142866
58.248676990183675,0.3630471976395142,0.4036309523809746
58.25867699018368,0.31710497414589106,0.39363095238096746
58.26867699018368,0.3173230138029657,0.38363095238096745
58.278676990183676,0.32334493775658574,0.3736309523809703
58.28867699018368,0.323627259056721,0.36363095238096604
58.29867699018368,0.3233688400963052,0.35390873015874147
58.30867699018368,0.33932002700210706,0.35126984126984523
58.318676990183675,0.323655023261983,0.3426587301587523
58.32867699018368,0.3215123866432163,0.3333531746031897
58.33867699018368,0.31988938452084026,0.3233531746031897
58.34867699018368,0.32114123445356557,0.3133531746031911
58.35867699018368,0.3224187249014803,0.30720238095239
58.36867699018368,0.33097769334940874,0.2993055555555659
58.37867699018368,0.32673692358884326,0.29847222222223163
58.388676990183676,0.33953937894111463,0.2908730158730333
58.39867699018368,0.357989787652355,0.28101190476191984
58.40867699018368,0.33382793008457645,0.2718452380952484
58.41867699018368,0.3272105589944168,0.2624007936508158
58.42867699018368,0.327880886797845,0.2558730158730309
58.43867699018368,0.32270486395352493,0.24873015873016158
58.44867699018368,0.32479813192681783,0.2470833333333498
58.458676990183676,0.3327308738404681,0.23861111111112424
58.46867699018368,0.3348240855350629,0.23045634920636188
58.47867699018368,0.33572010955788756,0.22142857142858646
58.48867699018368,0.33641633616964056,0.2118452380952588
58.498676990183675,0.336786008511756,0.20531746031748246
58.50867699018368,0.5203648381106392,0.19990079365079447
58.51867699018368,0.5203648381099913,0.19761904761905857
58.528676990183676,0.5203648381106392,0.19484126984127065
58.53867699018368,0.5203648381106392,0.1937301587301638
58.54867699018368,0.5203648381106392,0.19132936507938153
58.55867699018368,0.5203648381106392,0.1825793650793751
58.568676990183675,0.5203648381106392,0.17936507936509236
58.57867699018368,0.5203648381106392,0.18093253968252632
58.58867699018368,0.5203648381106392,0.1832936507936611
58.59867699018368,0.5203648381106392,0.18204365079365165
58.60867699018368,0.5203648381106392,0.18204365079365165
58.61867699018368,0.5203648381106392,0.18065476190477225
58.62867699018368,0.5203648381106392,0.17301587301587387
58.638676990183676,0.5203648381106392,0.17301587301587387
58.64867699018368,0.5203648381106392,0.1814880952380819
58.65867699018368,0.5203648381106392,0.1832936507936564
58.66867699018368,0.5203648381106392,0.1869047619047521
58.67867699018368,0.5203648381106392,0.19198412698411835
58.68867699018368,0.5203648381106392,0.19101190476191982
58.69867699018368,0.5203648381106392,0.18253968253968336
58.708676990183676,0.5203648381106392,0.18920634920633156
58.71867699018368,0.5203648381106392,0.19920634920633581
58.72867699018368,0.37599472140652407,0.20242063492062115
58.73867699018368,0.376703009314582,0.212063492063473
58.748676990183675,0.3793005960598706,0.22206349206347156
58.75867699018368,0.38986154782954224,0.22140873015873339
58.76867699018368,0.39134458244536324,0.21904761904761516
58.778676990183676,0.39147871843877274,0.2283531746031584
58.78867699018368,0.39065924969611804,0.2383531746031627
58.79867699018368,0.39771945695212985,0.24557539682538207
58.80867699018368,0.39887070674514274,0.2555753968253792
58.818676990183675,0.41237222458575173,0.2655753968253764
58.82867699018368,0.5519305982332403,0.2604365079365112
58.83867699018368,0.4855826319137153,0.25992063492063583
58.84867699018368,0.4119256667220901,0.26422619047617574
58.85867699018368,0.45974291535241996,0.27422619047617713
58.86867699018368,0.5126855545670095,0.28075396825396204
58.87867699018368,0.4763523496642943,0.29075396825395206
58.888676990183676,0.47904074595610463,0.29972222222220934
58.89867699018368,0.5304350291494543,0.30057539682539297
58.90867699018368,0.5266960113421382,0.30835317460316125
58.91867699018368,0.519809138179228,0.31835317460315415
58.928676990183675,0.5304284104113473,0.32835317460315416
58.93867699018368,0.4853747634918522,0.3357936507936395
58.94867699018368,0.4908258932887647,0.3456746031745884
58.958676990183676,0.5439733479847281,0.35317460317460403
58.96867699018368,0.5492035630655719,0.35317460317460403
58.97867699018368,0.5472442191483727,0.363174603174587
58.98867699018368,0.5551929774816289,0.3731746031745842
58.998676990183675,0.5685299473212582,0.38317460317458274
59.00867699018368,0.5839842337374185,0.39317460317458985
59.01867699018368,0.5839674812836723,0.40317460317458986
59.028676990183676,0.5891107385289727,0.40942460317460405
59.03867699018368,0.596248406717371,0.4110912698412643
59.04867699018368,0.599784318528151,0.42067460317458844
59.05867699018368,0.6022519602925372,0.43067460317458556
59.068676990183675,0.5957365433977202,0.44067460317458274
59.07867699018368,0.5707709765476248,0.45067460317458985
59.08867699018368,0.5764566657890445,0.4606746031745898
59.09867699018368,0.6111955789220374,0.4662698412698421
59.10867699018368,0.61404231201086,0.4694642857142724
59.11867699018368,0.6165912628449978,0.4794642857142724
59.12867699018368,0.6186478433557638,0.48946428571426953
59.138676990183676,0.6208938705137721,0.4994642857142667
59.14867699018368,0.6203229288266271,0.5094642857142724
59.15867699018368,0.6140650647943905,0.5194642857142724
59.16867699018368,0.6210691506016932,0.5232142857142866
59.178676990183675,0.6212265413349688,0.5278571428571225
59.18867699018368,0.6222526401550248,0.5378571428571295
59.19867699018368,0.6220277632886767,0.5478571428571282
59.208676990183676,0.6220337037678839,0.5578571428571253
59.21867699018368,0.6235782088207757,0.5678571428571295
59.22867699018368,0.6178414280010566,0.5775793650793518
59.23867699018368,0.6185214036291876,0.5796626984126994
59.248676990183675,0.6186311625641454,0.5867460317460114
59.25867699018368,0.6187446853619863,0.5967460317460185
59.26867699018368,0.6180164859582443,0.6067460317460185
59.278676990183676,0.6166062302098787,0.6167460317460156
59.28867699018368,0.6095994362119034,0.62674603174602
59.29867699018368,0.6088173797987131,0.6364682539682445
59.30867699018368,0.6109494016805003,0.6391071428571407
59.318676990183675,0.6075032676125686,0.6477182539682336
59.32867699018368,0.604910918040771,0.6577182539682407
59.33867699018368,0.6067541589214115,0.6677182539682406
59.34867699018368,0.6088656330421577,0.6777182539682393
59.35867699018368,0.6071768771238809,0.6877182539682435
59.36867699018368,0.6046991964347114,0.6963293650793565
59.37867699018368,0.6111662234682782,0.6971626984126907
59.388676990183676,0.6109547965480642,0.7059126984126793
59.39867699018368,0.610788364421128,0.715912698412685
59.40867699018368,0.6096664600152037,0.7250793650793564
59.41867699018368,0.6145399740183414,0.7345238095237961
59.428676990183675,0.5986037801248972,0.744523809523789
59.43867699018368,0.6109719948178491,0.7516666666666654
59.44867699018368,0.6189191037100218,0.7533134920634772
59.458676990183676,0.6216880949753325,0.7633134920634743
59.46867699018368,0.6252432303745579,0.7733134920634785
59.47867699018368,0.6276095367147768,0.7823412698412587
59.48867699018368,0.6258773782842368,0.7919246031745841
59.498676990183675,0.6041966165545154,0.8019246031745827
59.50867699018368,0.6098469728396426,0.8073412698412706
59.51867699018368,0.624230314559142,0.8103174603174511
59.528676990183676,0.6293979805674202,0.8203174603174441
59.53867699018368,0.6252844123072435,0.8303174603174484
59.54867699018368,0.6126079348257967,0.8396230158730011
59.55867699018368,0.5964798531434842,0.8496230158729983
59.568676990183675,0.5870425374745514,0.8596230158729955
59.57867699018368,0.5957268740860365,0.8631944444444454
59.58867699018368,0.6017182825674989,0.8679166666666533
59.59867699018368,0.6003376659058393,0.877916666666652
59.608676990183675,0.5954479562873259,0.8879166666666491
59.61867699018368,0.5870728439342535,0.8965277777777645
59.62867699018368,0.5774598161372951,0.9065277777777616
59.638676990183676,0.5624129704705678,0.9154166666666542
59.64867699018368,0.5635043385495854,0.9166666666666675
59.65867699018368,0.5658206104453367,0.9215277777777667
59.66867699018368,0.5606676884552895,0.927083333333327
59.678676990183675,0.5520944466823122,0.932003968253962
59.68867699018368,0.5626767687495842,0.938253968253955
59.69867699018368,0.5667468573208924,0.9482539682539536
59.708676990183676,0.5765201078889918,0.9515873015873025
59.71867699018368,0.5774512117299551,0.9515873015873025
59.72867699018368,0.5799840089390642,0.9559920634920624
59.73867699018368,0.5812169409170034,0.9563492063492073
59.748676990183675,0.5820888817648957,0.9563492063492073
59.75867699018368,0.5819980874628341,0.9609325396825382
59.76867699018368,0.580816806712679,0.9681547619047534
59.778676990183676,0.5786295620336066,0.9688492063492071
59.78867699018368,0.5769403283429071,0.9688492063492071
59.79867699018368,0.5746083560667498,0.9709325396825405
59.80867699018368,0.5733180589356577,0.9709325396825405
59.818676990183675,0.5784700421068186,0.9709325396825405
59.82867699018368,0.5742802840326238,0.9781547619047603
59.83867699018368,0.5825667426051689,0.985476190476177
59.84867699018368,0.583702797640226,0.9911706349206356
59.858676990183675,0.5759774208902672,0.9911706349206356
59.86867699018368,0.5702585146453956,0.9946428571428508
59.87867699018368,0.571871572871594,0.9946428571428579
59.888676990183676,0.5800684882824082,0.9951190476190455
59.89867699018368,0.5786398030898711,0.9952380952380959
59.90867699018368,0.5839459121849166,0.9952380952380959
59.91867699018368,0.5860079995016783,0.9952380952380959
59.928676990183675,0.5830570117817526,0.9952380952380959
59.93867699018368,0.5882431549636448,0.9977976190476177
59.94867699018368,0.5934334889921274,0.9979166666666673
59.958676990183676,0.5857397491266089,0.9987499999999946
59.96867699018368,0.5816517036001994,0.9993055555555563
59.97867699018368,0.581236984209314,0.9993055555555563
59.98867699018368,0.5823369623727199,0.9993055555555563
59.998676990183675,0.5847909063859037,0.9993055555555563
60.00867699018368,0.5885103139064619,0.9993055555555563
60.01867699018368,0.5989872622505957,0.9993055555555563
60.028676990183676,0.594100609665599,1.0
60.038676990183674,0.5815530593042887,1.0
60.04867699018368,0.581052006308243,1.0
60.05867699018368,0.5855427788302748,1.0
60.068676990183675,0.5891509745334516,1.0
60.07867699018368,0.5954694530672208,1.0
60.08867699018368,0.5968767937958467,1.0
60.09867699018368,0.5799337891177968,1.0
60.108676990183675,0.5640646449338519,1.0
60.11867699018368,0.5658359764580082,1.0
60.12867699018368,0.5740622588894904,1.0
60.138676990183676,0.5737836053657158,1.0
60.14867699018368,0.5732576057975385,1.0
60.15867699018368,0.5676737317239878,1.0
60.16867699018368,0.549776034579959,1.0
60.178676990183675,0.5395920212364,1.0
60.18867699018368,0.5427472447344871,1.0
60.19867699018368,0.5548747123062526,1.0
60.208676990183676,0.5595545453645339,1.0
60.21867699018368,0.5606989358952088,1.0
60.22867699018368,0.5615811975021977,1.0
60.23867699018368,0.5455770505591001,1.0
60.248676990183675,0.5385410293200235,1.0
60.25867699018368,0.5658907769255678,1.0
60.26867699018368,0.5815662329062716,1.0
60.278676990183676,0.5787209122822203,1.0
60.288676990183674,0.5703457293700543,1.0
60.29867699018368,0.540073666522448,1.0
60.30867699018368,0.4914988823376804,1.0
60.318676990183675,0.4909091074997951,1.0
60.32867699018368,0.5259669891764104,1.0
60.33867699018368,0.5371230139347188,1.0
60.34867699018368,0.5341598408349615,1.0
60.358676990183675,0.5347163595669069,1.0
60.36867699018368,0.5312306833567593,1.0
60.37867699018368,0.5241727710127626,1.0
60.388676990183676,0.5172807413859029,1.0
60.39867699018368,0.5255767737520445,1.0
60.40867699018368,0.5262761407066586,1.0
60.41867699018368,0.520503613810841,1.0
60.428676990183675,0.52133526520994,1.0
60.43867699018368,0.512841146685186,1.0
60.44867699018368,0.504673112289688,1.0
60.458676990183676,0.5007717002393813,1.0
60.46867699018368,0.5070058197594906,1.0
60.47867699018368,0.5055966807296917,1.0
60.48867699018368,0.49942687980468414,1.0
60.498676990183675,0.5024941900298677,1.0
60.50867699018368,0.4972864088553983,1.0
60.51867699018368,0.49055351661967056,1.0
60.528676990183676,0.5112136487058303,1.0
60.538676990183674,0.5209767777778551,1.0
60.54867699018368,0.4893993765785937,1.0
60.55867699018368,0.4543511634754,1.0
60.568676990183675,0.4501730777946671,0.9993055555555599
60.57867699018368,0.44822428375251944,0.9981150793650801
60.58867699018368,0.4330433973083922,0.9981150793650801
60.59867699018368,0.44149285432906504,0.9981150793650801
60.608676990183675,0.4622287460229829,0.9974206349206357
60.61867699018368,0.46602750363870915,0.9974206349206357
60.62867699018368,0.46023782937953944,0.9974206349206357
60.638676990183676,0.4635058192847414,0.9943650793650901
60.64867699018368,0.4603680561613591,0.9939484126984135
60.65867699018368,0.4507320242841248,0.9939484126984135
60.66867699018368,0.44531692169256953,0.9939484126984135
60.678676990183675,0.4515357068032153,0.9939484126984135
60.68867699018368,0.45264079850070277,0.9939484126984135
60.69867699018368,0.4419312616315132,0.9939484126984135
60.708676990183676,0.4423581352035747,0.991567460317461
60.718676990183674,0.4316581421659105,0.991567460317461
60.72867699018368,0.4301197864928595,0.991567460317461
60.73867699018368,0.4326814322158314,0.991567460317461
60.748676990183675,0.42870053017766585,0.991567460317461
60.75867699018368,0.41676141914976633,0.991567460317461
60.76867699018368,0.4061231467575902,0.991567460317461
60.778676990183676,0.40212283250532393,0.9894841269841277
60.788676990183674,0.3968215588563813,0.9894841269841277
60.79867699018368,0.39063579278534255,0.9894841269841277
60.80867699018368,0.38846013239611427,0.9828174603174795
60.818676990183675,0.3870121759718392,0.9728174603174824
60.82867699018368,0.38301826895118013,0.9642063492063523
60.83867699018368,0.3821728413807606,0.9633134920634949
60.84867699018368,0.38767782835567555,0.9540277777777942
60.858676990183675,0.3857521900176127,0.944027777777797
60.86867699018368,0.38344420733659657,0.9374007936507992
60.87867699018368,0.3770093511950537,0.9287896825397004
60.888676990183676,0.3666808733928966,0.9187896825397032
60.89867699018368,0.36275594695906543,0.91170634920635
60.90867699018368,0.3662788750649567,0.9100396825396928
60.91867699018368,0.37254270451768706,0.9005952380952531
60.928676990183675,0.3734203792621068,0.8905952380952602
60.93867699018368,0.3684787512237883,0.8842063492063548
60.94867699018368,0.359699348609395,0.8747619047619212
60.958676990183676,0.3518908167752283,0.864761904761924
60.968676990183674,0.35545350241402074,0.8589285714285723
60.97867699018368,0.3729952608972452,0.8558730158730308
60.98867699018368,0.3908348264138821,0.8458730158730365
60.998676990183675,0.40488724171586815,0.835873015873038
61.00867699018368,0.41427016888750773,0.8283730158730285
61.01867699018368,0.37905046206692883,0.8186507936508086
61.028676990183676,0.34064490558033234,0.8086507936508115
61.038676990183674,0.363762269690081,0.804067460317461
61.04867699018368,0.4238600654253397,0.7996626984127148
61.05867699018368,0.45107120074606255,0.7896626984127176
61.068676990183675,0.43844640732992485,0.7796626984127204
61.07867699018368,0.39263151531281504,0.7708531746031895
61.08867699018368,0.34833277305649823,0.7608531746031895
61.09867699018368,0.3361419340833508,0.7510912698412817
61.108676990183675,0.3755239435543481,0.7487103174603181
61.11867699018368,0.42086984969165075,0.7424603174603324
61.12867699018368,0.43008073138059993,0.7324603174603351
61.138676990183676,0.41594263656021224,0.722460317460338
61.148676990183674,0.38394914852155104,0.7152380952381171
61.15867699018368,0.36460522066292234,0.7052380952381101
61.16867699018368,0.3631583485965511,0.6952380952381101
61.178676990183675,0.38810279955152266,0.6943055555555593
61.18867699018368,0.4086009097046586,0.6864484126984276
61.19867699018368,0.4102766315484997,0.676448412698429
61.208676990183676,0.40910389218250554,0.667281746031759
61.218676990183674,0.4013515359364933,0.6592261904762126
61.22867699018368,0.3875522872030044,0.6492261904762054
61.23867699018368,0.3883195640453814,0.6408928571428678
61.248676990183675,0.40356374754339935,0.6399206349206499
61.25867699018368,0.4083983206495631,0.631031746031761
61.26867699018368,0.40461408798583814,0.621031746031761
61.278676990183676,0.40009687233597724,0.6118650793650887
61.288676990183674,0.3917911459994539,0.6031150793651
61.29867699018368,0.39077355413099163,0.5931150793650958
61.30867699018368,0.4034152263121328,0.5856150793650802
61.318676990183675,0.41444210134032144,0.5842261904761983
61.32867699018368,0.4093090641212592,0.5742261904762054
61.33867699018368,0.40654361930927563,0.5642261904762055
61.34867699018368,0.4085298783451513,0.5564484126984265
61.358676990183675,0.40568258371865334,0.5470039682539874
61.36867699018368,0.4138559210715612,0.5370039682539832
61.37867699018368,0.4108403207667134,0.5314484126984135
61.388676990183676,0.40540889381888384,0.5286706349206522
61.398676990183674,0.4012261792367915,0.5188095238095458
61.40867699018368,0.40511150043888605,0.5088095238095388
61.41867699018368,0.4069689503600189,0.500595238095247
61.428676990183675,0.4186410352887249,0.4905952380952559
61.43867699018368,0.42485458934729536,0.48059523809525306
61.44867699018368,0.41546087854761743,0.4767857142857151
61.458676990183676,0.41394288403635454,0.4722023809524002
61.468676990183674,0.406900438279696,0.46220238095240307
61.47867699018368,0.4072803362864963,0.45220238095239595
61.48867699018368,0.4054466244598296,0.44428571428572927
61.498676990183675,0.4117047505080315,0.43428571428573637
61.50867699018368,0.41387107098597764,0.42428571428572925
61.51867699018368,0.40842517963079106,0.42192460317460395
61.528676990183676,0.3858525956116944,0.4154960317460496
61.538676990183674,0.36592679054912397,0.4054960317460524
61.54867699018368,0.385228785555906,0.3956150793650923
61.55867699018368,0.4188709148580598,0.38678571428573355
61.568676990183675,0.4259982146605202,0.3774801587301773
61.57867699018368,0.42385952252087694,0.3695039682539762
61.58867699018368,0.44397999778953184,0.36825396825396906
61.59867699018368,0.429266159306711,0.3611706349206514
61.608676990183675,0.3925032443686829,0.3518650793650987
61.61867699018368,0.3782784955458514,0.3418650793650944
61.62867699018368,0.374795629854287,0.33464285714287506
61.638676990183676,0.3715523326068068,0.3276984126984235
61.648676990183674,0.37787882615272606,0.31894841269841356
61.65867699018368,0.4037271999119683,0.318115079365085
61.66867699018368,0.40545245741600333,0.30922619047620553
61.678676990183675,0.3866499509086726,0.2992261904762084
61.68867699018368,0.3784097648165696,0.2914484126984183
61.69867699018368,0.37838972513203706,0.2826984126984292
61.708676990183676,0.35343205211266854,0.27507936507938446
61.718676990183674,0.35911509540212305,0.2678571428571509
61.72867699018368,0.3539665684745757,0.26646825396826673
61.73867699018368,0.32028387532960756,0.2568849206349358
61.748676990183675,0.30400086732494114,0.24688492063494286
61.75867699018368,0.2885120271630206,0.23900793650794347
61.76867699018368,0.2770694276960512,0.22996031746033255
61.778676990183676,0.2658455222252477,0.22204365079366875
61.788676990183674,0.26163887532400587,0.21607142857142944
61.79867699018368,0.26477066793612053,0.21246031746033256
61.80867699018368,0.24740353653891037,0.20912698412698502
61.818676990183675,0.23949530437893712,0.20912698412698502
61.82867699018367,0.2404362766147717,0.21259920634922502
61.83867699018368,0.2504368313928631,0.203968253968265
61.84867699018368,0.26007805148178426,0.20948412698411745
61.858676990183675,0.2727607305623735,0.2183730158729983
61.86867699018368,0.28339966602666705,0.22083333333334368
61.87867699018368,0.2955040902362429,0.22819444444443396
61.888676990183676,0.3001845446961928,0.23166666666666091
61.898676990183674,0.30548095927843066,0.23708333333334486
61.90867699018368,0.30538331930537993,0.23708333333332474
61.91867699018368,0.3055227891573758,0.24652777777776444
61.928676990183675,0.30541115594242146,0.2565277777777616
61.93867699018368,0.2977853641818569,0.25902777777777863
61.94867699018368,0.29879465235224656,0.2681944444444297
61.958676990183676,0.303490883187631,0.27819444444442687
61.968676990183674,0.30798964847077337,0.2840277777777787
61.97867699018368,0.31138270771478627,0.28708333333332003
61.98867699018368,0.3136599002748622,0.29708333333332
61.998676990183675,0.30922367136053386,0.30680555555554223
62.00867699018368,0.3113283010010173,0.3111111111111002
62.01867699018368,0.3155642202579421,0.32083333333332004
62.028676990183676,0.312027384657976,0.33083333333331716
62.038676990183674,0.3152672713456178,0.33541666666666753
62.04867699018368,0.3160489630951226,0.3398214285714153
62.05867699018368,0.31633581384767784,0.349821428571411
62.068676990183675,0.3165707352534758,0.35982142857140814
62.07867699018367,0.32499208792794676,0.36863095238093196
62.08867699018368,0.32899002531437327,0.378630952380939
62.09867699018368,0.33409556113471206,0.3883928571428469
62.108676990183675,0.3426564276990199,0.39077380952381036
62.11867699018368,0.32871929610546163,0.3970238095237962
62.12867699018368,0.3268986794070111,0.4070238095237933
62.138676990183676,0.32851476187979506,0.4170238095237905
62.148676990183674,0.34713480298681015,0.4242460317460113
62.15867699018368,0.35953364600042875,0.4342460317460184
62.16867699018368,0.3587626305642057,0.44424603174601834
62.178676990183675,0.35404080199227633,0.44517857142856987
62.18867699018368,0.34676304163683075,0.4530357142857009
62.19867699018368,0.34543470167345947,0.4630357142856995
62.208676990183676,0.3462721995181553,0.4722023809523695
62.218676990183674,0.3527007589343876,0.4802579365079161
62.22867699018368,0.3672779270918682,0.49025793650792315
62.23867699018368,0.37331907341524495,0.4969246031746041
62.248676990183675,0.37425348831268684,0.4974801587301454
62.25867699018367,0.3596947644740397,0.5063690476190271
62.26867699018368,0.36239014788751467,0.5163690476190343
62.278676990183676,0.3738333441883447,0.5249801587301568
62.288676990183674,0.40059683086313264,0.5328968253968064
62.29867699018368,0.4201710492576141,0.542896825396812
62.30867699018368,0.4145156198397314,0.5497023809523819
62.318676990183675,0.39280046452533973,0.5510912698412637
62.32867699018367,0.3834229994497166,0.5610912698412495
62.33867699018368,0.38321707305558805,0.5710912698412566
62.34867699018368,0.38444922370107387,0.5788690476190356
62.358676990183675,0.4050256424424018,0.5883134920634746
62.36867699018368,0.37791398246542957,0.5983134920634788
62.37867699018368,0.3750989212590142,0.6038690476190486
62.388676990183676,0.4006168106025677,0.6066468253968098
62.398676990183674,0.4156703701198559,0.6165079365079162
62.40867699018368,0.4073738779381333,0.6265079365079234
62.41867699018368,0.38496236657075306,0.6347222222222152
62.428676990183675,0.34011067402292566,0.6447222222222063
62.43867699018368,0.3381852454468499,0.6547222222222091
62.44867699018368,0.3424724205303879,0.6585317460317471
62.458676990183676,0.34511675187797675,0.6631150793650621
62.468676990183674,0.3474683514606647,0.6731150793650592
62.47867699018368,0.34228291375632064,0.6831150793650663
62.48867699018368,0.35203133982558105,0.6910317460317329
62.498676990183675,0.35445839774785776,0.7010317460317259
62.50867699018367,0.3553369896181606,0.7110317460317258
62.51867699018368,0.36451370436533354,0.7133928571428583
62.528676990183676,0.36743697388355046,0.7198214285714126
62.538676990183674,0.368289246805587,0.7298214285714097
62.54867699018368,0.3691492377983822,0.7397023809523698
62.55867699018368,0.36995244473867844,0.7485317460317287
62.568676990183675,0.36385083020611886,0.7585317460317259
62.57867699018367,0.3671635899686985,0.7676984126984032
62.58867699018368,0.3687773150799376,0.7689484126984139
62.59867699018368,0.37031884022479566,0.7760317460317315
62.608676990183675,0.3732322055034564,0.7860317460317287
62.61867699018368,0.37586779079995863,0.796031746031733
62.62867699018368,0.3834668163376187,0.8032539682539523
62.638676990183676,0.37671969658011656,0.8132539682539496
62.648676990183674,0.37575127604538033,0.8224206349206361
62.65867699018368,0.37964162675078905,0.8232539682539647
62.66867699018368,0.3846993877292016,0.8321428571428442
62.678676990183675,0.39018446243873733,0.8421428571428413
62.68867699018368,0.39388995911115887,0.8499206349206315
62.69867699018368,0.3984944109389276,0.8586706349206206
62.708676990183676,0.40260267956723883,0.8686706349206178
62.718676990183674,0.40240576941622613,0.8758928571428514
62.72867699018368,0.40434949084279337,0.8772817460317356
62.73867699018368,0.4062374121079415,0.8868650793650665
62.748676990183675,0.4072728054620085,0.8968650793650594
62.75867699018367,0.4078774480387409,0.9047420634920558
62.76867699018368,0.3999502448793577,0.9137896825396697
62.778676990183676,0.4006988397165773,0.9237896825396669
62.788676990183674,0.40201480332700756,0.9297619047619061
62.79867699018368,0.40219910014265936,0.933373015873003
62.80867699018368,0.39367423891858083,0.9433730158729988
62.818676990183675,0.3931621744218636,0.9533730158729959
62.82867699018367,0.40040761365258826,0.9585119047618847
62.83867699018368,0.39980551939759496,0.9680357142857035
62.84867699018368,0.3923116142362631,0.971527777777779
62.858676990183675,0.39232392414927547,0.971527777777779
62.86867699018368,0.39195095347452286,0.9756944444444315
62.87867699018368,0.39124623773651257,0.97694444444444
62.888676990183676,0.3982423073503857,0.9834722222222102
62.898676990183674,0.4004863770544607,0.9851388888888795
62.90867699018368,0.41212359282211725,0.9868055555555568
62.91867699018368,0.4067337314733102,0.9826388888889019
62.928676990183675,0.408020531216587,0.9826388888888901
62.93867699018367,0.41579373671678077,0.9865277777777719
62.94867699018368,0.4157734080103358,0.9868055555555568
62.958676990183676,0.42435781977977177,0.9868055555555568
62.968676990183674,0.4478790646468913,0.9868055555555568
62.97867699018368,0.46000512750512956,0.9868055555555568
62.98867699018368,0.44554133322294986,0.9855555555555592
62.998676990183675,0.439273596818098,0.9856944444444387
63.00867699018367,0.4433221886987545,0.9888888888888903
63.01867699018368,0.4691995812513808,0.9888888888888903
63.028676990183676,0.49325945489067957,0.9888888888888903
63.038676990183674,0.5051043250043696,0.9888888888888903
63.04867699018368,0.5166439434281332,0.9886507936507991
63.05867699018368,0.5171039191872397,0.9870039682539696
63.068676990183675,0.5153482887603609,0.9870039682539696
63.07867699018367,0.5317396256032425,0.9870039682539696
63.08867699018368,0.5566739325332991,0.9870039682539696
63.09867699018368,0.551473860157181,0.9870039682539696
63.108676990183675,0.5018536036819657,0.9870039682539696
63.11867699018368,0.5179802874762116,0.9870039682539696
63.12867699018368,0.558057059582225,0.9856150793650807
63.138676990183676,0.5602218286855486,0.9856150793650807
63.148676990183674,0.560118753217487,0.9856150793650807
63.15867699018368,0.5593184555483427,0.9856150793650807
63.16867699018368,0.5669207639027808,0.9856150793650807
63.178676990183675,0.5633837345421059,0.9856150793650807
63.18867699018367,0.5551937380706641,0.9850595238095288
63.19867699018368,0.5554351190319288,0.9849206349206363
63.208676990183676,0.5552653938112794,0.9849206349206363
63.218676990183674,0.555940224786404,0.9849206349206363
63.22867699018368,0.5607131631326369,0.9849206349206363
63.23867699018368,0.5666020249602645,0.9865873015872959
63.248676990183675,0.5248415269615622,0.9870039682539696
63.25867699018367,0.5563066045296288,0.9870039682539696
63.26867699018368,0.5703212561195073,0.9870039682539696
63.278676990183676,0.5698863322028289,0.9875595238095195
63.288676990183674,0.5694594224550821,0.9883928571428586
63.29867699018368,0.5711851776307233,0.9883928571428586
63.30867699018368,0.5783405554493478,0.989087301587303
63.318676990183675,0.5788498210716008,0.989087301587303
63.32867699018367,0.5714467279145099,0.989087301587303
63.33867699018368,0.5725357916618637,0.989087301587303
63.34867699018368,0.5738907308068675,0.989087301587303
63.358676990183675,0.5753188586288569,0.989087301587303
63.36867699018367,0.5840501546254009,0.989087301587303
63.37867699018368,0.5829677702658848,0.989087301587303
63.388676990183676,0.5756088516780087,0.989087301587303
63.398676990183674,0.5721011254846673,0.989087301587303
63.40867699018368,0.5694805432412112,0.989087301587303
63.41867699018368,0.5656358954069565,0.989087301587303
63.428676990183675,0.556438811301596,0.989087301587303
63.43867699018367,0.5571543133374993,0.989087301587303
63.44867699018368,0.564859046013369,0.989087301587303
63.458676990183676,0.5652877217089326,0.989087301587303
63.468676990183674,0.5588318810742038,0.989087301587303
63.47867699018368,0.5674824243656753,0.989087301587303
63.48867699018368,0.5669356103303572,0.989087301587303
63.498676990183675,0.5668907873034261,0.989087301587303
63.50867699018367,0.5719982092491253,0.989087301587303
63.51867699018368,0.574685146893835,0.989087301587303
63.528676990183676,0.5710894469661221,0.989087301587303
63.538676990183674,0.5663553218775053,0.989087301587303
63.54867699018368,0.5644094915739243,0.9883928571428586
63.55867699018368,0.5621175465577544,0.9883928571428586
63.568676990183675,0.5694486685273398,0.9883928571428586
63.57867699018367,0.5681516939932725,0.9883928571428586
63.58867699018368,0.566368150667294,0.9883928571428586
63.59867699018368,0.5654144833643046,0.9883928571428586
63.608676990183675,0.5658541022601763,0.9883928571428586
63.61867699018367,0.5663706769632022,0.9883928571428586
63.62867699018368,0.5664462757577157,0.9883928571428586
63.638676990183676,0.571868637645488,0.9883928571428586
63.648676990183674,0.5709550413251353,0.9883928571428586
63.65867699018368,0.5678057094741475,0.9883928571428586
63.66867699018368,0.5574195758792492,0.9883928571428586
63.678676990183675,0.5286201300341258,0.9870039682539697
63.68867699018367,0.5274504811801408,0.9870039682539697
63.69867699018368,0.479798615602133,0.9863095238095254
63.708676990183676,0.4509547496959581,0.9863095238095254
63.718676990183674,0.450724889254632,0.985615079365081
63.72867699018368,0.43794030647372195,0.985615079365081
63.73867699018368,0.44282089353952014,0.985615079365081
63.748676990183675,0.4941833919534933,0.985615079365081
63.75867699018367,0.5002774910137749,0.985615079365081
63.76867699018368,0.4902087594438448,0.985615079365081
63.778676990183676,0.5232449897826595,0.985615079365081
63.788676990183674,0.47743920487501346,0.985615079365081
63.79867699018368,0.3688964564487053,0.985615079365081
63.80867699018368,0.3847174458905044,0.985615079365081
63.818676990183675,0.4471542233548579,0.985615079365081
63.82867699018367,0.4296394096891125,0.985615079365081
63.83867699018368,0.37697332593458655,0.985615079365081
63.84867699018368,0.3865791426489143,0.9858928571428536
63.858676990183675,0.38709690594497664,0.9870039682539699
63.86867699018367,0.3782938197602142,0.9870039682539699
63.87867699018368,0.38104027940768775,0.9870039682539699
63.888676990183676,0.42307023455916026,0.9870039682539699
63.898676990183674,0.3953781016402983,0.9870039682539699
63.90867699018368,0.3748875104212705,0.9870039682539699
63.91867699018368,0.3760114764677307,0.9911706349206247
63.928676990183675,0.3838547714794441,0.9911706349206366
63.93867699018367,0.37477897748492095,0.9911706349206366
63.94867699018368,0.3884032643321178,0.9911706349206366
63.958676990183676,0.406258891776799,0.9911706349206366
63.968676990183674,0.36976423893415367,0.9911706349206366
63.97867699018368,0.35699476869234686,0.9911706349206366
63.98867699018368,0.37666209038884263,0.9903373015873008
63.998676990183675,0.3531610702929615,0.9904761904761921
64.00867699018367,0.3522849455024109,0.9904761904761921
64.01867699018368,0.3514629952815489,0.9904761904761921
64.02867699018367,0.35093139566173864,0.9904761904761921
64.03867699018367,0.3504163340663897,0.9904761904761921
64.04867699018368,0.35042515341518515,0.9905753968253967
64.05867699018367,0.35042271593839713,0.9916666666666683
64.06867699018368,0.3504846470147452,0.9916666666666683
64.07867699018368,0.34300975737660266,0.9916666666666683
64.08867699018367,0.34304568711920913,0.9916666666666683
64.09867699018368,0.34283093396693204,0.9916666666666683
64.10867699018368,0.34292474723780875,0.9916666666666683
64.11867699018367,0.3431786304748958,0.9916666666666683
64.12867699018368,0.3432228008665334,0.9909722222222238
64.13867699018368,0.3355830722882806,0.9909722222222238
64.14867699018367,0.3352785641451673,0.9909722222222238
64.15867699018368,0.3353101504294684,0.9909722222222238
64.16867699018367,0.33580481133063733,0.9909722222222238
64.17867699018367,0.3336774092224506,0.9909722222222238
64.18867699018368,0.33728166303669527,0.9904166666666706
64.19867699018367,0.33575186470488794,0.9902777777777794
64.20867699018368,0.3299972157934164,0.9902777777777794
64.21867699018368,0.33032902655799656,0.9902777777777794
64.22867699018367,0.3292581283255079,0.9902777777777794
64.23867699018368,0.3278926767337165,0.9902777777777794
64.24867699018368,0.31973626887480433,0.9902777777777794
64.25867699018367,0.32283489424517753,0.9883333333333464
64.26867699018368,0.3244359501301885,0.9875000000000017
64.27867699018367,0.3233008206854389,0.9875000000000017
64.28867699018367,0.32194243906929576,0.9875000000000017
64.29867699018368,0.32092936284424123,0.9875000000000017
64.30867699018367,0.31990606710608704,0.9875000000000017
64.31867699018368,0.31942442947680916,0.9875000000000017
64.32867699018368,0.3191760351059665,0.9861111111111127
64.33867699018367,0.3187435413480166,0.9861111111111127
64.34867699018368,0.31097861060546717,0.9861111111111127
64.35867699018368,0.3099620432589151,0.9861111111111127
64.36867699018367,0.3093151783426164,0.9861111111111127
64.37867699018368,0.31068069862339603,0.9861111111111127
64.38867699018367,0.31887913844388327,0.9861111111111127
64.39867699018367,0.32286112591886595,0.9834920634920681
64.40867699018368,0.3193048108257684,0.9829365079365097
64.41867699018367,0.31757099613964096,0.9829365079365097
64.42867699018367,0.3252023094014458,0.977797619047635
64.43867699018368,0.3177198965891611,0.967797619047635
64.44867699018367,0.31563454787001405,0.9582738095238235
64.45867699018368,0.3073974960132254,0.9568452380952398
64.46867699018368,0.31433454125206145,0.9492063492063652
64.47867699018367,0.3100516901818643,0.9392063492063708
64.48867699018368,0.30277951342877235,0.9346230158730175
64.49867699018368,0.2997336168430991,0.9282341269841429
64.50867699018367,0.30024277068559935,0.9182341269841514
64.51867699018368,0.30056121461379304,0.908928571428585
64.52867699018367,0.3038526489589195,0.9082142857142995
64.53867699018367,0.30806752259699893,0.8996428571428731
64.54867699018368,0.3083689140145091,0.8903373015873174
64.55867699018367,0.3091908114958761,0.8852182539682557
64.56867699018368,0.3099699948227374,0.8768849206349365
64.57867699018368,0.30976648182922156,0.8668849206349365
64.58867699018367,0.30902212007478297,0.8596626984127044
64.59867699018368,0.3092306408610705,0.8586904761904921
64.60867699018368,0.30926144545318585,0.8486904761904922
64.61867699018367,0.3087408286165102,0.8386904761904922
64.62867699018368,0.3065827941094036,0.833690476190485
64.63867699018367,0.30457089462173065,0.8249404761905064
64.64867699018367,0.30323406464753444,0.814940476190495
64.65867699018368,0.30298926537812965,0.8088293650793669
64.66867699018367,0.3321793593545574,0.8074404761904874
64.67867699018367,0.34786176100913385,0.798829365079381
64.68867699018368,0.3499193889370879,0.788829365079381
64.69867699018367,0.347288870642731,0.7850793650793951
64.70867699018368,0.3549145843876119,0.775079365079381
64.71867699018368,0.3695350953635029,0.7657738095238253
64.72867699018367,0.3611885510090387,0.7616071428571445
64.73867699018368,0.36649745994426625,0.7582738095238254
64.74867699018368,0.38642587910613774,0.7482738095238254
64.75867699018367,0.3847831672619492,0.7386904761904968
64.76867699018368,0.378235977108946,0.7338293650793785
64.77867699018367,0.3863346452685486,0.723829365079395
64.78867699018367,0.3953291435452553,0.7138293650793809
64.79867699018368,0.39050258935767246,0.711210317460319
64.80867699018367,0.38423564774689983,0.7052380952381195
64.81867699018368,0.39664871587486333,0.695238095238111
64.82867699018368,0.4035059756716378,0.6873214285714325
64.83867699018367,0.40436870571446426,0.6821825396825667
64.84867699018368,0.412704842743745,0.6721825396825554
64.85867699018368,0.4132415472563812,0.6625992063492196
64.86867699018367,0.3931086238916665,0.6612103174603189
64.87867699018368,0.3897517131199893,0.6535912698412856
64.88867699018367,0.38313930217917486,0.6435912698412998
64.89867699018367,0.38240835798337014,0.6368055555555572
64.90867699018368,0.3878467337327059,0.6301388888889047
64.91867699018367,0.4014383752146047,0.6201388888889189
64.92867699018367,0.40179226774737026,0.6115277777777818
64.93867699018368,0.39994172697460856,0.6105555555555595
64.94867699018367,0.4047586399314983,0.60125000000003
64.95867699018368,0.40278631764857414,0.5912500000000159
64.96867699018368,0.40508686593927934,0.5847222222222263
64.97867699018367,0.41387616379928943,0.5768055555555772
64.98867699018368,0.41013967991596345,0.5688888888889048
64.99867699018368,0.42115136576862916,0.5611111111111129
65.00867699018367,0.4284416562582376,0.5594444444444614
65.01867699018368,0.4160126438223618,0.550000000000016
65.02867699018367,0.4087139832118187,0.5404761904762125
65.03867699018367,0.409931163959393,0.5374404761904804
65.04867699018368,0.4189341775490915,0.5334126984127073
65.05867699018367,0.4160323461227867,0.5287103174603306
65.06867699018368,0.4170077016782467,0.526488095238097
65.07867699018368,0.4275105666908602,0.5241269841270001
65.08867699018367,0.4216849381837788,0.5189880952381012
65.09867699018368,0.4182305248099492,0.5166269841269883
65.10867699018368,0.42236825866723904,0.5142857142857261
65.11867699018367,0.4258940261077215,0.5075396825396914
65.12867699018368,0.42275436699377145,0.5075396825396843
65.13867699018367,0.4388085937148011,0.5075396825396843
65.14867699018367,0.4441011209601979,0.50378968253969
65.15867699018368,0.4403984751814013,0.5026785714285732
65.16867699018367,0.42497209565388866,0.5019841269841335
65.17867699018367,0.4216367323958721,0.5007341269841334
65.18867699018368,0.41805277337191,0.49845238095238004
65.19867699018367,0.42613600567556303,0.4986111111111129
65.20867699018368,0.4435869913248336,0.4986111111111129
65.21867699018368,0.4446144589415254,0.4941468253968343
65.22867699018367,0.44358942471792867,0.4941468253968272
65.23867699018368,0.4477855713190964,0.4941468253968272
65.24867699018368,0.46176337477210955,0.4941468253968272
65.25867699018367,0.45324441174566854,0.49609126984126034
65.26867699018368,0.4517451504138325,0.496924603174605
65.27867699018367,0.45908197253506716,0.496924603174605
65.28867699018367,0.44863606975224,0.4948412698412717
65.29867699018368,0.4471685589820441,0.4948412698412717
65.30867699018367,0.4549613776052283,0.4948412698412717
65.31867699018368,0.4563233092135434,0.4948412698412717
65.32867699018368,0.46099475555782776,0.4962301587301605
65.33867699018367,0.4646686647531236,0.4962301587301605
65.34867699018368,0.47421941026728215,0.4962301587301605
65.35867699018368,0.4579289799165466,0.4948412698412717
65.36867699018367,0.46620136258132266,0.4948412698412717
65.37867699018368,0.4712459537797445,0.49456349206349626
65.38867699018367,0.4926983099363354,0.4941468253968272
65.39867699018367,0.4988153242682383,0.496765873015872
65.40867699018368,0.48226373116706106,0.4973214285714304
65.41867699018367,0.4758341945846933,0.4973214285714304
65.42867699018367,0.4755132243029437,0.5024603174603052
65.43867699018368,0.48723651766390785,0.5124603174603051
65.44867699018367,0.49390820254153406,0.5217460317460295
65.45867699018368,0.5149513869968043,0.522222222222224
65.46867699018368,0.5180741505587131,0.5298611111110987
65.47867699018367,0.5203235927734546,0.5398611111110929
65.48867699018368,0.5278159871248643,0.5444444444444462
65.49867699018367,0.5312423682354919,0.5508333333333068
65.50867699018367,0.5254203789838419,0.5608333333333124
65.51867699018368,0.5369600619315524,0.5687499999999946
65.52867699018367,0.547581832079402,0.567380952380942
65.53867699018367,0.5473491200456672,0.5759523809523684
65.54867699018368,0.5437402041677303,0.5859523809523685
65.55867699018367,0.5380995454007201,0.5910714285714302
65.56867699018368,0.5353018563408563,0.5994047619047493
65.57867699018368,0.5302607438127657,0.6094047619047495
65.58867699018367,0.5327267972813603,0.6160714285714303
65.59867699018368,0.5285310285822894,0.6169047619047494
65.60867699018368,0.5260175111891545,0.6269047619047493
65.61867699018367,0.5248900938389339,0.6369047619047493
65.62867699018368,0.5213404422043508,0.6419047619047565
65.63867699018367,0.5204622231116546,0.6506547619047351
65.64867699018367,0.5227176464661903,0.6606547619047465
65.65867699018368,0.5227221567160167,0.6663492063492104
65.66867699018367,0.521965982959978,0.6674603174603098
65.67867699018367,0.5124912933981263,0.677460317460305
65.68867699018368,0.5019268162828215,0.6874603174603049
65.69867699018367,0.4983242358923193,0.6919047619047352
65.70867699018368,0.494892230727294,0.7019047619047494
65.71867699018368,0.48357555337451263,0.7119047619047494
65.72867699018367,0.49305982324997266,0.7160714285714302
65.73867699018368,0.503478736616659,0.7194047619047493
65.74867699018367,0.5051013426963028,0.7294047619047351
65.75867699018367,0.5114762289737669,0.738988095238078
65.76867699018368,0.5185501908944244,0.7438492063491963
65.77867699018367,0.49929376250999896,0.7538492063491797
65.78867699018367,0.4905306563593602,0.7638492063491938
65.79867699018368,0.49924907754023456,0.7664682539682557
65.80867699018367,0.510642794430358,0.7724404761904552
65.81867699018368,0.49864471281552103,0.7824404761904638
65.82867699018368,0.4930660109976751,0.7903571428571422
65.83867699018367,0.4956827596821564,0.795496031746008
65.84867699018368,0.484697999956809,0.8054960317460194
65.85867699018368,0.475671580688331,0.8150793650793551
65.86867699018367,0.4982823249212118,0.8164682539682558
65.87867699018368,0.5111654843138348,0.8240873015872892
65.88867699018367,0.5186645001585283,0.834087301587275
65.89867699018367,0.5304349928164552,0.8408730158730175
65.90867699018368,0.5343319874669287,0.84753968253967
65.91867699018367,0.5206248264674325,0.8575396825396558
65.92867699018367,0.518297350116377,0.866150793650793
65.93867699018368,0.5287915073928651,0.8671230158730152
65.94867699018367,0.5315216491947047,0.8764285714285447
65.95867699018368,0.5304714649226782,0.8864285714285588
65.96867699018368,0.5362581927875115,0.8929563492063485
65.97867699018367,0.5371357251720268,0.9008730158729975
65.98867699018368,0.5342880257882711,0.9108730158730033
65.99867699018367,0.5343391579439469,0.9186507936507952
66.00867699018367,0.5372753176912083,0.9203174603174467
66.01867699018368,0.5217782652428511,0.929761904761892
66.02867699018367,0.48965913147653484,0.9392857142856955
66.03867699018367,0.4903358433315889,0.9423214285714276
66.04867699018368,0.5055170644175635,0.9464880952380873
66.05867699018367,0.5227126807909263,0.9517460317460218
66.06867699018368,0.5302505072298062,0.9539682539682555
66.07867699018368,0.5370159145153878,0.9563293650793523
66.08867699018367,0.5369895627717078,0.9614682539682511
66.09867699018368,0.5265971845839642,0.963829365079364
66.10867699018368,0.5229074345685941,0.9661706349206262
66.11867699018367,0.5266340114463575,0.972916666666661
66.12867699018368,0.5345436551967976,0.9750000000000014
66.13867699018367,0.5333706322082157,0.9750000000000014
66.14867699018367,0.5329273913691657,0.9787499999999958
66.15867699018368,0.5362696031424239,0.9798611111111126
66.16867699018367,0.5433292467711867,0.9805555555555523
66.17867699018367,0.5418090918929543,0.9818055555555523
66.18867699018368,0.543769744884095,0.9851984126984121
66.19867699018367,0.5410844107056798,0.9853174603174618
66.20867699018368,0.537199877460916,0.9853174603174618
66.21867699018368,0.5356853074203458,0.9897817460317404
66.22867699018367,0.5381177440787447,0.9897817460317475
66.23867699018368,0.5417497536112353,0.9897817460317475
66.24867699018367,0.5441736378340235,0.9897817460317475
66.25867699018367,0.5441412187335826,0.9897817460317475
66.26867699018368,0.5411288735437688,0.9897817460317475
66.27867699018367,0.5403465108951857,0.9897817460317475
66.28867699018367,0.5441340426088047,0.9918650793650808
66.29867699018368,0.5435494230686174,0.9918650793650808
66.30867699018367,0.543340353656692,0.9918650793650808
66.31867699018368,0.5439516297751461,0.9918650793650808
66.32867699018368,0.5459189654601744,0.9918650793650808
66.33867699018367,0.5377893012066812,0.9918650793650808
66.34867699018368,0.5341597920321433,0.9918650793650808
66.35867699018368,0.542803667232522,0.9932539682539698
66.36867699018367,0.5414842343529191,0.9932539682539698
66.37867699018368,0.5476955594245491,0.9935317460317452
66.38867699018367,0.5378083342015094,0.9939484126984142
66.39867699018367,0.5240042871108809,0.9939484126984142
66.40867699018368,0.5340944128119636,0.9939484126984142
66.41867699018367,0.5380660124828212,0.9939484126984142
66.42867699018367,0.5386152629458238,0.9939484126984142
66.43867699018368,0.5352113691675809,0.9939484126984142
66.44867699018367,0.5311370597861826,0.9941865079365013
66.45867699018368,0.5266272560021766,0.9951388888888903
66.46867699018368,0.516261621781168,0.9951388888888903
66.47867699018367,0.5151506795342218,0.9951388888888903
66.48867699018368,0.5158561880079159,0.9951388888888903
66.49867699018367,0.5180624926993099,0.9951388888888903
66.50867699018367,0.5265505580724051,0.9951388888888903
66.51867699018368,0.518325827462781,0.9965277777777745
66.52867699018367,0.5063829536055565,0.9986111111111126
66.53867699018367,0.4918168075691526,0.9986111111111126
66.54867699018368,0.49234953072223575,0.9986111111111126
66.55867699018367,0.4959882374045181,0.9986111111111126
66.56867699018368,0.4977766296336769,0.9986111111111126
66.57867699018368,0.49725355198152354,0.9986111111111126
66.58867699018367,0.48458402865285577,0.9991666666666639
66.59867699018368,0.48242630253785695,0.9987500000000109
66.60867699018367,0.48478284325358056,0.9933928571428627
66.61867699018367,0.48196203396979265,0.9931547619047635
66.62867699018368,0.489436273231381,0.9931547619047635
66.63867699018367,0.4973611085831167,0.9931547619047635
66.64867699018367,0.5043256772099455,0.9931547619047635
66.65867699018368,0.4932224099025253,0.9935714285714277
66.66867699018367,0.46578860042325126,0.9938492063492078
66.67867699018367,0.4994959894367508,0.9931547619047635
66.68867699018368,0.5443474182570406,0.9931547619047635
66.69867699018367,0.5639287989510564,0.9931547619047635
66.70867699018368,0.5695675731420203,0.9931547619047635
66.71867699018368,0.5619213815915904,0.9931547619047635
66.72867699018367,0.5309250847313082,0.9931547619047635
66.73867699018368,0.49512756893328674,0.992043650793657
66.74867699018367,0.49011861286018943,0.9905753968253984
66.75867699018367,0.4937063835050036,0.9905753968253984
66.76867699018368,0.49928942324809583,0.9905753968253984
66.77867699018367,0.5354333925556763,0.9905753968253984
66.78867699018367,0.5504214884686874,0.9905753968253984
66.79867699018368,0.5353451482000371,0.9905753968253984
66.80867699018367,0.5116551732099833,0.9905753968253984
66.81867699018368,0.5082767040122116,0.9905753968253984
66.82867699018368,0.5043748025920505,0.9905753968253984
66.83867699018367,0.499049651862914,0.9905753968253984
66.84867699018368,0.4953577250090982,0.9905753968253984
66.85867699018367,0.4927190388001471,0.9905753968253984
66.86867699018367,0.4903937861663777,0.9905753968253984
66.87867699018368,0.4935449846909139,0.9905753968253984
66.88867699018367,0.5140561403992071,0.9900198412698471
66.89867699018367,0.5220550164174919,0.989880952380954
66.90867699018368,0.5180291742695757,0.989880952380954
66.91867699018367,0.5115430115047644,0.989880952380954
66.92867699018367,0.5021870143694755,0.989880952380954
66.93867699018368,0.4912628558998976,0.989880952380954
66.94867699018367,0.48280466216424534,0.989880952380954
66.95867699018368,0.49407810209830094,0.989880952380954
66.96867699018368,0.4958141017469576,0.989880952380954
66.97867699018367,0.486603952808052,0.989880952380954
66.98867699018368,0.4800692358653477,0.989880952380954
66.99867699018367,0.4722825781454845,0.989880952380954
67.00867699018367,0.4712289297387056,0.989880952380954
67.01867699018368,0.46402943881242525,0.989880952380954
67.02867699018367,0.46699358211814407,0.989880952380954
67.03867699018367,0.4634703637893822,0.989880952380954
67.04867699018368,0.4542907281999707,0.989880952380954
67.05867699018367,0.4465277870774655,0.989880952380954
67.06867699018368,0.44209298842902484,0.989880952380954
67.07867699018368,0.436851010464736,0.989880952380954
67.08867699018367,0.4284952443935353,0.9893253968254027
67.09867699018368,0.4295489313276847,0.9891865079365095
67.10867699018367,0.41238645172188665,0.9891865079365095
67.11867699018367,0.3928849501517394,0.9891865079365095
67.12867699018368,0.38839872460889796,0.9889087301587342
67.13867699018367,0.39483518151221236,0.9884920634920652
67.14867699018367,0.38808659724512223,0.9884920634920652
67.15867699018368,0.38900801074527397,0.9884920634920652
67.16867699018367,0.3915888273163611,0.9884920634920652
67.17867699018367,0.38807492063628757,0.9884920634920652
67.18867699018368,0.3838809913901557,0.9884920634920652
67.19867699018367,0.37607701204781024,0.9884920634920652
67.20867699018368,0.377873935540437,0.9884920634920652
67.21867699018368,0.3768425348596387,0.9884920634920652
67.22867699018367,0.37527801477329564,0.9884920634920652
67.23867699018368,0.37298722537953766,0.9884920634920652
67.24867699018367,0.36885665479590596,0.9884920634920652
67.25867699018367,0.36442327023338933,0.9884920634920652
67.26867699018368,0.3639397302401611,0.9884920634920652
67.27867699018367,0.3643223229288607,0.9884920634920652
67.28867699018367,0.35611711246680683,0.9884920634920652
67.29867699018368,0.34946710443433093,0.9884920634920652
67.30867699018367,0.34337616631802564,0.9884920634920652
67.31867699018368,0.3380866754266424,0.9884920634920652
67.32867699018368,0.33421811608853874,0.9884920634920652
67.33867699018367,0.3385860588898699,0.9871031746031762
67.34867699018368,0.3384762364212183,0.9871031746031762
67.35867699018367,0.3364960547856183,0.9871031746031762
67.36867699018367,0.31615301327380935,0.9871031746031762
67.37867699018368,0.3039682032000748,0.9871031746031762
67.38867699018367,0.3020868610534774,0.9871031746031762
67.39867699018367,0.3147615213669015,0.9871031746031762
67.40867699018368,0.33137535732975354,0.9871031746031762
67.41867699018367,0.3461291269644707,0.9871031746031762
67.42867699018367,0.3450618841494926,0.9871031746031762
67.43867699018368,0.3285288461202709,0.9871031746031762
67.44867699018367,0.3170930148543218,0.9871031746031762
67.45867699018368,0.30936027579557357,0.9871031746031762
67.46867699018368,0.31731985611357455,0.9864087301587342
67.47867699018367,0.3544959141404419,0.9829365079365096
67.48867699018368,0.40337411644296267,0.9829365079365096
67.49867699018367,0.41562971503603857,0.9829365079365096
67.50867699018367,0.40157727955004935,0.9823412698412715
67.51867699018368,0.3963903547204774,0.9816468253968271
67.52867699018367,0.3918925606358597,0.9816468253968271
67.53867699018367,0.40763148811082367,0.9788690476190611
67.54867699018368,0.4397347450091299,0.975396825396827
67.55867699018367,0.4619001993716666,0.975396825396827
67.56867699018368,0.45261933214086836,0.974702380952385
67.57867699018368,0.4585139625226352,0.9716468253968296
67.58867699018367,0.47914051183483447,0.9689682539682686
67.59867699018368,0.48102551392545934,0.9684126984126908
67.60867699018367,0.4798382318047004,0.9698809523809786
67.61867699018367,0.49336220985712304,0.9672619047619067
67.62867699018368,0.49352876103920307,0.9672619047619067
67.63867699018367,0.4879195330570187,0.9653571428571592
67.64867699018367,0.49223811540762985,0.9601587301587433
67.65867699018368,0.49814705444943436,0.9539087301587392
67.66867699018367,0.5137646283345014,0.9518849206349226
67.67867699018367,0.5207395655873395,0.9473015873015986
67.68867699018368,0.5268126480893022,0.9434126984127099
67.69867699018367,0.5309680777583498,0.9390873015873035
67.70867699018368,0.5341025880845747,0.9345039682539844
67.71867699018367,0.5368272186518077,0.9245039682539986
67.72867699018367,0.5427921784825362,0.9150595238095389
67.73867699018368,0.5657155161592146,0.9145039682539655
67.74867699018367,0.5541685165573794,0.9085912698413002
67.75867699018367,0.529343153614306,0.8985912698412861
67.76867699018368,0.5303502073926761,0.8899801587301702
67.77867699018367,0.5407851973240454,0.8835515873016178
67.78867699018367,0.5438377276485833,0.8735515873016035
67.79867699018368,0.5526063798774342,0.8643849206349227
67.80867699018367,0.5731812320217934,0.8639682539682598
67.81867699018368,0.5789636945225968,0.8553571428571591
67.82867699018368,0.5818689230961697,0.8453571428571591
67.83867699018367,0.5844063641528149,0.8386904761904783
67.84867699018368,0.5874520590867806,0.8309126984127148
67.85867699018367,0.590646822766297,0.820912698412729
67.86867699018367,0.5854443632007597,0.812996031746041
67.87867699018368,0.5960058349153694,0.8113293650793814
67.88867699018367,0.5950339216320178,0.8018849206349441
67.89867699018367,0.5934025301144932,0.7920238095238287
67.90867699018368,0.5918287680476902,0.783690476190483
67.91867699018367,0.5732565001027111,0.7748015873016177
67.92867699018367,0.5582122980080092,0.7648015873016035
67.93867699018368,0.5819701226383075,0.758829365079367
67.94867699018367,0.5963691073122024,0.7559126984127175
67.95867699018368,0.5887418442299218,0.7459126984127147
67.96867699018367,0.5790640334006898,0.7359126984127289
67.97867699018367,0.5884152647740554,0.728234126984146
67.98867699018368,0.5856921978396444,0.7185912698412861
67.99867699018367,0.5727068679940278,0.7085912698413003
68.00867699018367,0.580623364989791,0.7038690476190496
68.01867699018368,0.5979083134858386,0.6997023809523971
68.02867699018367,0.5816016416532162,0.6897023809524113
68.03867699018367,0.5959566356402497,0.6797023809523971
68.04867699018368,0.607568371214663,0.6724801587301749
68.05867699018367,0.6087336044187409,0.6624801587301834
68.06867699018368,0.6115353640993438,0.6524801587301748
68.07867699018368,0.6177791326868249,0.6497023809523829
68.08867699018367,0.6316815262562889,0.6448412698412931
68.09867699018368,0.6016171144431249,0.6349801587301749
68.10867699018367,0.6342931719153659,0.6253968253968509
68.11867699018367,0.641434676252749,0.6174603174603335
68.12867699018368,0.6445719171007824,0.607738095238109
68.13867699018367,0.6480469291099723,0.5981547619047892
68.14867699018367,0.6587479639636924,0.5970436507936583
68.15867699018368,0.6607518537364432,0.5892658730158891
68.16867699018367,0.6341981344069014,0.5792658730159032
68.17867699018367,0.6464038265868773,0.5695436507936644
68.18867699018368,0.6623697258407912,0.5613492063492224
68.19867699018367,0.6678714608581904,0.5513492063492251
68.20867699018368,0.6648705570864856,0.5425992063492152
68.21867699018367,0.6553637206959664,0.5417658730158748
68.22867699018367,0.6505362936542066,0.5324603174603391
68.23867699018368,0.644853913138625,0.5224603174603334
68.24867699018367,0.6389377568150353,0.5128769841270001
68.25867699018367,0.6322224700379522,0.5045436507936668
68.26867699018368,0.631658811985816,0.49454365079366674
68.27867699018367,0.6288106682605693,0.4869047619047636
68.28867699018367,0.6395714058884807,0.4857936507936573
68.29867699018368,0.5946435617925081,0.4763492063492223
68.30867699018367,0.5203244171055831,0.4663492063492308
68.31867699018368,0.5442056614707969,0.4598214285714351
68.32867699018368,0.5625382073490506,0.450515873015889
68.33867699018367,0.5089993262715135,0.4419047619047893
68.34867699018368,0.5122313148934104,0.43551587301587485
68.35867699018367,0.5473789240299916,0.4330158730159033
68.36867699018367,0.515576347397471,0.42301587301588905
68.37867699018368,0.5004127923123719,0.41301587301588905
68.38867699018367,0.5021026443190545,0.40746031746033207
68.39867699018367,0.5015596879472678,0.397876984127003
68.40867699018368,0.5035900373731104,0.38787698412700017
68.41867699018367,0.5069106262657184,0.3834325396825415
68.42867699018367,0.5107708425916462,0.3796825396825557
68.43867699018368,0.5128219963203912,0.3696825396825557
68.44867699018367,0.5127734630646494,0.36023809523810274
68.45867699018368,0.5140284343597145,0.3560317460317621
68.46867699018367,0.5145038283882974,0.34672619047621606
68.47867699018367,0.5143840670455269,0.3408928571428789
68.48867699018368,0.5138213573663631,0.33779761904762096
68.49867699018367,0.5138247370966418,0.3323809523809732
68.50867699018367,0.5140821509376572,0.3244444444444584
68.51867699018368,0.5146581850720341,0.31884920634921526
68.52867699018367,0.515258111698392,0.31232142857145884
68.53867699018367,0.5161113141518897,0.3074007936507932
68.54867699018368,0.51668388806962,0.3065674603174669
68.55867699018367,0.5179567732992099,0.3054563492063511
68.56867699018368,0.5206994498299317,0.3010912698412765
68.57867699018368,0.5242500170089889,0.29914682539683213
68.58867699018367,0.5270806153129338,0.2987103174603103
68.59867699018368,0.5290149308580132,0.29331349206350826
68.60867699018367,0.5300509332538691,0.28720238095238293
68.61867699018367,0.5298324061713611,0.2854166666666686
68.62867699018368,0.526218202060544,0.28458333333334235
68.63867699018367,0.5237045312922078,0.2782936507936594
68.64867699018367,0.5132637192549673,0.28279761904760964
68.65867699018368,0.5074449726062827,0.28738095238095673
68.66867699018367,0.49291697522413014,0.2869047619047639
68.67867699018367,0.4876797283102856,0.2921825396825322
68.68867699018368,0.48433155194727456,0.2960714285714211
68.69867699018367,0.4818619230506741,0.3003968253968274
68.70867699018368,0.4742772362547401,0.3049801587301465
68.71867699018367,0.46916004128130107,0.3149801587301323
68.72867699018367,0.4688039897189755,0.32414682539681744
68.73867699018368,0.46923972472056863,0.3253968253968274
68.74867699018367,0.4609559623489628,0.33277777777775136
68.75867699018367,0.4612932274723692,0.3427777777777655
68.76867699018368,0.4619949655522189,0.35138888888888137
68.77867699018367,0.4610494334871045,0.3578174603174339
68.78867699018367,0.45857915315172887,0.36781746031744805
68.79867699018368,0.4563059255216384,0.376984126984129
68.80867699018367,0.45316434923750254,0.3774007936507919
68.81867699018368,0.44891840470920114,0.38601190476189257
68.82867699018367,0.44462543815609407,0.3960119047618783
68.83867699018367,0.44184617921065766,0.40267857142857344
68.84867699018368,0.44302616115307997,0.41045634920633706
68.85867699018367,0.4445669474430651,0.4204563492063228
68.86867699018367,0.45478592021049913,0.4283730158730108
68.87867699018368,0.45540806199012396,0.43003968253967034
68.88867699018367,0.45660763029703605,0.44003968253965897
68.89867699018367,0.4575304633982543,0.4500396825396675
68.90867699018368,0.4526542317793029,0.45837301587301316
68.91867699018367,0.4468497392558063,0.46726190476187834
68.92867699018367,0.44286424888670245,0.47726190476189256
68.93867699018368,0.44483124827289117,0.483234126984129
68.94867699018367,0.4448072382288651,0.48615079365077857
68.95867699018368,0.44489397779727896,0.4961507936507814
68.96867699018367,0.4459901938061943,0.5061507936507672
68.97867699018367,0.4475126278757747,0.51382936507935
68.98867699018368,0.4487159201240732,0.52347222222221
68.99867699018367,0.4521169904166319,0.5334722222221958
69.00867699018367,0.4561765237759962,0.5381944444444465
69.01867699018368,0.4598588265086248,0.542361111111099
69.02867699018367,0.45920353397852304,0.5523611111110848
69.03867699018367,0.4570949480433954,0.562361111111099
69.04867699018368,0.45498194209465265,0.5695833333333212
69.05867699018367,0.45347654590480774,0.5795833333333128
69.06867699018368,0.45304303660553147,0.5895833333333212
69.07867699018367,0.4518898852169733,0.5923611111111132
69.08867699018367,0.4531529458367423,0.5977777777777543
69.09867699018368,0.4639497983885649,0.6077777777777656
69.10867699018367,0.4670006394583435,0.6173611111110896
69.11867699018367,0.4723726706867566,0.6252976190476071
69.12867699018368,0.47894667052522766,0.6352976190476071
69.13867699018367,0.48435726850915134,0.6452976190475956
69.14867699018367,0.4844535331153033,0.6464087301587267
69.15867699018368,0.4814399134695893,0.6541865079364959
69.16867699018367,0.47877124487584716,0.6641865079364817
69.17867699018367,0.4776330241769923,0.6739087301587205
69.18867699018368,0.47720864749408487,0.6821031746031626
69.19867699018367,0.47663678313398034,0.6921031746031597
69.20867699018368,0.4787046910625737,0.7008531746031696
69.21867699018367,0.4886634176841183,0.7016865079365101
69.22867699018367,0.49271129361839666,0.7109920634920458
69.23867699018368,0.4994154151459822,0.7209920634920515
69.24867699018367,0.5075310255363344,0.7305753968253849
69.25867699018367,0.5179668513036979,0.7389087301587182
69.26867699018368,0.5213770712615637,0.7489087301587182
69.27867699018367,0.5235596591599206,0.7565476190476214
69.28867699018367,0.5233663679777618,0.7576587301587278
69.29867699018368,0.5229941430964892,0.7671031746031628
69.30867699018367,0.5225154403940373,0.7771031746031543
69.31867699018368,0.521789460747414,0.78363095238095
69.32867699018367,0.5209412516140466,0.792936507936482
69.33867699018367,0.5210853743232343,0.8029365079364849
69.34867699018368,0.5226371250352607,0.8093253968253993
69.35867699018367,0.5224673149462306,0.8118253968253709
69.36867699018367,0.5219571794736152,0.8218253968253851
69.37867699018368,0.5209232279938903,0.8318253968253851
69.38867699018367,0.5202242229467626,0.8373809523809421
69.39867699018367,0.5210646110479684,0.8469642857142712
69.40867699018368,0.5212608733241069,0.856964285714274
69.41867699018367,0.5216747246041675,0.8614087301587326
69.42867699018367,0.5213334426854918,0.8651587301587185
69.43867699018368,0.5222575682444084,0.8751587301587185
69.44867699018367,0.5267791451431346,0.8846031746031714
69.45867699018368,0.5314257355204653,0.8888095238095121
69.46867699018367,0.5361913648630424,0.8988095238094979
69.47867699018367,0.5406740056997573,0.908115079365062
69.48867699018368,0.5404242461530071,0.9106150793650819
69.49867699018367,0.5379985074695136,0.9160317460317297
69.50867699018367,0.5357327101310203,0.9245634920634823
69.51867699018368,0.5337910967873897,0.93085317460317
69.52867699018367,0.5326561426195143,0.9373809523809266
69.53867699018367,0.5340238094547562,0.9450793650793581
69.54867699018368,0.5369369511728725,0.9487599206349202
69.55867699018367,0.5392187670507907,0.9486210317460372
69.56867699018368,0.5404436393884182,0.9524305555555529
69.57867699018367,0.5421583845427573,0.9561805555555475
69.58867699018367,0.5468086306440159,0.9580456349206371
69.59867699018368,0.5520856612750182,0.9633035714285617
69.60867699018367,0.5592957805908947,0.9720535714285493
69.61867699018367,0.5698285509671438,0.975446428571433
69.62867699018368,0.5823253925579062,0.9750297619047593
69.63867699018367,0.5876840564287327,0.9819742063491911
69.64867699018367,0.5976992611601699,0.9814186507936556
69.65867699018368,0.6084875751418003,0.9818353174603125
69.66867699018367,0.6259786539342701,0.9830853174603238
69.67867699018367,0.624907782764199,0.9818353174603219
69.68867699018368,0.6229514427536357,0.9805853174603221
69.69867699018367,0.6215152064509364,0.9793353174603223
69.70867699018368,0.6301285664314005,0.978085317460322
69.71867699018367,0.6472147785083677,0.9768353174603238
69.72867699018367,0.6825500572794932,0.9758630952380972
69.73867699018368,0.6962495732307015,0.9750297619047664
69.74867699018367,0.7226558757401987,0.9737797619047682
69.75867699018367,0.7300583730748836,0.9725297619047665
69.76867699018368,0.732779086848979,0.9712797619047664
69.77867699018367,0.7408848196244493,0.9700297619047682
69.78867699018367,0.7586381004996368,0.9687797619047664
69.79867699018368,0.7731968849006468,0.9675297619047664
69.80867699018367,0.7866551376968367,0.9662797619047675
69.81867699018368,0.8033903180151936,0.9650297619047664
69.82867699018367,0.8200945583371282,0.9637797619047682
69.83867699018367,0.8353169761351587,0.9625297619047679
69.84867699018368,0.8485453042699408,0.9612797619047664
69.85867699018367,0.8592776324996743,0.9600297619047682
69.86867699018367,0.8674844903499543,0.9587797619047664
69.87867699018368,0.8727739729199382,0.9575297619047664
69.88867699018367,0.8761755476492701,0.9562797619047679
69.89867699018367,0.8787688456605108,0.9550297619047667
69.90867699018368,0.8806896363907174,0.9537797619047664
69.91867699018367,0.8821981317181818,0.9525297619047682
69.92867699018367,0.883216478398423,0.9512797619047664
69.93867699018367,0.8841534901414292,0.9500297619047682
69.94867699018367,0.8849514925398443,0.9487797619047668
69.95867699018368,0.884617276186644,0.9475297619047665
69.96867699018367,0.8842709905077776,0.9462797619047681
69.97867699018367,0.8839605638953729,0.9450297619047672
69.98867699018368,0.8839068868859767,0.9437797619047664
69.99867699018367,0.8838734938209803,0.9425297619047682
70.00867699018367,0.8837799155870389,0.9412797619047665
70.01867699018368,0.8830488202000085,0.9400297619047664
70.02867699018367,0.8822349202125226,0.9387797619047682
70.03867699018367,0.881431272691736,0.9375297619047664
