timestamp,username,active_eye,playback_time_s,video_frame,left_x,left_y,left_z,left_w_mm,left_h_mm,left_area_mm2,right_x,right_y,right_z,right_w_mm,right_h_mm,right_area_mm2
2026-06-15 16:37:14.464,Zohre,right,0.050,3,,,,,,,3.2407,0.0238,1.6924,3.9984,3.9984,10.2718
2026-06-15 16:37:14.495,Zohre,right,0.050,3,,,,,,,3.1769,0.0573,1.6918,3.9718,3.9718,10.1157
2026-06-15 16:37:14.526,Zohre,right,0.050,3,,,,,,,3.0771,0.0560,1.6813,3.9663,3.9663,9.9985
2026-06-15 16:37:14.556,Zohre,right,0.050,3,,,,,,,2.9802,0.0455,1.6883,4.0568,4.0568,10.0558
2026-06-15 16:37:14.587,Zohre,right,0.050,3,,,,,,,2.9622,0.0530,1.6911,4.0690,4.0690,10.0123
2026-06-15 16:37:14.617,Zohre,right,0.050,3,,,,,,,2.9492,0.0288,1.7050,4.1202,4.1202,10.0221
2026-06-15 16:37:14.648,Zohre,right,0.050,3,,,,,,,2.9470,0.0563,1.6873,4.2122,4.2122,9.8018
2026-06-15 16:37:14.679,Zohre,right,0.050,3,,,,,,,2.9715,0.0677,1.6611,4.1440,4.1440,9.5104
2026-06-15 16:37:14.709,Zohre,right,0.050,3,,,,,,,3.0185,0.0398,1.6608,4.0437,4.0437,9.2019
2026-06-15 16:37:14.740,Zohre,right,0.050,3,,,,,,,3.0107,0.0053,1.6842,4.0851,4.0851,9.1820
2026-06-15 16:37:14.770,Zohre,right,0.017,1,,,,,,,3.0251,0.0021,1.7192,4.0008,4.0008,8.8893
2026-06-15 16:37:14.801,Zohre,right,0.050,3,,,,,,,3.0355,-0.0210,1.7634,3.8842,3.8842,8.6071
2026-06-15 16:37:14.831,Zohre,right,0.067,4,,,,,,,3.0190,-0.0413,1.7850,3.8706,3.8706,8.5643
2026-06-15 16:37:14.862,Zohre,right,0.083,5,,,,,,,3.0078,-0.0583,1.8087,3.8669,3.8669,8.5084
2026-06-15 16:37:14.892,Zohre,right,0.117,7,,,,,,,2.9900,-0.0671,1.8687,3.8658,3.8658,8.4190
2026-06-15 16:37:14.923,Zohre,right,0.150,9,,,,,,,2.9922,-0.0721,1.9381,3.8402,3.8402,8.0504
2026-06-15 16:37:14.953,Zohre,right,0.183,11,,,,,,,2.9854,-0.0713,1.9620,3.7978,3.7978,7.9112
2026-06-15 16:37:14.984,Zohre,right,0.217,13,,,,,,,2.9920,-0.0652,1.9725,3.6825,3.6825,7.6386
2026-06-15 16:37:15.015,Zohre,right,0.250,15,,,,,,,2.9717,-0.0664,1.9741,3.6071,3.6071,7.2970
2026-06-15 16:37:15.045,Zohre,right,0.267,16,,,,,,,2.9708,-0.0632,1.9784,3.5724,3.5724,7.1533
2026-06-15 16:37:15.076,Zohre,right,0.300,18,,,,,,,2.9729,-0.0609,2.0026,3.5224,3.5224,6.9391
2026-06-15 16:37:15.107,Zohre,right,0.333,20,,,,,,,2.9787,-0.0647,2.0048,3.5085,3.5085,6.8578
2026-06-15 16:37:15.137,Zohre,right,0.367,22,,,,,,,2.9655,-0.0811,2.0192,3.4619,3.4619,6.6986
2026-06-15 16:37:15.168,Zohre,right,0.400,24,,,,,,,2.9762,-0.1175,2.0357,3.4335,3.4335,6.6581
2026-06-15 16:37:15.198,Zohre,right,0.433,26,,,,,,,2.9406,-0.1251,2.0452,3.4230,3.4230,6.6027
2026-06-15 16:37:15.229,Zohre,right,0.450,27,,,,,,,2.5938,-0.0981,2.0946,3.3611,3.3611,6.2027
2026-06-15 16:37:15.259,Zohre,right,0.483,29,,,,,,,2.4434,-0.0991,2.1304,3.4153,3.4153,6.1428
2026-06-15 16:37:15.290,Zohre,right,0.517,31,,,,,,,2.3819,-0.1412,2.1396,3.3870,3.3870,6.0469
2026-06-15 16:37:15.320,Zohre,right,0.550,33,,,,,,,2.3418,-0.1919,2.1489,3.3594,3.3594,6.1209
2026-06-15 16:37:15.351,Zohre,right,0.583,35,,,,,,,2.3469,-0.2043,2.1473,3.4157,3.4157,6.1457
2026-06-15 16:37:15.381,Zohre,right,0.617,37,,,,,,,2.3510,-0.2470,2.1618,3.4658,3.4658,6.3686
2026-06-15 16:37:15.412,Zohre,right,0.633,38,,,,,,,2.3435,-0.2960,2.1730,3.4700,3.4700,6.5624
2026-06-15 16:37:15.443,Zohre,right,0.667,40,,,,,,,2.4231,-0.2541,2.1365,3.3696,3.3696,6.0251
2026-06-15 16:37:15.474,Zohre,right,0.700,42,,,,,,,2.3859,-0.3147,2.1189,3.4370,3.4370,6.4085
2026-06-15 16:37:15.507,Zohre,right,0.733,44,,,,,,,2.5417,-0.4182,2.0666,3.5353,3.5353,6.8787
2026-06-15 16:37:15.537,Zohre,right,0.767,46,,,,,,,2.7301,-0.5209,1.9843,3.5896,3.5896,7.2050
2026-06-15 16:37:15.568,Zohre,right,0.800,48,,,,,,,2.7983,-0.6035,1.9318,3.6838,3.6838,7.5632
2026-06-15 16:37:15.599,Zohre,right,0.833,50,,,,,,,2.8247,-0.6894,1.8640,3.7992,3.7992,7.8893
2026-06-15 16:37:15.629,Zohre,right,0.850,51,,,,,,,5.2387,-0.2150,1.7363,0.0000,0.0000,0.0000
2026-06-15 16:37:15.660,Zohre,right,0.883,53,,,,,,,5.2387,-0.2150,1.7363,0.0000,0.0000,0.0000
2026-06-15 16:37:15.690,Zohre,right,0.917,55,,,,,,,5.2387,-0.2150,1.7363,0.0000,0.0000,0.0000
2026-06-15 16:37:15.720,Zohre,right,0.950,57,,,,,,,5.2387,-0.2150,1.7363,0.0000,0.0000,0.0000
2026-06-15 16:37:15.751,Zohre,right,0.983,59,,,,,,,5.2387,-0.2150,1.7363,0.0000,0.0000,0.0000
2026-06-15 16:37:15.782,Zohre,right,1.017,61,,,,,,,2.9889,-1.2560,1.7117,3.7065,3.7065,7.3517
2026-06-15 16:37:15.813,Zohre,right,1.033,62,,,,,,,2.9599,-1.2596,1.7151,3.7524,3.7524,7.5928
2026-06-15 16:37:15.843,Zohre,right,1.067,64,,,,,,,2.9487,-1.2643,1.7175,3.7455,3.7455,7.8133
2026-06-15 16:37:15.874,Zohre,right,1.100,66,,,,,,,2.9094,-1.2802,1.7287,3.8102,3.8102,8.2410
2026-06-15 16:37:15.904,Zohre,right,1.133,68,,,,,,,2.9646,-1.2985,1.7345,3.7635,3.7635,8.3366
2026-06-15 16:37:15.935,Zohre,right,1.167,70,,,,,,,3.0140,-1.3271,1.7498,3.7807,3.7807,8.3076
2026-06-15 16:37:15.965,Zohre,right,1.200,72,,,,,,,3.0301,-1.3340,1.7857,3.7855,3.7855,8.3290
2026-06-15 16:37:15.996,Zohre,right,1.233,74,,,,,,,3.0259,-1.3510,1.8000,3.7588,3.7588,8.3737
2026-06-15 16:37:16.027,Zohre,right,1.250,75,,,,,,,3.0079,-1.3661,1.8430,3.6626,3.6626,8.4672
2026-06-15 16:37:16.058,Zohre,right,1.300,78,,,,,,,2.9782,-1.3159,1.8964,3.6894,3.6894,8.6682
2026-06-15 16:37:16.088,Zohre,right,1.333,80,,,,,,,3.0080,-1.3164,1.8914,3.6513,3.6513,8.3564
2026-06-15 16:37:16.119,Zohre,right,1.367,82,,,,,,,2.9544,-1.2130,1.8561,3.8216,3.8216,8.6814
2026-06-15 16:37:16.150,Zohre,right,1.400,84,,,,,,,2.9422,-1.0894,1.8278,3.9080,3.9080,8.8162
2026-06-15 16:37:16.181,Zohre,right,1.433,86,,,,,,,2.8631,-1.0394,1.8104,3.9336,3.9336,8.9122
2026-06-15 16:37:16.211,Zohre,right,1.450,87,,,,,,,2.6521,-0.9946,1.8169,3.9597,3.9597,8.8897
2026-06-15 16:37:16.242,Zohre,right,1.483,89,,,,,,,2.4285,-1.0043,1.8178,3.9931,3.9931,8.5334
2026-06-15 16:37:16.272,Zohre,right,1.517,91,,,,,,,2.2865,-0.9584,1.8831,4.1117,4.1117,8.6581
2026-06-15 16:37:16.303,Zohre,right,1.550,93,,,,,,,2.2022,-0.9037,1.9451,4.1564,4.1564,8.8108
2026-06-15 16:37:16.333,Zohre,right,1.583,95,,,,,,,2.2776,-0.8408,1.8880,4.0035,4.0035,8.2553
2026-06-15 16:37:16.364,Zohre,right,1.617,97,,,,,,,2.2302,-0.8137,1.9122,4.0679,4.0679,8.5450
2026-06-15 16:37:16.394,Zohre,right,1.633,98,,,,,,,2.4877,-0.7053,1.8178,3.8870,3.8870,7.9869
2026-06-15 16:37:16.425,Zohre,right,1.667,100,,,,,,,2.6415,-0.6934,1.7965,3.8855,3.8855,8.3296
2026-06-15 16:37:16.456,Zohre,right,1.700,102,,,,,,,2.7981,-0.6697,1.7886,3.9071,3.9071,8.8888
2026-06-15 16:37:16.486,Zohre,right,1.733,104,,,,,,,2.8748,-0.6367,1.8052,3.9281,3.9281,9.1274
2026-06-15 16:37:16.518,Zohre,right,1.767,106,,,,,,,2.9228,-0.6028,1.8125,3.9339,3.9339,9.2832
2026-06-15 16:37:16.549,Zohre,right,1.800,108,,,,,,,2.9166,-0.5764,1.8219,3.9678,3.9678,9.3464
2026-06-15 16:37:16.580,Zohre,right,1.817,109,,,,,,,2.9162,-0.5293,1.8465,4.0064,4.0064,9.4691
2026-06-15 16:37:16.610,Zohre,right,1.850,111,,,,,,,2.9036,-0.5075,1.8192,3.9758,3.9758,9.0165
2026-06-15 16:37:16.641,Zohre,right,1.883,113,,,,,,,2.7955,-0.4872,1.8108,3.9900,3.9900,8.9863
2026-06-15 16:37:16.672,Zohre,right,1.917,115,,,,,,,2.7359,-0.5413,1.7923,3.9388,3.9388,8.7200
2026-06-15 16:37:16.702,Zohre,right,1.950,117,,,,,,,2.6864,-0.5489,1.8025,4.0319,4.0319,9.0860
2026-06-15 16:37:16.733,Zohre,right,1.983,119,,,,,,,2.7259,-0.5297,1.7989,3.9979,3.9979,9.0383
2026-06-15 16:37:16.763,Zohre,right,2.017,121,,,,,,,2.7707,-0.5431,1.8115,4.0479,4.0479,9.4382
2026-06-15 16:37:16.794,Zohre,right,2.033,122,,,,,,,2.7991,-0.5597,1.8182,4.1108,4.1108,9.4600
2026-06-15 16:37:16.825,Zohre,right,2.067,124,,,,,,,2.8710,-0.5623,1.8278,4.0832,4.0832,9.4482
2026-06-15 16:37:16.855,Zohre,right,2.100,126,,,,,,,2.9523,-0.5818,1.7899,3.9747,3.9747,9.2398
2026-06-15 16:37:16.885,Zohre,right,2.133,128,,,,,,,3.0219,-0.5896,1.7590,3.9624,3.9624,9.3352
2026-06-15 16:37:16.916,Zohre,right,2.167,130,,,,,,,3.0461,-0.5817,1.7589,3.9823,3.9823,9.5078
2026-06-15 16:37:16.946,Zohre,right,2.200,132,,,,,,,3.1059,-0.5648,1.7608,4.0065,4.0065,9.6528
2026-06-15 16:37:16.977,Zohre,right,2.217,133,,,,,,,3.1795,-0.5467,1.7656,3.9831,3.9831,9.7607
2026-06-15 16:37:17.007,Zohre,right,2.250,135,,,,,,,3.2199,-0.5432,1.7687,3.9879,3.9879,9.9141
2026-06-15 16:37:17.038,Zohre,right,2.283,137,,,,,,,3.2342,-0.5373,1.7628,3.9823,3.9823,9.8582
2026-06-15 16:37:17.069,Zohre,right,2.317,139,,,,,,,3.0043,-0.5115,1.7604,3.9925,3.9925,9.5758
2026-06-15 16:37:17.099,Zohre,right,2.350,141,,,,,,,2.9074,-0.5015,1.7208,3.8081,3.8081,8.4809
2026-06-15 16:37:17.130,Zohre,right,2.383,143,,,,,,,2.7642,-0.5394,1.7184,3.9209,3.9209,8.9676
2026-06-15 16:37:17.161,Zohre,right,2.400,144,,,,,,,2.6861,-0.5191,1.7005,4.1064,4.1064,8.9663
2026-06-15 16:37:17.191,Zohre,right,2.433,146,,,,,,,2.6813,-0.5199,1.6822,4.0909,4.0909,8.7982
2026-06-15 16:37:17.222,Zohre,right,2.467,148,,,,,,,2.6441,-0.4887,1.6621,4.0615,4.0615,8.9647
2026-06-15 16:37:17.253,Zohre,right,2.500,150,,,,,,,2.5840,-0.4673,1.6530,4.1772,4.1772,9.1142
2026-06-15 16:37:17.284,Zohre,right,2.533,152,,,,,,,2.6452,-0.4817,1.6379,3.9509,3.9509,8.6147
2026-06-15 16:37:17.315,Zohre,right,2.567,154,,,,,,,2.6791,-0.4857,1.6018,3.9938,3.9938,8.7232
2026-06-15 16:37:17.345,Zohre,right,2.583,155,,,,,,,2.8304,-0.4927,1.5838,3.9493,3.9493,8.8073
2026-06-15 16:37:17.376,Zohre,right,2.617,157,,,,,,,2.9846,-0.5146,1.5917,3.9695,3.9695,9.2746
2026-06-15 16:37:17.406,Zohre,right,2.650,159,,,,,,,3.0398,-0.5343,1.6132,3.9988,3.9988,9.5817
2026-06-15 16:37:17.437,Zohre,right,2.683,161,,,,,,,3.0443,-0.5372,1.6249,4.0098,4.0098,9.6451
2026-06-15 16:37:17.468,Zohre,right,2.717,163,,,,,,,3.0497,-0.5528,1.6339,4.0221,4.0221,9.7294
2026-06-15 16:37:17.499,Zohre,right,2.750,165,,,,,,,3.0946,-0.5855,1.6358,4.0655,4.0655,9.7527
2026-06-15 16:37:17.533,Zohre,right,2.783,167,,,,,,,3.1005,-0.5983,1.6421,4.1441,4.1441,9.9141
2026-06-15 16:37:17.564,Zohre,right,2.817,169,,,,,,,3.1228,-0.6178,1.6491,4.1331,4.1331,9.9006
2026-06-15 16:37:17.595,Zohre,right,2.833,170,,,,,,,3.1159,-0.6326,1.6480,4.1418,4.1418,10.0582
2026-06-15 16:37:17.626,Zohre,right,2.867,172,,,,,,,3.1402,-0.6724,1.6320,4.1059,4.1059,10.1139
2026-06-15 16:37:17.656,Zohre,right,2.900,174,,,,,,,3.1177,-0.6975,1.6308,4.0732,4.0732,10.2369
2026-06-15 16:37:17.687,Zohre,right,2.933,176,,,,,,,4.9760,-0.4484,2.4123,2.9346,2.9346,6.9664
2026-06-15 16:37:17.717,Zohre,right,2.967,178,,,,,,,7.4917,1.0698,4.3338,1.7324,1.7324,3.3952
2026-06-15 16:37:17.748,Zohre,right,3.000,180,,,,,,,5.2387,-0.2150,1.7363,0.0000,0.0000,0.0000
2026-06-15 16:37:17.778,Zohre,right,3.017,181,,,,,,,8.2456,0.2639,6.7672,1.4676,1.4676,3.9230
2026-06-15 16:37:17.809,Zohre,right,3.050,183,,,,,,,5.4519,-0.3058,5.4053,2.8115,2.8115,6.3996
2026-06-15 16:37:17.839,Zohre,right,3.083,185,,,,,,,4.2496,-0.5711,3.9258,3.5189,3.5189,8.1389
2026-06-15 16:37:17.870,Zohre,right,3.117,187,,,,,,,3.7231,-0.6409,2.8927,3.8489,3.8489,9.1482
2026-06-15 16:37:17.901,Zohre,right,3.150,189,,,,,,,3.5770,-0.6621,2.5470,4.0044,4.0044,9.6091
2026-06-15 16:37:17.931,Zohre,right,3.183,191,,,,,,,3.4346,-0.6654,2.0994,4.0496,4.0496,9.8234
2026-06-15 16:37:17.962,Zohre,right,3.200,192,,,,,,,3.3880,-0.6521,1.8763,4.0392,4.0392,9.9991
2026-06-15 16:37:17.993,Zohre,right,3.233,194,,,,,,,3.3603,-0.6264,1.7746,4.0761,4.0761,10.1543
2026-06-15 16:37:18.023,Zohre,right,3.267,196,,,,,,,3.3404,-0.6274,1.7470,4.1109,4.1109,10.2005
2026-06-15 16:37:18.054,Zohre,right,3.300,198,,,,,,,3.3384,-0.6228,1.7105,4.1039,4.1039,10.2139
2026-06-15 16:37:18.084,Zohre,right,3.333,200,,,,,,,3.3531,-0.6414,1.6867,4.1757,4.1757,10.4343
2026-06-15 16:37:18.115,Zohre,right,3.367,202,,,,,,,3.3848,-0.6787,1.6802,4.2018,4.2018,10.3879
2026-06-15 16:37:18.146,Zohre,right,3.383,203,,,,,,,3.4074,-0.7375,1.6906,4.1693,4.1693,10.1881
2026-06-15 16:37:18.176,Zohre,right,3.417,205,,,,,,,3.3915,-0.7827,1.7075,4.2041,4.2041,10.3104
2026-06-15 16:37:18.207,Zohre,right,3.450,207,,,,,,,3.4905,-0.8827,1.7227,4.1827,4.1827,10.4567
2026-06-15 16:37:18.237,Zohre,right,3.483,209,,,,,,,3.7987,-1.0291,1.7059,4.2472,4.2472,10.9435
2026-06-15 16:37:18.268,Zohre,right,3.517,211,,,,,,,3.9428,-1.1009,1.6900,4.2518,4.2518,11.1654
2026-06-15 16:37:18.298,Zohre,right,3.550,213,,,,,,,3.9792,-1.1396,1.6803,4.2904,4.2904,11.4062
2026-06-15 16:37:18.329,Zohre,right,3.567,214,,,,,,,3.9848,-1.1604,1.6692,4.3539,4.3539,11.5126
2026-06-15 16:37:18.359,Zohre,right,3.600,216,,,,,,,3.9942,-1.2227,1.6534,4.3474,4.3474,11.5842
2026-06-15 16:37:18.390,Zohre,right,3.633,218,,,,,,,4.0346,-1.2632,1.6614,4.3363,4.3363,11.6430
2026-06-15 16:37:18.420,Zohre,right,3.667,220,,,,,,,3.9896,-1.2697,1.6685,4.3054,4.3054,11.5293
2026-06-15 16:37:18.451,Zohre,right,3.700,222,,,,,,,3.5416,-1.2089,1.6967,4.1395,4.1395,10.5441
2026-06-15 16:37:18.481,Zohre,right,3.733,224,,,,,,,3.4659,-1.1652,1.7062,4.0982,4.0982,10.4627
2026-06-15 16:37:18.511,Zohre,right,3.750,225,,,,,,,3.3931,-1.1248,1.7069,4.1130,4.1130,10.3177
2026-06-15 16:37:18.543,Zohre,right,3.783,227,,,,,,,3.3523,-1.0835,1.7143,4.0648,4.0648,10.4001
2026-06-15 16:37:18.573,Zohre,right,3.817,229,,,,,,,3.3669,-1.0808,1.7097,4.0411,4.0411,10.3209
2026-06-15 16:37:18.604,Zohre,right,3.850,231,,,,,,,3.3731,-1.0651,1.7016,4.0014,4.0014,10.4608
2026-06-15 16:37:18.634,Zohre,right,3.883,233,,,,,,,3.6025,-1.0403,1.6932,4.0786,4.0786,10.8256
2026-06-15 16:37:18.665,Zohre,right,3.917,235,,,,,,,4.2075,-0.9840,1.6259,4.2172,4.2172,11.3245
2026-06-15 16:37:18.695,Zohre,right,3.933,236,,,,,,,4.3555,-0.9639,1.6017,4.2979,4.2979,11.5975
2026-06-15 16:37:18.726,Zohre,right,3.967,238,,,,,,,4.5534,-0.9448,1.5514,4.3156,4.3156,11.8230
2026-06-15 16:37:18.757,Zohre,right,4.000,240,,,,,,,4.6148,-0.9231,1.5231,4.3543,4.3543,12.1871
2026-06-15 16:37:18.787,Zohre,right,4.033,242,,,,,,,4.6421,-0.9036,1.5119,4.3559,4.3559,12.3223
2026-06-15 16:37:18.817,Zohre,right,4.067,244,,,,,,,4.6563,-0.8952,1.5061,4.3500,4.3500,12.4773
2026-06-15 16:37:18.848,Zohre,right,4.100,246,,,,,,,4.6381,-0.9023,1.5006,4.3563,4.3563,12.6097
2026-06-15 16:37:18.879,Zohre,right,4.117,247,,,,,,,4.6024,-0.8889,1.4993,4.3348,4.3348,12.5566
2026-06-15 16:37:18.909,Zohre,right,4.150,249,,,,,,,4.5936,-0.8746,1.5047,4.3448,4.3448,12.5422
2026-06-15 16:37:18.939,Zohre,right,4.183,251,,,,,,,4.6046,-0.8780,1.5087,4.4046,4.4046,12.6134
2026-06-15 16:37:18.970,Zohre,right,4.217,253,,,,,,,4.6086,-0.8750,1.4921,4.4157,4.4157,12.4303
2026-06-15 16:37:19.000,Zohre,right,4.250,255,,,,,,,4.6345,-0.8581,1.4553,4.4594,4.4594,12.3938
2026-06-15 16:37:19.031,Zohre,right,4.283,257,,,,,,,4.6479,-0.8755,1.4205,4.4680,4.4680,12.3371
2026-06-15 16:37:19.062,Zohre,right,4.300,258,,,,,,,4.6515,-0.9082,1.4408,4.4548,4.4548,12.4715
2026-06-15 16:37:19.092,Zohre,right,4.333,260,,,,,,,4.6569,-0.9194,1.4674,4.4276,4.4276,12.4248
2026-06-15 16:37:19.123,Zohre,right,4.367,262,,,,,,,4.6783,-0.9364,1.5022,4.4623,4.4623,12.5398
2026-06-15 16:37:19.154,Zohre,right,4.400,264,,,,,,,4.6365,-0.9258,1.5128,4.5184,4.5184,12.7718
2026-06-15 16:37:19.185,Zohre,right,4.433,266,,,,,,,4.6167,-0.8983,1.4905,4.4792,4.4792,12.6889
2026-06-15 16:37:19.216,Zohre,right,4.467,268,,,,,,,4.6113,-0.8832,1.4725,4.4687,4.4687,12.6592
2026-06-15 16:37:19.246,Zohre,right,4.500,270,,,,,,,4.5999,-0.8654,1.4319,4.5231,4.5231,12.7991
2026-06-15 16:37:19.277,Zohre,right,4.517,271,,,,,,,4.6371,-0.8393,1.4089,4.5082,4.5082,12.8003
2026-06-15 16:37:19.307,Zohre,right,4.550,273,,,,,,,4.6645,-0.8216,1.3990,4.5047,4.5047,12.7787
2026-06-15 16:37:19.337,Zohre,right,4.583,275,,,,,,,4.6615,-0.8146,1.3958,4.4965,4.4965,12.7601
2026-06-15 16:37:19.368,Zohre,right,4.617,277,,,,,,,4.4489,-0.8119,1.3723,4.5016,4.5016,12.5188
2026-06-15 16:37:19.398,Zohre,right,4.650,279,,,,,,,4.2233,-0.8144,1.3775,4.3934,4.3934,11.8499
2026-06-15 16:37:19.429,Zohre,right,4.667,280,,,,,,,4.1224,-0.8234,1.3959,4.4167,4.4167,11.6054
2026-06-15 16:37:19.460,Zohre,right,4.700,282,,,,,,,4.1041,-0.8132,1.4051,4.3944,4.3944,11.6405
2026-06-15 16:37:19.491,Zohre,right,4.733,284,,,,,,,4.0933,-0.8274,1.4102,4.3382,4.3382,11.6482
2026-06-15 16:37:19.521,Zohre,right,4.767,286,,,,,,,4.0827,-0.8363,1.4133,4.3422,4.3422,11.8558
2026-06-15 16:37:19.553,Zohre,right,4.800,288,,,,,,,4.1003,-0.8455,1.3880,4.3446,4.3446,11.8214
2026-06-15 16:37:19.584,Zohre,right,4.833,290,,,,,,,4.0809,-0.8696,1.3488,4.4078,4.4078,11.8750
2026-06-15 16:37:19.615,Zohre,right,4.867,292,,,,,,,4.1012,-0.9536,1.3059,4.4027,4.4027,11.9082
2026-06-15 16:37:19.645,Zohre,right,4.883,293,,,,,,,4.1159,-1.0147,1.2860,4.3926,4.3926,11.9271
2026-06-15 16:37:19.676,Zohre,right,4.917,295,,,,,,,4.1303,-1.0508,1.2718,4.3722,4.3722,11.8237
2026-06-15 16:37:19.706,Zohre,right,4.950,297,,,,,,,4.1041,-1.0878,1.2354,4.3985,4.3985,11.8817
2026-06-15 16:37:19.736,Zohre,right,4.983,299,,,,,,,4.0906,-1.1085,1.2072,4.4107,4.4107,12.0092
2026-06-15 16:37:19.767,Zohre,right,5.017,301,,,,,,,4.0836,-1.0705,1.1247,4.4157,4.4157,12.2121
2026-06-15 16:37:19.797,Zohre,right,5.050,303,,,,,,,4.0932,-1.0839,1.0263,4.4965,4.4965,12.4904
2026-06-15 16:37:19.828,Zohre,right,5.067,304,,,,,,,4.0702,-1.1315,0.9350,4.4899,4.4899,12.5597
2026-06-15 16:37:19.858,Zohre,right,5.100,306,,,,,,,3.6700,-1.2197,0.8532,4.1947,4.1947,11.3314
2026-06-15 16:37:19.889,Zohre,right,5.133,308,,,,,,,3.4714,-1.2548,0.8275,4.0997,4.0997,11.3135
2026-06-15 16:37:19.920,Zohre,right,5.167,310,,,,,,,3.2608,-1.3700,0.7950,4.0702,4.0702,10.6901
2026-06-15 16:37:19.950,Zohre,right,5.200,312,,,,,,,3.1354,-1.4033,0.8060,4.1006,4.1006,10.6709
2026-06-15 16:37:19.981,Zohre,right,5.233,314,,,,,,,3.1077,-1.3896,0.7782,4.1057,4.1057,10.6588
2026-06-15 16:37:20.012,Zohre,right,5.250,315,,,,,,,3.1287,-1.3722,0.7816,4.0552,4.0552,10.5053
2026-06-15 16:37:20.042,Zohre,right,5.283,317,,,,,,,3.1383,-1.2765,0.8094,4.1680,4.1680,10.6186
2026-06-15 16:37:20.073,Zohre,right,5.317,319,,,,,,,3.1386,-1.2501,0.8100,4.1462,4.1462,10.6065
2026-06-15 16:37:20.103,Zohre,right,5.350,321,,,,,,,3.0214,-1.2982,0.7865,4.1745,4.1745,10.5879
2026-06-15 16:37:20.134,Zohre,right,5.383,323,,,,,,,2.5730,-1.3034,0.8448,4.3662,4.3662,11.1751
2026-06-15 16:37:20.164,Zohre,right,5.417,325,,,,,,,2.4712,-1.3116,0.8807,4.4027,4.4027,11.3055
2026-06-15 16:37:20.195,Zohre,right,5.433,326,,,,,,,2.3010,-1.2465,0.9658,4.4527,4.4527,11.6284
2026-06-15 16:37:20.225,Zohre,right,5.467,328,,,,,,,2.2269,-1.1876,0.9872,4.4643,4.4643,11.5544
2026-06-15 16:37:20.256,Zohre,right,5.500,330,,,,,,,2.2038,-1.1589,0.9823,4.4772,4.4772,11.6528
2026-06-15 16:37:20.286,Zohre,right,5.533,332,,,,,,,2.2232,-1.1302,0.9131,4.4713,4.4713,11.4737
2026-06-15 16:37:20.317,Zohre,right,5.567,334,,,,,,,2.2404,-1.2432,0.8100,4.3765,4.3765,11.2536
2026-06-15 16:37:20.348,Zohre,right,5.600,336,,,,,,,2.2330,-1.2765,0.7466,4.3926,4.3926,11.4566
2026-06-15 16:37:20.378,Zohre,right,5.617,337,,,,,,,2.2323,-1.3092,0.7552,4.3750,4.3750,11.4733
2026-06-15 16:37:20.409,Zohre,right,5.650,339,,,,,,,2.2874,-1.3108,0.7675,4.3540,4.3540,11.3880
2026-06-15 16:37:20.439,Zohre,right,5.683,341,,,,,,,2.5184,-1.2960,0.7498,4.2492,4.2492,11.2386
2026-06-15 16:37:20.470,Zohre,right,5.717,343,,,,,,,3.2430,-1.2343,0.6464,4.1499,4.1499,11.3334
2026-06-15 16:37:20.500,Zohre,right,5.750,345,,,,,,,3.6476,-1.2266,0.5218,4.1525,4.1525,11.2932
2026-06-15 16:37:20.531,Zohre,right,5.783,347,,,,,,,3.8630,-1.2754,0.4135,4.2597,4.2597,11.8474
2026-06-15 16:37:20.562,Zohre,right,5.800,348,,,,,,,3.9415,-1.3284,0.3839,4.3229,4.3229,11.9406
2026-06-15 16:37:20.592,Zohre,right,5.833,350,,,,,,,4.0142,-1.3805,0.3796,4.4718,4.4718,12.4296
2026-06-15 16:37:20.623,Zohre,right,5.867,352,,,,,,,4.0569,-1.4698,0.3931,4.4940,4.4940,12.6313
2026-06-15 16:37:20.653,Zohre,right,5.900,354,,,,,,,4.0725,-1.5778,0.4367,4.4345,4.4345,12.3856
2026-06-15 16:37:20.684,Zohre,right,5.933,356,,,,,,,3.8575,-1.6841,0.5136,4.2505,4.2505,11.4696
2026-06-15 16:37:20.714,Zohre,right,5.967,358,,,,,,,3.6632,-1.6963,0.6163,4.2253,4.2253,11.2008
2026-06-15 16:37:20.745,Zohre,right,5.983,359,,,,,,,3.6446,-1.7010,0.6776,4.1496,4.1496,10.9411
2026-06-15 16:37:20.775,Zohre,right,6.017,361,,,,,,,3.5150,-1.5965,0.8341,4.1009,4.1009,11.3788
2026-06-15 16:37:20.806,Zohre,right,6.050,363,,,,,,,3.4916,-1.5557,0.9598,4.0786,4.0786,11.2653
2026-06-15 16:37:20.837,Zohre,right,6.083,365,,,,,,,3.4587,-1.4973,1.0252,4.1132,4.1132,11.3563
2026-06-15 16:37:20.868,Zohre,right,6.117,367,,,,,,,3.4172,-1.3542,1.0711,4.1345,4.1345,11.1885
2026-06-15 16:37:20.898,Zohre,right,6.150,369,,,,,,,3.3503,-1.0881,1.1001,4.2063,4.2063,11.4561
2026-06-15 16:37:20.929,Zohre,right,6.167,370,,,,,,,3.3474,-0.8168,1.0928,4.2087,4.2087,11.4580
2026-06-15 16:37:20.960,Zohre,right,6.200,372,,,,,,,3.3524,-0.7035,1.0880,4.1894,4.1894,11.5867
2026-06-15 16:37:20.990,Zohre,right,6.233,374,,,,,,,3.7667,-0.4675,1.0249,4.3359,4.3359,12.1728
2026-06-15 16:37:21.021,Zohre,right,6.267,376,,,,,,,4.0811,-0.2844,0.9408,4.4414,4.4414,12.8404
2026-06-15 16:37:21.051,Zohre,right,6.300,378,,,,,,,4.2234,-0.1505,0.8816,4.5571,4.5571,13.1513
2026-06-15 16:37:21.083,Zohre,right,6.333,380,,,,,,,4.2703,-0.0496,0.8581,4.5539,4.5539,13.2636
2026-06-15 16:37:21.113,Zohre,right,6.367,382,,,,,,,4.2948,-0.0235,0.8578,4.5511,4.5511,13.2719
2026-06-15 16:37:21.144,Zohre,right,6.383,383,,,,,,,4.2866,0.0047,0.8794,4.5502,4.5502,13.3803
2026-06-15 16:37:21.174,Zohre,right,6.417,385,,,,,,,4.2327,-0.0221,0.9078,4.5729,4.5729,13.1401
2026-06-15 16:37:21.205,Zohre,right,6.450,387,,,,,,,4.1494,-0.0668,0.9252,4.4980,4.4980,12.8152
2026-06-15 16:37:21.235,Zohre,right,6.483,389,,,,,,,4.0400,-0.1337,0.9639,4.4487,4.4487,12.6071
2026-06-15 16:37:21.266,Zohre,right,6.517,391,,,,,,,4.0175,-0.1981,0.9957,4.4328,4.4328,12.5600
2026-06-15 16:37:21.297,Zohre,right,6.550,393,,,,,,,4.0690,-0.2784,1.0404,4.4238,4.4238,12.7892
2026-06-15 16:37:21.327,Zohre,right,6.567,394,,,,,,,4.3364,-0.3462,1.0312,4.4646,4.4646,13.0748
2026-06-15 16:37:21.358,Zohre,right,6.600,396,,,,,,,4.6966,-0.4536,0.9911,4.5071,4.5071,13.6534
2026-06-15 16:37:21.388,Zohre,right,6.633,398,,,,,,,4.8795,-0.5327,0.9492,4.5569,4.5569,13.5607
2026-06-15 16:37:21.418,Zohre,right,6.667,400,,,,,,,4.9856,-0.5752,0.9110,4.5857,4.5857,13.3753
2026-06-15 16:37:21.449,Zohre,right,6.700,402,,,,,,,4.9747,-0.5984,0.8952,4.4661,4.4661,13.2965
2026-06-15 16:37:21.480,Zohre,right,6.717,403,,,,,,,4.5806,-0.6168,0.8962,4.3997,4.3997,12.6786
2026-06-15 16:37:21.510,Zohre,right,6.750,405,,,,,,,3.6966,-0.6326,0.9150,4.1391,4.1391,11.2644
2026-06-15 16:37:21.541,Zohre,right,6.783,407,,,,,,,3.2515,-0.6362,0.9662,4.0702,4.0702,10.8381
2026-06-15 16:37:21.573,Zohre,right,6.817,409,,,,,,,3.1621,-0.6348,0.9884,4.0221,4.0221,10.5412
2026-06-15 16:37:21.603,Zohre,right,6.850,411,,,,,,,3.0171,-0.6550,1.0355,4.1412,4.1412,10.7894
2026-06-15 16:37:21.634,Zohre,right,6.883,413,,,,,,,2.9397,-0.6390,1.0521,4.2205,4.2205,11.0264
2026-06-15 16:37:21.665,Zohre,right,6.917,415,,,,,,,2.7398,-0.6465,1.0723,4.1585,4.1585,10.9984
2026-06-15 16:37:21.696,Zohre,right,6.933,416,,,,,,,2.3127,-0.5981,1.0299,4.1152,4.1152,10.0688
2026-06-15 16:37:21.726,Zohre,right,6.967,418,,,,,,,2.1537,-0.6137,1.1016,4.0999,4.0999,9.6158
2026-06-15 16:37:21.757,Zohre,right,7.000,420,,,,,,,2.0541,-0.6318,1.1877,4.1358,4.1358,10.1654
2026-06-15 16:37:21.787,Zohre,right,7.033,422,,,,,,,2.0184,-0.6621,1.2372,4.2492,4.2492,10.3389
2026-06-15 16:37:21.818,Zohre,right,7.067,424,,,,,,,2.2016,-0.7342,1.2447,3.9366,3.9366,8.9750
2026-06-15 16:37:21.849,Zohre,right,7.100,426,,,,,,,2.1272,-0.8540,1.3065,4.0974,4.0974,10.0901
2026-06-15 16:37:21.880,Zohre,right,7.117,427,,,,,,,2.2097,-0.9725,1.2612,4.0401,4.0401,9.6788
2026-06-15 16:37:21.910,Zohre,right,7.150,429,,,,,,,2.1650,-0.9877,1.2948,4.2645,4.2645,10.3347
2026-06-15 16:37:21.941,Zohre,right,7.183,431,,,,,,,2.1537,-0.9986,1.2980,4.3035,4.3035,10.4712
2026-06-15 16:37:21.971,Zohre,right,7.217,433,,,,,,,2.1614,-0.8577,1.2299,4.1218,4.1218,10.1878
2026-06-15 16:37:22.002,Zohre,right,7.250,435,,,,,,,5.2387,-0.2150,1.7363,0.0000,0.0000,0.0000
2026-06-15 16:37:22.033,Zohre,right,7.283,437,,,,,,,5.2387,-0.2150,1.7363,0.0000,0.0000,0.0000
2026-06-15 16:37:22.063,Zohre,right,7.300,438,,,,,,,5.2387,-0.2150,1.7363,0.0000,0.0000,0.0000
2026-06-15 16:37:22.094,Zohre,right,7.333,440,,,,,,,5.2387,-0.2150,1.7363,0.0000,0.0000,0.0000
2026-06-15 16:37:22.124,Zohre,right,7.367,442,,,,,,,2.3524,-0.3314,1.2358,3.2856,3.2856,7.1756
2026-06-15 16:37:22.155,Zohre,right,7.400,444,,,,,,,2.3899,-0.8387,1.2710,3.9460,3.9460,9.5970
2026-06-15 16:37:22.186,Zohre,right,7.433,446,,,,,,,2.4408,-1.0063,1.2934,4.0675,4.0675,10.3241
2026-06-15 16:37:22.217,Zohre,right,7.467,448,,,,,,,2.5165,-1.2170,1.3174,4.2683,4.2683,10.9491
2026-06-15 16:37:22.247,Zohre,right,7.500,450,,,,,,,2.5935,-1.2311,1.3244,4.3175,4.3175,11.0462
2026-06-15 16:37:22.278,Zohre,right,7.517,451,,,,,,,2.6489,-1.2434,1.3178,4.3120,4.3120,11.2066
2026-06-15 16:37:22.308,Zohre,right,7.550,453,,,,,,,2.6549,-1.2416,1.3177,4.3408,4.3408,11.3500
2026-06-15 16:37:22.339,Zohre,right,7.583,455,,,,,,,2.7511,-1.2414,1.3274,4.3931,4.3931,11.4597
2026-06-15 16:37:22.369,Zohre,right,7.617,457,,,,,,,2.7950,-1.2257,1.3488,4.3904,4.3904,11.6111
2026-06-15 16:37:22.400,Zohre,right,7.650,459,,,,,,,2.7900,-1.2649,1.3278,4.4167,4.4167,11.5626
2026-06-15 16:37:22.431,Zohre,right,7.683,461,,,,,,,2.7544,-1.2145,1.3078,4.4405,4.4405,11.8868
2026-06-15 16:37:22.461,Zohre,right,7.700,462,,,,,,,2.7460,-1.1917,1.3121,4.4443,4.4443,11.9755
2026-06-15 16:37:22.492,Zohre,right,7.733,464,,,,,,,2.7965,-1.1531,1.3143,4.4518,4.4518,12.1576
2026-06-15 16:37:22.523,Zohre,right,7.767,466,,,,,,,2.8284,-1.1496,1.3055,4.4210,4.4210,12.0392
2026-06-15 16:37:22.554,Zohre,right,7.800,468,,,,,,,2.9308,-1.1670,1.2699,4.4349,4.4349,12.1632
2026-06-15 16:37:22.585,Zohre,right,7.833,470,,,,,,,2.9846,-1.1592,1.2445,4.4041,4.4041,11.9918
2026-06-15 16:37:22.615,Zohre,right,7.867,472,,,,,,,3.0503,-1.1321,1.1899,4.4104,4.4104,12.1059
2026-06-15 16:37:22.646,Zohre,right,7.883,473,,,,,,,3.1006,-1.0850,1.1211,4.3351,4.3351,11.8930
2026-06-15 16:37:22.676,Zohre,right,7.917,475,,,,,,,3.0874,-1.0717,1.0844,4.4167,4.4167,11.8832
2026-06-15 16:37:22.706,Zohre,right,7.950,477,,,,,,,3.1071,-1.0718,1.0672,4.4666,4.4666,11.7991
2026-06-15 16:37:22.737,Zohre,right,7.983,479,,,,,,,3.1426,-1.0747,1.0745,4.3919,4.3919,11.7356
2026-06-15 16:37:22.770,Zohre,right,8.017,481,,,,,,,3.2159,-1.0694,1.1117,4.2501,4.2501,11.3676
2026-06-15 16:37:22.801,Zohre,right,8.050,483,,,,,,,3.2120,-1.0820,1.1098,4.1332,4.1332,10.7054
2026-06-15 16:37:22.832,Zohre,right,8.083,485,,,,,,,3.1677,-1.0023,1.0793,4.1154,4.1154,10.1445
2026-06-15 16:37:22.862,Zohre,right,8.100,486,,,,,,,3.1624,-0.8832,1.0524,4.1198,4.1198,10.2985
2026-06-15 16:37:22.893,Zohre,right,8.133,488,,,,,,,3.1949,-0.8821,1.0246,4.0477,4.0477,10.0578
2026-06-15 16:37:22.924,Zohre,right,8.167,490,,,,,,,3.2089,-0.8092,1.0058,4.0705,4.0705,10.1812
2026-06-15 16:37:22.954,Zohre,right,8.200,492,,,,,,,3.2181,-0.7247,0.9859,4.1274,4.1274,10.3726
2026-06-15 16:37:22.985,Zohre,right,8.233,494,,,,,,,3.2167,-0.6955,1.0106,4.1649,4.1649,10.2968
2026-06-15 16:37:23.016,Zohre,right,8.267,496,,,,,,,3.2192,-0.7010,1.0241,4.1961,4.1961,10.2842
2026-06-15 16:37:23.047,Zohre,right,8.283,497,,,,,,,3.2377,-0.7044,1.0518,4.1675,4.1675,10.3177
2026-06-15 16:37:23.077,Zohre,right,8.317,499,,,,,,,3.2597,-0.6990,1.0537,4.1249,4.1249,10.2564
2026-06-15 16:37:23.108,Zohre,right,8.350,501,,,,,,,3.2633,-0.6551,1.0447,4.1362,4.1362,10.2142
2026-06-15 16:37:23.138,Zohre,right,8.383,503,,,,,,,3.2636,-0.6363,1.0451,4.1307,4.1307,10.2238
2026-06-15 16:37:23.169,Zohre,right,8.417,505,,,,,,,3.2585,-0.6430,1.0503,4.0807,4.0807,10.0206
2026-06-15 16:37:23.200,Zohre,right,8.450,507,,,,,,,3.2523,-0.6421,1.0788,4.0527,4.0527,9.9482
2026-06-15 16:37:23.230,Zohre,right,8.483,509,,,,,,,3.2762,-0.6541,1.1087,4.0985,4.0985,9.9459
2026-06-15 16:37:23.260,Zohre,right,8.500,510,,,,,,,3.3122,-0.6580,1.1244,4.0577,4.0577,10.0255
2026-06-15 16:37:23.291,Zohre,right,8.533,512,,,,,,,3.3522,-0.6563,1.1480,3.9372,3.9372,9.7786
2026-06-15 16:37:23.321,Zohre,right,8.567,514,,,,,,,3.3729,-0.6047,1.1793,3.9531,3.9531,9.6247
2026-06-15 16:37:23.352,Zohre,right,8.600,516,,,,,,,3.3812,-0.5220,1.2061,3.8880,3.8880,9.4097
2026-06-15 16:37:23.383,Zohre,right,8.633,518,,,,,,,3.3686,-0.4515,1.2022,3.8002,3.8002,9.2318
2026-06-15 16:37:23.413,Zohre,right,8.667,520,,,,,,,3.3692,-0.4217,1.1948,3.7723,3.7723,9.0827
2026-06-15 16:37:23.444,Zohre,right,8.683,521,,,,,,,3.3438,-0.3678,1.2027,3.7868,3.7868,9.1064
2026-06-15 16:37:23.474,Zohre,right,8.717,523,,,,,,,3.3437,-0.3588,1.2162,3.8234,3.8234,9.1094
2026-06-15 16:37:23.505,Zohre,right,8.750,525,,,,,,,3.3507,-0.3552,1.2442,3.8204,3.8204,9.1201
2026-06-15 16:37:23.535,Zohre,right,8.783,527,,,,,,,3.3217,-0.3120,1.2572,3.8273,3.8273,9.0971
2026-06-15 16:37:23.566,Zohre,right,8.817,529,,,,,,,3.2672,-0.2451,1.2752,3.7937,3.7937,9.1027
2026-06-15 16:37:23.596,Zohre,right,8.850,531,,,,,,,3.1759,-0.1695,1.2980,3.7851,3.7851,8.8526
2026-06-15 16:37:23.627,Zohre,right,8.867,532,,,,,,,3.1129,-0.1707,1.3199,3.8315,3.8315,8.9176
2026-06-15 16:37:23.658,Zohre,right,8.900,534,,,,,,,3.0495,-0.1712,1.3638,3.8750,3.8750,8.7507
2026-06-15 16:37:23.688,Zohre,right,8.933,536,,,,,,,2.9723,-0.1883,1.4332,3.8130,3.8130,8.5225
2026-06-15 16:37:23.719,Zohre,right,8.967,538,,,,,,,2.8872,-0.1893,1.5201,3.8757,3.8757,8.3731
2026-06-15 16:37:23.749,Zohre,right,9.000,540,,,,,,,2.8685,-0.1834,1.5495,3.8338,3.8338,8.0645
2026-06-15 16:37:23.780,Zohre,right,9.033,542,,,,,,,2.7515,-0.2046,1.6555,3.8451,3.8451,8.3301
2026-06-15 16:37:23.810,Zohre,right,9.050,543,,,,,,,2.7554,-0.2079,1.6980,3.7580,3.7580,8.2351
2026-06-15 16:37:23.841,Zohre,right,9.083,545,,,,,,,2.7376,-0.1878,1.7751,3.6577,3.6577,8.1121
2026-06-15 16:37:23.871,Zohre,right,9.117,547,,,,,,,2.7079,-0.1237,1.8356,3.6838,3.6838,8.4290
2026-06-15 16:37:23.902,Zohre,right,9.150,549,,,,,,,2.7449,-0.0498,1.8575,3.6607,3.6607,8.0937
2026-06-15 16:37:23.933,Zohre,right,9.183,551,,,,,,,2.7684,0.0022,1.8513,3.6360,3.6360,8.1154
2026-06-15 16:37:23.963,Zohre,right,9.217,553,,,,,,,2.8024,0.0831,1.8231,3.6030,3.6030,8.2358
2026-06-15 16:37:23.994,Zohre,right,9.233,554,,,,,,,2.8590,0.0906,1.7881,3.5870,3.5870,8.0334
2026-06-15 16:37:24.024,Zohre,right,9.267,556,,,,,,,2.8637,0.0953,1.7681,3.6384,3.6384,7.9881
2026-06-15 16:37:24.055,Zohre,right,9.300,558,,,,,,,2.9245,0.0904,1.7291,3.6139,3.6139,7.7388
2026-06-15 16:37:24.086,Zohre,right,9.333,560,,,,,,,3.0009,0.0554,1.6711,3.6662,3.6662,7.8589
2026-06-15 16:37:24.116,Zohre,right,9.367,562,,,,,,,3.1152,-0.0014,1.6226,3.7022,3.7022,7.9577
2026-06-15 16:37:24.147,Zohre,right,9.400,564,,,,,,,3.2570,-0.0227,1.5677,3.6977,3.6977,7.9351
2026-06-15 16:37:24.178,Zohre,right,9.417,565,,,,,,,3.3035,-0.0193,1.5361,3.7020,3.7020,7.8816
2026-06-15 16:37:24.208,Zohre,right,9.450,567,,,,,,,3.3474,0.0078,1.4764,3.6615,3.6615,7.9092
2026-06-15 16:37:24.239,Zohre,right,9.483,569,,,,,,,3.3669,0.0810,1.4204,3.6240,3.6240,7.8494
2026-06-15 16:37:24.269,Zohre,right,9.517,571,,,,,,,3.3560,0.1741,1.3866,3.5798,3.5798,7.6772
2026-06-15 16:37:24.300,Zohre,right,9.550,573,,,,,,,3.3552,0.2178,1.3725,3.5609,3.5609,7.5770
2026-06-15 16:37:24.331,Zohre,right,9.583,575,,,,,,,3.3345,0.2783,1.3533,3.5624,3.5624,7.6060
2026-06-15 16:37:24.361,Zohre,right,9.600,576,,,,,,,3.3083,0.3082,1.3428,3.5657,3.5657,7.6085
2026-06-15 16:37:24.392,Zohre,right,9.633,578,,,,,,,3.2909,0.3093,1.3436,3.5882,3.5882,7.6066
2026-06-15 16:37:24.422,Zohre,right,9.667,580,,,,,,,3.2630,0.3113,1.3502,3.5893,3.5893,7.5527
2026-06-15 16:37:24.453,Zohre,right,9.700,582,,,,,,,3.2529,0.3044,1.3871,3.4972,3.4972,7.5592
2026-06-15 16:37:24.484,Zohre,right,9.733,584,,,,,,,3.2380,0.2609,1.4253,3.4368,3.4368,7.4539
2026-06-15 16:37:24.515,Zohre,right,9.767,586,,,,,,,3.2368,0.2264,1.4623,3.3846,3.3846,7.4336
2026-06-15 16:37:24.545,Zohre,right,9.783,587,,,,,,,3.2096,0.2027,1.4646,3.4538,3.4538,7.3073
2026-06-15 16:37:24.576,Zohre,right,9.817,589,,,,,,,3.1243,0.1507,1.4640,3.6207,3.6207,7.4501
2026-06-15 16:37:24.607,Zohre,right,9.850,591,,,,,,,3.0898,0.1247,1.4671,3.6622,3.6622,7.5418
2026-06-15 16:37:24.637,Zohre,right,9.883,593,,,,,,,3.0510,0.1249,1.4560,3.6840,3.6840,7.4946
2026-06-15 16:37:24.668,Zohre,right,9.917,595,,,,,,,2.9841,0.1078,1.4596,3.7192,3.7192,7.6032
2026-06-15 16:37:24.698,Zohre,right,9.950,597,,,,,,,2.9323,0.0873,1.4639,3.6848,3.6848,7.4040
2026-06-15 16:37:24.729,Zohre,right,9.967,598,,,,,,,2.9138,0.0771,1.4805,3.6480,3.6480,7.3897
2026-06-15 16:37:24.759,Zohre,right,10.000,600,,,,,,,2.8899,0.0924,1.5073,3.5759,3.5759,7.1756
2026-06-15 16:37:24.790,Zohre,right,10.033,602,,,,,,,2.8481,0.0868,1.5231,3.4957,3.4957,7.0262
2026-06-15 16:37:24.820,Zohre,right,10.067,604,,,,,,,2.7815,0.0899,1.5502,3.5224,3.5224,7.0271
2026-06-15 16:37:24.851,Zohre,right,10.100,606,,,,,,,2.6842,0.0773,1.5775,3.5345,3.5345,6.9141
2026-06-15 16:37:24.882,Zohre,right,10.133,608,,,,,,,2.5892,0.0800,1.6231,3.5596,3.5596,6.8615
2026-06-15 16:37:24.912,Zohre,right,10.150,609,,,,,,,2.5683,0.0662,1.6491,3.5348,3.5348,6.6598
2026-06-15 16:37:24.944,Zohre,right,10.183,611,,,,,,,2.4817,0.0566,1.6937,3.5625,3.5625,6.7668
2026-06-15 16:37:24.974,Zohre,right,10.217,613,,,,,,,2.4916,0.1365,1.6987,3.3976,3.3976,6.1843
2026-06-15 16:37:25.005,Zohre,right,10.250,615,,,,,,,2.4093,0.1024,1.6929,3.4394,3.4394,6.2911
2026-06-15 16:37:25.035,Zohre,right,10.283,617,,,,,,,2.3773,0.1035,1.6907,3.4609,3.4609,6.2867
2026-06-15 16:37:25.066,Zohre,right,10.317,619,,,,,,,2.3385,0.0892,1.6900,3.4452,3.4452,6.2755
2026-06-15 16:37:25.096,Zohre,right,10.333,620,,,,,,,2.2835,0.0802,1.7127,3.4295,3.4295,6.3683
2026-06-15 16:37:25.127,Zohre,right,10.367,622,,,,,,,2.2449,0.1234,1.7384,3.3982,3.3982,6.1873
2026-06-15 16:37:25.157,Zohre,right,10.400,624,,,,,,,2.2218,0.1054,1.7475,3.3950,3.3950,6.2712
2026-06-15 16:37:25.188,Zohre,right,10.433,626,,,,,,,2.1763,0.1092,1.7634,3.3610,3.3610,6.1034
2026-06-15 16:37:25.219,Zohre,right,10.467,628,,,,,,,2.1747,0.1850,1.7459,3.2594,3.2594,5.3850
2026-06-15 16:37:25.250,Zohre,right,10.500,630,,,,,,,2.1042,0.1038,1.7612,3.3231,3.3231,5.8407
2026-06-15 16:37:25.280,Zohre,right,10.533,632,,,,,,,2.0647,0.0817,1.7828,3.3017,3.3017,5.9003
2026-06-15 16:37:25.311,Zohre,right,10.550,633,,,,,,,2.0592,0.1192,1.7922,3.3131,3.3131,5.6787
2026-06-15 16:37:25.341,Zohre,right,10.583,635,,,,,,,2.0643,0.0939,1.7945,3.2760,3.2760,5.8184
2026-06-15 16:37:25.372,Zohre,right,10.617,637,,,,,,,2.0818,0.1502,1.7758,3.1254,3.1254,5.2371
2026-06-15 16:37:25.403,Zohre,right,10.650,639,,,,,,,2.0017,0.0902,1.7811,3.2027,3.2027,5.6256
2026-06-15 16:37:25.434,Zohre,right,10.683,641,,,,,,,1.9321,0.0667,1.8137,3.2169,3.2169,5.6130
2026-06-15 16:37:25.464,Zohre,right,10.717,643,,,,,,,1.9022,0.0154,1.8315,3.2680,3.2680,5.8861
2026-06-15 16:37:25.495,Zohre,right,10.733,644,,,,,,,1.8607,0.0034,1.8691,3.2455,3.2455,5.8139
2026-06-15 16:37:25.526,Zohre,right,10.767,646,,,,,,,1.8308,0.0177,1.8780,3.2767,3.2767,5.8265
2026-06-15 16:37:25.557,Zohre,right,10.800,648,,,,,,,1.8298,0.0261,1.8678,3.2992,3.2992,5.6747
2026-06-15 16:37:25.587,Zohre,right,10.833,650,,,,,,,1.8012,0.0277,1.8693,3.2790,3.2790,5.8213
2026-06-15 16:37:25.620,Zohre,right,10.867,652,,,,,,,1.7734,0.0819,1.8577,3.2967,3.2967,5.3303
2026-06-15 16:37:25.651,Zohre,right,10.900,654,,,,,,,1.6999,-0.0152,1.8740,3.4093,3.4093,5.8111
2026-06-15 16:37:25.682,Zohre,right,10.933,656,,,,,,,1.6771,-0.0402,1.8989,3.3571,3.3571,5.8985
2026-06-15 16:37:25.712,Zohre,right,10.950,657,,,,,,,1.6842,0.0302,1.9031,3.4044,3.4044,5.6977
2026-06-15 16:37:25.743,Zohre,right,10.983,659,,,,,,,1.6597,-0.0152,1.9148,3.4564,3.4564,6.0048
2026-06-15 16:37:25.774,Zohre,right,11.017,661,,,,,,,1.6188,-0.0015,1.9525,3.4938,3.4938,6.1920
2026-06-15 16:37:25.804,Zohre,right,11.050,663,,,,,,,1.6344,0.0340,1.9810,3.5155,3.5155,6.0441
2026-06-15 16:37:25.835,Zohre,right,11.083,665,,,,,,,1.6464,-0.0157,2.0030,3.5046,3.5046,6.3342
2026-06-15 16:37:25.865,Zohre,right,11.117,667,,,,,,,1.6419,-0.0147,2.0150,3.5012,3.5012,6.2945
2026-06-15 16:37:25.895,Zohre,right,11.133,668,,,,,,,1.6324,-0.0154,2.0302,3.4960,3.4960,6.3481
2026-06-15 16:37:25.926,Zohre,right,11.167,670,,,,,,,1.6282,-0.0451,2.0138,3.4671,3.4671,6.4332
2026-06-15 16:37:25.957,Zohre,right,11.200,672,,,,,,,1.6232,-0.0743,1.9846,3.5169,3.5169,6.4301
2026-06-15 16:37:25.988,Zohre,right,11.233,674,,,,,,,1.6439,-0.0791,1.9569,3.5564,3.5564,6.3240
2026-06-15 16:37:26.019,Zohre,right,11.267,676,,,,,,,1.6089,-0.1196,1.9592,3.5313,3.5313,6.4371
2026-06-15 16:37:26.049,Zohre,right,11.300,678,,,,,,,1.6353,-0.1673,1.9362,3.6113,3.6113,6.5402
2026-06-15 16:37:26.080,Zohre,right,11.317,679,,,,,,,1.6531,-0.1801,1.8875,3.6158,3.6158,6.5335
2026-06-15 16:37:26.110,Zohre,right,11.350,681,,,,,,,1.6721,-0.1716,1.8567,3.5828,3.5828,6.4619
2026-06-15 16:37:26.141,Zohre,right,11.383,683,,,,,,,1.6793,-0.1148,1.8169,3.4576,3.4576,6.1893
2026-06-15 16:37:26.172,Zohre,right,11.417,685,,,,,,,1.6886,-0.1195,1.8116,3.4907,3.4907,6.6797
2026-06-15 16:37:26.202,Zohre,right,11.450,687,,,,,,,1.6895,-0.0646,1.8035,3.4850,3.4850,6.6704
2026-06-15 16:37:26.233,Zohre,right,11.483,689,,,,,,,1.7237,-0.0505,1.7989,3.6021,3.6021,6.5369
2026-06-15 16:37:26.263,Zohre,right,11.500,690,,,,,,,1.7353,-0.1169,1.7936,3.6043,3.6043,6.6715
2026-06-15 16:37:26.294,Zohre,right,11.533,692,,,,,,,1.7261,-0.1293,1.8035,3.5769,3.5769,6.6017
2026-06-15 16:37:26.325,Zohre,right,11.567,694,,,,,,,1.7712,-0.1316,1.7934,3.5338,3.5338,6.3539
2026-06-15 16:37:26.356,Zohre,right,11.600,696,,,,,,,1.7781,-0.1490,1.7904,3.4751,3.4751,6.4481
2026-06-15 16:37:26.386,Zohre,right,11.633,698,,,,,,,1.8231,-0.1131,1.7523,3.4374,3.4374,6.1504
2026-06-15 16:37:26.417,Zohre,right,11.667,700,,,,,,,1.8027,-0.1426,1.7345,3.3906,3.3906,6.2661
2026-06-15 16:37:26.448,Zohre,right,11.700,702,,,,,,,1.8120,-0.1084,1.7045,3.4335,3.4335,6.1065
2026-06-15 16:37:26.479,Zohre,right,11.717,703,,,,,,,1.7714,-0.1833,1.7350,3.5459,3.5459,6.6015
2026-06-15 16:37:26.509,Zohre,right,11.750,705,,,,,,,1.8267,-0.1993,1.7479,3.4313,3.4313,6.5150
2026-06-15 16:37:26.540,Zohre,right,11.783,707,,,,,,,1.9007,-0.1246,1.7225,3.3117,3.3117,6.0772
2026-06-15 16:37:26.570,Zohre,right,11.817,709,,,,,,,1.8808,-0.2444,1.7145,3.4333,3.4333,6.4615
2026-06-15 16:37:26.601,Zohre,right,11.850,711,,,,,,,1.9297,-0.2581,1.6607,3.3484,3.3484,6.2833
2026-06-15 16:37:26.634,Zohre,right,11.883,713,,,,,,,1.9661,-0.2527,1.6292,3.3568,3.3568,6.1438
2026-06-15 16:37:26.665,Zohre,right,11.917,715,,,,,,,1.9798,-0.3018,1.6279,3.3160,3.3160,6.3305
2026-06-15 16:37:26.695,Zohre,right,11.933,716,,,,,,,2.0120,-0.3777,1.6447,3.4037,3.4037,6.3804
2026-06-15 16:37:26.726,Zohre,right,11.967,718,,,,,,,2.0330,-0.3699,1.6375,3.4301,3.4301,6.4468
2026-06-15 16:37:26.757,Zohre,right,12.000,720,,,,,,,2.0445,-0.3725,1.6073,3.4429,3.4429,6.4777
2026-06-15 16:37:26.787,Zohre,right,12.033,722,,,,,,,2.0861,-0.2736,1.5160,3.3175,3.3175,6.1517
2026-06-15 16:37:26.818,Zohre,right,12.067,724,,,,,,,2.1113,-0.1442,1.4803,3.2386,3.2386,5.5560
2026-06-15 16:37:26.849,Zohre,right,12.100,726,,,,,,,2.1064,-0.1740,1.4781,3.3155,3.3155,5.8692
2026-06-15 16:37:26.879,Zohre,right,12.117,727,,,,,,,2.1395,-0.1889,1.4988,3.4133,3.4133,6.4059
2026-06-15 16:37:26.910,Zohre,right,12.150,729,,,,,,,2.2298,-0.0990,1.4937,3.3305,3.3305,5.8260
2026-06-15 16:37:26.940,Zohre,right,12.183,731,,,,,,,2.2355,-0.1908,1.4968,3.3884,3.3884,6.5036
2026-06-15 16:37:26.971,Zohre,right,12.217,733,,,,,,,2.2183,-0.2126,1.4712,3.5235,3.5235,6.3579
2026-06-15 16:37:27.001,Zohre,right,12.250,735,,,,,,,2.2406,-0.2393,1.4463,3.5383,3.5383,6.2610
2026-06-15 16:37:27.032,Zohre,right,12.283,737,,,,,,,2.3082,-0.1838,1.3647,3.4256,3.4256,5.6905
2026-06-15 16:37:27.063,Zohre,right,12.300,738,,,,,,,2.3518,-0.1992,1.3608,3.3898,3.3898,5.9395
2026-06-15 16:37:27.094,Zohre,right,12.333,740,,,,,,,2.3726,-0.2349,1.3677,3.4232,3.4232,6.1216
2026-06-15 16:37:27.124,Zohre,right,12.367,742,,,,,,,2.4045,-0.2562,1.3620,3.4256,3.4256,6.2835
2026-06-15 16:37:27.155,Zohre,right,12.400,744,,,,,,,2.3775,-0.3093,1.3757,3.5142,3.5142,6.5088
2026-06-15 16:37:27.185,Zohre,right,12.433,746,,,,,,,2.3643,-0.3279,1.4039,3.4744,3.4744,6.6379
2026-06-15 16:37:27.215,Zohre,right,12.467,748,,,,,,,2.3945,-0.3229,1.4192,3.4129,3.4129,6.5300
2026-06-15 16:37:27.246,Zohre,right,12.483,749,,,,,,,2.4555,-0.2915,1.3816,3.4099,3.4099,6.4008
2026-06-15 16:37:27.276,Zohre,right,12.517,751,,,,,,,2.4794,-0.2746,1.3729,3.3547,3.3547,6.4740
2026-06-15 16:37:27.307,Zohre,right,12.550,753,,,,,,,2.5147,-0.2224,1.3382,3.3862,3.3862,6.3926
2026-06-15 16:37:27.337,Zohre,right,12.583,755,,,,,,,2.5209,-0.2132,1.3165,3.4075,3.4075,6.5908
2026-06-15 16:37:27.368,Zohre,right,12.617,757,,,,,,,2.5866,-0.1887,1.3219,3.3418,3.3418,6.4144
2026-06-15 16:37:27.398,Zohre,right,12.650,759,,,,,,,2.6515,-0.1830,1.3236,3.2971,3.2971,6.2229
2026-06-15 16:37:27.429,Zohre,right,12.667,760,,,,,,,2.7086,-0.1989,1.3404,3.2678,3.2678,6.3896
2026-06-15 16:37:27.460,Zohre,right,12.700,762,,,,,,,2.7570,-0.2030,1.3427,3.2416,3.2416,6.3034
2026-06-15 16:37:27.490,Zohre,right,12.733,764,,,,,,,2.8351,-0.2232,1.3282,3.2373,3.2373,6.0884
2026-06-15 16:37:27.521,Zohre,right,12.767,766,,,,,,,2.8697,-0.2734,1.2969,3.3327,3.3327,6.3263
2026-06-15 16:37:27.552,Zohre,right,12.800,768,,,,,,,2.9222,-0.2981,1.2718,3.3210,3.3210,6.3671
2026-06-15 16:37:27.582,Zohre,right,12.833,770,,,,,,,2.9370,-0.3176,1.2709,3.3427,3.3427,6.4647
2026-06-15 16:37:27.613,Zohre,right,12.850,771,,,,,,,3.0094,-0.3168,1.2774,3.3170,3.3170,6.3355
2026-06-15 16:37:27.644,Zohre,right,12.867,772,,,,,,,3.0402,-0.3151,1.2786,3.2992,3.2992,6.3282
2026-06-15 16:37:27.674,Zohre,right,12.900,774,,,,,,,3.0774,-0.2959,1.2706,3.2811,3.2811,6.2815
2026-06-15 16:37:27.705,Zohre,right,12.933,776,,,,,,,3.0967,-0.2858,1.2691,3.2852,3.2852,6.2689
2026-06-15 16:37:27.736,Zohre,right,12.967,778,,,,,,,3.1132,-0.2643,1.2578,3.2613,3.2613,6.2574
2026-06-15 16:37:27.767,Zohre,right,13.000,780,,,,,,,3.1395,-0.2357,1.2418,3.2549,3.2549,6.2303
2026-06-15 16:37:27.797,Zohre,right,13.033,782,,,,,,,3.1515,-0.2305,1.2498,3.2666,3.2666,6.3067
2026-06-15 16:37:27.828,Zohre,right,13.050,783,,,,,,,3.1609,-0.2343,1.2700,3.3320,3.3320,6.3705
2026-06-15 16:37:27.859,Zohre,right,13.083,785,,,,,,,3.1768,-0.2293,1.2787,3.3206,3.3206,6.3107
2026-06-15 16:37:27.889,Zohre,right,13.117,787,,,,,,,3.1793,-0.2386,1.2989,3.3600,3.3600,6.3310
2026-06-15 16:37:27.919,Zohre,right,13.150,789,,,,,,,3.1902,-0.2433,1.3232,3.3260,3.3260,6.3033
2026-06-15 16:37:27.950,Zohre,right,13.183,791,,,,,,,3.1598,-0.2441,1.3590,3.2899,3.2899,6.2507
2026-06-15 16:37:27.980,Zohre,right,13.217,793,,,,,,,3.1647,-0.2225,1.3827,3.2518,3.2518,6.0985
2026-06-15 16:37:28.011,Zohre,right,13.233,794,,,,,,,3.1701,-0.2186,1.3887,3.2405,3.2405,6.0814
2026-06-15 16:37:28.042,Zohre,right,13.267,796,,,,,,,3.1937,-0.2180,1.3948,3.2635,3.2635,6.1174
2026-06-15 16:37:28.072,Zohre,right,13.300,798,,,,,,,3.2305,-0.2196,1.3861,3.2487,3.2487,6.0474
2026-06-15 16:37:28.103,Zohre,right,13.333,800,,,,,,,3.2371,-0.2254,1.3837,3.2535,3.2535,6.1141
2026-06-15 16:37:28.134,Zohre,right,13.367,802,,,,,,,3.2623,-0.2184,1.3782,3.2666,3.2666,6.1475
2026-06-15 16:37:28.165,Zohre,right,13.400,804,,,,,,,3.2997,-0.2210,1.3646,3.2461,3.2461,6.0760
2026-06-15 16:37:28.195,Zohre,right,13.417,805,,,,,,,3.3165,-0.2281,1.3433,3.2730,3.2730,6.1789
2026-06-15 16:37:28.226,Zohre,right,13.450,807,,,,,,,3.3443,-0.2339,1.3296,3.2473,3.2473,6.0784
2026-06-15 16:37:28.256,Zohre,right,13.483,809,,,,,,,3.3644,-0.2476,1.3251,3.2902,3.2902,6.2767
2026-06-15 16:37:28.287,Zohre,right,13.517,811,,,,,,,3.3494,-0.2589,1.3577,3.3464,3.3464,6.5191
2026-06-15 16:37:28.317,Zohre,right,13.550,813,,,,,,,3.3408,-0.2652,1.3849,3.3496,3.3496,6.6204
2026-06-15 16:37:28.348,Zohre,right,13.583,815,,,,,,,3.3650,-0.2645,1.3709,3.2268,3.2268,6.4088
2026-06-15 16:37:28.378,Zohre,right,13.600,816,,,,,,,3.3563,-0.2706,1.3600,3.2338,3.2338,6.3866
2026-06-15 16:37:28.409,Zohre,right,13.633,818,,,,,,,3.3572,-0.2717,1.3549,3.2292,3.2292,6.3339
2026-06-15 16:37:28.439,Zohre,right,13.667,820,,,,,,,3.3501,-0.2622,1.3560,3.2617,3.2617,6.4095
2026-06-15 16:37:28.469,Zohre,right,13.700,822,,,,,,,3.3723,-0.2558,1.3527,3.2869,3.2869,6.3880
2026-06-15 16:37:28.500,Zohre,right,13.733,824,,,,,,,3.3950,-0.2626,1.3381,3.2457,3.2457,6.2474
2026-06-15 16:37:28.531,Zohre,right,13.767,826,,,,,,,3.3908,-0.2626,1.3426,3.2619,3.2619,6.2169
2026-06-15 16:37:28.562,Zohre,right,13.783,827,,,,,,,3.3775,-0.2676,1.3671,3.2692,3.2692,6.2567
2026-06-15 16:37:28.592,Zohre,right,13.817,829,,,,,,,3.3604,-0.2709,1.3965,3.2759,3.2759,6.3347
2026-06-15 16:37:28.623,Zohre,right,13.850,831,,,,,,,3.3229,-0.2695,1.4058,3.2643,3.2643,6.3203
2026-06-15 16:37:28.655,Zohre,right,13.883,833,,,,,,,3.3103,-0.2602,1.4057,3.2725,3.2725,6.3318
2026-06-15 16:37:28.685,Zohre,right,13.917,835,,,,,,,3.3059,-0.2598,1.4013,3.2743,3.2743,6.3425
2026-06-15 16:37:28.716,Zohre,right,13.950,837,,,,,,,3.2831,-0.2495,1.4034,3.2964,3.2964,6.3671
2026-06-15 16:37:28.747,Zohre,right,13.983,839,,,,,,,3.2667,-0.2446,1.3929,3.2764,3.2764,6.3415
2026-06-15 16:37:28.778,Zohre,right,14.000,840,,,,,,,3.2673,-0.2492,1.3845,3.2491,3.2491,6.2280
2026-06-15 16:37:28.808,Zohre,right,14.033,842,,,,,,,3.2537,-0.2312,1.3601,3.1716,3.1716,5.9241
2026-06-15 16:37:28.839,Zohre,right,14.067,844,,,,,,,3.2445,-0.2342,1.3580,3.1588,3.1588,5.8878
2026-06-15 16:37:28.870,Zohre,right,14.100,846,,,,,,,3.2562,-0.2251,1.3554,3.1456,3.1456,5.8782
2026-06-15 16:37:28.901,Zohre,right,14.133,848,,,,,,,3.2396,-0.2496,1.3838,3.2303,3.2303,6.1073
2026-06-15 16:37:28.931,Zohre,right,14.167,850,,,,,,,3.2117,-0.2802,1.4203,3.2734,3.2734,6.3038
2026-06-15 16:37:28.962,Zohre,right,14.183,851,,,,,,,3.2023,-0.2885,1.4359,3.2816,3.2816,6.3097
2026-06-15 16:37:28.992,Zohre,right,14.217,853,,,,,,,3.1820,-0.3080,1.4434,3.2627,3.2627,6.1951
2026-06-15 16:37:29.023,Zohre,right,14.250,855,,,,,,,3.1571,-0.3195,1.4234,3.2388,3.2388,6.1295
2026-06-15 16:37:29.054,Zohre,right,14.283,857,,,,,,,3.1512,-0.3205,1.4061,3.2208,3.2208,6.0708
2026-06-15 16:37:29.084,Zohre,right,14.317,859,,,,,,,3.1293,-0.3308,1.3925,3.2882,3.2882,6.1413
2026-06-15 16:37:29.115,Zohre,right,14.350,861,,,,,,,3.1321,-0.3336,1.3851,3.3168,3.3168,6.1612
2026-06-15 16:37:29.145,Zohre,right,14.367,862,,,,,,,3.1821,-0.3282,1.3543,3.3221,3.3221,6.1615
2026-06-15 16:37:29.176,Zohre,right,14.400,864,,,,,,,3.1602,-0.3248,1.3241,3.3281,3.3281,6.2755
2026-06-15 16:37:29.206,Zohre,right,14.433,866,,,,,,,3.1708,-0.2923,1.3010,3.2735,3.2735,6.0650
2026-06-15 16:37:29.237,Zohre,right,14.467,868,,,,,,,3.1557,-0.2933,1.2772,3.2736,3.2736,6.2171
2026-06-15 16:37:29.267,Zohre,right,14.500,870,,,,,,,3.1303,-0.2539,1.2473,3.2797,3.2797,6.1462
2026-06-15 16:37:29.298,Zohre,right,14.533,872,,,,,,,3.1089,-0.2465,1.2433,3.3345,3.3345,6.1872
2026-06-15 16:37:29.329,Zohre,right,14.550,873,,,,,,,3.0873,-0.2647,1.2534,3.3569,3.3569,6.2561
2026-06-15 16:37:29.360,Zohre,right,14.600,876,,,,,,,3.0564,-0.2902,1.2750,3.3780,3.3780,6.2430
2026-06-15 16:37:29.390,Zohre,right,14.633,878,,,,,,,3.0276,-0.3276,1.3039,3.3460,3.3460,6.2282
2026-06-15 16:37:29.421,Zohre,right,14.667,880,,,,,,,2.9407,-0.3846,1.3456,3.4390,3.4390,6.6184
2026-06-15 16:37:29.451,Zohre,right,14.700,882,,,,,,,2.9409,-0.4284,1.3358,3.3976,3.3976,6.5284
2026-06-15 16:37:29.482,Zohre,right,14.733,884,,,,,,,2.9575,-0.4692,1.3196,3.3876,3.3876,6.4785
2026-06-15 16:37:29.512,Zohre,right,14.750,885,,,,,,,2.9790,-0.5464,1.2730,3.4598,3.4598,6.6277
2026-06-15 16:37:29.543,Zohre,right,14.783,887,,,,,,,2.9895,-0.5956,1.2217,3.4973,3.4973,6.6429
2026-06-15 16:37:29.574,Zohre,right,14.817,889,,,,,,,2.9799,-0.6191,1.2109,3.5411,3.5411,6.7491
2026-06-15 16:37:29.604,Zohre,right,14.850,891,,,,,,,2.9740,-0.6246,1.1720,3.5024,3.5024,6.7306
2026-06-15 16:37:29.635,Zohre,right,14.883,893,,,,,,,2.9601,-0.6617,1.1417,3.4439,3.4439,6.6330
2026-06-15 16:37:29.666,Zohre,right,14.917,895,,,,,,,2.9116,-0.6438,1.1238,3.4437,3.4437,6.6434
2026-06-15 16:37:29.697,Zohre,right,14.950,897,,,,,,,2.8989,-0.6238,1.1108,3.4340,3.4340,6.5055
2026-06-15 16:37:29.727,Zohre,right,14.967,898,,,,,,,2.8264,-0.6289,1.1380,3.4390,3.4390,6.5954
2026-06-15 16:37:29.758,Zohre,right,15.000,900,,,,,,,2.7595,-0.6594,1.2040,3.4715,3.4715,6.7222
2026-06-15 16:37:29.788,Zohre,right,15.033,902,,,,,,,2.7005,-0.7027,1.2525,3.4924,3.4924,6.6882
2026-06-15 16:37:29.819,Zohre,right,15.067,904,,,,,,,2.6486,-0.7740,1.2593,3.4947,3.4947,6.5419
2026-06-15 16:37:29.850,Zohre,right,15.100,906,,,,,,,2.6111,-0.8162,1.2525,3.4772,3.4772,6.5602
2026-06-15 16:37:29.881,Zohre,right,15.133,908,,,,,,,2.6183,-0.8949,1.2364,3.4589,3.4589,6.3258
2026-06-15 16:37:29.911,Zohre,right,15.150,909,,,,,,,2.6156,-0.8989,1.2399,3.4706,3.4706,6.4068
2026-06-15 16:37:29.942,Zohre,right,15.183,911,,,,,,,2.6664,-0.9280,1.1950,3.3934,3.3934,5.8839
2026-06-15 16:37:29.973,Zohre,right,15.217,913,,,,,,,2.6453,-0.9387,1.1570,3.3756,3.3756,6.0623
2026-06-15 16:37:30.003,Zohre,right,15.250,915,,,,,,,2.6114,-0.8809,1.1398,3.3547,3.3547,6.3110
2026-06-15 16:37:30.034,Zohre,right,15.283,917,,,,,,,2.6273,-0.8735,1.1195,3.3035,3.3035,6.1277
2026-06-15 16:37:30.065,Zohre,right,15.317,919,,,,,,,2.5623,-0.7898,1.1290,3.2707,3.2707,6.4473
2026-06-15 16:37:30.095,Zohre,right,15.333,920,,,,,,,2.5098,-0.7526,1.1460,3.2524,3.2524,6.5038
2026-06-15 16:37:30.126,Zohre,right,15.367,922,,,,,,,2.4543,-0.7097,1.1797,3.3315,3.3315,6.3575
2026-06-15 16:37:30.156,Zohre,right,15.400,924,,,,,,,2.3794,-0.7101,1.2063,3.4439,3.4439,6.6430
2026-06-15 16:37:30.187,Zohre,right,15.433,926,,,,,,,2.3016,-0.6954,1.2544,3.5194,3.5194,6.9359
2026-06-15 16:37:30.217,Zohre,right,15.467,928,,,,,,,2.2455,-0.6502,1.2846,3.5328,3.5328,6.9216
2026-06-15 16:37:30.248,Zohre,right,15.500,930,,,,,,,2.2223,-0.6260,1.2956,3.5444,3.5444,7.0480
2026-06-15 16:37:30.279,Zohre,right,15.517,931,,,,,,,2.2173,-0.5167,1.2799,3.4007,3.4007,6.7131
2026-06-15 16:37:30.310,Zohre,right,15.550,933,,,,,,,2.1941,-0.5024,1.2688,3.4316,3.4316,6.7359
2026-06-15 16:37:30.340,Zohre,right,15.583,935,,,,,,,2.1800,-0.4030,1.2143,3.3872,3.3872,6.3301
2026-06-15 16:37:30.371,Zohre,right,15.617,937,,,,,,,2.1248,-0.4111,1.1957,3.4684,3.4684,6.5571
2026-06-15 16:37:30.401,Zohre,right,15.650,939,,,,,,,2.0962,-0.4310,1.1804,3.4501,3.4501,6.5712
2026-06-15 16:37:30.432,Zohre,right,15.683,941,,,,,,,2.0264,-0.4352,1.1911,3.4448,3.4448,6.7403
2026-06-15 16:37:30.463,Zohre,right,15.700,942,,,,,,,2.0571,-0.2892,1.1415,3.2402,3.2402,5.7728
2026-06-15 16:37:30.493,Zohre,right,15.733,944,,,,,,,1.9600,-0.3850,1.1370,3.3773,3.3773,6.5036
2026-06-15 16:37:30.524,Zohre,right,15.767,946,,,,,,,1.9146,-0.3049,1.1533,3.2454,3.2454,6.0335
2026-06-15 16:37:30.554,Zohre,right,15.800,948,,,,,,,1.8721,-0.3161,1.1964,3.3331,3.3331,6.4375
2026-06-15 16:37:30.585,Zohre,right,15.833,950,,,,,,,1.8293,-0.1972,1.2771,3.2284,3.2284,6.0026
2026-06-15 16:37:30.616,Zohre,right,15.867,952,,,,,,,1.7270,-0.1980,1.3538,3.3673,3.3673,6.2830
2026-06-15 16:37:30.646,Zohre,right,15.883,953,,,,,,,1.6619,-0.1266,1.4133,3.3571,3.3571,5.9211
2026-06-15 16:37:30.679,Zohre,right,15.917,955,,,,,,,1.6444,-0.1214,1.4379,3.3500,3.3500,6.0228
2026-06-15 16:37:30.710,Zohre,right,15.950,957,,,,,,,1.6444,-0.1214,1.4379,3.3500,3.3500,6.0228
2026-06-15 16:37:30.741,Zohre,right,15.983,959,,,,,,,1.6244,-0.0383,1.4356,3.2408,3.2408,5.7809
2026-06-15 16:37:30.771,Zohre,right,16.017,961,,,,,,,1.6146,-0.0052,1.4330,3.3420,3.3420,5.9984
2026-06-15 16:37:30.802,Zohre,right,16.050,963,,,,,,,1.5964,-0.0061,1.4498,3.3458,3.3458,6.0764
2026-06-15 16:37:30.832,Zohre,right,16.083,965,,,,,,,1.5595,-0.0023,1.4842,3.3430,3.3430,6.0032
2026-06-15 16:37:30.863,Zohre,right,16.100,966,,,,,,,1.5384,-0.0417,1.4795,3.4481,3.4481,6.2999
2026-06-15 16:37:30.894,Zohre,right,16.133,968,,,,,,,1.5804,-0.0138,1.4733,3.3194,3.3194,6.0431
2026-06-15 16:37:30.924,Zohre,right,16.167,970,,,,,,,1.5452,-0.0054,1.4864,3.2830,3.2830,6.0529
2026-06-15 16:37:30.955,Zohre,right,16.200,972,,,,,,,1.6019,-0.0024,1.4622,3.2710,3.2710,5.7462
2026-06-15 16:37:30.985,Zohre,right,16.233,974,,,,,,,1.5688,-0.0244,1.4629,3.2379,3.2379,5.8506
2026-06-15 16:37:31.016,Zohre,right,16.267,976,,,,,,,1.5360,0.0074,1.4491,3.3887,3.3887,6.0544
2026-06-15 16:37:31.047,Zohre,right,16.300,978,,,,,,,1.5193,0.0341,1.4315,3.3369,3.3369,5.9403
2026-06-15 16:37:31.078,Zohre,right,16.317,979,,,,,,,1.5520,0.0149,1.4234,3.3310,3.3310,6.1509
2026-06-15 16:37:31.108,Zohre,right,16.350,981,,,,,,,1.5619,0.0462,1.4355,3.2728,3.2728,6.2560
2026-06-15 16:37:31.138,Zohre,right,16.383,983,,,,,,,1.5826,0.0225,1.4338,3.2610,3.2610,6.3605
2026-06-15 16:37:31.169,Zohre,right,16.417,985,,,,,,,1.5760,0.0462,1.4558,3.2480,3.2480,6.2327
2026-06-15 16:37:31.199,Zohre,right,16.450,987,,,,,,,1.5524,0.0077,1.4641,3.3598,3.3598,6.4118
2026-06-15 16:37:31.230,Zohre,right,16.483,989,,,,,,,1.5837,0.0001,1.4454,3.3694,3.3694,6.6206
2026-06-15 16:37:31.261,Zohre,right,16.500,990,,,,,,,1.6632,0.0593,1.4121,3.2459,3.2459,6.3332
2026-06-15 16:37:31.292,Zohre,right,16.533,992,,,,,,,1.6884,0.1036,1.3915,3.2973,3.2973,6.1435
2026-06-15 16:37:31.322,Zohre,right,16.567,994,,,,,,,1.7426,0.1331,1.3308,3.3059,3.3059,6.1600
2026-06-15 16:37:31.353,Zohre,right,16.600,996,,,,,,,1.7480,0.1597,1.2881,3.3204,3.3204,6.1424
2026-06-15 16:37:31.384,Zohre,right,16.633,998,,,,,,,1.7178,0.1542,1.2457,3.3739,3.3739,6.1990
2026-06-15 16:37:31.414,Zohre,right,16.667,1000,,,,,,,1.6970,0.1264,1.2435,3.3606,3.3606,6.4515
2026-06-15 16:37:31.445,Zohre,right,16.683,1001,,,,,,,1.6971,0.0711,1.2458,3.4153,3.4153,6.6524
2026-06-15 16:37:31.476,Zohre,right,16.717,1003,,,,,,,1.6961,0.0763,1.2623,3.3330,3.3330,6.4915
2026-06-15 16:37:31.506,Zohre,right,16.750,1005,,,,,,,1.7291,0.0614,1.2724,3.3110,3.3110,6.4495
2026-06-15 16:37:31.537,Zohre,right,16.783,1007,,,,,,,1.8362,0.0962,1.2408,3.3001,3.3001,5.8981
2026-06-15 16:37:31.567,Zohre,right,16.817,1009,,,,,,,1.8551,0.0124,1.2367,3.3275,3.3275,6.3191
2026-06-15 16:37:31.598,Zohre,right,16.833,1010,,,,,,,1.9069,0.0473,1.2254,3.3292,3.3292,6.1158
2026-06-15 16:37:31.629,Zohre,right,16.867,1012,,,,,,,1.9579,-0.0089,1.2333,3.3054,3.3054,6.4283
2026-06-15 16:37:31.659,Zohre,right,16.900,1014,,,,,,,2.0090,0.0070,1.2747,3.2571,3.2571,6.3764
2026-06-15 16:37:31.692,Zohre,right,16.933,1016,,,,,,,2.0805,0.0383,1.2819,3.3133,3.3133,6.3587
2026-06-15 16:37:31.723,Zohre,right,16.967,1018,,,,,,,2.0954,0.0465,1.2413,3.3714,3.3714,6.4310
2026-06-15 16:37:31.753,Zohre,right,17.000,1020,,,,,,,2.1416,0.0818,1.1791,3.3178,3.3178,6.3154
2026-06-15 16:37:31.784,Zohre,right,17.033,1022,,,,,,,2.1697,0.1120,1.1343,3.2913,3.2913,6.1789
2026-06-15 16:37:31.815,Zohre,right,17.067,1024,,,,,,,2.2593,0.1253,1.0679,3.3146,3.3146,6.0493
2026-06-15 16:37:31.845,Zohre,right,17.083,1025,,,,,,,2.2630,0.1087,1.0480,3.2883,3.2883,6.0545
2026-06-15 16:37:31.876,Zohre,right,17.117,1027,,,,,,,2.2876,0.0886,1.0063,3.3700,3.3700,6.1337
2026-06-15 16:37:31.907,Zohre,right,17.150,1029,,,,,,,2.3249,0.0475,0.9701,3.3178,3.3178,5.9874
2026-06-15 16:37:31.938,Zohre,right,17.183,1031,,,,,,,2.3360,-0.0008,0.9486,3.3830,3.3830,6.3486
2026-06-15 16:37:31.968,Zohre,right,17.217,1033,,,,,,,2.3916,0.0362,0.9437,3.4068,3.4068,6.4386
2026-06-15 16:37:31.998,Zohre,right,17.250,1035,,,,,,,2.4204,0.0427,0.9484,3.3696,3.3696,6.4678
2026-06-15 16:37:32.029,Zohre,right,17.267,1036,,,,,,,2.4502,0.0321,0.9608,3.3865,3.3865,6.5377
2026-06-15 16:37:32.059,Zohre,right,17.300,1038,,,,,,,2.5059,0.0494,0.9681,3.3356,3.3356,6.4719
2026-06-15 16:37:32.090,Zohre,right,17.333,1040,,,,,,,2.5230,0.0207,0.9821,3.3526,3.3526,6.6473
2026-06-15 16:37:32.121,Zohre,right,17.367,1042,,,,,,,2.5210,0.0141,1.0064,3.3754,3.3754,6.7264
2026-06-15 16:37:32.151,Zohre,right,17.400,1044,,,,,,,2.5711,0.0352,1.0442,3.3432,3.3432,6.5749
2026-06-15 16:37:32.182,Zohre,right,17.433,1046,,,,,,,2.6009,0.0911,1.0660,3.3510,3.3510,6.4589
2026-06-15 16:37:32.213,Zohre,right,17.450,1047,,,,,,,2.6387,0.1716,1.0542,3.3223,3.3223,6.2296
2026-06-15 16:37:32.243,Zohre,right,17.483,1049,,,,,,,2.6536,0.1699,1.0532,3.3312,3.3312,6.2807
2026-06-15 16:37:32.274,Zohre,right,17.517,1051,,,,,,,2.6711,0.2198,1.0383,3.3575,3.3575,6.3005
2026-06-15 16:37:32.304,Zohre,right,17.550,1053,,,,,,,2.6682,0.2559,1.0263,3.3833,3.3833,6.3794
2026-06-15 16:37:32.335,Zohre,right,17.583,1055,,,,,,,2.6578,0.2416,1.0222,3.4337,3.4337,6.4543
2026-06-15 16:37:32.366,Zohre,right,17.617,1057,,,,,,,2.6804,0.2437,1.0275,3.3959,3.3959,6.5380
2026-06-15 16:37:32.396,Zohre,right,17.633,1058,,,,,,,2.7064,0.2167,1.0475,3.3722,3.3722,6.5986
2026-06-15 16:37:32.427,Zohre,right,17.667,1060,,,,,,,2.7347,0.2111,1.0560,3.3754,3.3754,6.5837
2026-06-15 16:37:32.457,Zohre,right,17.700,1062,,,,,,,2.7791,0.2154,1.0565,3.3431,3.3431,6.5541
2026-06-15 16:37:32.488,Zohre,right,17.733,1064,,,,,,,2.8301,0.1898,1.0454,3.3499,3.3499,6.3652
2026-06-15 16:37:32.519,Zohre,right,17.767,1066,,,,,,,2.8797,0.1944,1.0333,3.3493,3.3493,6.2842
2026-06-15 16:37:32.549,Zohre,right,17.800,1068,,,,,,,2.8899,0.1814,1.0353,3.3487,3.3487,6.2884
2026-06-15 16:37:32.580,Zohre,right,17.817,1069,,,,,,,2.8069,0.2736,1.0289,3.2976,3.2976,6.2466
2026-06-15 16:37:32.611,Zohre,right,17.850,1071,,,,,,,2.7528,0.3788,1.0412,3.2646,3.2646,5.9674
2026-06-15 16:37:32.641,Zohre,right,17.883,1073,,,,,,,2.7388,0.4218,1.0441,3.2425,3.2425,5.8275
2026-06-15 16:37:32.673,Zohre,right,17.917,1075,,,,,,,2.7282,0.4376,1.0392,3.2516,3.2516,5.7394
2026-06-15 16:37:32.706,Zohre,right,17.950,1077,,,,,,,2.7115,0.4350,1.0346,3.2684,3.2684,5.7640
2026-06-15 16:37:32.737,Zohre,right,17.983,1079,,,,,,,2.7012,0.4359,1.0348,3.3034,3.3034,5.8157
2026-06-15 16:37:32.767,Zohre,right,18.017,1081,,,,,,,2.7324,0.5890,1.0221,3.2569,3.2569,5.6449
2026-06-15 16:37:32.799,Zohre,right,18.050,1083,,,,,,,2.7232,0.6131,1.0227,3.2524,3.2524,5.8420
2026-06-15 16:37:32.829,Zohre,right,18.067,1084,,,,,,,2.7328,0.6759,1.0183,3.2436,3.2436,5.7562
2026-06-15 16:37:32.859,Zohre,right,18.100,1086,,,,,,,2.7467,0.7399,1.0046,3.2339,3.2339,5.5467
2026-06-15 16:37:32.890,Zohre,right,18.133,1088,,,,,,,2.7533,0.7730,0.9952,3.2301,3.2301,5.4687
2026-06-15 16:37:32.920,Zohre,right,18.167,1090,,,,,,,2.7377,0.7787,0.9951,3.2426,3.2426,5.6171
2026-06-15 16:37:32.951,Zohre,right,18.200,1092,,,,,,,2.7550,0.8196,0.9938,3.2149,3.2149,5.4986
2026-06-15 16:37:32.981,Zohre,right,18.233,1094,,,,,,,2.7480,0.8320,1.0065,3.2169,3.2169,5.6957
2026-06-15 16:37:33.012,Zohre,right,18.250,1095,,,,,,,2.7385,0.8457,1.0280,3.2554,3.2554,5.7461
2026-06-15 16:37:33.043,Zohre,right,18.283,1097,,,,,,,2.7432,0.8922,1.0377,3.2589,3.2589,5.6976
2026-06-15 16:37:33.073,Zohre,right,18.317,1099,,,,,,,2.7306,0.8846,1.0444,3.2633,3.2633,5.8184
2026-06-15 16:37:33.104,Zohre,right,18.350,1101,,,,,,,2.7526,0.9809,1.0521,3.1829,3.1829,5.4545
2026-06-15 16:37:33.135,Zohre,right,18.383,1103,,,,,,,2.7711,1.0095,1.0541,3.1554,3.1554,5.4910
2026-06-15 16:37:33.166,Zohre,right,18.417,1105,,,,,,,2.7498,0.9937,1.0543,3.1800,3.1800,5.8714
2026-06-15 16:37:33.196,Zohre,right,18.433,1106,,,,,,,2.7614,1.0012,1.0213,3.2112,3.2112,5.6344
2026-06-15 16:37:33.227,Zohre,right,18.467,1108,,,,,,,2.7776,0.9988,0.9973,3.2330,3.2330,5.5877
2026-06-15 16:37:33.257,Zohre,right,18.500,1110,,,,,,,2.7974,1.0081,0.9473,3.2448,3.2448,5.7052
2026-06-15 16:37:33.288,Zohre,right,18.533,1112,,,,,,,2.8228,1.0581,0.9194,3.2212,3.2212,5.5771
2026-06-15 16:37:33.318,Zohre,right,18.567,1114,,,,,,,2.8141,1.0485,0.9154,3.2395,3.2395,5.6550
2026-06-15 16:37:33.349,Zohre,right,18.600,1116,,,,,,,2.8055,1.0296,0.9132,3.2578,3.2578,5.6829
2026-06-15 16:37:33.380,Zohre,right,18.617,1117,,,,,,,2.7482,1.1051,0.9078,3.3138,3.3138,5.8547
2026-06-15 16:37:33.410,Zohre,right,18.650,1119,,,,,,,2.7063,1.1744,0.9086,3.2785,3.2785,5.9837
2026-06-15 16:37:33.440,Zohre,right,18.683,1121,,,,,,,2.6627,1.2014,0.9120,3.2456,3.2456,6.0499
2026-06-15 16:37:33.471,Zohre,right,18.717,1123,,,,,,,2.6507,1.2283,0.8952,3.2519,3.2519,5.7973
2026-06-15 16:37:33.501,Zohre,right,18.750,1125,,,,,,,2.6399,1.2013,0.8927,3.2522,3.2522,6.0106
2026-06-15 16:37:33.532,Zohre,right,18.783,1127,,,,,,,2.6634,1.1957,0.8801,3.2824,3.2824,5.9448
2026-06-15 16:37:33.563,Zohre,right,18.800,1128,,,,,,,2.6635,1.1556,0.8624,3.3348,3.3348,6.2050
2026-06-15 16:37:33.593,Zohre,right,18.833,1130,,,,,,,2.6731,1.1624,0.8516,3.3543,3.3543,6.0549
2026-06-15 16:37:33.624,Zohre,right,18.867,1132,,,,,,,2.6687,1.1464,0.8594,3.3427,3.3427,6.0951
2026-06-15 16:37:33.654,Zohre,right,18.900,1134,,,,,,,2.7021,1.1534,0.8562,3.4045,3.4045,6.1809
2026-06-15 16:37:33.685,Zohre,right,18.933,1136,,,,,,,2.7229,1.1619,0.8503,3.4268,3.4268,6.1691
2026-06-15 16:37:33.716,Zohre,right,18.967,1138,,,,,,,2.7213,1.1557,0.8524,3.4329,3.4329,6.2934
2026-06-15 16:37:33.746,Zohre,right,18.983,1139,,,,,,,2.7314,1.1225,0.8415,3.4834,3.4834,6.1805
2026-06-15 16:37:33.777,Zohre,right,19.017,1141,,,,,,,2.7298,1.0909,0.8404,3.4871,3.4871,6.1083
2026-06-15 16:37:33.807,Zohre,right,19.050,1143,,,,,,,2.7197,1.0294,0.8428,3.4725,3.4725,6.2087
2026-06-15 16:37:33.838,Zohre,right,19.083,1145,,,,,,,2.7172,1.0374,0.8448,3.4658,3.4658,6.3021
2026-06-15 16:37:33.868,Zohre,right,19.117,1147,,,,,,,2.7210,1.0406,0.8419,3.4346,3.4346,6.1541
2026-06-15 16:37:33.899,Zohre,right,19.150,1149,,,,,,,2.7056,0.9934,0.8461,3.4473,3.4473,6.2758
2026-06-15 16:37:33.930,Zohre,right,19.167,1150,,,,,,,2.7167,1.0243,0.8433,3.3974,3.3974,6.0585
2026-06-15 16:37:33.961,Zohre,right,19.200,1152,,,,,,,2.7173,1.0123,0.8472,3.3338,3.3338,6.1241
2026-06-15 16:37:33.991,Zohre,right,19.233,1154,,,,,,,2.7041,1.0069,0.8428,3.3727,3.3727,6.1022
2026-06-15 16:37:34.022,Zohre,right,19.267,1156,,,,,,,2.7167,1.0057,0.8236,3.3697,3.3697,6.1102
2026-06-15 16:37:34.052,Zohre,right,19.300,1158,,,,,,,2.7037,0.9653,0.8055,3.3857,3.3857,6.2606
2026-06-15 16:37:34.083,Zohre,right,19.333,1160,,,,,,,2.6987,0.9567,0.8116,3.3840,3.3840,6.3441
2026-06-15 16:37:34.113,Zohre,right,19.350,1161,,,,,,,2.6952,0.9232,0.8178,3.4034,3.4034,6.4074
2026-06-15 16:37:34.144,Zohre,right,19.383,1163,,,,,,,2.6777,0.8679,0.8475,3.4694,3.4694,6.5530
2026-06-15 16:37:34.175,Zohre,right,19.417,1165,,,,,,,2.7083,0.8731,0.8613,3.4077,3.4077,6.3041
2026-06-15 16:37:34.205,Zohre,right,19.450,1167,,,,,,,2.6847,0.8233,0.9162,3.4094,3.4094,6.3239
2026-06-15 16:37:34.236,Zohre,right,19.483,1169,,,,,,,2.7097,0.8123,0.9384,3.3790,3.3790,6.0499
2026-06-15 16:37:34.266,Zohre,right,19.517,1171,,,,,,,2.6818,0.7499,0.9487,3.4084,3.4084,6.2946
2026-06-15 16:37:34.297,Zohre,right,19.550,1173,,,,,,,2.6753,0.7345,0.9498,3.3967,3.3967,6.4113
2026-06-15 16:37:34.328,Zohre,right,19.567,1174,,,,,,,2.6427,0.6870,0.9600,3.4338,3.4338,6.5884
2026-06-15 16:37:34.359,Zohre,right,19.600,1176,,,,,,,2.6504,0.7086,0.9610,3.4347,3.4347,6.3900
2026-06-15 16:37:34.389,Zohre,right,19.633,1178,,,,,,,2.6515,0.7329,0.9633,3.3955,3.3955,6.3762
2026-06-15 16:37:34.420,Zohre,right,19.667,1180,,,,,,,2.6801,0.7799,0.9343,3.3793,3.3793,6.0446
2026-06-15 16:37:34.450,Zohre,right,19.700,1182,,,,,,,2.6650,0.7787,0.9349,3.4336,3.4336,6.2137
2026-06-15 16:37:34.481,Zohre,right,19.733,1184,,,,,,,2.6808,0.7505,0.9090,3.5041,3.5041,6.2259
2026-06-15 16:37:34.511,Zohre,right,19.750,1185,,,,,,,2.7181,0.7766,0.8975,3.4024,3.4024,6.0206
2026-06-15 16:37:34.542,Zohre,right,19.783,1187,,,,,,,2.7269,0.7437,0.8864,3.4411,3.4411,6.0818
2026-06-15 16:37:34.572,Zohre,right,19.817,1189,,,,,,,2.7065,0.6738,0.8879,3.4178,3.4178,6.2010
2026-06-15 16:37:34.603,Zohre,right,19.850,1191,,,,,,,2.6567,0.6219,0.9062,3.4232,3.4232,6.1357
2026-06-15 16:37:34.634,Zohre,right,19.883,1193,,,,,,,2.5959,0.4477,0.9507,3.4101,3.4101,6.4610
2026-06-15 16:37:34.665,Zohre,right,19.917,1195,,,,,,,2.5987,0.3832,0.9602,3.3817,3.3817,6.2719
2026-06-15 16:37:34.696,Zohre,right,19.933,1196,,,,,,,2.5941,0.3018,0.9693,3.4092,3.4092,6.4287
2026-06-15 16:37:34.727,Zohre,right,19.967,1198,,,,,,,2.5835,0.2435,0.9798,3.4341,3.4341,6.5524
2026-06-15 16:37:34.757,Zohre,right,20.000,1200,,,,,,,2.5633,0.1500,1.0028,3.4415,3.4415,6.6642
2026-06-15 16:37:34.788,Zohre,right,20.033,1202,,,,,,,2.5857,0.0928,0.9944,3.3884,3.3884,6.6252
2026-06-15 16:37:34.818,Zohre,right,20.067,1204,,,,,,,2.5713,0.0335,1.0041,3.4305,3.4305,6.7146
2026-06-15 16:37:34.849,Zohre,right,20.100,1206,,,,,,,2.5750,0.0293,1.0020,3.4321,3.4321,6.6075
2026-06-15 16:37:34.879,Zohre,right,20.117,1207,,,,,,,2.5820,-0.0141,1.0204,3.4303,3.4303,6.7371
2026-06-15 16:37:34.909,Zohre,right,20.150,1209,,,,,,,2.6080,-0.0548,1.0316,3.3548,3.3548,6.5149
2026-06-15 16:37:34.940,Zohre,right,20.183,1211,,,,,,,2.6315,-0.0660,1.0170,3.2969,3.2969,6.1908
2026-06-15 16:37:34.971,Zohre,right,20.217,1213,,,,,,,2.6545,-0.0665,1.0043,3.2628,3.2628,6.1453
2026-06-15 16:37:35.001,Zohre,right,20.250,1215,,,,,,,2.6460,-0.0659,0.9935,3.2666,3.2666,6.2693
2026-06-15 16:37:35.032,Zohre,right,20.283,1217,,,,,,,2.6491,-0.0698,1.0133,3.3274,3.3274,6.4404
2026-06-15 16:37:35.062,Zohre,right,20.300,1218,,,,,,,2.6680,-0.1193,1.0230,3.2772,3.2772,6.3037
2026-06-15 16:37:35.093,Zohre,right,20.333,1220,,,,,,,2.6272,-0.1407,1.0243,3.3589,3.3589,6.2790
2026-06-15 16:37:35.123,Zohre,right,20.367,1222,,,,,,,2.6264,-0.1772,1.0143,3.3428,3.3428,6.3058
2026-06-15 16:37:35.154,Zohre,right,20.400,1224,,,,,,,2.6101,-0.2745,1.0101,3.3987,3.3987,6.3855
2026-06-15 16:37:35.185,Zohre,right,20.433,1226,,,,,,,2.6181,-0.3446,1.0022,3.3545,3.3545,6.3925
2026-06-15 16:37:35.216,Zohre,right,20.467,1228,,,,,,,2.6438,-0.3508,0.9767,3.3042,3.3042,6.1909
2026-06-15 16:37:35.247,Zohre,right,20.500,1230,,,,,,,2.6259,-0.3670,0.9710,3.2742,3.2742,6.1081
2026-06-15 16:37:35.278,Zohre,right,20.517,1231,,,,,,,2.6145,-0.3990,0.9618,3.3024,3.3024,6.2949
2026-06-15 16:37:35.309,Zohre,right,20.550,1233,,,,,,,2.6160,-0.4177,0.9548,3.2933,3.2933,6.2090
2026-06-15 16:37:35.340,Zohre,right,20.583,1235,,,,,,,2.6031,-0.4225,0.9627,3.3090,3.3090,6.2567
2026-06-15 16:37:35.370,Zohre,right,20.617,1237,,,,,,,2.6087,-0.4704,0.9607,3.3066,3.3066,6.3372
2026-06-15 16:37:35.401,Zohre,right,20.650,1239,,,,,,,2.5605,-0.4861,0.9808,3.3870,3.3870,6.6504
2026-06-15 16:37:35.431,Zohre,right,20.683,1241,,,,,,,2.5853,-0.4756,0.9695,3.3587,3.3587,6.3699
2026-06-15 16:37:35.462,Zohre,right,20.700,1242,,,,,,,2.5999,-0.5153,0.9539,3.3637,3.3637,6.3176
2026-06-15 16:37:35.492,Zohre,right,20.733,1244,,,,,,,2.6319,-0.5542,0.9352,3.3250,3.3250,6.1471
2026-06-15 16:37:35.523,Zohre,right,20.767,1246,,,,,,,2.6489,-0.6437,0.9486,3.3171,3.3171,6.3080
2026-06-15 16:37:35.553,Zohre,right,20.800,1248,,,,,,,2.6583,-0.6772,0.9531,3.3152,3.3152,6.2807
2026-06-15 16:37:35.583,Zohre,right,20.833,1250,,,,,,,2.6665,-0.7509,0.9551,3.3042,3.3042,6.3797
2026-06-15 16:37:35.614,Zohre,right,20.867,1252,,,,,,,2.6756,-0.8168,0.9664,3.3256,3.3256,6.3415
2026-06-15 16:37:35.645,Zohre,right,20.883,1253,,,,,,,2.6492,-0.8618,0.9906,3.3927,3.3927,6.5083
2026-06-15 16:37:35.675,Zohre,right,20.917,1255,,,,,,,2.6785,-0.9053,0.9798,3.3539,3.3539,6.3409
2026-06-15 16:37:35.706,Zohre,right,20.950,1257,,,,,,,2.6734,-0.9241,0.9724,3.3549,3.3549,6.3181
2026-06-15 16:37:35.737,Zohre,right,20.983,1259,,,,,,,2.6581,-0.9578,0.9492,3.3667,3.3667,6.3336
2026-06-15 16:37:35.768,Zohre,right,21.017,1261,,,,,,,2.6428,-0.9775,0.9339,3.3460,3.3460,6.4039
2026-06-15 16:37:35.799,Zohre,right,21.050,1263,,,,,,,2.6702,-1.0026,0.9122,3.3047,3.3047,6.1662
2026-06-15 16:37:35.829,Zohre,right,21.067,1264,,,,,,,2.6634,-0.9993,0.9012,3.3113,3.3113,6.1815
2026-06-15 16:37:35.860,Zohre,right,21.100,1266,,,,,,,2.7002,-1.0369,0.8642,3.2700,3.2700,6.1556
2026-06-15 16:37:35.890,Zohre,right,21.133,1268,,,,,,,2.6783,-1.0260,0.8539,3.3207,3.3207,6.3389
2026-06-15 16:37:35.921,Zohre,right,21.167,1270,,,,,,,2.6876,-1.0565,0.8450,3.3405,3.3405,6.2493
2026-06-15 16:37:35.952,Zohre,right,21.200,1272,,,,,,,2.6940,-1.0557,0.8235,3.2706,3.2706,6.1543
2026-06-15 16:37:35.982,Zohre,right,21.233,1274,,,,,,,2.6451,-1.0463,0.8375,3.3661,3.3661,6.4180
2026-06-15 16:37:36.013,Zohre,right,21.250,1275,,,,,,,2.6404,-1.0616,0.8304,3.3340,3.3340,6.2306
2026-06-15 16:37:36.044,Zohre,right,21.283,1277,,,,,,,2.6228,-1.0467,0.8375,3.3515,3.3515,6.3074
2026-06-15 16:37:36.074,Zohre,right,21.317,1279,,,,,,,2.6360,-1.0520,0.8287,3.3411,3.3411,6.1923
2026-06-15 16:37:36.104,Zohre,right,21.350,1281,,,,,,,2.6458,-1.0576,0.8115,3.3187,3.3187,5.9633
2026-06-15 16:37:36.135,Zohre,right,21.383,1283,,,,,,,2.6478,-1.0222,0.7990,3.2682,3.2682,5.8576
2026-06-15 16:37:36.166,Zohre,right,21.400,1284,,,,,,,2.6109,-0.9862,0.8175,3.3173,3.3173,6.2237
2026-06-15 16:37:36.197,Zohre,right,21.433,1286,,,,,,,2.6164,-0.9842,0.8254,3.2986,3.2986,6.3012
2026-06-15 16:37:36.227,Zohre,right,21.467,1288,,,,,,,2.5929,-0.9529,0.8491,3.3594,3.3594,6.4628
2026-06-15 16:37:36.257,Zohre,right,21.500,1290,,,,,,,2.6009,-0.9332,0.8608,3.2981,3.2981,6.1994
2026-06-15 16:37:36.288,Zohre,right,21.533,1292,,,,,,,2.6743,-0.9111,0.8416,3.1557,3.1557,5.4456
2026-06-15 16:37:36.318,Zohre,right,21.567,1294,,,,,,,2.6354,-0.8940,0.8370,3.1966,3.1966,5.6234
2026-06-15 16:37:36.349,Zohre,right,21.600,1296,,,,,,,2.6301,-0.9092,0.8421,3.1844,3.1844,5.7605
2026-06-15 16:37:36.380,Zohre,right,21.617,1297,,,,,,,2.6097,-0.8620,0.8656,3.2060,3.2060,5.9165
2026-06-15 16:37:36.410,Zohre,right,21.650,1299,,,,,,,2.5693,-0.8053,0.8875,3.2566,3.2566,6.0523
2026-06-15 16:37:36.441,Zohre,right,21.683,1301,,,,,,,2.5668,-0.7825,0.8774,3.2651,3.2651,5.9707
2026-06-15 16:37:36.471,Zohre,right,21.717,1303,,,,,,,2.5706,-0.7599,0.8797,3.2388,3.2388,6.0270
2026-06-15 16:37:36.502,Zohre,right,21.750,1305,,,,,,,2.6080,-0.7141,0.8994,3.2306,3.2306,5.9590
2026-06-15 16:37:36.532,Zohre,right,21.783,1307,,,,,,,2.6068,-0.6831,0.9291,3.2721,3.2721,6.2100
2026-06-15 16:37:36.563,Zohre,right,21.800,1308,,,,,,,2.6140,-0.6665,0.9424,3.2986,3.2986,6.2882
2026-06-15 16:37:36.594,Zohre,right,21.833,1310,,,,,,,2.6102,-0.6240,0.9402,3.2699,3.2699,6.1503
2026-06-15 16:37:36.624,Zohre,right,21.867,1312,,,,,,,2.5907,-0.6169,0.9482,3.3004,3.3004,6.2486
2026-06-15 16:37:36.655,Zohre,right,21.900,1314,,,,,,,2.6152,-0.5564,0.9263,3.2134,3.2134,6.0770
2026-06-15 16:37:36.686,Zohre,right,21.933,1316,,,,,,,2.6426,-0.5597,0.9297,3.2648,3.2648,6.1574
2026-06-15 16:37:36.716,Zohre,right,21.967,1318,,,,,,,2.6598,-0.5676,0.9332,3.2373,3.2373,6.2194
2026-06-15 16:37:36.748,Zohre,right,22.000,1320,,,,,,,2.6717,-0.5653,0.9364,3.2428,3.2428,6.2602
2026-06-15 16:37:36.779,Zohre,right,22.017,1321,,,,,,,2.6474,-0.5675,0.9529,3.3218,3.3218,6.3271
2026-06-15 16:37:36.810,Zohre,right,22.050,1323,,,,,,,2.6267,-0.5700,0.9717,3.3516,3.3516,6.3858
2026-06-15 16:37:36.840,Zohre,right,22.083,1325,,,,,,,2.6390,-0.5843,0.9852,3.3578,3.3578,6.3932
2026-06-15 16:37:36.871,Zohre,right,22.117,1327,,,,,,,2.6450,-0.5851,0.9931,3.3452,3.3452,6.3455
2026-06-15 16:37:36.901,Zohre,right,22.150,1329,,,,,,,2.6678,-0.5757,1.0157,3.3017,3.3017,6.2808
2026-06-15 16:37:36.932,Zohre,right,22.183,1331,,,,,,,2.6959,-0.5305,1.0247,3.2706,3.2706,6.2151
2026-06-15 16:37:36.962,Zohre,right,22.200,1332,,,,,,,2.7022,-0.5011,1.0228,3.2605,3.2605,6.2456
2026-06-15 16:37:36.993,Zohre,right,22.233,1334,,,,,,,2.6802,-0.4940,1.0340,3.3209,3.3209,6.4065
2026-06-15 16:37:37.023,Zohre,right,22.267,1336,,,,,,,2.6747,-0.4586,1.0541,3.3205,3.3205,6.3380
2026-06-15 16:37:37.054,Zohre,right,22.300,1338,,,,,,,2.6304,-0.4571,1.0888,3.3619,3.3619,6.5790
2026-06-15 16:37:37.085,Zohre,right,22.333,1340,,,,,,,2.5832,-0.4398,1.1089,3.4553,3.4553,6.8457
2026-06-15 16:37:37.115,Zohre,right,22.367,1342,,,,,,,2.6076,-0.2728,1.0795,3.3554,3.3554,6.3718
2026-06-15 16:37:37.146,Zohre,right,22.383,1343,,,,,,,2.5912,-0.2828,1.0624,3.3732,3.3732,6.4785
2026-06-15 16:37:37.176,Zohre,right,22.417,1345,,,,,,,2.5768,-0.2510,1.0366,3.4369,3.4369,6.4068
2026-06-15 16:37:37.207,Zohre,right,22.450,1347,,,,,,,2.5824,-0.2991,1.0175,3.4274,3.4274,6.6332
2026-06-15 16:37:37.237,Zohre,right,22.467,1348,,,,,,,2.5663,-0.2936,1.0223,3.4319,3.4319,6.8258
2026-06-15 16:37:37.268,Zohre,right,22.500,1350,,,,,,,2.6021,-0.3026,0.9939,3.4726,3.4726,7.0961
2026-06-15 16:37:37.299,Zohre,right,22.533,1352,,,,,,,2.6021,-0.3026,0.9939,3.4726,3.4726,7.0961
2026-06-15 16:37:37.330,Zohre,right,22.550,1353,,,,,,,2.6433,-0.3189,0.9755,3.4885,3.4885,6.9143
2026-06-15 16:37:37.361,Zohre,right,22.583,1355,,,,,,,2.6888,-0.3235,0.9938,3.4013,3.4013,6.7879
2026-06-15 16:37:37.391,Zohre,right,22.617,1357,,,,,,,2.6695,-0.3487,1.0472,3.4415,3.4415,6.9545
2026-06-15 16:37:37.422,Zohre,right,22.650,1359,,,,,,,2.6487,-0.3543,1.0910,3.5726,3.5726,6.9629
2026-06-15 16:37:37.452,Zohre,right,22.683,1361,,,,,,,2.6696,-0.3325,1.1085,3.5530,3.5530,6.9747
2026-06-15 16:37:37.483,Zohre,right,22.717,1363,,,,,,,2.7046,-0.2830,1.1317,3.4525,3.4525,6.9421
2026-06-15 16:37:37.514,Zohre,right,22.750,1365,,,,,,,2.6907,-0.2714,1.1468,3.5011,3.5011,7.0665
2026-06-15 16:37:37.544,Zohre,right,22.767,1366,,,,,,,2.6661,-0.2574,1.1472,3.5468,3.5468,7.0536
2026-06-15 16:37:37.575,Zohre,right,22.800,1368,,,,,,,2.6576,-0.2326,1.1545,3.5518,3.5518,7.0427
2026-06-15 16:37:37.606,Zohre,right,22.833,1370,,,,,,,2.6575,-0.1989,1.1612,3.5806,3.5806,7.0884
2026-06-15 16:37:37.636,Zohre,right,22.867,1372,,,,,,,2.6461,-0.0517,1.1661,3.5553,3.5553,7.0415
2026-06-15 16:37:37.667,Zohre,right,22.900,1374,,,,,,,2.6520,-0.0057,1.1616,3.5409,3.5409,7.1893
2026-06-15 16:37:37.697,Zohre,right,22.933,1376,,,,,,,2.6532,0.0114,1.1626,3.5325,3.5325,7.1670
2026-06-15 16:37:37.728,Zohre,right,22.950,1377,,,,,,,2.6660,0.0481,1.1672,3.5196,3.5196,7.2827
2026-06-15 16:37:37.758,Zohre,right,22.983,1379,,,,,,,2.6511,0.0950,1.1924,3.5584,3.5584,7.4046
2026-06-15 16:37:37.789,Zohre,right,23.017,1381,,,,,,,2.6607,0.1023,1.2106,3.5517,3.5517,7.5321
2026-06-15 16:37:37.819,Zohre,right,23.050,1383,,,,,,,2.6448,0.1135,1.2183,3.5686,3.5686,7.6374
2026-06-15 16:37:37.850,Zohre,right,23.083,1385,,,,,,,2.6684,0.1438,1.2048,3.5609,3.5609,7.3621
2026-06-15 16:37:37.881,Zohre,right,23.117,1387,,,,,,,2.7000,0.1703,1.1726,3.5526,3.5526,7.1267
2026-06-15 16:37:37.911,Zohre,right,23.133,1388,,,,,,,2.7234,0.2055,1.1317,3.5556,3.5556,7.0949
2026-06-15 16:37:37.942,Zohre,right,23.167,1390,,,,,,,2.7265,0.2555,1.0941,3.5594,3.5594,6.9443
2026-06-15 16:37:37.973,Zohre,right,23.200,1392,,,,,,,2.7316,0.2646,1.0792,3.5768,3.5768,7.1145
2026-06-15 16:37:38.003,Zohre,right,23.233,1394,,,,,,,2.7477,0.2960,1.0592,3.5733,3.5733,7.1061
2026-06-15 16:37:38.034,Zohre,right,23.267,1396,,,,,,,2.7754,0.3242,1.0400,3.5621,3.5621,7.1973
2026-06-15 16:37:38.064,Zohre,right,23.300,1398,,,,,,,2.7907,0.3457,1.0305,3.5813,3.5813,7.2279
2026-06-15 16:37:38.095,Zohre,right,23.317,1399,,,,,,,2.8100,0.3709,1.0268,3.5564,3.5564,7.0711
2026-06-15 16:37:38.126,Zohre,right,23.350,1401,,,,,,,2.7887,0.3424,1.0371,3.5878,3.5878,7.2895
2026-06-15 16:37:38.156,Zohre,right,23.383,1403,,,,,,,2.7891,0.3697,1.0455,3.5993,3.5993,7.1547
2026-06-15 16:37:38.187,Zohre,right,23.417,1405,,,,,,,2.7457,0.3269,1.0484,3.6587,3.6587,7.4007
2026-06-15 16:37:38.217,Zohre,right,23.450,1407,,,,,,,2.7503,0.3520,1.0321,3.6257,3.6257,7.2168
2026-06-15 16:37:38.248,Zohre,right,23.483,1409,,,,,,,2.7439,0.3786,1.0284,3.6170,3.6170,7.2177
2026-06-15 16:37:38.280,Zohre,right,23.500,1410,,,,,,,2.7309,0.3852,1.0315,3.6132,3.6132,7.2677
2026-06-15 16:37:38.310,Zohre,right,23.533,1412,,,,,,,2.6528,0.4320,1.0613,3.6685,3.6685,7.7774
2026-06-15 16:37:38.341,Zohre,right,23.567,1414,,,,,,,2.6266,0.4737,1.0860,3.6891,3.6891,7.8038
2026-06-15 16:37:38.372,Zohre,right,23.600,1416,,,,,,,2.6113,0.5012,1.1051,3.6736,3.6736,7.6232
2026-06-15 16:37:38.402,Zohre,right,23.633,1418,,,,,,,2.6359,0.5624,1.0916,3.6052,3.6052,7.1029
2026-06-15 16:37:38.434,Zohre,right,23.667,1420,,,,,,,2.6311,0.5884,1.0766,3.5730,3.5730,6.7629
2026-06-15 16:37:38.464,Zohre,right,23.700,1422,,,,,,,2.6028,0.6065,1.0575,3.5358,3.5358,6.5256
2026-06-15 16:37:38.495,Zohre,right,23.717,1423,,,,,,,2.5751,0.5808,1.0357,3.5457,3.5457,6.7633
2026-06-15 16:37:38.525,Zohre,right,23.750,1425,,,,,,,2.5903,0.5766,1.0301,3.5191,3.5191,6.7675
2026-06-15 16:37:38.556,Zohre,right,23.783,1427,,,,,,,2.5715,0.5519,1.0389,3.5120,3.5120,6.8051
2026-06-15 16:37:38.586,Zohre,right,23.817,1429,,,,,,,2.6160,0.5772,1.0450,3.4660,3.4660,6.4437
2026-06-15 16:37:38.617,Zohre,right,23.850,1431,,,,,,,2.6188,0.5457,1.0469,3.4706,3.4706,6.5710
2026-06-15 16:37:38.647,Zohre,right,23.883,1433,,,,,,,2.6123,0.5393,1.0606,3.4470,3.4470,6.6821
2026-06-15 16:37:38.678,Zohre,right,23.900,1434,,,,,,,2.6057,0.5384,1.0635,3.4619,3.4619,6.6621
2026-06-15 16:37:38.709,Zohre,right,23.933,1436,,,,,,,2.6145,0.5602,1.0604,3.4269,3.4269,6.8197
2026-06-15 16:37:38.740,Zohre,right,23.967,1438,,,,,,,2.6197,0.5742,1.0350,3.3976,3.3976,6.7212
2026-06-15 16:37:38.770,Zohre,right,24.000,1440,,,,,,,2.6549,0.6091,1.0048,3.3643,3.3643,6.4077
2026-06-15 16:37:38.801,Zohre,right,24.033,1442,,,,,,,2.6379,0.5759,1.0104,3.3762,3.3762,6.3551
2026-06-15 16:37:38.831,Zohre,right,24.067,1444,,,,,,,2.6339,0.5543,1.0150,3.3715,3.3715,6.2261
2026-06-15 16:37:38.862,Zohre,right,24.083,1445,,,,,,,2.6296,0.5151,1.0230,3.3721,3.3721,6.1755
2026-06-15 16:37:38.893,Zohre,right,24.117,1447,,,,,,,2.6337,0.4946,1.0295,3.3681,3.3681,6.0299
2026-06-15 16:37:38.923,Zohre,right,24.150,1449,,,,,,,2.6397,0.4781,1.0266,3.3236,3.3236,5.8577
2026-06-15 16:37:38.954,Zohre,right,24.183,1451,,,,,,,2.5941,0.4183,1.0460,3.3624,3.3624,6.1653
2026-06-15 16:37:38.985,Zohre,right,24.217,1453,,,,,,,2.5883,0.3578,1.0554,3.3812,3.3812,6.1561
2026-06-15 16:37:39.015,Zohre,right,24.250,1455,,,,,,,2.5807,0.2990,1.0795,3.2976,3.2976,6.2606
2026-06-15 16:37:39.046,Zohre,right,24.267,1456,,,,,,,2.5650,0.2495,1.0847,3.3246,3.3246,6.5138
2026-06-15 16:37:39.076,Zohre,right,24.300,1458,,,,,,,2.5860,0.2490,1.0824,3.2753,3.2753,6.5651
2026-06-15 16:37:39.107,Zohre,right,24.333,1460,,,,,,,2.5769,0.2400,1.0878,3.3131,3.3131,6.6431
2026-06-15 16:37:39.137,Zohre,right,24.367,1462,,,,,,,2.5754,0.2099,1.0960,3.3549,3.3549,6.7321
2026-06-15 16:37:39.168,Zohre,right,24.400,1464,,,,,,,2.5907,0.1737,1.1217,3.3463,3.3463,6.7565
2026-06-15 16:37:39.198,Zohre,right,24.433,1466,,,,,,,2.5880,0.1368,1.1477,3.3592,3.3592,6.6532
2026-06-15 16:37:39.229,Zohre,right,24.450,1467,,,,,,,2.6057,0.0994,1.1709,3.3574,3.3574,6.5483
2026-06-15 16:37:39.259,Zohre,right,24.483,1469,,,,,,,2.6145,0.0968,1.1796,3.3690,3.3690,6.5443
2026-06-15 16:37:39.290,Zohre,right,24.517,1471,,,,,,,2.6328,0.0063,1.1964,3.4188,3.4188,6.7389
2026-06-15 16:37:39.320,Zohre,right,24.550,1473,,,,,,,2.6900,-0.0661,1.1805,3.4079,3.4079,6.8466
2026-06-15 16:37:39.351,Zohre,right,24.583,1475,,,,,,,2.7438,-0.0792,1.1563,3.4025,3.4025,6.5150
2026-06-15 16:37:39.382,Zohre,right,24.617,1477,,,,,,,2.7455,-0.1107,1.1459,3.3872,3.3872,6.5207
2026-06-15 16:37:39.412,Zohre,right,24.633,1478,,,,,,,2.7436,-0.1139,1.1261,3.4116,3.4116,6.4088
2026-06-15 16:37:39.443,Zohre,right,24.667,1480,,,,,,,2.7426,-0.1518,1.1087,3.3994,3.3994,6.4691
2026-06-15 16:37:39.473,Zohre,right,24.700,1482,,,,,,,2.7121,-0.2074,1.1217,3.4709,3.4709,6.6917
2026-06-15 16:37:39.504,Zohre,right,24.733,1484,,,,,,,2.7260,-0.2043,1.1135,3.4389,3.4389,6.5758
2026-06-15 16:37:39.535,Zohre,right,24.767,1486,,,,,,,2.6853,-0.2577,1.0982,3.5375,3.5375,6.7391
2026-06-15 16:37:39.566,Zohre,right,24.800,1488,,,,,,,2.6233,-0.2654,1.1119,3.4400,3.4400,6.6796
2026-06-15 16:37:39.597,Zohre,right,24.817,1489,,,,,,,2.6616,-0.1968,1.1123,3.2790,3.2790,5.9684
2026-06-15 16:37:39.627,Zohre,right,24.850,1491,,,,,,,2.6439,-0.2548,1.0927,3.3060,3.3060,6.0717
2026-06-15 16:37:39.658,Zohre,right,24.883,1493,,,,,,,2.6439,-0.2548,1.0927,3.3060,3.3060,6.0717
2026-06-15 16:37:39.688,Zohre,right,24.917,1495,,,,,,,2.6178,-0.2817,1.0879,3.4019,3.4019,6.1607
2026-06-15 16:37:39.719,Zohre,right,24.950,1497,,,,,,,2.5747,-0.3385,1.1143,3.5194,3.5194,6.4531
2026-06-15 16:37:39.749,Zohre,right,24.983,1499,,,,,,,2.5951,-0.3885,1.1259,3.4524,3.4524,6.3941
2026-06-15 16:37:39.782,Zohre,right,25.017,1501,,,,,,,2.6032,-0.4574,1.1296,3.4357,3.4357,6.4824
2026-06-15 16:37:39.812,Zohre,right,25.033,1502,,,,,,,2.6256,-0.4473,1.1235,3.3820,3.3820,6.3745
2026-06-15 16:37:39.843,Zohre,right,25.067,1504,,,,,,,2.6248,-0.4824,1.1269,3.3315,3.3315,6.3273
2026-06-15 16:37:39.874,Zohre,right,25.100,1506,,,,,,,2.6083,-0.5108,1.1243,3.3175,3.3175,6.2659
2026-06-15 16:37:39.904,Zohre,right,25.133,1508,,,,,,,2.6401,-0.5204,1.1336,3.2146,3.2146,6.2119
2026-06-15 16:37:39.935,Zohre,right,25.167,1510,,,,,,,2.6423,-0.5359,1.1444,3.2052,3.2052,6.2221
2026-06-15 16:37:39.966,Zohre,right,25.200,1512,,,,,,,2.6731,-0.5546,1.1477,3.1950,3.1950,6.1031
2026-06-15 16:37:39.996,Zohre,right,25.217,1513,,,,,,,2.7001,-0.5154,1.1403,3.1522,3.1522,5.9445
2026-06-15 16:37:40.027,Zohre,right,25.250,1515,,,,,,,2.6731,-0.5740,1.1468,3.1824,3.1824,6.1780
2026-06-15 16:37:40.058,Zohre,right,25.283,1517,,,,,,,2.6798,-0.6590,1.1440,3.1753,3.1753,6.1941
2026-06-15 16:37:40.088,Zohre,right,25.317,1519,,,,,,,2.6798,-0.6890,1.1467,3.1909,3.1909,6.1840
2026-06-15 16:37:40.119,Zohre,right,25.350,1521,,,,,,,2.6598,-0.7330,1.1573,3.2350,3.2350,6.3128
2026-06-15 16:37:40.150,Zohre,right,25.383,1523,,,,,,,2.6565,-0.7778,1.1342,3.2592,3.2592,6.1923
2026-06-15 16:37:40.181,Zohre,right,25.400,1524,,,,,,,2.6752,-0.8111,1.1353,3.2171,3.2171,5.9943
2026-06-15 16:37:40.211,Zohre,right,25.433,1526,,,,,,,2.6312,-0.8236,1.1368,3.2618,3.2618,6.1571
2026-06-15 16:37:40.242,Zohre,right,25.483,1529,,,,,,,2.6670,-0.8446,1.1130,3.2520,3.2520,5.8731
2026-06-15 16:37:40.272,Zohre,right,25.517,1531,,,,,,,2.6676,-0.8496,1.1044,3.2526,3.2526,5.9020
2026-06-15 16:37:40.303,Zohre,right,25.550,1533,,,,,,,2.6399,-0.8674,1.1306,3.3548,3.3548,6.3386
2026-06-15 16:37:40.333,Zohre,right,25.583,1535,,,,,,,2.6496,-0.8820,1.1404,3.3963,3.3963,6.4183
2026-06-15 16:37:40.364,Zohre,right,25.600,1536,,,,,,,2.6579,-0.8861,1.1495,3.3798,3.3798,6.3979
2026-06-15 16:37:40.395,Zohre,right,25.633,1538,,,,,,,2.6703,-0.9119,1.1354,3.3487,3.3487,6.2196
2026-06-15 16:37:40.425,Zohre,right,25.667,1540,,,,,,,2.7334,-0.9511,1.1050,3.2291,3.2291,5.7437
2026-06-15 16:37:40.456,Zohre,right,25.700,1542,,,,,,,2.6767,-0.9982,1.1001,3.2992,3.2992,6.0370
2026-06-15 16:37:40.486,Zohre,right,25.733,1544,,,,,,,2.6609,-1.0288,1.1016,3.3256,3.3256,6.0302
2026-06-15 16:37:40.517,Zohre,right,25.767,1546,,,,,,,2.6578,-1.0602,1.1205,3.3168,3.3168,6.0439
2026-06-15 16:37:40.547,Zohre,right,25.800,1548,,,,,,,2.6389,-1.0586,1.1493,3.3250,3.3250,6.2558
2026-06-15 16:37:40.578,Zohre,right,25.817,1549,,,,,,,2.6507,-1.0979,1.1550,3.3108,3.3108,6.1837
2026-06-15 16:37:40.609,Zohre,right,25.850,1551,,,,,,,2.6520,-1.1003,1.1596,3.2859,3.2859,6.1715
2026-06-15 16:37:40.639,Zohre,right,25.883,1553,,,,,,,2.6581,-1.1393,1.1471,3.2740,3.2740,6.1132
2026-06-15 16:37:40.670,Zohre,right,25.917,1555,,,,,,,2.6527,-1.1399,1.1423,3.2790,3.2790,6.1510
2026-06-15 16:37:40.700,Zohre,right,25.950,1557,,,,,,,2.6339,-1.1287,1.1425,3.3174,3.3174,6.2006
2026-06-15 16:37:40.732,Zohre,right,25.983,1559,,,,,,,2.6323,-1.1393,1.1448,3.3367,3.3367,6.1995
2026-06-15 16:37:40.762,Zohre,right,26.000,1560,,,,,,,2.6711,-1.1580,1.1415,3.2870,3.2870,6.0007
2026-06-15 16:37:40.793,Zohre,right,26.033,1562,,,,,,,2.6393,-1.1354,1.1380,3.2905,3.2905,6.0199
2026-06-15 16:37:40.824,Zohre,right,26.067,1564,,,,,,,2.6645,-1.1610,1.1049,3.2558,3.2558,5.8332
2026-06-15 16:37:40.855,Zohre,right,26.100,1566,,,,,,,2.6372,-1.1483,1.0953,3.2904,3.2904,5.9686
2026-06-15 16:37:40.885,Zohre,right,26.133,1568,,,,,,,2.6708,-1.1757,1.0731,3.2466,3.2466,5.7996
2026-06-15 16:37:40.916,Zohre,right,26.150,1569,,,,,,,2.6707,-1.1870,1.0602,3.2251,3.2251,5.9252
2026-06-15 16:37:40.949,Zohre,right,26.183,1571,,,,,,,2.6281,-1.1480,1.0785,3.3301,3.3301,6.2715
2026-06-15 16:37:40.980,Zohre,right,26.217,1573,,,,,,,2.6367,-1.1640,1.0844,3.3668,3.3668,6.2806
2026-06-15 16:37:41.011,Zohre,right,26.250,1575,,,,,,,2.6493,-1.1465,1.0968,3.4007,3.4007,6.3283
2026-06-15 16:37:41.041,Zohre,right,26.283,1577,,,,,,,2.6322,-1.1433,1.1015,3.4368,3.4368,6.5330
2026-06-15 16:37:41.072,Zohre,right,26.317,1579,,,,,,,2.6802,-1.1660,1.0817,3.3842,3.3842,6.2335
2026-06-15 16:37:41.102,Zohre,right,26.350,1581,,,,,,,2.6724,-1.1456,1.0661,3.4270,3.4270,6.3702
2026-06-15 16:37:41.133,Zohre,right,26.383,1583,,,,,,,2.6563,-1.0949,1.0722,3.4729,3.4729,6.6968
2026-06-15 16:37:41.163,Zohre,right,26.400,1584,,,,,,,2.6491,-1.0676,1.0803,3.5018,3.5018,6.8479
2026-06-15 16:37:41.194,Zohre,right,26.433,1586,,,,,,,2.6491,-1.0484,1.0884,3.5085,3.5085,6.9171
2026-06-15 16:37:41.224,Zohre,right,26.467,1588,,,,,,,2.6709,-1.0334,1.0663,3.5136,3.5136,6.8927
2026-06-15 16:37:41.255,Zohre,right,26.500,1590,,,,,,,2.6959,-1.0476,1.0560,3.5386,3.5386,6.8412
2026-06-15 16:37:41.286,Zohre,right,26.533,1592,,,,,,,2.6765,-1.0695,1.0616,3.5326,3.5326,6.9479
2026-06-15 16:37:41.316,Zohre,right,26.567,1594,,,,,,,2.6533,-1.0792,1.0581,3.5058,3.5058,6.9796
2026-06-15 16:37:41.347,Zohre,right,26.583,1595,,,,,,,2.6449,-1.0948,1.0600,3.5236,3.5236,7.0916
2026-06-15 16:37:41.377,Zohre,right,26.617,1597,,,,,,,2.5846,-1.0502,1.0611,3.6146,3.6146,7.2429
2026-06-15 16:37:41.408,Zohre,right,26.650,1599,,,,,,,2.5929,-1.0208,1.0143,3.5312,3.5312,7.0817
2026-06-15 16:37:41.438,Zohre,right,26.683,1601,,,,,,,2.6635,-0.9957,0.9681,3.4150,3.4150,6.4432
2026-06-15 16:37:41.469,Zohre,right,26.717,1603,,,,,,,2.6385,-0.9686,0.9625,3.4744,3.4744,6.7200
2026-06-15 16:37:41.499,Zohre,right,26.750,1605,,,,,,,2.6909,-0.8956,0.9470,3.4386,3.4386,6.3946
2026-06-15 16:37:41.530,Zohre,right,26.767,1606,,,,,,,2.6675,-0.8998,0.9615,3.4772,3.4772,6.6364
2026-06-15 16:37:41.561,Zohre,right,26.800,1608,,,,,,,2.6162,-0.8991,1.0363,3.5380,3.5380,6.9965
2026-06-15 16:37:41.591,Zohre,right,26.833,1610,,,,,,,2.6162,-0.8991,1.0363,3.5380,3.5380,6.9965
2026-06-15 16:37:41.622,Zohre,right,26.867,1612,,,,,,,2.6099,-0.8989,1.0897,3.5853,3.5853,7.0466
2026-06-15 16:37:41.652,Zohre,right,26.900,1614,,,,,,,2.6109,-0.9238,1.1171,3.6247,3.6247,6.9885
2026-06-15 16:37:41.683,Zohre,right,26.933,1616,,,,,,,2.5941,-0.9144,1.1363,3.6644,3.6644,7.0557
2026-06-15 16:37:41.714,Zohre,right,26.950,1617,,,,,,,2.6358,-0.9422,1.1287,3.6203,3.6203,6.9377
2026-06-15 16:37:41.744,Zohre,right,26.983,1619,,,,,,,2.6612,-0.9473,1.1286,3.5938,3.5938,6.8154
2026-06-15 16:37:41.775,Zohre,right,27.017,1621,,,,,,,2.6335,-0.9320,1.1728,3.6436,3.6436,7.1765
2026-06-15 16:37:41.809,Zohre,right,27.050,1623,,,,,,,2.6320,-0.9211,1.2055,3.6457,3.6457,7.2899
2026-06-15 16:37:41.840,Zohre,right,27.083,1625,,,,,,,2.6500,-0.9088,1.2236,3.6887,3.6887,7.1302
2026-06-15 16:37:41.871,Zohre,right,27.117,1627,,,,,,,2.6339,-0.8967,1.2280,3.6644,3.6644,7.1661
2026-06-15 16:37:41.901,Zohre,right,27.150,1629,,,,,,,2.6660,-0.8540,1.1940,3.6615,3.6615,7.0361
2026-06-15 16:37:41.932,Zohre,right,27.183,1631,,,,,,,2.6848,-0.8527,1.1750,3.6306,3.6306,6.9270
2026-06-15 16:37:41.963,Zohre,right,27.200,1632,,,,,,,2.6700,-0.8117,1.1905,3.6269,3.6269,7.3917
2026-06-15 16:37:41.993,Zohre,right,27.233,1634,,,,,,,2.6581,-0.7408,1.2121,3.6053,3.6053,7.6071
2026-06-15 16:37:42.024,Zohre,right,27.267,1636,,,,,,,2.6907,-0.7287,1.2239,3.6172,3.6172,7.5132
2026-06-15 16:37:42.054,Zohre,right,27.300,1638,,,,,,,2.6619,-0.7176,1.2340,3.6694,3.6694,7.6236
2026-06-15 16:37:42.085,Zohre,right,27.333,1640,,,,,,,2.6652,-0.6615,1.2435,3.6556,3.6556,7.5279
2026-06-15 16:37:42.116,Zohre,right,27.367,1642,,,,,,,2.6386,-0.6573,1.2455,3.7221,3.7221,7.7738
2026-06-15 16:37:42.146,Zohre,right,27.383,1643,,,,,,,2.6062,-0.5995,1.2573,3.7312,3.7312,7.9546
2026-06-15 16:37:42.177,Zohre,right,27.417,1645,,,,,,,2.6215,-0.5679,1.2985,3.7731,3.7731,8.0449
2026-06-15 16:37:42.207,Zohre,right,27.450,1647,,,,,,,2.5960,-0.5504,1.3453,3.8291,3.8291,8.4205
2026-06-15 16:37:42.238,Zohre,right,27.483,1649,,,,,,,2.5838,-0.5074,1.3706,3.9433,3.9433,8.5391
2026-06-15 16:37:42.269,Zohre,right,27.517,1651,,,,,,,2.5845,-0.5000,1.3719,3.9761,3.9761,8.5965
2026-06-15 16:37:42.299,Zohre,right,27.550,1653,,,,,,,2.5845,-0.4724,1.3151,4.0106,4.0106,8.4786
2026-06-15 16:37:42.330,Zohre,right,27.567,1654,,,,,,,2.6060,-0.4041,1.2709,3.9389,3.9389,8.3481
2026-06-15 16:37:42.361,Zohre,right,27.600,1656,,,,,,,2.5953,-0.3664,1.2600,3.9225,3.9225,8.5272
2026-06-15 16:37:42.391,Zohre,right,27.633,1658,,,,,,,2.5700,-0.3207,1.2944,4.0074,4.0074,8.7430
2026-06-15 16:37:42.422,Zohre,right,27.667,1660,,,,,,,2.5889,-0.3021,1.3021,4.0025,4.0025,8.6216
2026-06-15 16:37:42.452,Zohre,right,27.700,1662,,,,,,,2.5942,-0.3268,1.3303,3.9870,3.9870,8.5370
2026-06-15 16:37:42.483,Zohre,right,27.733,1664,,,,,,,2.6091,-0.2998,1.3249,3.9663,3.9663,8.4681
2026-06-15 16:37:42.514,Zohre,right,27.750,1665,,,,,,,2.6602,-0.2422,1.3202,3.8629,3.8629,8.2617
2026-06-15 16:37:42.544,Zohre,right,27.783,1667,,,,,,,2.6464,-0.2350,1.3175,3.9199,3.9199,8.5071
2026-06-15 16:37:42.575,Zohre,right,27.817,1669,,,,,,,2.5957,-0.1414,1.3174,3.9558,3.9558,8.5157
2026-06-15 16:37:42.605,Zohre,right,27.850,1671,,,,,,,2.4833,-0.0712,1.3113,3.9498,3.9498,8.6484
2026-06-15 16:37:42.636,Zohre,right,27.883,1673,,,,,,,2.4634,0.0933,1.2963,3.7895,3.7895,7.9572
2026-06-15 16:37:42.667,Zohre,right,27.917,1675,,,,,,,2.4513,0.0997,1.2852,3.8282,3.8282,8.1762
2026-06-15 16:37:42.697,Zohre,right,27.933,1676,,,,,,,2.4037,0.1019,1.3109,3.9063,3.9063,8.5581
2026-06-15 16:37:42.727,Zohre,right,27.967,1678,,,,,,,2.3902,0.1118,1.3759,3.9166,3.9166,8.5694
2026-06-15 16:37:42.758,Zohre,right,28.000,1680,,,,,,,2.3438,0.1078,1.4491,3.9406,3.9406,8.7891
2026-06-15 16:37:42.788,Zohre,right,28.033,1682,,,,,,,2.3409,0.1048,1.4666,3.9637,3.9637,8.7877
2026-06-15 16:37:42.822,Zohre,right,28.067,1684,,,,,,,2.3075,0.0698,1.4869,4.0495,4.0495,9.1194
2026-06-15 16:37:42.853,Zohre,right,28.100,1686,,,,,,,2.3416,0.1075,1.4627,4.0220,4.0220,8.8639
2026-06-15 16:37:42.883,Zohre,right,28.133,1688,,,,,,,2.3352,0.1073,1.4474,3.9912,3.9912,8.8177
2026-06-15 16:37:42.914,Zohre,right,28.150,1689,,,,,,,2.3931,0.1756,1.4361,3.9536,3.9536,8.5663
2026-06-15 16:37:42.945,Zohre,right,28.183,1691,,,,,,,2.4188,0.1934,1.4337,3.9162,3.9162,8.4714
2026-06-15 16:37:42.975,Zohre,right,28.217,1693,,,,,,,2.4416,0.2183,1.4345,3.9176,3.9176,8.3336
2026-06-15 16:37:43.005,Zohre,right,28.250,1695,,,,,,,2.4396,0.2178,1.4189,3.8946,3.8946,8.1703
2026-06-15 16:37:43.036,Zohre,right,28.283,1697,,,,,,,2.3807,0.1746,1.4394,3.9235,3.9235,8.2691
2026-06-15 16:37:43.067,Zohre,right,28.317,1699,,,,,,,2.4717,0.1940,1.4193,3.8439,3.8439,8.2393
2026-06-15 16:37:43.098,Zohre,right,28.350,1701,,,,,,,2.4907,0.1873,1.4129,3.8652,3.8652,8.3101
2026-06-15 16:37:43.128,Zohre,right,28.367,1702,,,,,,,2.5323,0.2184,1.3793,3.8476,3.8476,8.1432
2026-06-15 16:37:43.158,Zohre,right,28.400,1704,,,,,,,2.5449,0.2196,1.3479,3.8806,3.8806,8.2856
2026-06-15 16:37:43.189,Zohre,right,28.433,1706,,,,,,,2.5436,0.2623,1.3195,3.8840,3.8840,8.1694
2026-06-15 16:37:43.220,Zohre,right,28.467,1708,,,,,,,2.5404,0.2567,1.3188,3.8915,3.8915,8.4169
2026-06-15 16:37:43.251,Zohre,right,28.500,1710,,,,,,,2.5792,0.3014,1.3005,3.8533,3.8533,8.2542
2026-06-15 16:37:43.281,Zohre,right,28.533,1712,,,,,,,2.5851,0.3139,1.2995,3.7833,3.7833,8.2682
2026-06-15 16:37:43.312,Zohre,right,28.550,1713,,,,,,,2.4945,0.3227,1.3139,3.8158,3.8158,8.2857
2026-06-15 16:37:43.343,Zohre,right,28.583,1715,,,,,,,2.4989,0.3609,1.3167,3.7681,3.7681,8.1603
2026-06-15 16:37:43.374,Zohre,right,28.617,1717,,,,,,,2.4854,0.4137,1.3172,3.7085,3.7085,7.8295
2026-06-15 16:37:43.404,Zohre,right,28.650,1719,,,,,,,2.4559,0.4087,1.3408,3.7553,3.7553,8.1432
2026-06-15 16:37:43.435,Zohre,right,28.667,1720,,,,,,,2.4385,0.3999,1.3519,3.7711,3.7711,8.1972
2026-06-15 16:37:43.465,Zohre,right,28.700,1722,,,,,,,2.4261,0.4172,1.3643,3.7502,3.7502,8.1899
2026-06-15 16:37:43.495,Zohre,right,28.717,1723,,,,,,,2.4066,0.4138,1.3715,3.7958,3.7958,8.2278
2026-06-15 16:37:43.526,Zohre,right,28.750,1725,,,,,,,2.4318,0.4009,1.3753,3.7782,3.7782,8.2580
2026-06-15 16:37:43.556,Zohre,right,28.783,1727,,,,,,,2.5099,0.4417,1.3749,3.6268,3.6268,7.7617
2026-06-15 16:37:43.586,Zohre,right,28.817,1729,,,,,,,2.5006,0.4301,1.3917,3.6614,3.6614,8.0799
2026-06-15 16:37:43.617,Zohre,right,28.850,1731,,,,,,,2.5070,0.4369,1.3999,3.6465,3.6465,7.9829
2026-06-15 16:37:43.647,Zohre,right,28.867,1732,,,,,,,2.4667,0.3964,1.4161,3.7940,3.7940,8.2429
2026-06-15 16:37:43.678,Zohre,right,28.900,1734,,,,,,,2.4421,0.3966,1.4299,3.8722,3.8722,8.3282
2026-06-15 16:37:43.708,Zohre,right,28.933,1736,,,,,,,2.4417,0.3820,1.4417,3.8697,3.8697,8.3461
2026-06-15 16:37:43.913,Zohre,right,29.133,1748,,,,,,,2.4697,0.3531,1.2909,3.8721,3.8721,8.2262
2026-06-15 16:37:43.944,Zohre,right,29.167,1750,,,,,,,2.5018,0.3735,1.2310,3.7804,3.7804,8.0754
2026-06-15 16:37:43.975,Zohre,right,29.200,1752,,,,,,,2.5362,0.4545,1.1894,3.6371,3.6371,7.4289
2026-06-15 16:37:44.006,Zohre,right,29.233,1754,,,,,,,2.5220,0.4167,1.1789,3.6362,3.6362,7.5532
2026-06-15 16:37:44.036,Zohre,right,29.267,1756,,,,,,,2.5422,0.4711,1.1549,3.5061,3.5061,6.8910
2026-06-15 16:37:44.067,Zohre,right,29.300,1758,,,,,,,2.4763,0.3863,1.1743,3.6836,3.6836,7.6055
2026-06-15 16:37:44.098,Zohre,right,29.317,1759,,,,,,,2.4605,0.3745,1.2001,3.6946,3.6946,7.6458
2026-06-15 16:37:44.128,Zohre,right,29.350,1761,,,,,,,2.4460,0.2913,1.2483,3.6946,3.6946,7.8097
2026-06-15 16:37:44.159,Zohre,right,29.383,1763,,,,,,,2.4574,0.2746,1.2541,3.6505,3.6505,7.7602
2026-06-15 16:37:44.189,Zohre,right,29.417,1765,,,,,,,2.5022,0.2714,1.2363,3.5326,3.5326,7.3024
2026-06-15 16:37:44.220,Zohre,right,29.450,1767,,,,,,,2.5304,0.2517,1.2231,3.4991,3.4991,7.1425
2026-06-15 16:37:44.250,Zohre,right,29.483,1769,,,,,,,2.5514,0.1987,1.2235,3.4915,3.4915,7.2635
2026-06-15 16:37:44.281,Zohre,right,29.533,1772,,,,,,,2.5488,0.1919,1.2332,3.4763,3.4763,7.0887
2026-06-15 16:37:44.312,Zohre,right,29.550,1773,,,,,,,2.5913,0.2034,1.2369,3.3961,3.3961,6.9079
2026-06-15 16:37:44.342,Zohre,right,29.583,1775,,,,,,,2.5760,0.1662,1.2483,3.4276,3.4276,7.0335
2026-06-15 16:37:44.373,Zohre,right,29.617,1777,,,,,,,2.5475,0.1075,1.2694,3.4420,3.4420,7.1033
2026-06-15 16:37:44.403,Zohre,right,29.650,1779,,,,,,,2.4906,0.0333,1.2895,3.4978,3.4978,7.1847
2026-06-15 16:37:44.434,Zohre,right,29.683,1781,,,,,,,2.4786,0.0036,1.2955,3.5135,3.5135,7.0401
2026-06-15 16:37:44.465,Zohre,right,29.717,1783,,,,,,,2.4787,-0.0301,1.2908,3.4749,3.4749,7.0708
2026-06-15 16:37:44.495,Zohre,right,29.733,1784,,,,,,,2.4610,-0.0568,1.2946,3.5212,3.5212,7.2197
2026-06-15 16:37:44.526,Zohre,right,29.767,1786,,,,,,,2.4795,-0.0804,1.2835,3.4589,3.4589,6.8931
2026-06-15 16:37:44.556,Zohre,right,29.800,1788,,,,,,,2.4804,-0.1141,1.2862,3.4602,3.4602,6.9643
2026-06-15 16:37:44.587,Zohre,right,29.833,1790,,,,,,,2.4830,-0.1299,1.2724,3.4920,3.4920,6.7301
2026-06-15 16:37:44.618,Zohre,right,29.867,1792,,,,,,,2.4236,-0.1887,1.2922,3.6397,3.6397,7.2576
2026-06-15 16:37:44.649,Zohre,right,29.900,1794,,,,,,,2.4080,-0.2580,1.3063,3.6496,3.6496,7.3005
2026-06-15 16:37:44.679,Zohre,right,29.917,1795,,,,,,,2.4109,-0.3119,1.3149,3.6389,3.6389,7.4078
2026-06-15 16:37:44.710,Zohre,right,29.950,1797,,,,,,,2.4550,-0.2787,1.2865,3.5506,3.5506,7.0302
2026-06-15 16:37:44.740,Zohre,right,29.983,1799,,,,,,,2.4147,-0.3375,1.2607,3.6262,3.6262,7.1462
2026-06-15 16:37:44.771,Zohre,right,30.017,1801,,,,,,,2.4572,-0.3142,1.2083,3.5377,3.5377,6.7617
2026-06-15 16:37:44.802,Zohre,right,30.050,1803,,,,,,,2.4953,-0.3010,1.2317,3.4617,3.4617,6.6757
2026-06-15 16:37:44.833,Zohre,right,30.083,1805,,,,,,,2.4767,-0.4072,1.2638,3.5228,3.5228,7.0216
2026-06-15 16:37:44.863,Zohre,right,30.100,1806,,,,,,,2.4460,-0.4410,1.2868,3.5560,3.5560,7.3211
2026-06-15 16:37:44.894,Zohre,right,30.133,1808,,,,,,,2.4605,-0.4704,1.2993,3.5408,3.5408,7.3713
2026-06-15 16:37:44.925,Zohre,right,30.167,1810,,,,,,,2.4349,-0.5052,1.2991,3.5718,3.5718,7.4273
2026-06-15 16:37:44.956,Zohre,right,30.200,1812,,,,,,,2.4649,-0.5357,1.2671,3.5304,3.5304,7.2402
2026-06-15 16:37:44.986,Zohre,right,30.233,1814,,,,,,,2.4935,-0.5843,1.2471,3.4989,3.4989,7.1392
2026-06-15 16:37:45.017,Zohre,right,30.267,1816,,,,,,,2.4960,-0.6027,1.1924,3.5648,3.5648,7.0918
2026-06-15 16:37:45.047,Zohre,right,30.283,1817,,,,,,,2.4743,-0.6360,1.1873,3.6386,3.6386,7.2320
2026-06-15 16:37:45.078,Zohre,right,30.317,1819,,,,,,,2.4785,-0.7055,1.1719,3.6516,3.6516,7.1970
2026-06-15 16:37:45.108,Zohre,right,30.350,1821,,,,,,,2.4803,-0.7557,1.1743,3.6654,3.6654,7.3041
2026-06-15 16:37:45.138,Zohre,right,30.383,1823,,,,,,,2.4921,-0.7915,1.1875,3.6133,3.6133,7.1815
2026-06-15 16:37:45.169,Zohre,right,30.417,1825,,,,,,,2.5386,-0.8699,1.1421,3.5078,3.5078,6.7914
2026-06-15 16:37:45.199,Zohre,right,30.450,1827,,,,,,,2.6073,-0.9215,1.1053,3.4178,3.4178,6.3661
2026-06-15 16:37:45.230,Zohre,right,30.467,1828,,,,,,,2.5641,-0.9612,1.1021,3.4749,3.4749,6.8352
2026-06-15 16:37:45.261,Zohre,right,30.500,1830,,,,,,,2.5161,-0.9989,1.1360,3.5558,3.5558,7.1492
2026-06-15 16:37:45.291,Zohre,right,30.533,1832,,,,,,,2.5184,-1.0485,1.1339,3.5848,3.5848,6.9779
2026-06-15 16:37:45.322,Zohre,right,30.567,1834,,,,,,,2.5022,-1.0685,1.1407,3.6004,3.6004,7.1319
2026-06-15 16:37:45.353,Zohre,right,30.600,1836,,,,,,,2.5326,-1.1114,1.1330,3.5600,3.5600,6.8882
2026-06-15 16:37:45.383,Zohre,right,30.633,1838,,,,,,,2.5389,-1.1434,1.1494,3.5924,3.5924,6.7777
2026-06-15 16:37:45.414,Zohre,right,30.650,1839,,,,,,,2.5422,-1.1576,1.1569,3.5588,3.5588,6.7064
2026-06-15 16:37:45.445,Zohre,right,30.683,1841,,,,,,,2.5297,-1.1934,1.1697,3.4691,3.4691,6.6130
2026-06-15 16:37:45.475,Zohre,right,30.717,1843,,,,,,,2.5314,-1.2330,1.1686,3.3994,3.3994,6.4670
2026-06-15 16:37:45.506,Zohre,right,30.750,1845,,,,,,,2.4894,-1.2282,1.1934,3.4127,3.4127,6.8209
2026-06-15 16:37:45.536,Zohre,right,30.783,1847,,,,,,,2.4775,-1.2402,1.1930,3.4518,3.4518,6.7567
2026-06-15 16:37:45.567,Zohre,right,30.817,1849,,,,,,,2.4812,-1.2315,1.1995,3.4564,3.4564,6.7058
2026-06-15 16:37:45.597,Zohre,right,30.833,1850,,,,,,,2.5005,-1.2652,1.1864,3.4490,3.4490,6.5095
2026-06-15 16:37:45.628,Zohre,right,30.867,1852,,,,,,,2.5271,-1.3133,1.1750,3.4093,3.4093,6.3744
2026-06-15 16:37:45.658,Zohre,right,30.900,1854,,,,,,,2.5214,-1.2919,1.1745,3.3792,3.3792,6.3221
2026-06-15 16:37:45.688,Zohre,right,30.933,1856,,,,,,,2.5101,-1.3010,1.1762,3.3768,3.3768,6.2996
2026-06-15 16:37:45.719,Zohre,right,30.967,1858,,,,,,,2.4893,-1.3574,1.2132,3.4162,3.4162,6.4426
2026-06-15 16:37:45.750,Zohre,right,31.000,1860,,,,,,,2.4531,-1.3423,1.2319,3.4817,3.4817,6.7931
2026-06-15 16:37:45.781,Zohre,right,31.017,1861,,,,,,,2.5005,-1.3968,1.2276,3.4230,3.4230,6.3669
2026-06-15 16:37:45.811,Zohre,right,31.050,1863,,,,,,,2.4964,-1.4170,1.2303,3.3874,3.3874,6.3094
2026-06-15 16:37:45.841,Zohre,right,31.083,1865,,,,,,,2.5397,-1.4760,1.2081,3.3140,3.3140,5.9521
2026-06-15 16:37:45.872,Zohre,right,31.117,1867,,,,,,,2.5004,-1.4490,1.1947,3.3369,3.3369,6.0634
2026-06-15 16:37:45.903,Zohre,right,31.150,1869,,,,,,,2.4766,-1.4245,1.2130,3.3868,3.3868,6.3033
2026-06-15 16:37:45.933,Zohre,right,31.183,1871,,,,,,,2.4697,-1.4153,1.2240,3.3822,3.3822,6.3632
2026-06-15 16:37:45.966,Zohre,right,31.200,1872,,,,,,,2.4861,-1.4572,1.2274,3.3638,3.3638,6.0554
2026-06-15 16:37:45.997,Zohre,right,31.233,1874,,,,,,,2.4514,-1.4433,1.2311,3.3809,3.3809,6.1750
2026-06-15 16:37:46.027,Zohre,right,31.267,1876,,,,,,,2.4989,-1.4934,1.2036,3.2873,3.2873,5.7765
2026-06-15 16:37:46.058,Zohre,right,31.300,1878,,,,,,,2.4730,-1.4646,1.1884,3.3172,3.3172,5.9368
2026-06-15 16:37:46.088,Zohre,right,31.333,1880,,,,,,,2.4616,-1.4397,1.1807,3.3075,3.3075,5.9295
2026-06-15 16:37:46.119,Zohre,right,31.367,1882,,,,,,,2.4520,-1.4419,1.1836,3.3017,3.3017,5.9353
2026-06-15 16:37:46.149,Zohre,right,31.400,1884,,,,,,,2.4422,-1.4245,1.1966,3.3122,3.3122,6.0355
2026-06-15 16:37:46.180,Zohre,right,31.417,1885,,,,,,,2.4479,-1.4055,1.1942,3.3246,3.3246,6.0072
2026-06-15 16:37:46.210,Zohre,right,31.450,1887,,,,,,,2.4648,-1.4101,1.1907,3.3313,3.3313,5.9475
2026-06-15 16:37:46.241,Zohre,right,31.483,1889,,,,,,,2.4498,-1.3852,1.1911,3.3406,3.3406,6.0774
2026-06-15 16:37:46.271,Zohre,right,31.517,1891,,,,,,,2.4667,-1.3899,1.1791,3.3684,3.3684,5.9894
2026-06-15 16:37:46.301,Zohre,right,31.550,1893,,,,,,,2.4537,-1.3621,1.1776,3.3412,3.3412,5.9531
2026-06-15 16:37:46.332,Zohre,right,31.583,1895,,,,,,,2.4418,-1.3170,1.1795,3.4021,3.4021,6.2776
2026-06-15 16:37:46.363,Zohre,right,31.600,1896,,,,,,,2.4567,-1.3085,1.1814,3.3781,3.3781,6.1197
2026-06-15 16:37:46.394,Zohre,right,31.633,1898,,,,,,,2.4239,-1.2549,1.1919,3.4225,3.4225,6.4473
2026-06-15 16:37:46.424,Zohre,right,31.667,1900,,,,,,,2.4732,-1.2971,1.1703,3.2925,3.2925,5.7982
2026-06-15 16:37:46.455,Zohre,right,31.700,1902,,,,,,,2.4399,-1.2839,1.1601,3.2960,3.2960,5.9824
2026-06-15 16:37:46.486,Zohre,right,31.733,1904,,,,,,,2.4299,-1.2536,1.1642,3.2983,3.2983,5.9889
2026-06-15 16:37:46.516,Zohre,right,31.767,1906,,,,,,,2.4367,-1.2245,1.1885,3.3176,3.3176,6.1599
2026-06-15 16:37:46.547,Zohre,right,31.783,1907,,,,,,,2.4414,-1.2072,1.2166,3.2869,3.2869,6.1325
2026-06-15 16:37:46.577,Zohre,right,31.817,1909,,,,,,,2.4328,-1.1806,1.2291,3.2705,3.2705,6.2849
2026-06-15 16:37:46.608,Zohre,right,31.850,1911,,,,,,,2.5144,-1.1380,1.2005,3.1517,3.1517,5.5288
2026-06-15 16:37:46.638,Zohre,right,31.883,1913,,,,,,,2.4867,-1.0929,1.1852,3.1752,3.1752,5.7166
2026-06-15 16:37:46.669,Zohre,right,31.917,1915,,,,,,,2.4792,-1.0176,1.1642,3.2212,3.2212,5.6951
2026-06-15 16:37:46.699,Zohre,right,31.950,1917,,,,,,,2.4856,-1.0209,1.1657,3.2309,3.2309,5.7429
2026-06-15 16:37:46.729,Zohre,right,31.967,1918,,,,,,,2.4464,-0.9512,1.2037,3.2723,3.2723,6.0301
2026-06-15 16:37:46.760,Zohre,right,32.000,1920,,,,,,,2.4467,-0.9276,1.2256,3.2865,3.2865,6.0903
2026-06-15 16:37:46.791,Zohre,right,32.033,1922,,,,,,,2.4923,-0.8860,1.2264,3.2265,3.2265,5.7039
2026-06-15 16:37:46.821,Zohre,right,32.067,1924,,,,,,,2.4620,-0.8677,1.2171,3.2734,3.2734,5.8359
2026-06-15 16:37:46.851,Zohre,right,32.100,1926,,,,,,,2.4820,-0.8499,1.1687,3.2656,3.2656,5.5504
2026-06-15 16:37:46.882,Zohre,right,32.133,1928,,,,,,,2.4582,-0.7716,1.1557,3.2948,3.2948,5.7850
2026-06-15 16:37:46.913,Zohre,right,32.150,1929,,,,,,,2.4305,-0.7506,1.1923,3.3555,3.3555,6.1384
2026-06-15 16:37:46.944,Zohre,right,32.183,1931,,,,,,,2.4738,-0.7469,1.1913,3.3161,3.3161,6.0150
2026-06-15 16:37:46.974,Zohre,right,32.217,1933,,,,,,,2.4363,-0.6750,1.2268,3.3528,3.3528,6.3801
2026-06-15 16:37:47.005,Zohre,right,32.250,1935,,,,,,,2.4410,-0.5908,1.2175,3.2898,3.2898,6.1331
2026-06-15 16:37:47.035,Zohre,right,32.283,1937,,,,,,,2.4663,-0.5150,1.1930,3.2904,3.2904,5.9699
2026-06-15 16:37:47.066,Zohre,right,32.317,1939,,,,,,,2.4505,-0.4859,1.1890,3.3170,3.3170,6.1558
2026-06-15 16:37:47.096,Zohre,right,32.333,1940,,,,,,,2.4395,-0.4780,1.1944,3.3230,3.3230,6.1955
2026-06-15 16:37:47.127,Zohre,right,32.367,1942,,,,,,,2.4523,-0.3924,1.1558,3.2988,3.2988,5.6772
2026-06-15 16:37:47.157,Zohre,right,32.400,1944,,,,,,,2.3431,-0.3851,1.1820,3.4846,3.4846,6.3714
2026-06-15 16:37:47.187,Zohre,right,32.433,1946,,,,,,,2.3582,-0.3109,1.1594,3.4182,3.4182,6.1503
2026-06-15 16:37:47.218,Zohre,right,32.467,1948,,,,,,,2.3430,-0.3057,1.1714,3.4748,3.4748,6.3709
2026-06-15 16:37:47.249,Zohre,right,32.500,1950,,,,,,,2.3822,-0.2137,1.1636,3.3968,3.3968,6.0595
2026-06-15 16:37:47.279,Zohre,right,32.517,1951,,,,,,,2.4014,-0.1937,1.1522,3.4121,3.4121,6.1733
2026-06-15 16:37:47.310,Zohre,right,32.550,1953,,,,,,,2.3999,-0.1557,1.1515,3.4085,3.4085,6.2120
2026-06-15 16:37:47.340,Zohre,right,32.583,1955,,,,,,,2.4136,-0.1538,1.1599,3.4041,3.4041,6.3127
2026-06-15 16:37:47.371,Zohre,right,32.617,1957,,,,,,,2.3664,-0.0768,1.2196,3.4308,3.4308,6.4807
2026-06-15 16:37:47.402,Zohre,right,32.650,1959,,,,,,,2.3709,-0.0485,1.2332,3.4082,3.4082,6.5583
2026-06-15 16:37:47.432,Zohre,right,32.683,1961,,,,,,,2.3751,0.0523,1.2388,3.4079,3.4079,6.1904
2026-06-15 16:37:47.463,Zohre,right,32.700,1962,,,,,,,2.3655,0.0633,1.2506,3.4271,3.4271,6.5219
2026-06-15 16:37:47.493,Zohre,right,32.733,1964,,,,,,,2.3555,0.1088,1.2541,3.4059,3.4059,6.4699
2026-06-15 16:37:47.524,Zohre,right,32.767,1966,,,,,,,2.3649,0.1180,1.2516,3.4051,3.4051,6.4550
2026-06-15 16:37:47.554,Zohre,right,32.800,1968,,,,,,,2.3727,0.1433,1.2410,3.3574,3.3574,6.3625
2026-06-15 16:37:47.585,Zohre,right,32.833,1970,,,,,,,2.3699,0.1388,1.2395,3.3384,3.3384,6.5327
2026-06-15 16:37:47.616,Zohre,right,32.867,1972,,,,,,,2.3980,0.1479,1.2167,3.2985,3.2985,6.2903
2026-06-15 16:37:47.646,Zohre,right,32.883,1973,,,,,,,2.3949,0.1359,1.2101,3.2990,3.2990,6.3654
2026-06-15 16:37:47.677,Zohre,right,32.917,1975,,,,,,,2.5093,0.0705,1.1597,3.2388,3.2388,5.7734
2026-06-15 16:37:47.707,Zohre,right,32.950,1977,,,,,,,2.5161,-0.1742,1.1332,3.3527,3.3527,6.0637
2026-06-15 16:37:47.738,Zohre,right,32.983,1979,,,,,,,2.5273,-0.2635,1.1031,3.3308,3.3308,6.1412
2026-06-15 16:37:47.768,Zohre,right,33.017,1981,,,,,,,2.5680,-0.2978,1.0838,3.3481,3.3481,6.3472
2026-06-15 16:37:47.799,Zohre,right,33.050,1983,,,,,,,2.5816,-0.3030,1.0853,3.3237,3.3237,6.2706
2026-06-15 16:37:47.829,Zohre,right,33.067,1984,,,,,,,2.6164,-0.3434,1.0758,3.3912,3.3912,6.4672
2026-06-15 16:37:47.860,Zohre,right,33.100,1986,,,,,,,2.7448,-0.5299,1.0565,3.4515,3.4515,6.5519
2026-06-15 16:37:47.890,Zohre,right,33.133,1988,,,,,,,2.7966,-0.5942,1.0497,3.4345,3.4345,6.6842
2026-06-15 16:37:47.921,Zohre,right,33.167,1990,,,,,,,2.8161,-0.6329,1.0587,3.4751,3.4751,6.8839
2026-06-15 16:37:47.952,Zohre,right,33.200,1992,,,,,,,2.8805,-0.6556,1.0499,3.4912,3.4912,6.8545
2026-06-15 16:37:47.982,Zohre,right,33.233,1994,,,,,,,2.9396,-0.6466,1.0550,3.4605,3.4605,6.9760
2026-06-15 16:37:48.013,Zohre,right,33.250,1995,,,,,,,3.0254,-0.6316,1.0391,3.3601,3.3601,6.7887
2026-06-15 16:37:48.043,Zohre,right,33.283,1997,,,,,,,3.0213,-0.6284,1.0422,3.4282,3.4282,7.0222
2026-06-15 16:37:48.074,Zohre,right,33.317,1999,,,,,,,3.0523,-0.6078,1.0273,3.4057,3.4057,6.9105
2026-06-15 16:37:48.105,Zohre,right,33.350,2001,,,,,,,3.0941,-0.5625,1.0028,3.3638,3.3638,6.8584
2026-06-15 16:37:48.135,Zohre,right,33.383,2003,,,,,,,3.1084,-0.5551,0.9920,3.3973,3.3973,6.8544
2026-06-15 16:37:48.166,Zohre,right,33.417,2005,,,,,,,3.1506,-0.5240,1.0044,3.3725,3.3725,6.8390
2026-06-15 16:37:48.197,Zohre,right,33.433,2006,,,,,,,3.1997,-0.5057,1.0328,3.3561,3.3561,6.8043
2026-06-15 16:37:48.227,Zohre,right,33.467,2008,,,,,,,3.2044,-0.4956,1.0287,3.3690,3.3690,6.8885
2026-06-15 16:37:48.258,Zohre,right,33.500,2010,,,,,,,3.2174,-0.4589,1.0042,3.3512,3.3512,6.9063
2026-06-15 16:37:48.288,Zohre,right,33.533,2012,,,,,,,3.2066,-0.4466,1.0006,3.3528,3.3528,7.0764
2026-06-15 16:37:48.319,Zohre,right,33.567,2014,,,,,,,3.2292,-0.4308,0.9940,3.3336,3.3336,6.9782
2026-06-15 16:37:48.349,Zohre,right,33.600,2016,,,,,,,3.2564,-0.3860,0.9805,3.3696,3.3696,6.9592
2026-06-15 16:37:48.380,Zohre,right,33.617,2017,,,,,,,3.2357,-0.3500,0.9875,3.4297,3.4297,7.1395
2026-06-15 16:37:48.410,Zohre,right,33.650,2019,,,,,,,3.2266,-0.3023,0.9763,3.3896,3.3896,7.0469
2026-06-15 16:37:48.441,Zohre,right,33.683,2021,,,,,,,3.2391,-0.2664,0.9822,3.3762,3.3762,7.0128
2026-06-15 16:37:48.471,Zohre,right,33.717,2023,,,,,,,3.2203,-0.2593,0.9974,3.4219,3.4219,7.1871
2026-06-15 16:37:48.502,Zohre,right,33.750,2025,,,,,,,3.2688,-0.2171,1.0308,3.4670,3.4670,7.1246
2026-06-15 16:37:48.532,Zohre,right,33.783,2027,,,,,,,3.3403,-0.1769,1.0171,3.3905,3.3905,6.8960
2026-06-15 16:37:48.563,Zohre,right,33.800,2028,,,,,,,3.3298,-0.1582,1.0060,3.4340,3.4340,6.9543
2026-06-15 16:37:48.593,Zohre,right,33.833,2030,,,,,,,3.3494,-0.1052,0.9665,3.4116,3.4116,6.7253
2026-06-15 16:37:48.624,Zohre,right,33.867,2032,,,,,,,3.3242,-0.0896,0.9671,3.4664,3.4664,7.0061
2026-06-15 16:37:48.654,Zohre,right,33.900,2034,,,,,,,3.3315,-0.0617,0.9735,3.4666,3.4666,7.0344
2026-06-15 16:37:48.685,Zohre,right,33.933,2036,,,,,,,3.3181,-0.0316,1.0025,3.5569,3.5569,7.2680
2026-06-15 16:37:48.716,Zohre,right,33.967,2038,,,,,,,3.3267,0.0265,1.0086,3.4574,3.4574,7.1215
2026-06-15 16:37:48.746,Zohre,right,33.983,2039,,,,,,,3.3343,0.0494,0.9961,3.4243,3.4243,6.9862
2026-06-15 16:37:48.777,Zohre,right,34.017,2041,,,,,,,3.3140,0.0727,0.9752,3.4179,3.4179,7.0113
2026-06-15 16:37:48.807,Zohre,right,34.050,2043,,,,,,,3.3017,0.1112,0.9664,3.3951,3.3951,6.9802
2026-06-15 16:37:48.838,Zohre,right,34.083,2045,,,,,,,3.3023,0.1442,0.9693,3.3743,3.3743,6.8599
2026-06-15 16:37:48.868,Zohre,right,34.117,2047,,,,,,,3.2655,0.1394,0.9735,3.3956,3.3956,6.9968
2026-06-15 16:37:48.899,Zohre,right,34.150,2049,,,,,,,3.2687,0.1696,0.9674,3.3665,3.3665,6.8851
2026-06-15 16:37:48.930,Zohre,right,34.167,2050,,,,,,,3.2407,0.1552,0.9682,3.3987,3.3987,6.9268
2026-06-15 16:37:48.961,Zohre,right,34.200,2052,,,,,,,3.1776,0.1565,0.9887,3.4424,3.4424,7.0181
2026-06-15 16:37:48.992,Zohre,right,34.233,2054,,,,,,,3.1835,0.1997,0.9863,3.4053,3.4053,6.7794
2026-06-15 16:37:49.023,Zohre,right,34.267,2056,,,,,,,3.1302,0.2191,1.0053,3.3812,3.3812,6.7912
2026-06-15 16:37:49.054,Zohre,right,34.300,2058,,,,,,,3.0877,0.2380,1.0043,3.3753,3.3753,6.6581
2026-06-15 16:37:49.084,Zohre,right,34.333,2060,,,,,,,3.0531,0.2708,1.0015,3.3818,3.3818,6.5500
2026-06-15 16:37:49.115,Zohre,right,34.367,2062,,,,,,,2.9999,0.3139,0.9973,3.3439,3.3439,6.5434
2026-06-15 16:37:49.145,Zohre,right,34.383,2063,,,,,,,2.9442,0.3245,0.9916,3.3582,3.3582,6.5939
2026-06-15 16:37:49.178,Zohre,right,34.417,2065,,,,,,,2.9710,0.3487,0.9837,3.3524,3.3524,6.4191
2026-06-15 16:37:49.210,Zohre,right,34.450,2067,,,,,,,2.9824,0.3621,0.9724,3.3926,3.3926,6.4825
2026-06-15 16:37:49.241,Zohre,right,34.483,2069,,,,,,,3.0083,0.4062,0.9783,3.3025,3.3025,6.4249
2026-06-15 16:37:49.271,Zohre,right,34.517,2071,,,,,,,3.0136,0.4515,0.9930,3.2299,3.2299,6.5696
2026-06-15 16:37:49.302,Zohre,right,34.550,2073,,,,,,,3.0012,0.4821,1.0106,3.2126,3.2126,6.4329
2026-06-15 16:37:49.333,Zohre,right,34.583,2075,,,,,,,2.9649,0.4618,1.0180,3.2602,3.2602,6.2837
2026-06-15 16:37:49.364,Zohre,right,34.600,2076,,,,,,,2.9086,0.4262,1.0248,3.3015,3.3015,6.3766
2026-06-15 16:37:49.394,Zohre,right,34.633,2078,,,,,,,2.8603,0.4258,1.0388,3.3356,3.3356,6.3403
2026-06-15 16:37:49.425,Zohre,right,34.667,2080,,,,,,,2.8196,0.4220,1.0608,3.3406,3.3406,6.3893
2026-06-15 16:37:49.456,Zohre,right,34.700,2082,,,,,,,2.8037,0.4383,1.0818,3.3132,3.3132,6.4076
2026-06-15 16:37:49.486,Zohre,right,34.733,2084,,,,,,,2.7875,0.4841,1.0784,3.2700,3.2700,6.2083
2026-06-15 16:37:49.517,Zohre,right,34.767,2086,,,,,,,2.7690,0.5592,1.0732,3.2495,3.2495,6.1492
2026-06-15 16:37:49.547,Zohre,right,34.800,2088,,,,,,,2.7146,0.5623,1.0581,3.3415,3.3415,6.2908
2026-06-15 16:37:49.578,Zohre,right,34.817,2089,,,,,,,2.6499,0.5368,1.0680,3.4434,3.4434,6.4957
2026-06-15 16:37:49.608,Zohre,right,34.850,2091,,,,,,,2.6504,0.5580,1.0649,3.4281,3.4281,6.3044
2026-06-15 16:37:49.639,Zohre,right,34.883,2093,,,,,,,2.5834,0.5367,1.0728,3.4573,3.4573,6.5228
2026-06-15 16:37:49.669,Zohre,right,34.917,2095,,,,,,,2.5654,0.5740,1.0643,3.3895,3.3895,6.2285
2026-06-15 16:37:49.700,Zohre,right,34.950,2097,,,,,,,2.5346,0.5588,1.0700,3.4160,3.4160,6.3772
2026-06-15 16:37:49.730,Zohre,right,34.967,2098,,,,,,,2.5493,0.6088,1.0573,3.3370,3.3370,6.1022
2026-06-15 16:37:49.761,Zohre,right,35.000,2100,,,,,,,2.4836,0.5973,1.0699,3.3639,3.3639,6.1499
2026-06-15 16:37:49.791,Zohre,right,35.033,2102,,,,,,,2.4486,0.6348,1.0973,3.3243,3.3243,5.8691
2026-06-15 16:37:49.822,Zohre,right,35.067,2104,,,,,,,2.4174,0.6708,1.1263,3.3175,3.3175,5.6887
2026-06-15 16:37:49.853,Zohre,right,35.100,2106,,,,,,,2.2495,0.6485,1.1721,3.2799,3.2799,5.5298
2026-06-15 16:37:49.883,Zohre,right,35.133,2108,,,,,,,2.1843,0.6752,1.1961,3.2612,3.2612,5.3378
2026-06-15 16:37:49.914,Zohre,right,35.150,2109,,,,,,,2.1172,0.6624,1.2340,3.2326,3.2326,5.4686
2026-06-15 16:37:49.944,Zohre,right,35.183,2111,,,,,,,2.0604,0.6189,1.2644,3.2627,3.2627,5.8316
2026-06-15 16:37:49.975,Zohre,right,35.217,2113,,,,,,,2.0446,0.6313,1.2842,3.2735,3.2735,5.5503
2026-06-15 16:37:50.006,Zohre,right,35.250,2115,,,,,,,1.9541,0.5375,1.3329,3.3924,3.3924,5.8677
2026-06-15 16:37:50.036,Zohre,right,35.283,2117,,,,,,,1.8786,0.4894,1.3947,3.3651,3.3651,6.0137
2026-06-15 16:37:50.067,Zohre,right,35.317,2119,,,,,,,1.8397,0.5091,1.4256,3.3753,3.3753,5.8089
2026-06-15 16:37:50.098,Zohre,right,35.333,2120,,,,,,,1.7590,0.4812,1.4560,3.3629,3.3629,6.0953
2026-06-15 16:37:50.128,Zohre,right,35.367,2122,,,,,,,1.7728,0.5324,1.4553,3.3013,3.3013,5.5528
2026-06-15 16:37:50.158,Zohre,right,35.400,2124,,,,,,,1.7059,0.4607,1.4773,3.3180,3.3180,5.9210
2026-06-15 16:37:50.189,Zohre,right,35.433,2126,,,,,,,1.6636,0.3919,1.5189,3.3933,3.3933,6.3450
2026-06-15 16:37:50.219,Zohre,right,35.467,2128,,,,,,,1.6177,0.3516,1.5584,3.3287,3.3287,6.2683
2026-06-15 16:37:50.250,Zohre,right,35.500,2130,,,,,,,1.5922,0.3089,1.5810,3.4073,3.4073,6.5578
2026-06-15 16:37:50.281,Zohre,right,35.517,2131,,,,,,,1.5420,0.2938,1.6176,3.3617,3.3617,6.4016
2026-06-15 16:37:50.311,Zohre,right,35.550,2133,,,,,,,1.5063,0.2919,1.6272,3.4502,3.4502,6.5762
2026-06-15 16:37:50.342,Zohre,right,35.583,2135,,,,,,,1.5026,0.2797,1.6229,3.4423,3.4423,6.5307
2026-06-15 16:37:50.373,Zohre,right,35.617,2137,,,,,,,1.4416,0.2420,1.6255,3.4729,3.4729,6.5614
2026-06-15 16:37:50.403,Zohre,right,35.650,2139,,,,,,,1.4012,0.2237,1.6392,3.5236,3.5236,6.4601
2026-06-15 16:37:50.434,Zohre,right,35.683,2141,,,,,,,1.4189,0.1409,1.6544,3.5566,3.5566,6.3844
2026-06-15 16:37:50.465,Zohre,right,35.717,2143,,,,,,,1.4213,0.0164,1.6785,3.5019,3.5019,6.2895
2026-06-15 16:37:50.496,Zohre,right,35.733,2144,,,,,,,1.4486,-0.0133,1.6754,3.5096,3.5096,6.1786
2026-06-15 16:37:50.526,Zohre,right,35.767,2146,,,,,,,1.4411,-0.1124,1.6817,3.4530,3.4530,6.5246
2026-06-15 16:37:50.557,Zohre,right,35.800,2148,,,,,,,1.4261,-0.1370,1.6989,3.4152,3.4152,6.3685
2026-06-15 16:37:50.587,Zohre,right,35.833,2150,,,,,,,1.4702,-0.1255,1.6943,3.4840,3.4840,6.2592
2026-06-15 16:37:50.618,Zohre,right,35.867,2152,,,,,,,1.4623,-0.2162,1.6724,3.4899,3.4899,6.4590
2026-06-15 16:37:50.649,Zohre,right,35.900,2154,,,,,,,1.4466,-0.2638,1.6683,3.4079,3.4079,6.4005
2026-06-15 16:37:50.679,Zohre,right,35.917,2155,,,,,,,1.4341,-0.2943,1.6553,3.5049,3.5049,6.6868
2026-06-15 16:37:50.710,Zohre,right,35.950,2157,,,,,,,1.4196,-0.3271,1.6383,3.4693,3.4693,6.5893
2026-06-15 16:37:50.740,Zohre,right,35.983,2159,,,,,,,1.3719,-0.3444,1.6383,3.4559,3.4559,6.4484
2026-06-15 16:37:50.771,Zohre,right,36.017,2161,,,,,,,1.3860,-0.3557,1.6436,3.4725,3.4725,6.6386
2026-06-15 16:37:50.802,Zohre,right,36.050,2163,,,,,,,1.3998,-0.3837,1.6415,3.4664,3.4664,6.4956
2026-06-15 16:37:50.833,Zohre,right,36.083,2165,,,,,,,1.3696,-0.3876,1.6378,3.5042,3.5042,6.7284
2026-06-15 16:37:50.863,Zohre,right,36.100,2166,,,,,,,1.3325,-0.4125,1.6426,3.5232,3.5232,6.7795
2026-06-15 16:37:50.894,Zohre,right,36.133,2168,,,,,,,1.3489,-0.4330,1.6385,3.6254,3.6254,7.0182
2026-06-15 16:37:50.925,Zohre,right,36.167,2170,,,,,,,1.3456,-0.4923,1.6577,3.5644,3.5644,7.0534
2026-06-15 16:37:50.955,Zohre,right,36.200,2172,,,,,,,1.3688,-0.5106,1.6792,3.5040,3.5040,7.0786
2026-06-15 16:37:50.986,Zohre,right,36.233,2174,,,,,,,1.3880,-0.5464,1.7179,3.4707,3.4707,7.0740
2026-06-15 16:37:51.019,Zohre,right,36.267,2176,,,,,,,1.3780,-0.5670,1.7432,3.3824,3.3824,6.8427
2026-06-15 16:37:51.050,Zohre,right,36.300,2178,,,,,,,1.3456,-0.6483,1.7681,3.4317,3.4317,6.6587
2026-06-15 16:37:51.081,Zohre,right,36.317,2179,,,,,,,1.3788,-0.6954,1.7393,3.6150,3.6150,7.1114
2026-06-15 16:37:51.112,Zohre,right,36.350,2181,,,,,,,1.3387,-0.6979,1.7466,3.5292,3.5292,6.6966
2026-06-15 16:37:51.142,Zohre,right,36.383,2183,,,,,,,1.3838,-0.7557,1.7575,3.5446,3.5446,6.8152
2026-06-15 16:37:51.173,Zohre,right,36.417,2185,,,,,,,1.4230,-0.8122,1.7554,3.6649,3.6649,7.1329
2026-06-15 16:37:51.204,Zohre,right,36.450,2187,,,,,,,1.4433,-0.8489,1.7547,3.5515,3.5515,6.9541
2026-06-15 16:37:51.234,Zohre,right,36.483,2189,,,,,,,1.4544,-0.8644,1.7383,3.6514,3.6514,7.1583
2026-06-15 16:37:51.265,Zohre,right,36.517,2191,,,,,,,1.4955,-0.9051,1.6757,3.5393,3.5393,6.6211
2026-06-15 16:37:51.295,Zohre,right,36.533,2192,,,,,,,1.4744,-0.9047,1.6189,3.3313,3.3313,6.1863
2026-06-15 16:37:51.326,Zohre,right,36.567,2194,,,,,,,1.4812,-0.8891,1.5950,3.4586,3.4586,6.4596
2026-06-15 16:37:51.357,Zohre,right,36.600,2196,,,,,,,1.5199,-0.9101,1.6076,3.4434,3.4434,6.3622
2026-06-15 16:37:51.388,Zohre,right,36.633,2198,,,,,,,1.5083,-0.9334,1.6298,3.3346,3.3346,6.1717
2026-06-15 16:37:51.418,Zohre,right,36.667,2200,,,,,,,1.5215,-0.9557,1.6473,3.5321,3.5321,6.6815
2026-06-15 16:37:51.449,Zohre,right,36.700,2202,,,,,,,1.4931,-1.0198,1.6536,3.4314,3.4314,6.2927
2026-06-15 16:37:51.480,Zohre,right,36.717,2203,,,,,,,1.4880,-1.0568,1.6562,3.5066,3.5066,6.6536
2026-06-15 16:37:51.510,Zohre,right,36.750,2205,,,,,,,1.5439,-1.0691,1.6458,3.5885,3.5885,6.8272
2026-06-15 16:37:51.541,Zohre,right,36.783,2207,,,,,,,1.5339,-1.0767,1.6662,3.4709,3.4709,6.6956
2026-06-15 16:37:51.571,Zohre,right,36.817,2209,,,,,,,1.5678,-1.1023,1.6860,3.4130,3.4130,6.5563
2026-06-15 16:37:51.602,Zohre,right,36.850,2211,,,,,,,1.6086,-1.0757,1.7047,3.4453,3.4453,6.5588
2026-06-15 16:37:51.632,Zohre,right,36.883,2213,,,,,,,1.5940,-1.0879,1.7173,3.4028,3.4028,6.6083
2026-06-15 16:37:51.663,Zohre,right,36.900,2214,,,,,,,1.6178,-1.0858,1.7035,3.4993,3.4993,6.7887
2026-06-15 16:37:51.694,Zohre,right,36.933,2216,,,,,,,1.6336,-1.1066,1.6518,3.5486,3.5486,6.6469
2026-06-15 16:37:51.724,Zohre,right,36.967,2218,,,,,,,1.7030,-1.1289,1.5875,3.6261,3.6261,7.0048
2026-06-15 16:37:51.754,Zohre,right,37.000,2220,,,,,,,1.6868,-1.1315,1.5852,3.5686,3.5686,6.9086
2026-06-15 16:37:51.785,Zohre,right,37.033,2222,,,,,,,1.7741,-1.1372,1.5543,3.6012,3.6012,7.0503
2026-06-15 16:37:51.815,Zohre,right,37.067,2224,,,,,,,1.8017,-1.1517,1.5442,3.5963,3.5963,6.7474
2026-06-15 16:37:51.846,Zohre,right,37.083,2225,,,,,,,1.8284,-1.1377,1.5259,3.6738,3.6738,7.0528
2026-06-15 16:37:51.877,Zohre,right,37.117,2227,,,,,,,1.9011,-1.1857,1.4836,3.6425,3.6425,7.0341
2026-06-15 16:37:51.907,Zohre,right,37.150,2229,,,,,,,1.9569,-1.1979,1.4409,3.6021,3.6021,6.8271
2026-06-15 16:37:51.938,Zohre,right,37.183,2231,,,,,,,2.0185,-1.2082,1.3632,3.5583,3.5583,6.7645
2026-06-15 16:37:51.968,Zohre,right,37.217,2233,,,,,,,2.0968,-1.2413,1.2689,3.4278,3.4278,6.4181
2026-06-15 16:37:51.999,Zohre,right,37.250,2235,,,,,,,2.2326,-1.3006,1.1820,3.2679,3.2679,5.8972
2026-06-15 16:37:52.030,Zohre,right,37.267,2236,,,,,,,2.2475,-1.2949,1.1436,3.3199,3.3199,6.1179
2026-06-15 16:37:52.060,Zohre,right,37.300,2238,,,,,,,2.2684,-1.3203,1.1191,3.3237,3.3237,5.9997
2026-06-15 16:37:52.091,Zohre,right,37.333,2240,,,,,,,2.2612,-1.3195,1.1088,3.3731,3.3731,6.3479
2026-06-15 16:37:52.122,Zohre,right,37.350,2241,,,,,,,2.2606,-1.3152,1.1137,3.4044,3.4044,6.5853
2026-06-15 16:37:52.152,Zohre,right,37.383,2243,,,,,,,2.3128,-1.3237,1.0884,3.4211,3.4211,6.5069
2026-06-15 16:37:52.183,Zohre,right,37.417,2245,,,,,,,2.3155,-1.3178,1.0864,3.4481,3.4481,6.5445
2026-06-15 16:37:52.213,Zohre,right,37.433,2246,,,,,,,2.3586,-1.3005,1.0677,3.4791,3.4791,6.6608
2026-06-15 16:37:52.244,Zohre,right,37.467,2248,,,,,,,2.4151,-1.3567,1.0523,3.4508,3.4508,6.4152
2026-06-15 16:37:52.274,Zohre,right,37.500,2250,,,,,,,2.4030,-1.3243,1.0601,3.4652,3.4652,6.5377
2026-06-15 16:37:52.304,Zohre,right,37.533,2252,,,,,,,2.4418,-1.3274,1.0415,3.5044,3.5044,6.4672
2026-06-15 16:37:52.335,Zohre,right,37.567,2254,,,,,,,2.4872,-1.3228,1.0505,3.4912,3.4912,6.3305
2026-06-15 16:37:52.365,Zohre,right,37.600,2256,,,,,,,2.4998,-1.3032,1.0644,3.4863,3.4863,6.4094
2026-06-15 16:37:52.396,Zohre,right,37.617,2257,,,,,,,2.5281,-1.3051,1.0671,3.4847,3.4847,6.5808
2026-06-15 16:37:52.426,Zohre,right,37.650,2259,,,,,,,2.5309,-1.3200,1.0592,3.4220,3.4220,6.2251
2026-06-15 16:37:52.457,Zohre,right,37.683,2261,,,,,,,2.5155,-1.2920,1.0647,3.4414,3.4414,6.4393
2026-06-15 16:37:52.488,Zohre,right,37.717,2263,,,,,,,2.5615,-1.3050,1.0616,3.3797,3.3797,6.2100
2026-06-15 16:37:52.519,Zohre,right,37.750,2265,,,,,,,2.5587,-1.2725,1.0691,3.4270,3.4270,6.4119
2026-06-15 16:37:52.549,Zohre,right,37.800,2268,,,,,,,2.6045,-1.2827,1.0620,3.4149,3.4149,6.2116
2026-06-15 16:37:52.580,Zohre,right,37.817,2269,,,,,,,2.6230,-1.2737,1.0843,3.4709,3.4709,6.5411
2026-06-15 16:37:52.611,Zohre,right,37.850,2271,,,,,,,2.6906,-1.2788,1.0784,3.3896,3.3896,6.3640
2026-06-15 16:37:52.642,Zohre,right,37.883,2273,,,,,,,2.7670,-1.3029,1.0496,3.3020,3.3020,6.1232
2026-06-15 16:37:52.672,Zohre,right,37.917,2275,,,,,,,2.7964,-1.2703,1.0380,3.3268,3.3268,6.3390
2026-06-15 16:37:52.703,Zohre,right,37.950,2277,,,,,,,2.8269,-1.2447,1.0358,3.3463,3.3463,6.5442
2026-06-15 16:37:52.734,Zohre,right,37.983,2279,,,,,,,2.8671,-1.1965,1.0330,3.3747,3.3747,6.5477
2026-06-15 16:37:52.764,Zohre,right,38.017,2281,,,,,,,2.8696,-1.1718,1.0454,3.4217,3.4217,6.7028
2026-06-15 16:37:52.795,Zohre,right,38.033,2282,,,,,,,2.9143,-1.1358,1.0387,3.4282,3.4282,6.7851
2026-06-15 16:37:52.826,Zohre,right,38.067,2284,,,,,,,2.9589,-1.0947,1.0343,3.4464,3.4464,6.7509
2026-06-15 16:37:52.856,Zohre,right,38.100,2286,,,,,,,3.0034,-1.0366,1.0290,3.4679,3.4679,6.7721
2026-06-15 16:37:52.887,Zohre,right,38.133,2288,,,,,,,3.0246,-0.9879,1.0185,3.4500,3.4500,6.8049
2026-06-15 16:37:52.918,Zohre,right,38.167,2290,,,,,,,3.0592,-0.9450,1.0124,3.4105,3.4105,6.7143
2026-06-15 16:37:52.948,Zohre,right,38.200,2292,,,,,,,3.0889,-0.8915,1.0247,3.4151,3.4151,6.8680
2026-06-15 16:37:52.979,Zohre,right,38.217,2293,,,,,,,3.1019,-0.8510,1.0393,3.4064,3.4064,6.9263
2026-06-15 16:37:53.009,Zohre,right,38.250,2295,,,,,,,3.1069,-0.8310,1.0461,3.3881,3.3881,6.8758
2026-06-15 16:37:53.040,Zohre,right,38.283,2297,,,,,,,3.1299,-0.7988,1.0369,3.3632,3.3632,6.6503
2026-06-15 16:37:53.071,Zohre,right,38.317,2299,,,,,,,3.1298,-0.7504,1.0302,3.3946,3.3946,6.8152
2026-06-15 16:37:53.102,Zohre,right,38.350,2301,,,,,,,3.1118,-0.7077,1.0424,3.4545,3.4545,7.0200
2026-06-15 16:37:53.132,Zohre,right,38.383,2303,,,,,,,3.1881,-0.6701,1.0572,3.3982,3.3982,7.0208
2026-06-15 16:37:53.163,Zohre,right,38.400,2304,,,,,,,3.2576,-0.6280,1.0759,3.3944,3.3944,7.0440
2026-06-15 16:37:53.194,Zohre,right,38.433,2306,,,,,,,3.3222,-0.5771,1.0824,3.3445,3.3445,6.8889
2026-06-15 16:37:53.224,Zohre,right,38.467,2308,,,,,,,3.3167,-0.5555,1.0940,3.3985,3.3985,6.9801
2026-06-15 16:37:53.255,Zohre,right,38.500,2310,,,,,,,3.3442,-0.5011,1.1122,3.4177,3.4177,6.9777
2026-06-15 16:37:53.286,Zohre,right,38.533,2312,,,,,,,3.3751,-0.4618,1.1133,3.4176,3.4176,6.9216
2026-06-15 16:37:53.316,Zohre,right,38.567,2314,,,,,,,3.3555,-0.4378,1.1047,3.3873,3.3873,6.7751
2026-06-15 16:37:53.347,Zohre,right,38.583,2315,,,,,,,3.3359,-0.4286,1.1032,3.3595,3.3595,6.7171
2026-06-15 16:37:53.378,Zohre,right,38.617,2317,,,,,,,3.3186,-0.3908,1.1014,3.3220,3.3220,6.5980
2026-06-15 16:37:53.408,Zohre,right,38.650,2319,,,,,,,3.3182,-0.3472,1.1094,3.3006,3.3006,6.6176
2026-06-15 16:37:53.438,Zohre,right,38.683,2321,,,,,,,3.3141,-0.3178,1.1183,3.3215,3.3215,6.6252
2026-06-15 16:37:53.469,Zohre,right,38.717,2323,,,,,,,3.3027,-0.2991,1.1233,3.3055,3.3055,6.5488
2026-06-15 16:37:53.499,Zohre,right,38.750,2325,,,,,,,3.3010,-0.2880,1.1248,3.3049,3.3049,6.5219
2026-06-15 16:37:53.530,Zohre,right,38.767,2326,,,,,,,3.2967,-0.2715,1.1361,3.2838,3.2838,6.5320
2026-06-15 16:37:53.561,Zohre,right,38.800,2328,,,,,,,3.2907,-0.2226,1.1573,3.2985,3.2985,6.6794
2026-06-15 16:37:53.591,Zohre,right,38.833,2330,,,,,,,3.2827,-0.1906,1.1940,3.3566,3.3566,6.7264
2026-06-15 16:37:53.622,Zohre,right,38.867,2332,,,,,,,3.2855,-0.1809,1.2102,3.3761,3.3761,6.7323
2026-06-15 16:37:53.652,Zohre,right,38.900,2334,,,,,,,3.2799,-0.1575,1.2341,3.3762,3.3762,6.7316
2026-06-15 16:37:53.682,Zohre,right,38.933,2336,,,,,,,3.2702,-0.1299,1.2483,3.3864,3.3864,6.7630
2026-06-15 16:37:53.713,Zohre,right,38.950,2337,,,,,,,3.2619,-0.1124,1.2587,3.4085,3.4085,6.8067
2026-06-15 16:37:53.743,Zohre,right,38.983,2339,,,,,,,3.2687,-0.1036,1.2663,3.4209,3.4209,6.7908
2026-06-15 16:37:53.773,Zohre,right,39.017,2341,,,,,,,3.2754,-0.0769,1.2573,3.3956,3.3956,6.7329
2026-06-15 16:37:53.804,Zohre,right,39.050,2343,,,,,,,3.2840,-0.0536,1.2427,3.4091,3.4091,6.7137
2026-06-15 16:37:53.834,Zohre,right,39.083,2345,,,,,,,3.2859,-0.0194,1.2112,3.4038,3.4038,6.6693
2026-06-15 16:37:53.865,Zohre,right,39.117,2347,,,,,,,3.2787,0.0108,1.1996,3.4189,3.4189,6.7195
2026-06-15 16:37:53.895,Zohre,right,39.133,2348,,,,,,,3.2640,0.0653,1.1614,3.3495,3.3495,6.5825
2026-06-15 16:37:53.926,Zohre,right,39.167,2350,,,,,,,3.2444,0.1005,1.1419,3.3864,3.3864,6.6470
2026-06-15 16:37:53.956,Zohre,right,39.200,2352,,,,,,,3.2414,0.1545,1.1172,3.3566,3.3566,6.7064
2026-06-15 16:37:53.987,Zohre,right,39.233,2354,,,,,,,3.2053,0.2157,1.1122,3.3851,3.3851,6.7901
2026-06-15 16:37:54.018,Zohre,right,39.267,2356,,,,,,,3.1766,0.2678,1.1071,3.3875,3.3875,6.7856
2026-06-15 16:37:54.050,Zohre,right,39.300,2358,,,,,,,3.1756,0.3114,1.0982,3.3530,3.3530,6.6132
2026-06-15 16:37:54.080,Zohre,right,39.317,2359,,,,,,,3.1455,0.3335,1.0792,3.3496,3.3496,6.6084
2026-06-15 16:37:54.111,Zohre,right,39.350,2361,,,,,,,3.1280,0.3889,1.0696,3.3346,3.3346,6.7999
2026-06-15 16:37:54.141,Zohre,right,39.383,2363,,,,,,,3.1042,0.4509,1.0664,3.3289,3.3289,6.7470
2026-06-15 16:37:54.172,Zohre,right,39.417,2365,,,,,,,3.0744,0.4887,1.0775,3.3501,3.3501,6.8330
2026-06-15 16:37:54.203,Zohre,right,39.450,2367,,,,,,,3.0773,0.5553,1.0945,3.3051,3.3051,6.7987
2026-06-15 16:37:54.233,Zohre,right,39.483,2369,,,,,,,3.0557,0.6111,1.1057,3.3163,3.3163,6.6313
2026-06-15 16:37:54.264,Zohre,right,39.500,2370,,,,,,,3.0663,0.6607,1.1156,3.2879,3.2879,6.4575
2026-06-15 16:37:54.294,Zohre,right,39.533,2372,,,,,,,3.0397,0.6757,1.1077,3.3172,3.3172,6.4563
2026-06-15 16:37:54.325,Zohre,right,39.567,2374,,,,,,,2.9721,0.7075,1.1025,3.3706,3.3706,6.4309
2026-06-15 16:37:54.355,Zohre,right,39.600,2376,,,,,,,2.9229,0.7401,1.0887,3.3942,3.3942,6.4112
2026-06-15 16:37:54.386,Zohre,right,39.633,2378,,,,,,,2.9077,0.7724,1.0745,3.3707,3.3707,6.2546
2026-06-15 16:37:54.417,Zohre,right,39.667,2380,,,,,,,2.8689,0.7707,1.0777,3.3649,3.3649,6.2404
2026-06-15 16:37:54.448,Zohre,right,39.700,2382,,,,,,,2.8365,0.7594,1.0866,3.3987,3.3987,6.3046
2026-06-15 16:37:54.478,Zohre,right,39.717,2383,,,,,,,2.8041,0.7442,1.1016,3.4138,3.4138,6.4283
2026-06-15 16:37:54.509,Zohre,right,39.750,2385,,,,,,,2.7766,0.7681,1.1218,3.3981,3.3981,6.4052
2026-06-15 16:37:54.540,Zohre,right,39.783,2387,,,,,,,2.7513,0.7750,1.1495,3.3892,3.3892,6.2794
2026-06-15 16:37:54.570,Zohre,right,39.817,2389,,,,,,,2.7640,0.8999,1.1561,3.1042,3.1042,6.1150
2026-06-15 16:37:54.601,Zohre,right,39.850,2391,,,,,,,5.2387,-0.2150,1.7363,0.0000,0.0000,0.0000
2026-06-15 16:37:54.632,Zohre,right,39.883,2393,,,,,,,3.6700,12.0681,3.6183,1.3357,1.3357,9.3261
2026-06-15 16:37:54.662,Zohre,right,39.900,2394,,,,,,,3.3616,12.1085,4.9581,2.5343,2.5343,8.4304
2026-06-15 16:37:54.692,Zohre,right,39.933,2396,,,,,,,3.6001,12.1609,6.2893,2.1516,2.1516,6.8989
2026-06-15 16:37:54.723,Zohre,right,39.967,2398,,,,,,,3.1929,11.0486,6.3648,1.7738,1.7738,6.6255
2026-06-15 16:37:54.753,Zohre,right,40.000,2400,,,,,,,3.2409,5.2870,5.3183,1.8590,1.8590,5.6898
2026-06-15 16:37:54.784,Zohre,right,40.033,2402,,,,,,,3.2296,2.6754,4.1448,1.9664,1.9664,5.9354
2026-06-15 16:37:54.815,Zohre,right,40.067,2404,,,,,,,2.9130,1.4669,3.2078,2.5301,2.5301,6.1204
2026-06-15 16:37:54.845,Zohre,right,40.083,2405,,,,,,,2.6630,1.1106,2.7880,2.9012,2.9012,6.4092
2026-06-15 16:37:54.875,Zohre,right,40.117,2407,,,,,,,2.4584,0.7861,2.0958,3.2301,3.2301,6.3661
2026-06-15 16:37:54.906,Zohre,right,40.150,2409,,,,,,,2.3275,0.6288,1.6577,3.4129,3.4129,6.5194
2026-06-15 16:37:54.936,Zohre,right,40.183,2411,,,,,,,2.2910,0.6393,1.3969,3.4620,3.4620,6.6675
2026-06-15 16:37:54.966,Zohre,right,40.217,2413,,,,,,,2.2941,0.7123,1.2445,3.4823,3.4823,6.4747
2026-06-15 16:37:54.997,Zohre,right,40.233,2414,,,,,,,2.2760,0.7155,1.1648,3.5291,3.5291,6.6211
2026-06-15 16:37:55.027,Zohre,right,40.267,2416,,,,,,,2.2789,0.7823,1.1482,3.4388,3.4388,6.3072
2026-06-15 16:37:55.058,Zohre,right,40.300,2418,,,,,,,2.2612,0.7702,1.1444,3.4350,3.4350,6.4393
2026-06-15 16:37:55.089,Zohre,right,40.333,2420,,,,,,,2.2131,0.7146,1.1774,3.4721,3.4721,6.7583
2026-06-15 16:37:55.119,Zohre,right,40.367,2422,,,,,,,2.1981,0.7360,1.1884,3.4803,3.4803,6.5641
2026-06-15 16:37:55.150,Zohre,right,40.400,2424,,,,,,,2.1287,0.7007,1.2115,3.5290,3.5290,6.7116
2026-06-15 16:37:55.181,Zohre,right,40.417,2425,,,,,,,2.0976,0.7437,1.1928,3.4258,3.4258,6.2724
2026-06-15 16:37:55.212,Zohre,right,40.450,2427,,,,,,,2.0336,0.6980,1.1910,3.4496,3.4496,6.3586
2026-06-15 16:37:55.242,Zohre,right,40.483,2429,,,,,,,1.9698,0.6360,1.2006,3.4048,3.4048,6.4868
2026-06-15 16:37:55.273,Zohre,right,40.517,2431,,,,,,,1.9035,0.7066,1.2084,3.3894,3.3894,6.0005
2026-06-15 16:37:55.303,Zohre,right,40.550,2433,,,,,,,1.8333,0.6506,1.2511,3.4425,3.4425,6.3347
2026-06-15 16:37:55.334,Zohre,right,40.583,2435,,,,,,,1.7465,0.5927,1.3155,3.5237,3.5237,6.3995
2026-06-15 16:37:55.364,Zohre,right,40.600,2436,,,,,,,1.6821,0.5894,1.3445,3.5104,3.5104,6.3052
2026-06-15 16:37:55.395,Zohre,right,40.633,2438,,,,,,,1.6482,0.5305,1.3618,3.5813,3.5813,6.5928
2026-06-15 16:37:55.425,Zohre,right,40.667,2440,,,,,,,1.6119,0.5172,1.3863,3.5396,3.5396,6.2969
2026-06-15 16:37:55.456,Zohre,right,40.700,2442,,,,,,,1.5876,0.4834,1.3920,3.5903,3.5903,6.5223
2026-06-15 16:37:55.486,Zohre,right,40.733,2444,,,,,,,1.5781,0.4286,1.3893,3.5540,3.5540,6.6427
2026-06-15 16:37:55.517,Zohre,right,40.767,2446,,,,,,,1.5400,0.4136,1.3944,3.5501,3.5501,6.6336
2026-06-15 16:37:55.549,Zohre,right,40.800,2448,,,,,,,1.5473,0.3891,1.3944,3.5671,3.5671,6.7320
2026-06-15 16:37:55.579,Zohre,right,40.817,2449,,,,,,,1.5112,0.3929,1.4218,3.5359,3.5359,6.6095
2026-06-15 16:37:55.610,Zohre,right,40.850,2451,,,,,,,1.5641,0.4505,1.4324,3.4728,3.4728,6.0848
2026-06-15 16:37:55.640,Zohre,right,40.883,2453,,,,,,,1.5236,0.3940,1.4417,3.5061,3.5061,6.2719
2026-06-15 16:37:55.671,Zohre,right,40.917,2455,,,,,,,1.5337,0.3699,1.4402,3.4864,3.4864,6.1966
2026-06-15 16:37:55.701,Zohre,right,40.950,2457,,,,,,,1.4965,0.2927,1.4709,3.5222,3.5222,6.5330
2026-06-15 16:37:55.732,Zohre,right,40.983,2459,,,,,,,1.4740,0.2705,1.5017,3.5075,3.5075,6.6381
2026-06-15 16:37:55.762,Zohre,right,41.000,2460,,,,,,,1.4863,0.1985,1.5364,3.5074,3.5074,6.6320
2026-06-15 16:37:55.792,Zohre,right,41.033,2462,,,,,,,1.4653,0.1373,1.5583,3.5066,3.5066,6.8594
2026-06-15 16:37:55.823,Zohre,right,41.067,2464,,,,,,,1.4455,0.0981,1.5778,3.4703,3.4703,6.9309
2026-06-15 16:37:55.853,Zohre,right,41.100,2466,,,,,,,1.3889,0.0692,1.6305,3.5190,3.5190,7.0807
2026-06-15 16:37:55.884,Zohre,right,41.133,2468,,,,,,,1.4429,0.0616,1.6609,3.4467,3.4467,6.6241
2026-06-15 16:37:55.914,Zohre,right,41.150,2469,,,,,,,1.4225,-0.0061,1.6771,3.4660,3.4660,6.6735
2026-06-15 16:37:55.945,Zohre,right,41.183,2471,,,,,,,1.4058,0.0016,1.6753,3.4681,3.4681,6.5249
2026-06-15 16:37:55.976,Zohre,right,41.217,2473,,,,,,,1.3503,-0.0243,1.6814,3.4983,3.4983,6.5067
2026-06-15 16:37:56.007,Zohre,right,41.250,2475,,,,,,,1.2774,-0.0543,1.6911,3.5347,3.5347,6.5732
2026-06-15 16:37:56.037,Zohre,right,41.283,2477,,,,,,,1.2692,-0.0968,1.6840,3.6408,3.6408,6.9575
2026-06-15 16:37:56.068,Zohre,right,41.317,2479,,,,,,,1.2613,-0.1162,1.6887,3.6214,3.6214,6.9122
2026-06-15 16:37:56.099,Zohre,right,41.350,2481,,,,,,,1.2624,-0.1396,1.6962,3.6359,3.6359,6.9667
2026-06-15 16:37:56.130,Zohre,right,41.367,2482,,,,,,,1.2560,-0.1783,1.7115,3.6341,3.6341,6.9211
2026-06-15 16:37:56.160,Zohre,right,41.400,2484,,,,,,,1.2915,-0.2493,1.7176,3.6603,3.6603,7.2256
2026-06-15 16:37:56.190,Zohre,right,41.433,2486,,,,,,,1.3212,-0.2615,1.7203,3.6616,3.6616,7.1050
2026-06-15 16:37:56.221,Zohre,right,41.450,2487,,,,,,,1.4208,-0.3316,1.7068,3.6515,3.6515,7.1364
2026-06-15 16:37:56.252,Zohre,right,41.483,2489,,,,,,,1.4667,-0.3910,1.6985,3.6359,3.6359,7.1149
2026-06-15 16:37:56.283,Zohre,right,41.517,2491,,,,,,,1.5023,-0.3918,1.7153,3.6091,3.6091,6.8860
2026-06-15 16:37:56.313,Zohre,right,41.533,2492,,,,,,,1.5857,-0.4543,1.6883,3.5932,3.5932,6.7735
2026-06-15 16:37:56.343,Zohre,right,41.567,2494,,,,,,,1.6042,-0.4968,1.6812,3.5793,3.5793,6.9773
2026-06-15 16:37:56.374,Zohre,right,41.600,2496,,,,,,,1.6401,-0.5257,1.6907,3.5501,3.5501,6.8336
2026-06-15 16:37:56.405,Zohre,right,41.633,2498,,,,,,,1.6622,-0.5506,1.6876,3.5541,3.5541,6.9180
2026-06-15 16:37:56.435,Zohre,right,41.667,2500,,,,,,,1.6539,-0.5671,1.6587,3.5548,3.5548,6.9987
2026-06-15 16:37:56.466,Zohre,right,41.700,2502,,,,,,,1.6690,-0.5688,1.6302,3.6100,3.6100,7.2361
2026-06-15 16:37:56.496,Zohre,right,41.717,2503,,,,,,,1.6769,-0.5753,1.6065,3.7069,3.7069,7.5515
2026-06-15 16:37:56.527,Zohre,right,41.750,2505,,,,,,,1.6235,-0.5451,1.5813,3.6118,3.6118,6.8051
2026-06-15 16:37:56.557,Zohre,right,41.783,2507,,,,,,,1.6167,-0.5579,1.5634,3.7058,3.7058,7.3104
2026-06-15 16:37:56.588,Zohre,right,41.817,2509,,,,,,,1.6165,-0.5932,1.5694,3.7608,3.7608,7.5531
2026-06-15 16:37:56.619,Zohre,right,41.850,2511,,,,,,,1.6605,-0.6153,1.5690,3.7510,3.7510,7.7713
2026-06-15 16:37:56.649,Zohre,right,41.883,2513,,,,,,,1.7629,-0.6561,1.5502,3.6423,3.6423,7.5917
2026-06-15 16:37:56.680,Zohre,right,41.900,2514,,,,,,,1.8052,-0.7103,1.5138,3.6598,3.6598,7.6775
2026-06-15 16:37:56.711,Zohre,right,41.933,2516,,,,,,,1.7719,-0.7593,1.4999,3.6364,3.6364,7.2308
2026-06-15 16:37:56.741,Zohre,right,41.967,2518,,,,,,,1.7827,-0.7691,1.4778,3.7026,3.7026,7.5557
2026-06-15 16:37:56.771,Zohre,right,42.000,2520,,,,,,,1.8983,-0.5535,1.4133,3.3563,3.3563,6.2767
2026-06-15 16:37:56.802,Zohre,right,42.033,2522,,,,,,,1.8693,-0.6937,1.3695,3.6244,3.6244,7.0638
2026-06-15 16:37:56.832,Zohre,right,42.067,2524,,,,,,,1.9013,-0.7527,1.3741,3.6357,3.6357,7.1648
2026-06-15 16:37:56.863,Zohre,right,42.083,2525,,,,,,,1.9816,-0.7850,1.3221,3.6083,3.6083,7.0705
2026-06-15 16:37:56.893,Zohre,right,42.117,2527,,,,,,,2.0050,-0.8158,1.3077,3.5313,3.5313,6.9850
2026-06-15 16:37:56.923,Zohre,right,42.150,2529,,,,,,,2.0771,-0.8313,1.2471,3.4761,3.4761,6.6948
2026-06-15 16:37:56.954,Zohre,right,42.183,2531,,,,,,,2.1061,-0.8294,1.2413,3.4314,3.4314,6.7836
2026-06-15 16:37:56.985,Zohre,right,42.217,2533,,,,,,,2.2317,-0.8329,1.1680,3.3331,3.3331,6.3723
2026-06-15 16:37:57.016,Zohre,right,42.250,2535,,,,,,,2.2213,-0.8767,1.1659,3.3821,3.3821,6.4203
2026-06-15 16:37:57.047,Zohre,right,42.267,2536,,,,,,,2.2427,-0.9107,1.1579,3.3619,3.3619,6.2150
2026-06-15 16:37:57.080,Zohre,right,42.300,2538,,,,,,,2.2433,-0.9225,1.1506,3.3892,3.3892,6.3746
2026-06-15 16:37:57.110,Zohre,right,42.333,2540,,,,,,,2.3083,-0.9619,1.1366,3.3349,3.3349,6.0348
2026-06-15 16:37:57.141,Zohre,right,42.367,2542,,,,,,,2.2912,-0.9459,1.1713,3.4032,3.4032,6.5608
2026-06-15 16:37:57.171,Zohre,right,42.400,2544,,,,,,,2.3625,-0.9499,1.1550,3.3388,3.3388,6.2155
2026-06-15 16:37:57.202,Zohre,right,42.433,2546,,,,,,,2.4012,-0.9932,1.1633,3.3974,3.3974,6.3450
2026-06-15 16:37:57.232,Zohre,right,42.467,2548,,,,,,,2.4136,-0.9807,1.1756,3.3676,3.3676,6.3358
2026-06-15 16:37:57.263,Zohre,right,42.483,2549,,,,,,,2.4751,-0.9842,1.1575,3.3627,3.3627,6.2039
2026-06-15 16:37:57.294,Zohre,right,42.517,2551,,,,,,,2.5817,-0.9788,1.0875,3.2466,3.2466,5.7081
2026-06-15 16:37:57.324,Zohre,right,42.550,2553,,,,,,,2.5504,-0.9612,1.0781,3.3496,3.3496,6.1472
2026-06-15 16:37:57.355,Zohre,right,42.583,2555,,,,,,,2.6348,-0.9576,1.0437,3.2578,3.2578,5.7154
2026-06-15 16:37:57.385,Zohre,right,42.617,2557,,,,,,,2.6176,-0.9608,1.0423,3.3152,3.3152,6.1126
2026-06-15 16:37:57.415,Zohre,right,42.650,2559,,,,,,,2.6605,-0.9596,1.0392,3.3082,3.3082,6.1367
2026-06-15 16:37:57.446,Zohre,right,42.667,2560,,,,,,,2.7080,-0.9674,1.0246,3.2666,3.2666,5.9589
2026-06-15 16:37:57.477,Zohre,right,42.700,2562,,,,,,,2.7364,-0.9548,1.0140,3.3315,3.3315,6.2502
2026-06-15 16:37:57.510,Zohre,right,42.733,2564,,,,,,,2.7806,-0.9488,1.0020,3.3528,3.3528,6.3590
2026-06-15 16:37:57.540,Zohre,right,42.767,2566,,,,,,,2.7738,-0.9299,0.9940,3.3867,3.3867,6.3857
2026-06-15 16:37:57.571,Zohre,right,42.800,2568,,,,,,,2.8469,-0.9111,0.9689,3.4008,3.4008,6.4611
2026-06-15 16:37:57.602,Zohre,right,42.833,2570,,,,,,,2.8899,-0.8909,0.9661,3.4165,3.4165,6.7794
2026-06-15 16:37:57.633,Zohre,right,42.867,2572,,,,,,,2.9775,-0.8761,0.9406,3.3606,3.3606,6.6915
2026-06-15 16:37:57.664,Zohre,right,42.883,2573,,,,,,,2.9992,-0.8731,0.9304,3.4181,3.4181,6.8786
2026-06-15 16:37:57.695,Zohre,right,42.917,2575,,,,,,,3.0356,-0.8596,0.9303,3.4116,3.4116,6.8078
2026-06-15 16:37:57.725,Zohre,right,42.950,2577,,,,,,,3.0609,-0.8512,0.9523,3.4511,3.4511,6.9232
2026-06-15 16:37:57.755,Zohre,right,42.983,2579,,,,,,,3.0905,-0.8193,0.9655,3.4784,3.4784,7.0560
2026-06-15 16:37:57.786,Zohre,right,43.017,2581,,,,,,,3.1374,-0.7702,0.9651,3.4319,3.4319,7.0358
2026-06-15 16:37:57.817,Zohre,right,43.050,2583,,,,,,,3.1494,-0.7279,0.9566,3.4768,3.4768,6.9389
2026-06-15 16:37:57.848,Zohre,right,43.083,2585,,,,,,,3.1482,-0.7154,0.9574,3.5271,3.5271,7.0099
2026-06-15 16:37:57.879,Zohre,right,43.100,2586,,,,,,,3.1976,-0.6721,0.9488,3.4740,3.4740,6.7970
2026-06-15 16:37:57.909,Zohre,right,43.133,2588,,,,,,,3.2058,-0.6477,0.9471,3.4994,3.4994,6.8924
2026-06-15 16:37:57.940,Zohre,right,43.167,2590,,,,,,,3.2172,-0.6185,0.9358,3.4812,3.4812,6.9314
2026-06-15 16:37:57.971,Zohre,right,43.200,2592,,,,,,,3.2306,-0.6020,0.9421,3.4744,3.4744,6.9399
2026-06-15 16:37:58.001,Zohre,right,43.233,2594,,,,,,,3.2562,-0.5686,0.9392,3.4546,3.4546,6.8950
2026-06-15 16:37:58.032,Zohre,right,43.267,2596,,,,,,,3.2831,-0.5414,0.9413,3.4484,3.4484,6.8548
2026-06-15 16:37:58.062,Zohre,right,43.283,2597,,,,,,,3.2940,-0.5314,0.9463,3.4470,3.4470,6.8934
2026-06-15 16:37:58.093,Zohre,right,43.317,2599,,,,,,,3.3333,-0.5161,0.9666,3.4288,3.4288,6.8778
2026-06-15 16:37:58.123,Zohre,right,43.350,2601,,,,,,,3.3835,-0.4918,0.9792,3.3943,3.3943,6.8943
2026-06-15 16:37:58.154,Zohre,right,43.383,2603,,,,,,,3.4119,-0.4579,0.9911,3.3849,3.3849,6.9757
2026-06-15 16:37:58.185,Zohre,right,43.417,2605,,,,,,,3.4327,-0.4102,0.9968,3.3899,3.3899,7.0001
2026-06-15 16:37:58.216,Zohre,right,43.450,2607,,,,,,,3.4223,-0.3765,0.9857,3.4454,3.4454,6.9865
2026-06-15 16:37:58.247,Zohre,right,43.467,2608,,,,,,,3.4189,-0.3531,0.9756,3.4788,3.4788,7.0247
2026-06-15 16:37:58.277,Zohre,right,43.500,2610,,,,,,,3.4172,-0.3300,0.9548,3.4855,3.4855,7.1150
2026-06-15 16:37:58.308,Zohre,right,43.533,2612,,,,,,,3.4517,-0.3069,0.9447,3.4927,3.4927,7.1425
2026-06-15 16:37:58.338,Zohre,right,43.567,2614,,,,,,,3.4696,-0.2625,0.9303,3.4574,3.4574,7.0751
2026-06-15 16:37:58.369,Zohre,right,43.600,2616,,,,,,,3.4500,-0.2227,0.9338,3.5227,3.5227,7.2547
2026-06-15 16:37:58.399,Zohre,right,43.633,2618,,,,,,,3.4596,-0.2017,0.9398,3.5341,3.5341,7.2207
2026-06-15 16:37:58.430,Zohre,right,43.650,2619,,,,,,,3.4666,-0.1841,0.9435,3.5869,3.5869,7.3683
2026-06-15 16:37:58.461,Zohre,right,43.683,2621,,,,,,,3.5479,-0.1118,0.9069,3.4462,3.4462,7.2420
2026-06-15 16:37:58.491,Zohre,right,43.717,2623,,,,,,,3.5877,-0.0665,0.8795,3.4111,3.4111,7.2486
2026-06-15 16:37:58.522,Zohre,right,43.750,2625,,,,,,,3.6228,-0.0160,0.8576,3.3727,3.3727,7.2643
2026-06-15 16:37:58.553,Zohre,right,43.783,2627,,,,,,,3.6217,0.0290,0.8445,3.4250,3.4250,7.3488
2026-06-15 16:37:58.584,Zohre,right,43.817,2629,,,,,,,3.6171,0.0627,0.8435,3.4403,3.4403,7.3196
2026-06-15 16:37:58.614,Zohre,right,43.833,2630,,,,,,,3.6198,0.1107,0.8422,3.3729,3.3729,7.2649
2026-06-15 16:37:58.645,Zohre,right,43.867,2632,,,,,,,3.6146,0.1331,0.8319,3.3694,3.3694,7.1369
2026-06-15 16:37:58.675,Zohre,right,43.900,2634,,,,,,,3.6059,0.1503,0.8296,3.3528,3.3528,7.1429
2026-06-15 16:37:58.706,Zohre,right,43.933,2636,,,,,,,3.6092,0.1559,0.8279,3.3468,3.3468,7.0329
2026-06-15 16:37:58.736,Zohre,right,43.967,2638,,,,,,,3.5260,0.1737,0.8385,3.3812,3.3812,7.0639
2026-06-15 16:37:58.767,Zohre,right,44.000,2640,,,,,,,3.4253,0.1973,0.8932,3.4609,3.4609,7.3900
2026-06-15 16:37:58.797,Zohre,right,44.017,2641,,,,,,,3.3964,0.2321,0.9309,3.4768,3.4768,7.3572
2026-06-15 16:37:58.828,Zohre,right,44.050,2643,,,,,,,3.4134,0.2555,0.9410,3.4257,3.4257,7.2472
2026-06-15 16:37:58.858,Zohre,right,44.083,2645,,,,,,,3.4288,0.2875,0.9484,3.3304,3.3304,7.0819
2026-06-15 16:37:58.889,Zohre,right,44.117,2647,,,,,,,3.4345,0.3428,0.9434,3.2518,3.2518,6.9384
2026-06-15 16:37:58.920,Zohre,right,44.150,2649,,,,,,,3.4204,0.3770,0.9370,3.2395,3.2395,6.8824
2026-06-15 16:37:58.950,Zohre,right,44.183,2651,,,,,,,3.3982,0.4348,0.9198,3.3171,3.3171,6.7616
2026-06-15 16:37:58.981,Zohre,right,44.200,2652,,,,,,,3.3672,0.4682,0.9129,3.3866,3.3866,6.7807
2026-06-15 16:37:59.012,Zohre,right,44.233,2654,,,,,,,3.3496,0.5128,0.9139,3.3883,3.3883,6.6682
2026-06-15 16:37:59.042,Zohre,right,44.267,2656,,,,,,,3.3359,0.5323,0.9123,3.3781,3.3781,6.6138
2026-06-15 16:37:59.073,Zohre,right,44.300,2658,,,,,,,3.2964,0.5741,0.9047,3.3633,3.3633,6.8039
2026-06-15 16:37:59.109,Zohre,right,44.333,2660,,,,,,,3.2521,0.6030,0.9134,3.4059,3.4059,6.8549
2026-06-15 16:37:59.139,Zohre,right,44.367,2662,,,,,,,3.2309,0.6430,0.9263,3.4107,3.4107,6.7281
2026-06-15 16:37:59.170,Zohre,right,44.400,2664,,,,,,,3.2047,0.6769,0.9028,3.4229,3.4229,6.6819
2026-06-15 16:37:59.200,Zohre,right,44.433,2666,,,,,,,3.1652,0.6755,0.8950,3.4632,3.4632,6.6295
2026-06-15 16:37:59.231,Zohre,right,44.467,2668,,,,,,,3.1469,0.6815,0.9005,3.4682,3.4682,6.6124
2026-06-15 16:37:59.262,Zohre,right,44.483,2669,,,,,,,3.1349,0.6907,0.9272,3.3972,3.3972,6.5644
2026-06-15 16:37:59.293,Zohre,right,44.517,2671,,,,,,,3.1370,0.7139,0.9380,3.3692,3.3692,6.4221
2026-06-15 16:37:59.323,Zohre,right,44.550,2673,,,,,,,3.0865,0.7105,0.9729,3.3568,3.3568,6.4775
2026-06-15 16:37:59.354,Zohre,right,44.583,2675,,,,,,,3.0629,0.7249,0.9830,3.3231,3.3231,6.2852
2026-06-15 16:37:59.385,Zohre,right,44.617,2677,,,,,,,3.0199,0.7262,1.0066,3.3321,3.3321,6.3302
2026-06-15 16:37:59.415,Zohre,right,44.650,2679,,,,,,,2.9724,0.7549,1.0267,3.3532,3.3532,6.2886
2026-06-15 16:37:59.446,Zohre,right,44.667,2680,,,,,,,2.9568,0.7601,1.0257,3.3527,3.3527,6.2551
2026-06-15 16:37:59.477,Zohre,right,44.700,2682,,,,,,,2.9058,0.7854,1.0273,3.3388,3.3388,6.0748
2026-06-15 16:37:59.507,Zohre,right,44.733,2684,,,,,,,2.8487,0.7929,1.0347,3.3199,3.3199,6.0121
2026-06-15 16:37:59.538,Zohre,right,44.767,2686,,,,,,,2.8250,0.8191,1.0443,3.2721,3.2721,5.7595
2026-06-15 16:37:59.568,Zohre,right,44.800,2688,,,,,,,2.7946,0.8027,1.0433,3.2627,3.2627,5.7663
2026-06-15 16:37:59.599,Zohre,right,44.833,2690,,,,,,,2.7608,0.8272,1.0375,3.2279,3.2279,5.5973
2026-06-15 16:37:59.629,Zohre,right,44.850,2691,,,,,,,2.7207,0.8265,1.0450,3.2194,3.2194,5.4241
2026-06-15 16:37:59.660,Zohre,right,44.883,2693,,,,,,,2.6504,0.7951,1.0590,3.2774,3.2774,5.6152
2026-06-15 16:37:59.691,Zohre,right,44.917,2695,,,,,,,2.6328,0.8224,1.0674,3.2878,3.2878,5.5687
2026-06-15 16:37:59.721,Zohre,right,44.950,2697,,,,,,,2.5881,0.8163,1.0825,3.2872,3.2872,5.4892
2026-06-15 16:37:59.752,Zohre,right,44.983,2699,,,,,,,2.5317,0.7953,1.1136,3.2624,3.2624,5.4844
2026-06-15 16:37:59.783,Zohre,right,45.017,2701,,,,,,,2.5162,0.8369,1.1189,3.2414,3.2414,5.2344
2026-06-15 16:37:59.813,Zohre,right,45.033,2702,,,,,,,2.4797,0.8151,1.1213,3.2456,3.2456,5.3965
2026-06-15 16:37:59.844,Zohre,right,45.067,2704,,,,,,,2.4555,0.8232,1.1124,3.2035,3.2035,5.1730
2026-06-15 16:37:59.875,Zohre,right,45.100,2706,,,,,,,2.4510,0.8207,1.1084,3.1957,3.1957,5.1178
2026-06-15 16:37:59.905,Zohre,right,45.133,2708,,,,,,,2.4062,0.8148,1.0937,3.2176,3.2176,5.1895
2026-06-15 16:37:59.935,Zohre,right,45.167,2710,,,,,,,2.3573,0.8297,1.0956,3.1798,3.1798,4.9120
2026-06-15 16:37:59.966,Zohre,right,45.200,2712,,,,,,,2.3249,0.8243,1.1104,3.1783,3.1783,4.9931
2026-06-15 16:37:59.996,Zohre,right,45.217,2713,,,,,,,2.2894,0.8310,1.1220,3.2039,3.2039,4.9671
2026-06-15 16:38:00.027,Zohre,right,45.250,2715,,,,,,,2.2408,0.8118,1.1508,3.2309,3.2309,5.1282
2026-06-15 16:38:00.057,Zohre,right,45.283,2717,,,,,,,2.1585,0.7831,1.1804,3.2003,3.2003,5.2984
2026-06-15 16:38:00.088,Zohre,right,45.317,2719,,,,,,,2.0177,0.6794,1.2053,3.1742,3.1742,5.2449
2026-06-15 16:38:00.119,Zohre,right,45.350,2721,,,,,,,1.9318,0.6737,1.2585,3.1913,3.1913,5.0816
2026-06-15 16:38:00.150,Zohre,right,45.383,2723,,,,,,,1.9018,0.6399,1.2823,3.1767,3.1767,5.2201
2026-06-15 16:38:00.181,Zohre,right,45.400,2724,,,,,,,1.8522,0.6237,1.3292,3.1839,3.1839,5.1212
2026-06-15 16:38:00.212,Zohre,right,45.433,2726,,,,,,,1.8755,0.5911,1.3490,3.1268,3.1268,4.9276
2026-06-15 16:38:00.242,Zohre,right,45.467,2728,,,,,,,1.8757,0.5706,1.3396,3.0601,3.0601,4.6260
2026-06-15 16:38:00.272,Zohre,right,45.500,2730,,,,,,,1.8657,0.5628,1.3322,3.0621,3.0621,4.5582
2026-06-15 16:38:00.303,Zohre,right,45.533,2732,,,,,,,1.9166,0.5579,1.3293,2.9752,2.9752,4.3803
2026-06-15 16:38:00.334,Zohre,right,45.567,2734,,,,,,,1.9186,0.5348,1.3499,2.9344,2.9344,4.5842
2026-06-15 16:38:00.365,Zohre,right,45.600,2736,,,,,,,1.9068,0.5433,1.3695,2.9724,2.9724,4.5858
2026-06-15 16:38:00.395,Zohre,right,45.617,2737,,,,,,,1.8838,0.5204,1.3695,2.9776,2.9776,4.5842
2026-06-15 16:38:00.426,Zohre,right,45.650,2739,,,,,,,1.8319,0.4958,1.3560,3.0020,3.0020,4.6585
2026-06-15 16:38:00.456,Zohre,right,45.683,2741,,,,,,,1.8070,0.4993,1.3428,2.9784,2.9784,4.4354
2026-06-15 16:38:00.487,Zohre,right,45.717,2743,,,,,,,1.7713,0.4283,1.3492,3.0037,3.0037,4.6908
2026-06-15 16:38:00.518,Zohre,right,45.750,2745,,,,,,,1.7421,0.4477,1.3747,2.9821,2.9821,4.5483
2026-06-15 16:38:00.548,Zohre,right,45.783,2747,,,,,,,1.7333,0.4652,1.3923,3.0034,3.0034,4.4752
2026-06-15 16:38:00.579,Zohre,right,45.800,2748,,,,,,,1.6397,0.3969,1.4283,2.9870,2.9870,4.8395
2026-06-15 16:38:00.609,Zohre,right,45.833,2750,,,,,,,1.5923,0.3600,1.4629,3.0249,3.0249,4.8441
2026-06-15 16:38:00.640,Zohre,right,45.867,2752,,,,,,,1.5615,0.3075,1.4723,3.0384,3.0384,4.9732
2026-06-15 16:38:00.670,Zohre,right,45.900,2754,,,,,,,1.5333,0.2563,1.4653,3.0235,3.0235,4.9155
2026-06-15 16:38:00.701,Zohre,right,45.933,2756,,,,,,,1.5272,0.2512,1.4498,3.1098,3.1098,4.7730
2026-06-15 16:38:00.731,Zohre,right,45.950,2757,,,,,,,1.5110,0.2053,1.4608,3.0888,3.0888,4.9117
2026-06-15 16:38:00.764,Zohre,right,45.983,2759,,,,,,,1.5005,0.1628,1.5042,3.1251,3.1251,5.3781
2026-06-15 16:38:00.795,Zohre,right,46.017,2761,,,,,,,1.4773,0.0959,1.5610,3.1056,3.1056,5.5443
2026-06-15 16:38:00.825,Zohre,right,46.050,2763,,,,,,,1.4412,0.0736,1.5861,3.1324,3.1324,5.4925
2026-06-15 16:38:00.856,Zohre,right,46.083,2765,,,,,,,1.4114,0.0524,1.5962,3.2080,3.2080,5.6454
2026-06-15 16:38:00.887,Zohre,right,46.117,2767,,,,,,,1.4008,0.0101,1.6041,3.2511,3.2511,5.6943
2026-06-15 16:38:00.917,Zohre,right,46.150,2769,,,,,,,1.3758,0.0102,1.6069,3.2052,3.2052,5.6136
2026-06-15 16:38:00.948,Zohre,right,46.183,2771,,,,,,,1.3764,-0.0545,1.6107,3.2341,3.2341,5.7893
2026-06-15 16:38:00.979,Zohre,right,46.200,2772,,,,,,,1.3823,-0.1661,1.6046,3.0831,3.0831,5.4956
2026-06-15 16:38:01.010,Zohre,right,46.233,2774,,,,,,,1.3577,-0.1823,1.6008,3.0737,3.0737,5.2924
2026-06-15 16:38:01.040,Zohre,right,46.267,2776,,,,,,,1.3849,-0.2202,1.5968,3.0252,3.0252,5.1539
2026-06-15 16:38:01.071,Zohre,right,46.300,2778,,,,,,,1.4059,-0.3077,1.5966,3.0347,3.0347,5.4930
2026-06-15 16:38:01.101,Zohre,right,46.333,2780,,,,,,,1.3776,-0.3370,1.6023,3.0133,3.0133,5.3881
2026-06-15 16:38:01.132,Zohre,right,46.367,2782,,,,,,,1.3966,-0.3522,1.5887,3.1056,3.1056,5.5029
2026-06-15 16:38:01.163,Zohre,right,46.383,2783,,,,,,,1.3771,-0.3806,1.5991,3.1063,3.1063,5.4174
2026-06-15 16:38:01.193,Zohre,right,46.417,2785,,,,,,,1.3730,-0.4090,1.6151,3.1140,3.1140,5.4076
2026-06-15 16:38:01.223,Zohre,right,46.450,2787,,,,,,,1.3969,-0.4608,1.6258,3.1626,3.1626,5.4590
2026-06-15 16:38:01.254,Zohre,right,46.483,2789,,,,,,,1.3987,-0.4551,1.6332,3.0538,3.0538,5.3249
2026-06-15 16:38:01.285,Zohre,right,46.517,2791,,,,,,,1.5133,-0.4181,1.5720,2.9368,2.9368,4.6587
2026-06-15 16:38:01.315,Zohre,right,46.550,2793,,,,,,,1.4995,-0.5374,1.5439,3.0121,3.0121,5.0967
2026-06-15 16:38:01.346,Zohre,right,46.567,2794,,,,,,,1.4978,-0.5360,1.5161,2.8735,2.8735,4.4704
2026-06-15 16:38:01.377,Zohre,right,46.600,2796,,,,,,,1.4883,-0.6165,1.5119,3.0299,3.0299,4.9100
2026-06-15 16:38:01.408,Zohre,right,46.633,2798,,,,,,,1.4607,-0.7099,1.5142,3.0862,3.0862,5.1855
2026-06-15 16:38:01.438,Zohre,right,46.667,2800,,,,,,,1.4676,-0.7572,1.5085,3.1288,3.1288,5.2951
2026-06-15 16:38:01.469,Zohre,right,46.700,2802,,,,,,,1.4860,-0.8015,1.5019,3.0490,3.0490,5.3030
2026-06-15 16:38:01.500,Zohre,right,46.733,2804,,,,,,,1.5578,-0.8310,1.4414,2.9883,2.9883,4.9829
2026-06-15 16:38:01.530,Zohre,right,46.750,2805,,,,,,,1.6452,-0.8262,1.3787,2.9967,2.9967,4.9688
2026-06-15 16:38:01.561,Zohre,right,46.783,2807,,,,,,,1.6412,-0.8227,1.3609,2.9493,2.9493,4.9352
2026-06-15 16:38:01.591,Zohre,right,46.817,2809,,,,,,,1.6395,-0.7932,1.3463,3.1245,3.1245,5.4693
2026-06-15 16:38:01.622,Zohre,right,46.850,2811,,,,,,,1.6493,-0.7241,1.3539,3.0773,3.0773,4.8857
2026-06-15 16:38:01.652,Zohre,right,46.883,2813,,,,,,,1.6689,-0.7984,1.3588,3.0943,3.0943,5.2490
2026-06-15 16:38:01.683,Zohre,right,46.917,2815,,,,,,,1.7849,-0.7610,1.3050,2.9922,2.9922,4.7593
2026-06-15 16:38:01.714,Zohre,right,46.933,2816,,,,,,,1.7205,-0.8020,1.3348,3.1050,3.1050,5.3054
2026-06-15 16:38:01.745,Zohre,right,46.967,2818,,,,,,,1.7539,-0.8393,1.3563,3.1767,3.1767,5.4666
2026-06-15 16:38:01.775,Zohre,right,47.000,2820,,,,,,,1.7842,-0.8799,1.3429,3.2894,3.2894,5.7661
2026-06-15 16:38:01.806,Zohre,right,47.033,2822,,,,,,,1.8291,-0.9151,1.3117,3.2116,3.2116,5.6160
2026-06-15 16:38:01.836,Zohre,right,47.067,2824,,,,,,,1.8897,-0.9176,1.2774,3.1692,3.1692,5.5193
2026-06-15 16:38:01.867,Zohre,right,47.100,2826,,,,,,,1.9641,-0.9534,1.2552,3.0993,3.0993,5.2140
2026-06-15 16:38:01.897,Zohre,right,47.117,2827,,,,,,,2.0363,-0.9771,1.2082,3.0653,3.0653,5.2651
2026-06-15 16:38:01.928,Zohre,right,47.150,2829,,,,,,,2.0902,-0.9766,1.1518,3.0517,3.0517,5.2796
2026-06-15 16:38:01.959,Zohre,right,47.183,2831,,,,,,,2.1202,-1.0090,1.1322,3.0491,3.0491,5.2709
2026-06-15 16:38:01.989,Zohre,right,47.217,2833,,,,,,,2.1416,-1.0201,1.1004,3.0609,3.0609,5.3164
2026-06-15 16:38:02.020,Zohre,right,47.250,2835,,,,,,,2.1868,-1.0172,1.0767,3.1447,3.1447,5.5477
2026-06-15 16:38:02.050,Zohre,right,47.283,2837,,,,,,,2.2535,-1.0052,1.0677,3.1409,3.1409,5.3079
2026-06-15 16:38:02.081,Zohre,right,47.300,2838,,,,,,,2.2714,-0.9848,1.0715,3.2244,3.2244,5.6017
2026-06-15 16:38:02.112,Zohre,right,47.333,2840,,,,,,,2.3494,-0.9980,1.0246,3.1739,3.1739,5.1009
2026-06-15 16:38:02.143,Zohre,right,47.367,2842,,,,,,,2.3389,-1.0192,0.9965,3.2380,3.2380,5.4536
2026-06-15 16:38:02.173,Zohre,right,47.400,2844,,,,,,,2.3580,-0.9957,1.0036,3.2663,3.2663,5.6087
2026-06-15 16:38:02.204,Zohre,right,47.433,2846,,,,,,,2.3841,-1.0082,1.0064,3.2209,3.2209,5.6617
2026-06-15 16:38:02.234,Zohre,right,47.467,2848,,,,,,,2.3877,-1.0093,1.0233,3.1847,3.1847,5.6719
2026-06-15 16:38:02.265,Zohre,right,47.500,2850,,,,,,,2.4593,-1.0394,1.0056,3.1070,3.1070,5.4120
2026-06-15 16:38:02.296,Zohre,right,47.517,2851,,,,,,,2.4593,-1.0518,1.0107,3.1228,3.1228,5.7394
2026-06-15 16:38:02.326,Zohre,right,47.550,2853,,,,,,,2.5100,-1.0722,0.9912,3.0976,3.0976,5.4251
2026-06-15 16:38:02.357,Zohre,right,47.583,2855,,,,,,,2.5452,-1.0678,0.9789,3.0970,3.0970,5.1890
2026-06-15 16:38:02.391,Zohre,right,47.617,2857,,,,,,,2.5849,-1.0713,0.9767,3.1085,3.1085,5.1145
2026-06-15 16:38:02.421,Zohre,right,47.667,2860,,,,,,,2.5805,-1.0624,0.9938,3.1371,3.1371,5.2416
2026-06-15 16:38:02.452,Zohre,right,47.700,2862,,,,,,,2.6395,-1.0794,1.0167,3.1282,3.1282,5.1425
2026-06-15 16:38:02.482,Zohre,right,47.733,2864,,,,,,,2.6478,-1.0562,1.0514,3.1565,3.1565,5.3537
2026-06-15 16:38:02.513,Zohre,right,47.750,2865,,,,,,,2.6873,-1.0350,1.0436,3.1418,3.1418,5.2201
2026-06-15 16:38:02.543,Zohre,right,47.783,2867,,,,,,,2.7131,-1.0252,1.0401,3.1208,3.1208,5.2372
2026-06-15 16:38:02.574,Zohre,right,47.817,2869,,,,,,,2.7557,-0.9759,1.0334,3.1451,3.1451,5.3962
2026-06-15 16:38:02.605,Zohre,right,47.850,2871,,,,,,,2.8162,-0.9295,1.0263,3.1429,3.1429,5.4607
2026-06-15 16:38:02.635,Zohre,right,47.883,2873,,,,,,,2.8680,-0.8881,1.0227,3.2162,3.2162,5.4816
2026-06-15 16:38:02.667,Zohre,right,47.917,2875,,,,,,,2.8809,-0.8604,1.0376,3.2687,3.2687,5.7791
2026-06-15 16:38:02.697,Zohre,right,47.933,2876,,,,,,,2.9280,-0.8381,1.0379,3.2366,3.2366,5.8561
2026-06-15 16:38:02.728,Zohre,right,47.967,2878,,,,,,,2.9572,-0.8345,1.0404,3.2557,3.2557,5.8766
2026-06-15 16:38:02.759,Zohre,right,48.000,2880,,,,,,,2.9819,-0.8145,1.0472,3.2729,3.2729,5.8899
2026-06-15 16:38:02.789,Zohre,right,48.033,2882,,,,,,,3.0318,-0.8087,1.0419,3.2542,3.2542,5.9386
2026-06-15 16:38:02.820,Zohre,right,48.067,2884,,,,,,,3.0429,-0.8100,1.0503,3.2246,3.2246,5.9008
2026-06-15 16:38:02.851,Zohre,right,48.100,2886,,,,,,,3.0877,-0.7833,1.0594,3.2530,3.2530,6.0353
2026-06-15 16:38:02.882,Zohre,right,48.133,2888,,,,,,,3.1310,-0.7588,1.0857,3.2547,3.2547,6.0065
2026-06-15 16:38:02.912,Zohre,right,48.150,2889,,,,,,,3.1410,-0.7352,1.1158,3.2884,3.2884,6.1670
2026-06-15 16:38:02.943,Zohre,right,48.183,2891,,,,,,,3.1322,-0.6977,1.1232,3.2952,3.2952,6.1485
2026-06-15 16:38:02.974,Zohre,right,48.217,2893,,,,,,,3.1402,-0.6787,1.1248,3.2729,3.2729,6.0843
2026-06-15 16:38:03.004,Zohre,right,48.250,2895,,,,,,,3.1675,-0.6152,1.1144,3.2146,3.2146,5.9114
2026-06-15 16:38:03.034,Zohre,right,48.283,2897,,,,,,,3.1973,-0.5610,1.1062,3.1847,3.1847,5.8603
2026-06-15 16:38:03.065,Zohre,right,48.317,2899,,,,,,,3.1675,-0.5384,1.0972,3.2441,3.2441,6.1035
2026-06-15 16:38:03.096,Zohre,right,48.333,2900,,,,,,,3.1632,-0.5017,1.1022,3.2977,3.2977,6.2971
2026-06-15 16:38:03.127,Zohre,right,48.367,2902,,,,,,,3.1808,-0.4783,1.1132,3.3203,3.3203,6.2354
2026-06-15 16:38:03.161,Zohre,right,48.400,2904,,,,,,,3.1874,-0.4721,1.1210,3.3136,3.3136,6.3016
2026-06-15 16:38:03.192,Zohre,right,48.433,2906,,,,,,,3.2086,-0.4451,1.1382,3.2415,3.2415,6.1463
2026-06-15 16:38:03.222,Zohre,right,48.467,2908,,,,,,,3.2477,-0.4184,1.1493,3.1868,3.1868,6.0698
2026-06-15 16:38:03.253,Zohre,right,48.500,2910,,,,,,,3.2763,-0.3944,1.1526,3.1993,3.1993,6.1148
2026-06-15 16:38:03.283,Zohre,right,48.533,2912,,,,,,,3.3173,-0.3749,1.1509,3.1961,3.1961,6.0558
2026-06-15 16:38:03.314,Zohre,right,48.550,2913,,,,,,,3.3324,-0.3623,1.1545,3.2357,3.2357,6.1053
2026-06-15 16:38:03.345,Zohre,right,48.583,2915,,,,,,,3.3555,-0.3364,1.1612,3.2626,3.2626,6.1181
2026-06-15 16:38:03.375,Zohre,right,48.617,2917,,,,,,,3.3457,-0.2997,1.1686,3.2640,3.2640,6.0874
2026-06-15 16:38:03.405,Zohre,right,48.650,2919,,,,,,,3.3516,-0.2754,1.1622,3.2366,3.2366,5.9741
2026-06-15 16:38:03.436,Zohre,right,48.683,2921,,,,,,,3.3394,-0.2655,1.1606,3.2619,3.2619,6.0231
2026-06-15 16:38:03.467,Zohre,right,48.717,2923,,,,,,,3.3511,-0.2051,1.1532,3.2611,3.2611,6.1719
2026-06-15 16:38:03.498,Zohre,right,48.733,2924,,,,,,,3.3546,-0.1619,1.1319,3.2612,3.2612,6.1983
2026-06-15 16:38:03.528,Zohre,right,48.767,2926,,,,,,,3.3401,-0.1342,1.1166,3.3028,3.3028,6.2971
2026-06-15 16:38:03.559,Zohre,right,48.800,2928,,,,,,,3.3471,-0.1155,1.1073,3.3002,3.3002,6.3290
2026-06-15 16:38:03.589,Zohre,right,48.833,2930,,,,,,,3.3590,-0.0809,1.0993,3.3130,3.3130,6.4840
2026-06-15 16:38:03.620,Zohre,right,48.867,2932,,,,,,,3.2387,0.1199,1.0881,3.1963,3.1963,6.1704
2026-06-15 16:38:03.651,Zohre,right,48.900,2934,,,,,,,3.1110,0.3462,1.0706,3.1723,3.1723,5.8248
2026-06-15 16:38:03.681,Zohre,right,48.917,2935,,,,,,,3.0623,0.3869,1.0602,3.1666,3.1666,5.8615
2026-06-15 16:38:03.712,Zohre,right,48.950,2937,,,,,,,3.0364,0.4556,1.0394,3.1744,3.1744,5.6617
2026-06-15 16:38:03.742,Zohre,right,48.983,2939,,,,,,,3.0248,0.4460,1.0272,3.2005,3.2005,5.7794
2026-06-15 16:38:03.773,Zohre,right,49.017,2941,,,,,,,3.0335,0.4292,1.0071,3.2213,3.2213,5.7373
2026-06-15 16:38:03.803,Zohre,right,49.050,2943,,,,,,,3.0495,0.3748,0.9993,3.2572,3.2572,5.9300
2026-06-15 16:38:03.834,Zohre,right,49.083,2945,,,,,,,3.0720,0.3488,0.9968,3.2472,3.2472,5.9358
2026-06-15 16:38:03.864,Zohre,right,49.100,2946,,,,,,,3.0953,0.3271,0.9948,3.2736,3.2736,5.9359
2026-06-15 16:38:03.895,Zohre,right,49.133,2948,,,,,,,3.0741,0.1902,1.0099,3.3010,3.3010,6.1830
2026-06-15 16:38:03.925,Zohre,right,49.167,2950,,,,,,,3.0737,0.0260,0.9978,3.2862,3.2862,6.2762
2026-06-15 16:38:03.956,Zohre,right,49.200,2952,,,,,,,3.0833,-0.0911,1.0023,3.2837,3.2837,6.3084
2026-06-15 16:38:03.986,Zohre,right,49.233,2954,,,,,,,3.0702,-0.1428,1.0102,3.3056,3.3056,6.4784
2026-06-15 16:38:04.017,Zohre,right,49.267,2956,,,,,,,3.1023,-0.2232,1.0047,3.2729,3.2729,6.3761
2026-06-15 16:38:04.048,Zohre,right,49.283,2957,,,,,,,3.1251,-0.2591,0.9724,3.1876,3.1876,6.2761
2026-06-15 16:38:04.078,Zohre,right,49.317,2959,,,,,,,3.0957,-0.3311,0.9737,3.2496,3.2496,6.4470
2026-06-15 16:38:04.109,Zohre,right,49.350,2961,,,,,,,3.1062,-0.4050,0.9865,3.2745,3.2745,6.3534
2026-06-15 16:38:04.140,Zohre,right,49.383,2963,,,,,,,3.1188,-0.5047,0.9912,3.2691,3.2691,6.3323
2026-06-15 16:38:04.171,Zohre,right,49.417,2965,,,,,,,3.1160,-0.5833,1.0261,3.2603,3.2603,6.3716
2026-06-15 16:38:04.202,Zohre,right,49.450,2967,,,,,,,3.1250,-0.6487,1.0650,3.2748,3.2748,6.3239
2026-06-15 16:38:04.233,Zohre,right,49.483,2969,,,,,,,3.1737,-0.6920,1.0797,3.2680,3.2680,6.3170
2026-06-15 16:38:04.263,Zohre,right,49.500,2970,,,,,,,3.2449,-0.7611,1.0879,3.2185,3.2185,6.1658
2026-06-15 16:38:04.294,Zohre,right,49.533,2972,,,,,,,3.2854,-0.8248,1.0942,3.1833,3.1833,6.0419
2026-06-15 16:38:04.324,Zohre,right,49.567,2974,,,,,,,3.3013,-0.8832,1.1104,3.2310,3.2310,6.0690
2026-06-15 16:38:04.355,Zohre,right,49.600,2976,,,,,,,3.3034,-0.9725,1.1395,3.2441,3.2441,6.0564
2026-06-15 16:38:04.386,Zohre,right,49.633,2978,,,,,,,3.3159,-1.0179,1.1484,3.2348,3.2348,6.0647
2026-06-15 16:38:04.416,Zohre,right,49.667,2980,,,,,,,3.3317,-1.0883,1.1648,3.2340,3.2340,6.0973
2026-06-15 16:38:04.447,Zohre,right,49.683,2981,,,,,,,3.3439,-1.1162,1.1696,3.2282,3.2282,6.1473
2026-06-15 16:38:04.477,Zohre,right,49.717,2983,,,,,,,3.3556,-1.1656,1.1786,3.2305,3.2305,6.2428
2026-06-15 16:38:04.508,Zohre,right,49.750,2985,,,,,,,3.3736,-1.1839,1.1768,3.2453,3.2453,6.3012
2026-06-15 16:38:04.538,Zohre,right,49.783,2987,,,,,,,3.3758,-1.1956,1.1666,3.2862,3.2862,6.3464
2026-06-15 16:38:04.569,Zohre,right,49.817,2989,,,,,,,3.3747,-1.1961,1.1568,3.3066,3.3066,6.4449
2026-06-15 16:38:04.600,Zohre,right,49.850,2991,,,,,,,3.3822,-1.2035,1.1425,3.3272,3.3272,6.5158
2026-06-15 16:38:04.630,Zohre,right,49.867,2992,,,,,,,3.3991,-1.2197,1.1403,3.3153,3.3153,6.5670
2026-06-15 16:38:04.661,Zohre,right,49.900,2994,,,,,,,3.4162,-1.2229,1.1416,3.3385,3.3385,6.7281
2026-06-15 16:38:04.692,Zohre,right,49.933,2996,,,,,,,3.4195,-1.2172,1.1299,3.3596,3.3596,6.7398
2026-06-15 16:38:04.722,Zohre,right,49.967,2998,,,,,,,3.4079,-1.1995,1.1131,3.3728,3.3728,6.7804
2026-06-15 16:38:04.752,Zohre,right,50.000,3000,,,,,,,3.4065,-1.2018,1.0979,3.3773,3.3773,6.7695
2026-06-15 16:38:04.783,Zohre,right,50.033,3002,,,,,,,3.4049,-1.1905,1.0680,3.3740,3.3740,6.7141
2026-06-15 16:38:04.814,Zohre,right,50.050,3003,,,,,,,3.3304,-1.0242,1.0684,3.4224,3.4224,6.9247
2026-06-15 16:38:04.844,Zohre,right,50.083,3005,,,,,,,3.3302,-0.9002,1.0827,3.4807,3.4807,6.9361
2026-06-15 16:38:04.875,Zohre,right,50.117,3007,,,,,,,3.3187,-0.8187,1.1047,3.5251,3.5251,7.0088
2026-06-15 16:38:04.905,Zohre,right,50.150,3009,,,,,,,3.3174,-0.7899,1.1139,3.5277,3.5277,7.0338
2026-06-15 16:38:04.936,Zohre,right,50.183,3011,,,,,,,3.3072,-0.7317,1.1160,3.4868,3.4868,7.0706
2026-06-15 16:38:04.966,Zohre,right,50.217,3013,,,,,,,3.3086,-0.7120,1.1091,3.4435,3.4435,7.0708
2026-06-15 16:38:04.997,Zohre,right,50.233,3014,,,,,,,3.2676,-0.6440,1.1018,3.4640,3.4640,7.1483
2026-06-15 16:38:05.027,Zohre,right,50.267,3016,,,,,,,3.2571,-0.5776,1.0914,3.4404,3.4404,7.1643
2026-06-15 16:38:05.058,Zohre,right,50.300,3018,,,,,,,3.2332,-0.5510,1.0875,3.4510,3.4510,7.2125
2026-06-15 16:38:05.089,Zohre,right,50.333,3020,,,,,,,3.2047,-0.4782,1.0652,3.4769,3.4769,7.2669
2026-06-15 16:38:05.119,Zohre,right,50.367,3022,,,,,,,3.2187,-0.3854,1.0478,3.4159,3.4159,6.9891
2026-06-15 16:38:05.150,Zohre,right,50.400,3024,,,,,,,3.1852,-0.3290,1.0354,3.4502,3.4502,7.1642
2026-06-15 16:38:05.181,Zohre,right,50.417,3025,,,,,,,3.1836,-0.2894,1.0201,3.4171,3.4171,7.0446
2026-06-15 16:38:05.212,Zohre,right,50.450,3027,,,,,,,3.1280,-0.2395,1.0305,3.5086,3.5086,7.3094
2026-06-15 16:38:05.242,Zohre,right,50.483,3029,,,,,,,3.1122,-0.1686,1.0295,3.4901,3.4901,7.1401
2026-06-15 16:38:05.273,Zohre,right,50.517,3031,,,,,,,3.0848,-0.1157,1.0229,3.5285,3.5285,7.0516
2026-06-15 16:38:05.304,Zohre,right,50.550,3033,,,,,,,3.0611,-0.0531,1.0190,3.4902,3.4902,6.8841
2026-06-15 16:38:05.335,Zohre,right,50.583,3035,,,,,,,3.0187,-0.0330,1.0191,3.5260,3.5260,6.9995
2026-06-15 16:38:05.366,Zohre,right,50.617,3037,,,,,,,3.0339,0.0720,1.0197,3.4433,3.4433,6.7112
2026-06-15 16:38:05.397,Zohre,right,50.633,3038,,,,,,,3.0105,0.2343,1.0291,3.4867,3.4867,6.8831
2026-06-15 16:38:05.427,Zohre,right,50.667,3040,,,,,,,3.0225,0.3800,1.0185,3.4806,3.4806,6.6898
2026-06-15 16:38:05.458,Zohre,right,50.700,3042,,,,,,,2.9971,0.5209,1.0082,3.4873,3.4873,6.7368
2026-06-15 16:38:05.488,Zohre,right,50.733,3044,,,,,,,2.9665,0.6272,0.9789,3.4762,3.4762,6.6473
2026-06-15 16:38:05.519,Zohre,right,50.767,3046,,,,,,,2.9346,0.7265,0.9688,3.4414,3.4414,6.5985
2026-06-15 16:38:05.550,Zohre,right,50.800,3048,,,,,,,2.8986,0.7981,0.9630,3.4069,3.4069,6.5953
2026-06-15 16:38:05.581,Zohre,right,50.817,3049,,,,,,,2.8767,0.8301,0.9679,3.4186,3.4186,6.5998
2026-06-15 16:38:05.611,Zohre,right,50.850,3051,,,,,,,2.8615,0.8777,0.9739,3.3866,3.3866,6.4332
2026-06-15 16:38:05.642,Zohre,right,50.883,3053,,,,,,,2.8067,0.9143,0.9909,3.4331,3.4331,6.4716
2026-06-15 16:38:05.673,Zohre,right,50.917,3055,,,,,,,2.7848,0.9792,1.0073,3.4165,3.4165,6.4757
2026-06-15 16:38:05.703,Zohre,right,50.950,3057,,,,,,,2.7723,1.0437,1.0156,3.3983,3.3983,6.1848
2026-06-15 16:38:05.734,Zohre,right,50.983,3059,,,,,,,2.7606,1.0437,1.0203,3.4232,3.4232,6.2196
2026-06-15 16:38:05.765,Zohre,right,51.017,3061,,,,,,,2.6846,1.0255,1.0234,3.4045,3.4045,6.2018
2026-06-15 16:38:05.796,Zohre,right,51.033,3062,,,,,,,2.6424,0.9803,1.0304,3.4238,3.4238,6.4025
2026-06-15 16:38:05.826,Zohre,right,51.067,3064,,,,,,,2.5849,0.9674,1.0543,3.4440,3.4440,6.1618
2026-06-15 16:38:05.857,Zohre,right,51.100,3066,,,,,,,2.5546,0.9510,1.0830,3.4418,3.4418,6.0753
2026-06-15 16:38:05.888,Zohre,right,51.133,3068,,,,,,,2.5305,0.9238,1.1052,3.4328,3.4328,6.2705
2026-06-15 16:38:05.918,Zohre,right,51.167,3070,,,,,,,2.4841,0.9049,1.1242,3.3844,3.3844,6.2097
2026-06-15 16:38:05.949,Zohre,right,51.200,3072,,,,,,,2.4739,0.9152,1.1312,3.3755,3.3755,6.0794
2026-06-15 16:38:05.979,Zohre,right,51.217,3073,,,,,,,2.4269,0.8960,1.1535,3.3991,3.3991,6.2452
2026-06-15 16:38:06.009,Zohre,right,51.250,3075,,,,,,,2.4108,0.8948,1.1572,3.4029,3.4029,6.1226
2026-06-15 16:38:06.040,Zohre,right,51.283,3077,,,,,,,2.3737,0.8803,1.1617,3.3695,3.3695,6.3150
2026-06-15 16:38:06.071,Zohre,right,51.317,3079,,,,,,,2.3547,0.8737,1.1493,3.3056,3.3056,6.2286
2026-06-15 16:38:06.102,Zohre,right,51.350,3081,,,,,,,2.3401,0.8695,1.1534,3.2591,3.2591,5.7865
2026-06-15 16:38:06.133,Zohre,right,51.383,3083,,,,,,,2.2759,0.7397,1.1630,3.3228,3.3228,6.1685
2026-06-15 16:38:06.164,Zohre,right,51.400,3084,,,,,,,2.1911,0.4891,1.1943,3.4298,3.4298,6.3866
2026-06-15 16:38:06.194,Zohre,right,51.433,3086,,,,,,,2.1380,0.3423,1.2123,3.5167,3.5167,6.5170
2026-06-15 16:38:06.225,Zohre,right,51.467,3088,,,,,,,2.1105,0.2147,1.2309,3.5395,3.5395,6.8239
2026-06-15 16:38:06.255,Zohre,right,51.500,3090,,,,,,,2.0784,0.1210,1.2685,3.5806,3.5806,6.9075
2026-06-15 16:38:06.286,Zohre,right,51.533,3092,,,,,,,2.0808,0.0806,1.2953,3.5928,3.5928,7.0777
2026-06-15 16:38:06.316,Zohre,right,51.567,3094,,,,,,,2.0961,0.0568,1.2861,3.5653,3.5653,6.8385
2026-06-15 16:38:06.347,Zohre,right,51.583,3095,,,,,,,2.0724,-0.0065,1.3033,3.6036,3.6036,6.8713
2026-06-15 16:38:06.377,Zohre,right,51.617,3097,,,,,,,2.0752,-0.0363,1.3152,3.5352,3.5352,6.7889
2026-06-15 16:38:06.408,Zohre,right,51.650,3099,,,,,,,2.0587,-0.1157,1.3229,3.5665,3.5665,7.0311
2026-06-15 16:38:06.439,Zohre,right,51.683,3101,,,,,,,2.0232,-0.1063,1.2959,3.4513,3.4513,6.5539
2026-06-15 16:38:06.469,Zohre,right,51.700,3102,,,,,,,1.9532,-0.2227,1.3002,3.4751,3.4751,6.8202
2026-06-15 16:38:06.500,Zohre,right,51.733,3104,,,,,,,1.8927,-0.3047,1.3266,3.5392,3.5392,6.9568
2026-06-15 16:38:06.531,Zohre,right,51.750,3105,,,,,,,1.8479,-0.3877,1.3874,3.5350,3.5350,6.9732
2026-06-15 16:38:06.561,Zohre,right,51.783,3107,,,,,,,1.8528,-0.4501,1.4081,3.5467,3.5467,7.1166
2026-06-15 16:38:06.592,Zohre,right,51.817,3109,,,,,,,1.8962,-0.6550,1.3680,3.6323,3.6323,7.6000
2026-06-15 16:38:06.622,Zohre,right,51.850,3111,,,,,,,1.9813,-0.9302,1.2703,3.5787,3.5787,7.1492
2026-06-15 16:38:06.652,Zohre,right,51.883,3113,,,,,,,2.0040,-1.0302,1.2178,3.5592,3.5592,7.3054
2026-06-15 16:38:06.683,Zohre,right,51.917,3115,,,,,,,2.0908,-1.0822,1.1689,3.4859,3.4859,6.8824
2026-06-15 16:38:06.714,Zohre,right,51.933,3116,,,,,,,2.0859,-1.1134,1.1402,3.4593,3.4593,6.9559
2026-06-15 16:38:06.744,Zohre,right,51.967,3118,,,,,,,2.0906,-1.1222,1.1376,3.5611,3.5611,7.1063
2026-06-15 16:38:06.775,Zohre,right,52.000,3120,,,,,,,2.0790,-1.2065,1.1624,3.5812,3.5812,7.1217
2026-06-15 16:38:06.806,Zohre,right,52.033,3122,,,,,,,2.0752,-1.1985,1.1976,3.6471,3.6471,7.3256
2026-06-15 16:38:06.836,Zohre,right,52.067,3124,,,,,,,2.0880,-1.2131,1.2050,3.6801,3.6801,7.2553
2026-06-15 16:38:06.867,Zohre,right,52.100,3126,,,,,,,2.0860,-1.1966,1.2185,3.7321,3.7321,7.5838
2026-06-15 16:38:06.898,Zohre,right,52.117,3127,,,,,,,1.9342,-1.2346,1.2422,3.7393,3.7393,7.5130
2026-06-15 16:38:06.928,Zohre,right,52.150,3129,,,,,,,1.8772,-1.2501,1.2572,3.8044,3.8044,7.6903
2026-06-15 16:38:06.959,Zohre,right,52.183,3131,,,,,,,1.8117,-1.2641,1.2886,3.8079,3.8079,7.6436
2026-06-15 16:38:06.989,Zohre,right,52.217,3133,,,,,,,1.7924,-1.2482,1.3157,3.8520,3.8520,7.8186
2026-06-15 16:38:07.020,Zohre,right,52.250,3135,,,,,,,1.7956,-1.2597,1.3180,3.7933,3.7933,7.6793
2026-06-15 16:38:07.050,Zohre,right,52.283,3137,,,,,,,1.8021,-1.2819,1.3053,3.7782,3.7782,7.7785
2026-06-15 16:38:07.081,Zohre,right,52.300,3138,,,,,,,1.8109,-1.2841,1.3105,3.7724,3.7724,7.9516
2026-06-15 16:38:07.112,Zohre,right,52.333,3140,,,,,,,1.7960,-1.2822,1.3258,3.7664,3.7664,8.0816
2026-06-15 16:38:07.143,Zohre,right,52.367,3142,,,,,,,1.7840,-1.3342,1.3669,3.7803,3.7803,8.0139
2026-06-15 16:38:07.173,Zohre,right,52.400,3144,,,,,,,1.7968,-1.3984,1.4013,3.8042,3.8042,7.7109
2026-06-15 16:38:07.205,Zohre,right,52.433,3146,,,,,,,1.8361,-1.4221,1.4056,3.7835,3.7835,7.6835
2026-06-15 16:38:07.235,Zohre,right,52.467,3148,,,,,,,1.8305,-1.3988,1.3989,3.7926,3.7926,7.8190
2026-06-15 16:38:07.266,Zohre,right,52.500,3150,,,,,,,1.8579,-1.2875,1.3620,3.8367,3.8367,7.8796
2026-06-15 16:38:07.297,Zohre,right,52.517,3151,,,,,,,1.7782,-1.1405,1.3449,3.9473,3.9473,8.4673
2026-06-15 16:38:07.328,Zohre,right,52.550,3153,,,,,,,1.7292,-0.9575,1.3518,3.9618,3.9618,8.4993
2026-06-15 16:38:07.358,Zohre,right,52.583,3155,,,,,,,1.7222,-0.8670,1.3557,3.9142,3.9142,8.2756
2026-06-15 16:38:07.389,Zohre,right,52.617,3157,,,,,,,1.6953,-0.8140,1.3723,3.9877,3.9877,8.5052
2026-06-15 16:38:07.421,Zohre,right,52.633,3158,,,,,,,1.7025,-0.7960,1.3912,4.0542,4.0542,8.5815
2026-06-15 16:38:07.452,Zohre,right,52.667,3160,,,,,,,1.7361,-0.8126,1.3988,4.0114,4.0114,8.0364
2026-06-15 16:38:07.482,Zohre,right,52.733,3164,,,,,,,1.7478,-0.7473,1.4150,3.9854,3.9854,8.3655
2026-06-15 16:38:07.513,Zohre,right,52.750,3165,,,,,,,1.7658,-0.7184,1.4502,3.9616,3.9616,8.2660
2026-06-15 16:38:07.543,Zohre,right,52.783,3167,,,,,,,1.8099,-0.6977,1.4812,3.9250,3.9250,8.4748
2026-06-15 16:38:07.574,Zohre,right,52.817,3169,,,,,,,1.8130,-0.6632,1.4998,3.9205,3.9205,8.4234
2026-06-15 16:38:07.604,Zohre,right,52.850,3171,,,,,,,1.8070,-0.6029,1.4927,3.9497,3.9497,8.5063
2026-06-15 16:38:07.635,Zohre,right,52.883,3173,,,,,,,1.8130,-0.5814,1.4820,3.9601,3.9601,8.4785
2026-06-15 16:38:07.665,Zohre,right,52.917,3175,,,,,,,1.8505,-0.5482,1.4349,3.9906,3.9906,8.4986
2026-06-15 16:38:07.696,Zohre,right,52.933,3176,,,,,,,1.8443,-0.5346,1.4043,4.0403,4.0403,8.6351
2026-06-15 16:38:07.726,Zohre,right,52.967,3178,,,,,,,2.0303,-0.3662,1.2868,3.9989,3.9989,8.5952
2026-06-15 16:38:07.756,Zohre,right,53.000,3180,,,,,,,2.0482,-0.3219,1.2635,3.9907,3.9907,8.6298
2026-06-15 16:38:07.787,Zohre,right,53.033,3182,,,,,,,2.1510,-0.2933,1.1942,3.9704,3.9704,8.5621
2026-06-15 16:38:07.818,Zohre,right,53.067,3184,,,,,,,2.2165,-0.3149,1.1392,3.8730,3.8730,8.2949
2026-06-15 16:38:07.848,Zohre,right,53.083,3185,,,,,,,2.3040,-0.3411,1.0701,3.7739,3.7739,8.2914
2026-06-15 16:38:07.879,Zohre,right,53.117,3187,,,,,,,2.3070,-0.3580,1.0561,3.7690,3.7690,8.2569
2026-06-15 16:38:07.909,Zohre,right,53.150,3189,,,,,,,2.3408,-0.3457,1.0341,3.8823,3.8823,8.0701
2026-06-15 16:38:07.940,Zohre,right,53.183,3191,,,,,,,2.3225,-0.3462,1.0433,4.0492,4.0492,8.6423
2026-06-15 16:38:07.971,Zohre,right,53.217,3193,,,,,,,2.2681,-0.2046,1.0885,4.0098,4.0098,8.6890
2026-06-15 16:38:08.001,Zohre,right,53.250,3195,,,,,,,2.2576,-0.1331,1.0978,4.0095,4.0095,8.7837
2026-06-15 16:38:08.032,Zohre,right,53.283,3197,,,,,,,2.3129,0.0168,1.1194,3.9053,3.9053,8.7504
2026-06-15 16:38:08.063,Zohre,right,53.300,3198,,,,,,,2.2914,0.1315,1.1204,3.9031,3.9031,8.9645
2026-06-15 16:38:08.094,Zohre,right,53.333,3200,,,,,,,2.3108,0.3067,1.0742,3.8694,3.8694,8.7086
2026-06-15 16:38:08.125,Zohre,right,53.367,3202,,,,,,,2.3834,0.4308,1.0338,3.8785,3.8785,8.4820
2026-06-15 16:38:08.155,Zohre,right,53.400,3204,,,,,,,2.4308,0.4835,1.0136,3.8588,3.8588,8.3864
2026-06-15 16:38:08.186,Zohre,right,53.433,3206,,,,,,,2.4614,0.5449,0.9947,3.8214,3.8214,8.3736
2026-06-15 16:38:08.219,Zohre,right,53.467,3208,,,,,,,2.5231,0.5843,0.9844,3.7550,3.7550,8.4750
2026-06-15 16:38:08.249,Zohre,right,53.500,3210,,,,,,,2.5525,0.6282,0.9881,3.7897,3.7897,8.5590
2026-06-15 16:38:08.280,Zohre,right,53.517,3211,,,,,,,2.6153,0.6798,0.9597,3.8391,3.8391,8.7232
2026-06-15 16:38:08.311,Zohre,right,53.550,3213,,,,,,,2.6521,0.7025,0.9434,3.8304,3.8304,8.6221
2026-06-15 16:38:08.341,Zohre,right,53.583,3215,,,,,,,2.6763,0.7183,0.8789,3.8669,3.8669,8.6044
2026-06-15 16:38:08.372,Zohre,right,53.617,3217,,,,,,,2.7152,0.7405,0.8312,3.8947,3.8947,8.6021
2026-06-15 16:38:08.402,Zohre,right,53.650,3219,,,,,,,2.7510,0.7751,0.7976,3.8742,3.8742,8.4361
2026-06-15 16:38:08.432,Zohre,right,53.683,3221,,,,,,,2.7733,0.7786,0.7897,3.8859,3.8859,8.4188
2026-06-15 16:38:08.463,Zohre,right,53.700,3222,,,,,,,2.8781,0.8362,0.7641,3.8075,3.8075,8.1382
2026-06-15 16:38:08.493,Zohre,right,53.733,3224,,,,,,,2.9000,0.8489,0.7484,3.8024,3.8024,8.1955
2026-06-15 16:38:08.524,Zohre,right,53.767,3226,,,,,,,2.9564,0.7937,0.7222,3.7523,3.7523,8.1909
2026-06-15 16:38:08.554,Zohre,right,53.800,3228,,,,,,,2.9575,0.4408,0.7176,3.8220,3.8220,8.5883
2026-06-15 16:38:08.585,Zohre,right,53.833,3230,,,,,,,2.9763,0.3305,0.7254,3.8226,3.8226,8.6867
2026-06-15 16:38:08.615,Zohre,right,53.867,3232,,,,,,,3.0358,0.1934,0.7403,3.8327,3.8327,8.8327
2026-06-15 16:38:08.646,Zohre,right,53.883,3233,,,,,,,3.0763,0.0967,0.7543,3.8524,3.8524,9.0156
2026-06-15 16:38:08.676,Zohre,right,53.917,3235,,,,,,,3.1460,0.0355,0.7669,3.7219,3.7219,8.8450
2026-06-15 16:38:08.707,Zohre,right,53.950,3237,,,,,,,3.1741,0.0183,0.7683,3.6512,3.6512,8.7245
2026-06-15 16:38:08.738,Zohre,right,53.983,3239,,,,,,,3.2124,-0.0075,0.7399,3.6275,3.6275,8.4543
2026-06-15 16:38:08.769,Zohre,right,54.017,3241,,,,,,,3.2144,-0.0393,0.7181,3.6369,3.6369,8.4188
2026-06-15 16:38:08.799,Zohre,right,54.050,3243,,,,,,,3.2192,-0.1441,0.7184,3.6901,3.6901,8.6692
2026-06-15 16:38:08.829,Zohre,right,54.067,3244,,,,,,,3.2482,-0.2035,0.7200,3.6926,3.6926,8.6414
2026-06-15 16:38:08.860,Zohre,right,54.100,3246,,,,,,,3.2524,-0.2464,0.7294,3.7463,3.7463,8.7584
2026-06-15 16:38:08.890,Zohre,right,54.133,3248,,,,,,,3.2469,-0.2789,0.7395,3.8193,3.8193,8.9291
2026-06-15 16:38:08.921,Zohre,right,54.167,3250,,,,,,,3.2103,-0.2440,0.7603,3.8564,3.8564,8.8129
2026-06-15 16:38:08.952,Zohre,right,54.200,3252,,,,,,,3.2664,-0.2415,0.7695,3.7112,3.7112,8.5466
2026-06-15 16:38:08.983,Zohre,right,54.233,3254,,,,,,,3.3132,-0.2848,0.7910,3.6560,3.6560,8.6130
2026-06-15 16:38:09.014,Zohre,right,54.250,3255,,,,,,,3.3684,-0.3390,0.7880,3.6334,3.6334,8.6391
2026-06-15 16:38:09.046,Zohre,right,54.283,3257,,,,,,,3.4040,-0.3758,0.7847,3.6039,3.6039,8.5131
2026-06-15 16:38:09.077,Zohre,right,54.317,3259,,,,,,,3.3722,-0.4226,0.7758,3.6587,3.6587,8.5374
2026-06-15 16:38:09.107,Zohre,right,54.350,3261,,,,,,,3.3902,-0.5323,0.7283,3.7000,3.7000,8.4240
2026-06-15 16:38:09.138,Zohre,right,54.383,3263,,,,,,,3.4105,-0.5972,0.6865,3.6631,3.6631,8.4999
2026-06-15 16:38:09.168,Zohre,right,54.417,3265,,,,,,,3.4084,-0.6235,0.6717,3.6940,3.6940,8.6010
2026-06-15 16:38:09.199,Zohre,right,54.450,3267,,,,,,,3.4518,-0.6686,0.6706,3.6674,3.6674,8.5488
2026-06-15 16:38:09.234,Zohre,right,54.483,3269,,,,,,,3.4498,-0.7272,0.6583,3.6936,3.6936,8.5205
2026-06-15 16:38:09.265,Zohre,right,54.517,3271,,,,,,,3.4800,-0.7935,0.6772,3.6126,3.6126,8.5690
2026-06-15 16:38:09.295,Zohre,right,54.533,3272,,,,,,,3.5125,-0.8379,0.6763,3.6568,3.6568,8.7289
2026-06-15 16:38:09.326,Zohre,right,54.567,3274,,,,,,,3.5320,-0.8758,0.6779,3.6655,3.6655,8.7354
2026-06-15 16:38:09.357,Zohre,right,54.600,3276,,,,,,,3.5517,-0.9537,0.6834,3.7440,3.7440,8.9209
2026-06-15 16:38:09.388,Zohre,right,54.633,3278,,,,,,,3.5496,-0.9939,0.6818,3.7738,3.7738,9.0699
2026-06-15 16:38:09.418,Zohre,right,54.667,3280,,,,,,,3.5630,-1.0424,0.6765,3.8071,3.8071,9.1320
2026-06-15 16:38:09.449,Zohre,right,54.700,3282,,,,,,,3.5695,-1.0920,0.6712,3.8108,3.8108,9.2290
2026-06-15 16:38:09.480,Zohre,right,54.717,3283,,,,,,,3.5754,-1.1009,0.6708,3.8270,3.8270,9.2100
2026-06-15 16:38:09.511,Zohre,right,54.750,3285,,,,,,,3.5980,-1.1194,0.6606,3.7938,3.7938,9.0750
2026-06-15 16:38:09.541,Zohre,right,54.783,3287,,,,,,,3.6047,-1.1192,0.6516,3.8327,3.8327,9.0414
2026-06-15 16:38:09.571,Zohre,right,54.817,3289,,,,,,,3.5973,-1.1208,0.6390,3.8211,3.8211,9.0733
2026-06-15 16:38:09.602,Zohre,right,54.850,3291,,,,,,,3.5938,-1.1197,0.6234,3.8165,3.8165,9.1773
2026-06-15 16:38:09.633,Zohre,right,54.883,3293,,,,,,,3.5981,-1.0949,0.6151,3.8271,3.8271,9.1827
2026-06-15 16:38:09.664,Zohre,right,54.900,3294,,,,,,,3.5998,-1.0828,0.6098,3.8335,3.8335,9.1654
2026-06-15 16:38:09.694,Zohre,right,54.933,3296,,,,,,,3.5964,-1.0475,0.5985,3.8252,3.8252,9.2064
2026-06-15 16:38:09.724,Zohre,right,54.967,3298,,,,,,,3.5869,-0.9992,0.5821,3.7952,3.7952,8.9921
2026-06-15 16:38:09.755,Zohre,right,55.000,3300,,,,,,,3.5710,-0.9559,0.5636,3.7873,3.7873,9.0811
2026-06-15 16:38:09.785,Zohre,right,55.033,3302,,,,,,,3.5612,-0.8692,0.5568,3.7317,3.7317,8.9943
2026-06-15 16:38:09.816,Zohre,right,55.067,3304,,,,,,,3.4755,-0.5349,0.5462,3.7155,3.7155,8.7727
2026-06-15 16:38:09.847,Zohre,right,55.083,3305,,,,,,,3.3783,-0.3379,0.5735,3.7743,3.7743,8.9059
2026-06-15 16:38:09.877,Zohre,right,55.117,3307,,,,,,,3.3622,-0.2641,0.5855,3.7028,3.7028,8.7389
2026-06-15 16:38:09.908,Zohre,right,55.150,3309,,,,,,,3.3175,-0.1626,0.6063,3.6661,3.6661,8.7442
2026-06-15 16:38:09.938,Zohre,right,55.183,3311,,,,,,,3.3220,-0.0148,0.5931,3.6229,3.6229,8.7011
2026-06-15 16:38:09.969,Zohre,right,55.217,3313,,,,,,,3.3888,-0.0627,0.5663,3.6827,3.6827,9.0442
2026-06-15 16:38:10.000,Zohre,right,55.250,3315,,,,,,,3.4066,-0.0653,0.5382,3.7559,3.7559,9.2213
2026-06-15 16:38:10.030,Zohre,right,55.267,3316,,,,,,,3.4132,-0.0185,0.5109,3.7645,3.7645,9.1946
2026-06-15 16:38:10.061,Zohre,right,55.300,3318,,,,,,,3.3286,0.0319,0.4993,3.9272,3.9272,9.7343
2026-06-15 16:38:10.091,Zohre,right,55.333,3320,,,,,,,3.3195,0.1241,0.4884,3.8783,3.8783,9.5129
2026-06-15 16:38:10.122,Zohre,right,55.367,3322,,,,,,,3.3386,0.2354,0.4991,3.8478,3.8478,9.1630
2026-06-15 16:38:10.152,Zohre,right,55.400,3324,,,,,,,3.3392,0.2659,0.4969,3.8142,3.8142,8.9983
2026-06-15 16:38:10.183,Zohre,right,55.433,3326,,,,,,,3.3438,0.3711,0.4827,3.7372,3.7372,8.7170
2026-06-15 16:38:10.214,Zohre,right,55.450,3327,,,,,,,3.3282,0.4416,0.4735,3.7613,3.7613,8.6388
2026-06-15 16:38:10.245,Zohre,right,55.483,3329,,,,,,,3.2885,0.4512,0.4806,3.8394,3.8394,8.7535
2026-06-15 16:38:10.275,Zohre,right,55.517,3331,,,,,,,3.2482,0.4790,0.4999,3.8732,3.8732,8.8373
2026-06-15 16:38:10.306,Zohre,right,55.550,3333,,,,,,,3.1714,0.5172,0.5191,3.8883,3.8883,9.0169
2026-06-15 16:38:10.336,Zohre,right,55.583,3335,,,,,,,3.1306,0.5698,0.5335,3.8972,3.8972,9.1472
2026-06-15 16:38:10.367,Zohre,right,55.617,3337,,,,,,,3.0717,0.6106,0.5710,3.9716,3.9716,9.3856
2026-06-15 16:38:10.398,Zohre,right,55.633,3338,,,,,,,3.0249,0.6153,0.5953,4.0138,4.0138,9.6360
2026-06-15 16:38:10.428,Zohre,right,55.667,3340,,,,,,,3.0434,0.6895,0.5992,3.9178,3.9178,9.3237
2026-06-15 16:38:10.459,Zohre,right,55.700,3342,,,,,,,2.9980,0.7242,0.5849,3.9208,3.9208,9.0046
2026-06-15 16:38:10.489,Zohre,right,55.733,3344,,,,,,,2.9693,0.7823,0.5645,3.9537,3.9537,8.8448
2026-06-15 16:38:10.520,Zohre,right,55.767,3346,,,,,,,2.8982,0.8002,0.5716,4.0559,4.0559,9.0896
2026-06-15 16:38:10.550,Zohre,right,55.800,3348,,,,,,,2.8544,0.8654,0.5967,3.9572,3.9572,8.9681
2026-06-15 16:38:10.581,Zohre,right,55.817,3349,,,,,,,2.8303,0.9080,0.6106,3.9146,3.9146,8.7776
2026-06-15 16:38:10.612,Zohre,right,55.850,3351,,,,,,,2.8095,0.9184,0.6140,3.8969,3.8969,8.7183
2026-06-15 16:38:10.642,Zohre,right,55.883,3353,,,,,,,2.7608,0.9130,0.6504,3.8821,3.8821,8.7740
2026-06-15 16:38:10.673,Zohre,right,55.917,3355,,,,,,,2.4564,0.7843,0.7073,3.9903,3.9903,8.9400
2026-06-15 16:38:10.704,Zohre,right,55.950,3357,,,,,,,2.2289,0.6474,0.7877,4.0982,4.0982,9.3434
2026-06-15 16:38:10.734,Zohre,right,55.983,3359,,,,,,,2.1444,0.6065,0.8329,4.1228,4.1228,9.3741
2026-06-15 16:38:10.765,Zohre,right,56.017,3361,,,,,,,2.0854,0.5838,0.9084,4.0742,4.0742,9.2769
2026-06-15 16:38:10.796,Zohre,right,56.033,3362,,,,,,,2.0551,0.5838,0.9811,4.0385,4.0385,9.0092
2026-06-15 16:38:10.826,Zohre,right,56.067,3364,,,,,,,2.0136,0.5646,1.0312,3.9864,3.9864,8.9791
2026-06-15 16:38:10.857,Zohre,right,56.100,3366,,,,,,,1.9844,0.5515,1.0558,4.0351,4.0351,9.1656
2026-06-15 16:38:10.888,Zohre,right,56.133,3368,,,,,,,1.9548,0.5144,1.0805,4.0252,4.0252,9.0135
2026-06-15 16:38:10.918,Zohre,right,56.167,3370,,,,,,,1.9475,0.5317,1.0980,4.0332,4.0332,8.8151
2026-06-15 16:38:10.949,Zohre,right,56.200,3372,,,,,,,1.9494,0.5467,1.0971,4.0651,4.0651,8.7472
2026-06-15 16:38:10.979,Zohre,right,56.217,3373,,,,,,,1.8844,0.4617,1.1245,4.0731,4.0731,8.9391
2026-06-15 16:38:11.010,Zohre,right,56.250,3375,,,,,,,1.8938,0.4265,1.1243,4.0663,4.0663,8.8444
2026-06-15 16:38:11.041,Zohre,right,56.283,3377,,,,,,,1.8576,0.3296,1.1410,4.0590,4.0590,8.9243
2026-06-15 16:38:11.071,Zohre,right,56.317,3379,,,,,,,1.8691,0.3337,1.1343,4.0556,4.0556,8.7301
2026-06-15 16:38:11.102,Zohre,right,56.350,3381,,,,,,,1.8513,0.3054,1.1444,4.0830,4.0830,8.7593
2026-06-15 16:38:11.133,Zohre,right,56.383,3383,,,,,,,1.8180,0.2736,1.1541,4.1074,4.1074,8.8546
2026-06-15 16:38:11.163,Zohre,right,56.400,3384,,,,,,,1.8344,0.2575,1.1702,4.0934,4.0934,8.7881
2026-06-15 16:38:11.194,Zohre,right,56.433,3386,,,,,,,1.8147,0.3001,1.1980,3.9236,3.9236,8.3121
2026-06-15 16:38:11.224,Zohre,right,56.467,3388,,,,,,,1.8049,0.2554,1.2196,3.9307,3.9307,8.3669
2026-06-15 16:38:11.258,Zohre,right,56.500,3390,,,,,,,1.7931,0.2122,1.2479,3.9837,3.9837,8.3723
2026-06-15 16:38:11.288,Zohre,right,56.533,3392,,,,,,,1.8142,0.1891,1.2535,4.0355,4.0355,8.5808
2026-06-15 16:38:11.318,Zohre,right,56.567,3394,,,,,,,1.8366,0.1405,1.2235,4.0443,4.0443,8.8157
2026-06-15 16:38:11.349,Zohre,right,56.600,3396,,,,,,,1.7918,0.1267,1.2083,4.0973,4.0973,8.7555
2026-06-15 16:38:11.380,Zohre,right,56.617,3397,,,,,,,1.7759,0.0618,1.2070,4.1098,4.1098,8.7671
2026-06-15 16:38:11.410,Zohre,right,56.650,3399,,,,,,,1.7301,0.0301,1.2105,4.1044,4.1044,8.7635
2026-06-15 16:38:11.441,Zohre,right,56.683,3401,,,,,,,1.7443,-0.0227,1.2087,4.1156,4.1156,8.6539
2026-06-15 16:38:11.472,Zohre,right,56.717,3403,,,,,,,1.7207,-0.0842,1.2011,4.1448,4.1448,8.8062
2026-06-15 16:38:11.502,Zohre,right,56.750,3405,,,,,,,1.7147,-0.0990,1.1957,4.1219,4.1219,8.8008
2026-06-15 16:38:11.533,Zohre,right,56.783,3407,,,,,,,1.6921,-0.1482,1.1840,4.0993,4.0993,8.8190
2026-06-15 16:38:11.563,Zohre,right,56.800,3408,,,,,,,1.7008,-0.2278,1.1728,4.0468,4.0468,8.7799
2026-06-15 16:38:11.594,Zohre,right,56.833,3410,,,,,,,1.7253,-0.2406,1.1646,4.0393,4.0393,8.7337
2026-06-15 16:38:11.625,Zohre,right,56.867,3412,,,,,,,1.5753,-0.2295,1.1523,4.1456,4.1456,8.8085
2026-06-15 16:38:11.655,Zohre,right,56.900,3414,,,,,,,1.4786,-0.2323,1.1244,4.2200,4.2200,8.8527
2026-06-15 16:38:11.686,Zohre,right,56.933,3416,,,,,,,1.4355,-0.2402,1.1216,4.2147,4.2147,8.8807
2026-06-15 16:38:11.716,Zohre,right,56.967,3418,,,,,,,1.5059,-0.2863,1.1472,4.1305,4.1305,8.9977
2026-06-15 16:38:11.747,Zohre,right,56.967,3418,,,,,,,1.5392,-0.3292,1.1575,4.0517,4.0517,9.0886
2026-06-15 16:38:11.778,Zohre,right,57.000,3420,,,,,,,1.5782,-0.3143,1.1655,3.9551,3.9551,8.8167
2026-06-15 16:38:11.809,Zohre,right,57.033,3422,,,,,,,1.5353,-0.3510,1.1765,4.0768,4.0768,8.9401
2026-06-15 16:38:11.840,Zohre,right,57.067,3424,,,,,,,1.5483,-0.3297,1.1655,4.0915,4.0915,8.8548
2026-06-15 16:38:11.870,Zohre,right,57.100,3426,,,,,,,1.5027,-0.3776,1.1653,4.1915,4.1915,9.0429
2026-06-15 16:38:11.901,Zohre,right,57.133,3428,,,,,,,1.5104,-0.4183,1.1677,4.2097,4.2097,9.1999
2026-06-15 16:38:11.932,Zohre,right,57.167,3430,,,,,,,1.4825,-0.4994,1.1421,4.2015,4.2015,9.2722
2026-06-15 16:38:11.962,Zohre,right,57.183,3431,,,,,,,1.4581,-0.5463,1.1031,4.1796,4.1796,9.2073
2026-06-15 16:38:11.993,Zohre,right,57.217,3433,,,,,,,1.4484,-0.5597,1.0895,4.1690,4.1690,9.1608
2026-06-15 16:38:12.023,Zohre,right,57.250,3435,,,,,,,1.4724,-0.5741,1.1248,4.0182,4.0182,9.1304
2026-06-15 16:38:12.054,Zohre,right,57.283,3437,,,,,,,1.4698,-0.5716,1.1727,3.9163,3.9163,8.8958
2026-06-15 16:38:12.084,Zohre,right,57.317,3439,,,,,,,1.5015,-0.5854,1.1974,3.9451,3.9451,9.0204
2026-06-15 16:38:12.115,Zohre,right,57.333,3440,,,,,,,1.5004,-0.6074,1.1879,4.0320,4.0320,9.0648
2026-06-15 16:38:12.145,Zohre,right,57.367,3442,,,,,,,1.5131,-0.6331,1.1403,4.1858,4.1858,9.1484
2026-06-15 16:38:12.176,Zohre,right,57.400,3444,,,,,,,1.5426,-0.6426,1.1033,4.1848,4.1848,9.1753
2026-06-15 16:38:12.206,Zohre,right,57.433,3446,,,,,,,1.5411,-0.6315,1.0944,4.1897,4.1897,9.0671
2026-06-15 16:38:12.237,Zohre,right,57.467,3448,,,,,,,1.5565,-0.6088,1.0834,4.1794,4.1794,9.2262
2026-06-15 16:38:12.271,Zohre,right,57.500,3450,,,,,,,1.5531,-0.5845,1.0935,4.1250,4.1250,9.0301
2026-06-15 16:38:12.301,Zohre,right,57.533,3452,,,,,,,1.5957,-0.5603,1.0942,4.0643,4.0643,8.9784
2026-06-15 16:38:12.332,Zohre,right,57.550,3453,,,,,,,1.6114,-0.5365,1.0976,4.0408,4.0408,9.2101
2026-06-15 16:38:12.362,Zohre,right,57.583,3455,,,,,,,1.6279,-0.5225,1.1064,4.0040,4.0040,9.1699
2026-06-15 16:38:12.393,Zohre,right,57.617,3457,,,,,,,1.6624,-0.4585,1.1375,4.0200,4.0200,9.2625
2026-06-15 16:38:12.424,Zohre,right,57.650,3459,,,,,,,1.6930,-0.4213,1.1337,4.0314,4.0314,9.1420
2026-06-15 16:38:12.454,Zohre,right,57.683,3461,,,,,,,1.6546,-0.3720,1.1168,4.0840,4.0840,9.2571
2026-06-15 16:38:12.485,Zohre,right,57.717,3463,,,,,,,1.6630,-0.2831,1.0747,4.0683,4.0683,9.0415
2026-06-15 16:38:12.515,Zohre,right,57.733,3464,,,,,,,1.6857,-0.1707,1.0615,4.0812,4.0812,9.0255
2026-06-15 16:38:12.545,Zohre,right,57.767,3466,,,,,,,1.6916,-0.1511,1.0580,4.0786,4.0786,9.0516
2026-06-15 16:38:12.576,Zohre,right,57.800,3468,,,,,,,1.7166,-0.0593,1.0263,4.0619,4.0619,8.9452
2026-06-15 16:38:12.607,Zohre,right,57.833,3470,,,,,,,1.7844,0.0664,0.9959,4.0205,4.0205,8.4820
2026-06-15 16:38:12.637,Zohre,right,57.867,3472,,,,,,,1.8445,0.0703,0.9757,4.0518,4.0518,8.8597
2026-06-15 16:38:12.668,Zohre,right,57.900,3474,,,,,,,1.8505,0.1638,1.0010,3.9191,3.9191,8.4078
2026-06-15 16:38:12.699,Zohre,right,57.917,3475,,,,,,,1.8974,0.1789,1.0159,3.9894,3.9894,8.8688
2026-06-15 16:38:12.729,Zohre,right,57.950,3477,,,,,,,1.9131,0.2600,1.0061,4.0020,4.0020,8.7164
2026-06-15 16:38:12.760,Zohre,right,57.983,3479,,,,,,,1.8977,0.3687,0.9933,4.1033,4.1033,8.8210
2026-06-15 16:38:12.790,Zohre,right,58.017,3481,,,,,,,1.8885,0.5324,1.0001,4.1032,4.1032,8.5891
2026-06-15 16:38:12.821,Zohre,right,58.050,3483,,,,,,,1.8925,0.5872,1.0288,4.0510,4.0510,8.5882
2026-06-15 16:38:12.851,Zohre,right,58.083,3485,,,,,,,1.9600,0.6740,1.0250,4.0930,4.0930,8.7034
2026-06-15 16:38:12.882,Zohre,right,58.117,3487,,,,,,,2.0709,0.7695,0.9803,4.0389,4.0389,8.3289
2026-06-15 16:38:12.912,Zohre,right,58.133,3488,,,,,,,2.0921,0.8204,0.9624,4.0185,4.0185,8.2473
2026-06-15 16:38:12.943,Zohre,right,58.167,3490,,,,,,,2.1248,0.8976,0.9233,4.0123,4.0123,8.2425
2026-06-15 16:38:12.973,Zohre,right,58.200,3492,,,,,,,2.2047,1.0074,0.8699,3.8887,3.8887,7.9816
2026-06-15 16:38:13.004,Zohre,right,58.233,3494,,,,,,,2.3125,1.1522,0.7908,3.7039,3.7039,7.3537
2026-06-15 16:38:13.035,Zohre,right,58.267,3496,,,,,,,2.3313,1.1537,0.7670,3.7418,3.7418,7.5817
2026-06-15 16:38:13.065,Zohre,right,58.283,3497,,,,,,,2.4203,1.2218,0.7240,3.6993,3.6993,7.5697
2026-06-15 16:38:13.096,Zohre,right,58.317,3499,,,,,,,2.4579,1.2556,0.6896,3.6940,3.6940,7.6371
2026-06-15 16:38:13.126,Zohre,right,58.350,3501,,,,,,,2.5298,1.2583,0.6694,3.6623,3.6623,7.5992
2026-06-15 16:38:13.156,Zohre,right,58.383,3503,,,,,,,2.5546,1.2626,0.6674,3.6788,3.6788,7.5969
2026-06-15 16:38:13.187,Zohre,right,58.417,3505,,,,,,,2.5602,1.2412,0.6608,3.7745,3.7745,7.8698
2026-06-15 16:38:13.217,Zohre,right,58.450,3507,,,,,,,2.5833,1.2827,0.6362,3.7470,3.7470,7.8919
2026-06-15 16:38:13.248,Zohre,right,58.467,3508,,,,,,,2.6137,1.2913,0.6214,3.7454,3.7454,7.9867
2026-06-15 16:38:13.279,Zohre,right,58.500,3510,,,,,,,2.6563,1.3154,0.6115,3.7085,3.7085,7.8507
2026-06-15 16:38:13.309,Zohre,right,58.533,3512,,,,,,,2.6506,1.2995,0.6076,3.7214,3.7214,7.7105
2026-06-15 16:38:13.339,Zohre,right,58.567,3514,,,,,,,2.6650,1.3025,0.6115,3.7478,3.7478,7.7326
2026-06-15 16:38:13.370,Zohre,right,58.600,3516,,,,,,,2.6903,1.2934,0.6140,3.7458,3.7458,7.8913
2026-06-15 16:38:13.400,Zohre,right,58.633,3518,,,,,,,2.7288,1.3015,0.6143,3.7359,3.7359,7.8385
2026-06-15 16:38:13.431,Zohre,right,58.650,3519,,,,,,,2.7288,1.3015,0.6143,3.7359,3.7359,7.8385
2026-06-15 16:38:13.461,Zohre,right,58.683,3521,,,,,,,2.8278,1.2266,0.5950,3.7266,3.7266,7.8036
2026-06-15 16:38:13.492,Zohre,right,58.717,3523,,,,,,,2.9751,1.0403,0.5671,3.7245,3.7245,7.8811
2026-06-15 16:38:13.523,Zohre,right,58.750,3525,,,,,,,3.0701,0.9253,0.5473,3.6545,3.6545,7.9419
2026-06-15 16:38:13.553,Zohre,right,58.783,3527,,,,,,,3.0963,0.9019,0.5378,3.6621,3.6621,8.0025
2026-06-15 16:38:13.584,Zohre,right,58.817,3529,,,,,,,3.1351,0.8226,0.5224,3.6296,3.6296,8.1045
2026-06-15 16:38:13.615,Zohre,right,58.833,3530,,,,,,,3.0890,0.6735,0.5195,3.7143,3.7143,8.4528
2026-06-15 16:38:13.646,Zohre,right,58.867,3532,,,,,,,3.0828,0.5845,0.5204,3.7622,3.7622,8.5739
2026-06-15 16:38:13.676,Zohre,right,58.900,3534,,,,,,,3.0806,0.5169,0.5358,3.7985,3.7985,8.6775
2026-06-15 16:38:13.707,Zohre,right,58.933,3536,,,,,,,3.1088,0.4774,0.5592,3.8346,3.8346,8.7726
2026-06-15 16:38:13.737,Zohre,right,58.967,3538,,,,,,,3.2109,0.4374,0.5787,3.7550,3.7550,8.3245
2026-06-15 16:38:13.767,Zohre,right,59.000,3540,,,,,,,3.2619,0.3804,0.5940,3.7197,3.7197,8.2016
2026-06-15 16:38:13.798,Zohre,right,59.017,3541,,,,,,,3.2917,0.3089,0.6023,3.7403,3.7403,8.1176
2026-06-15 16:38:13.829,Zohre,right,59.050,3543,,,,,,,3.3087,0.3259,0.5878,3.6945,3.6945,7.9306
2026-06-15 16:38:13.859,Zohre,right,59.083,3545,,,,,,,3.2701,0.2668,0.5837,3.7954,3.7954,8.2965
2026-06-15 16:38:13.890,Zohre,right,59.117,3547,,,,,,,3.2975,0.2264,0.5504,3.7947,3.7947,8.2679
2026-06-15 16:38:13.921,Zohre,right,59.150,3549,,,,,,,3.3677,0.1934,0.5184,3.7607,3.7607,8.1599
2026-06-15 16:38:13.952,Zohre,right,59.183,3551,,,,,,,3.3695,0.1605,0.5160,3.7768,3.7768,8.2632
2026-06-15 16:38:13.982,Zohre,right,59.217,3553,,,,,,,3.3450,0.1196,0.5273,3.8315,3.8315,8.2711
2026-06-15 16:38:14.013,Zohre,right,59.233,3554,,,,,,,3.3383,0.0573,0.5545,3.7337,3.7337,8.0846
2026-06-15 16:38:14.044,Zohre,right,59.267,3556,,,,,,,3.3294,0.0128,0.5631,3.7296,3.7296,8.0870
2026-06-15 16:38:14.074,Zohre,right,59.300,3558,,,,,,,3.3321,-0.0281,0.5712,3.7402,3.7402,8.1096
2026-06-15 16:38:14.105,Zohre,right,59.333,3560,,,,,,,3.3553,-0.1179,0.5751,3.6592,3.6592,8.0970
2026-06-15 16:38:14.136,Zohre,right,59.367,3562,,,,,,,3.3601,-0.1723,0.5831,3.6784,3.6784,8.0793
2026-06-15 16:38:14.166,Zohre,right,59.400,3564,,,,,,,3.3536,-0.2359,0.5853,3.6613,3.6613,8.0912
2026-06-15 16:38:14.197,Zohre,right,59.417,3565,,,,,,,3.3844,-0.3262,0.5824,3.6624,3.6624,8.0085
2026-06-15 16:38:14.227,Zohre,right,59.450,3567,,,,,,,3.3830,-0.3961,0.5914,3.6845,3.6845,8.1216
2026-06-15 16:38:14.258,Zohre,right,59.483,3569,,,,,,,3.3997,-0.4870,0.5816,3.6856,3.6856,8.3720
2026-06-15 16:38:14.291,Zohre,right,59.517,3571,,,,,,,3.3991,-0.5718,0.5717,3.6781,3.6781,8.5010
2026-06-15 16:38:14.322,Zohre,right,59.550,3573,,,,,,,3.4026,-0.6044,0.5587,3.6283,3.6283,8.4021
2026-06-15 16:38:14.352,Zohre,right,59.583,3575,,,,,,,3.4293,-0.6330,0.5416,3.5777,3.5777,8.2923
2026-06-15 16:38:14.383,Zohre,right,59.617,3577,,,,,,,3.4221,-0.6477,0.5474,3.6191,3.6191,8.3283
2026-06-15 16:38:14.414,Zohre,right,59.633,3578,,,,,,,3.4307,-0.6691,0.5546,3.6371,3.6371,8.3830
2026-06-15 16:38:14.444,Zohre,right,59.667,3580,,,,,,,3.4570,-0.6965,0.5554,3.6605,3.6605,8.3507
2026-06-15 16:38:14.474,Zohre,right,59.700,3582,,,,,,,3.4516,-0.7203,0.5617,3.6971,3.6971,8.4622
2026-06-15 16:38:14.505,Zohre,right,59.733,3584,,,,,,,3.4473,-0.7341,0.5792,3.7314,3.7314,8.5684
2026-06-15 16:38:14.536,Zohre,right,59.767,3586,,,,,,,3.4549,-0.7464,0.5961,3.7130,3.7130,8.5239
2026-06-15 16:38:14.566,Zohre,right,59.800,3588,,,,,,,3.4860,-0.7769,0.5919,3.6302,3.6302,8.2203
2026-06-15 16:38:14.597,Zohre,right,59.817,3589,,,,,,,3.4941,-0.7814,0.5868,3.6147,3.6147,8.1431
2026-06-15 16:38:14.627,Zohre,right,59.850,3591,,,,,,,3.5044,-0.7950,0.5762,3.5896,3.5896,8.0519
2026-06-15 16:38:14.658,Zohre,right,59.883,3593,,,,,,,3.4883,-0.7687,0.5545,3.5649,3.5649,8.0743
2026-06-15 16:38:14.689,Zohre,right,59.917,3595,,,,,,,3.4901,-0.7563,0.5476,3.5766,3.5766,8.1245
2026-06-15 16:38:14.719,Zohre,right,59.950,3597,,,,,,,3.4617,-0.6943,0.5441,3.6071,3.6071,8.1659
2026-06-15 16:38:14.750,Zohre,right,59.983,3599,,,,,,,3.4443,-0.5694,0.5380,3.5475,3.5475,7.8298
2026-06-15 16:38:14.780,Zohre,right,60.000,3600,,,,,,,3.3197,-0.4538,0.5582,3.7268,3.7268,8.1797
2026-06-15 16:38:14.811,Zohre,right,60.033,3602,,,,,,,3.2627,-0.3891,0.5700,3.7537,3.7537,8.2120
2026-06-15 16:38:14.842,Zohre,right,60.067,3604,,,,,,,3.2576,-0.3450,0.5648,3.7356,3.7356,8.0434
2026-06-15 16:38:14.872,Zohre,right,60.100,3606,,,,,,,3.2240,-0.3012,0.5684,3.6890,3.6890,8.1530
2026-06-15 16:38:14.903,Zohre,right,60.133,3608,,,,,,,3.2346,-0.2722,0.5609,3.6330,3.6330,8.0532
2026-06-15 16:38:14.934,Zohre,right,60.167,3610,,,,,,,3.2324,-0.2377,0.5514,3.6069,3.6069,7.9241
2026-06-15 16:38:14.964,Zohre,right,60.183,3611,,,,,,,3.2180,-0.2055,0.5448,3.6427,3.6427,7.8904
2026-06-15 16:38:14.995,Zohre,right,60.217,3613,,,,,,,3.2190,-0.1140,0.5609,3.6871,3.6871,7.9883
2026-06-15 16:38:15.026,Zohre,right,60.250,3615,,,,,,,3.2273,-0.0318,0.5812,3.6576,3.6576,7.8912
2026-06-15 16:38:15.057,Zohre,right,60.283,3617,,,,,,,3.2071,-0.0235,0.5917,3.6789,3.6789,8.0811
2026-06-15 16:38:15.087,Zohre,right,60.317,3619,,,,,,,3.1805,0.0295,0.5827,3.6964,3.6964,7.9280
2026-06-15 16:38:15.118,Zohre,right,60.350,3621,,,,,,,3.1758,0.0754,0.5708,3.6857,3.6857,7.8779
2026-06-15 16:38:15.148,Zohre,right,60.367,3622,,,,,,,3.1823,0.1287,0.5587,3.6432,3.6432,7.7198
2026-06-15 16:38:15.178,Zohre,right,60.400,3624,,,,,,,3.2111,0.2695,0.5588,3.5320,3.5320,7.7409
2026-06-15 16:38:15.209,Zohre,right,60.433,3626,,,,,,,3.1812,0.3966,0.5732,3.5741,3.5741,7.9098
2026-06-15 16:38:15.239,Zohre,right,60.467,3628,,,,,,,3.1617,0.4881,0.5765,3.5858,3.5858,7.9826
2026-06-15 16:38:15.270,Zohre,right,60.500,3630,,,,,,,3.1398,0.5614,0.6014,3.5706,3.5706,7.9822
2026-06-15 16:38:15.302,Zohre,right,60.533,3632,,,,,,,3.1182,0.5824,0.6191,3.5937,3.5937,8.0914
2026-06-15 16:38:15.332,Zohre,right,60.567,3634,,,,,,,3.1104,0.6881,0.6406,3.5424,3.5424,7.8717
2026-06-15 16:38:15.363,Zohre,right,60.583,3635,,,,,,,3.0744,0.7483,0.6356,3.5581,3.5581,7.7712
2026-06-15 16:38:15.393,Zohre,right,60.617,3637,,,,,,,3.0305,0.7672,0.6223,3.5942,3.5942,7.8384
2026-06-15 16:38:15.424,Zohre,right,60.650,3639,,,,,,,2.9826,0.7962,0.6446,3.5843,3.5843,7.8237
2026-06-15 16:38:15.455,Zohre,right,60.683,3641,,,,,,,2.9529,0.8014,0.6644,3.5846,3.5846,7.8929
2026-06-15 16:38:15.485,Zohre,right,60.717,3643,,,,,,,2.9508,0.8356,0.6750,3.5358,3.5358,7.7908
2026-06-15 16:38:15.516,Zohre,right,60.733,3644,,,,,,,2.9015,0.8249,0.6868,3.5915,3.5915,7.5409
2026-06-15 16:38:15.547,Zohre,right,60.767,3646,,,,,,,2.8800,0.8536,0.6697,3.5792,3.5792,7.1534
2026-06-15 16:38:15.577,Zohre,right,60.800,3648,,,,,,,2.8437,0.9024,0.6618,3.5721,3.5721,6.9264
2026-06-15 16:38:15.608,Zohre,right,60.833,3650,,,,,,,2.7877,0.8977,0.6911,3.5786,3.5786,7.1047
2026-06-15 16:38:15.638,Zohre,right,60.867,3652,,,,,,,2.7629,0.9116,0.7176,3.5631,3.5631,7.1148
2026-06-15 16:38:15.669,Zohre,right,60.900,3654,,,,,,,2.6934,0.9198,0.7656,3.5647,3.5647,7.1209
2026-06-15 16:38:15.699,Zohre,right,60.933,3656,,,,,,,2.6167,0.8894,0.8216,3.5545,3.5545,7.2269
2026-06-15 16:38:15.730,Zohre,right,60.950,3657,,,,,,,2.5942,0.9615,0.8375,3.5242,3.5242,6.7211
2026-06-15 16:38:15.760,Zohre,right,60.983,3659,,,,,,,2.5714,0.9876,0.8347,3.5315,3.5315,6.6590
2026-06-15 16:38:15.791,Zohre,right,61.017,3661,,,,,,,2.5205,1.0045,0.8552,3.4891,3.4891,6.7741
2026-06-15 16:38:15.822,Zohre,right,61.050,3663,,,,,,,2.4604,1.0160,0.8883,3.4802,3.4802,6.7512
2026-06-15 16:38:15.852,Zohre,right,61.083,3665,,,,,,,2.4084,0.9122,0.9300,3.5244,3.5244,6.8172
2026-06-15 16:38:15.883,Zohre,right,61.117,3667,,,,,,,2.3790,0.8135,0.9354,3.5509,3.5509,6.8370
2026-06-15 16:38:15.913,Zohre,right,61.133,3668,,,,,,,2.3867,0.8224,0.9360,3.4997,3.4997,6.6785
2026-06-15 16:38:15.944,Zohre,right,61.167,3670,,,,,,,2.3777,0.8268,0.9401,3.4456,3.4456,6.5145
2026-06-15 16:38:15.975,Zohre,right,61.200,3672,,,,,,,2.3824,0.8354,0.9452,3.4179,3.4179,6.3426
2026-06-15 16:38:16.005,Zohre,right,61.233,3674,,,,,,,2.3394,0.7470,0.9861,3.4671,3.4671,6.6589
2026-06-15 16:38:16.036,Zohre,right,61.267,3676,,,,,,,2.2408,0.6755,1.0165,3.5217,3.5217,6.6517
2026-06-15 16:38:16.067,Zohre,right,61.300,3678,,,,,,,2.1510,0.6126,1.0492,3.4747,3.4747,6.3348
2026-06-15 16:38:16.097,Zohre,right,61.317,3679,,,,,,,2.0513,0.5070,1.0866,3.5463,3.5463,6.5515
2026-06-15 16:38:16.128,Zohre,right,61.350,3681,,,,,,,2.0313,0.4641,1.1031,3.4955,3.4955,6.5903
2026-06-15 16:38:16.159,Zohre,right,61.383,3683,,,,,,,1.9780,0.3818,1.1291,3.5665,3.5665,7.0142
2026-06-15 16:38:16.189,Zohre,right,61.417,3685,,,,,,,1.9414,0.3341,1.1678,3.6180,3.6180,7.1981
2026-06-15 16:38:16.219,Zohre,right,61.450,3687,,,,,,,1.9347,0.3151,1.1778,3.5667,3.5667,7.0404
2026-06-15 16:38:16.250,Zohre,right,61.483,3689,,,,,,,1.8981,0.2779,1.1963,3.5820,3.5820,7.1513
2026-06-15 16:38:16.281,Zohre,right,61.500,3690,,,,,,,1.8710,0.2430,1.2350,3.5607,3.5607,7.0798
2026-06-15 16:38:16.312,Zohre,right,61.533,3692,,,,,,,1.8344,0.2144,1.2691,3.5882,3.5882,7.0843
2026-06-15 16:38:16.343,Zohre,right,61.567,3694,,,,,,,1.8406,0.1899,1.2620,3.5906,3.5906,7.1148
2026-06-15 16:38:16.373,Zohre,right,61.600,3696,,,,,,,1.8474,0.2225,1.2648,3.5302,3.5302,7.1590
2026-06-15 16:38:16.404,Zohre,right,61.633,3698,,,,,,,1.8625,0.1996,1.2683,3.5369,3.5369,7.2648
2026-06-15 16:38:16.434,Zohre,right,61.667,3700,,,,,,,1.8477,0.1835,1.2900,3.4473,3.4473,7.1074
2026-06-15 16:38:16.465,Zohre,right,61.683,3701,,,,,,,1.8767,0.1265,1.3092,3.5057,3.5057,7.1397
2026-06-15 16:38:16.496,Zohre,right,61.717,3703,,,,,,,1.9006,0.1638,1.3031,3.3385,3.3385,6.3099
2026-06-15 16:38:16.526,Zohre,right,61.750,3705,,,,,,,1.9151,0.0907,1.2813,3.3027,3.3027,6.5297
2026-06-15 16:38:16.557,Zohre,right,61.783,3707,,,,,,,1.9066,0.1319,1.2719,3.2762,3.2762,5.9598
2026-06-15 16:38:16.588,Zohre,right,61.817,3709,,,,,,,1.8875,-0.0289,1.2696,3.3649,3.3649,6.5625
2026-06-15 16:38:16.618,Zohre,right,61.850,3711,,,,,,,1.8939,-0.1411,1.2767,3.3827,3.3827,6.7379
2026-06-15 16:38:16.649,Zohre,right,61.883,3713,,,,,,,1.8388,-0.2335,1.2874,3.4405,3.4405,7.0042
2026-06-15 16:38:16.679,Zohre,right,61.900,3714,,,,,,,1.8371,-0.2463,1.2819,3.3781,3.3781,6.6509
2026-06-15 16:38:16.710,Zohre,right,61.933,3716,,,,,,,1.8735,-0.2779,1.2189,3.3897,3.3897,6.6689
2026-06-15 16:38:16.740,Zohre,right,61.967,3718,,,,,,,1.8409,-0.3094,1.2029,3.3586,3.3586,6.5081
2026-06-15 16:38:16.771,Zohre,right,62.000,3720,,,,,,,1.8479,-0.3518,1.2050,3.3786,3.3786,6.5210
2026-06-15 16:38:16.802,Zohre,right,62.033,3722,,,,,,,1.8601,-0.3744,1.1966,3.4012,3.4012,6.5433
2026-06-15 16:38:16.832,Zohre,right,62.067,3724,,,,,,,1.8702,-0.4013,1.1961,3.4169,3.4169,6.5199
2026-06-15 16:38:16.863,Zohre,right,62.083,3725,,,,,,,1.8755,-0.4028,1.1920,3.3340,3.3340,6.3826
2026-06-15 16:38:16.893,Zohre,right,62.117,3727,,,,,,,1.8107,-0.4439,1.2041,3.3764,3.3764,6.7247
2026-06-15 16:38:16.924,Zohre,right,62.150,3729,,,,,,,1.8099,-0.4287,1.2104,3.2716,3.2716,6.2796
2026-06-15 16:38:16.954,Zohre,right,62.183,3731,,,,,,,1.7975,-0.4626,1.2096,3.2825,3.2825,6.4045
2026-06-15 16:38:16.985,Zohre,right,62.217,3733,,,,,,,1.7783,-0.3880,1.2330,3.1862,3.1862,5.7456
2026-06-15 16:38:17.016,Zohre,right,62.250,3735,,,,,,,1.7644,-0.4870,1.2631,3.3098,3.3098,6.3409
2026-06-15 16:38:17.047,Zohre,right,62.267,3736,,,,,,,1.7821,-0.5511,1.2614,3.3136,3.3136,6.5240
2026-06-15 16:38:17.077,Zohre,right,62.300,3738,,,,,,,1.7735,-0.5394,1.2601,3.3838,3.3838,6.4551
2026-06-15 16:38:17.107,Zohre,right,62.333,3740,,,,,,,1.7959,-0.5487,1.2280,3.2709,3.2709,6.1074
2026-06-15 16:38:17.138,Zohre,right,62.367,3742,,,,,,,1.7785,-0.5197,1.2217,3.3119,3.3119,6.0196
2026-06-15 16:38:17.169,Zohre,right,62.400,3744,,,,,,,1.7970,-0.5473,1.1975,3.3101,3.3101,6.0364
2026-06-15 16:38:17.200,Zohre,right,62.433,3746,,,,,,,1.7780,-0.5497,1.2020,3.2439,3.2439,6.0768
2026-06-15 16:38:17.230,Zohre,right,62.450,3747,,,,,,,1.7709,-0.5390,1.2155,3.2933,3.2933,6.3025
2026-06-15 16:38:17.260,Zohre,right,62.483,3749,,,,,,,1.7623,-0.5131,1.2356,3.2572,3.2572,6.3939
2026-06-15 16:38:17.291,Zohre,right,62.517,3751,,,,,,,1.7581,-0.5173,1.2488,3.3431,3.3431,6.5450
2026-06-15 16:38:17.322,Zohre,right,62.550,3753,,,,,,,1.7947,-0.3707,1.2153,3.2091,3.2091,5.5675
2026-06-15 16:38:17.352,Zohre,right,62.583,3755,,,,,,,1.8170,-0.4015,1.1850,3.2148,3.2148,5.8527
2026-06-15 16:38:17.385,Zohre,right,62.600,3756,,,,,,,1.8489,-0.3182,1.1601,3.2469,3.2469,5.7022
2026-06-15 16:38:17.416,Zohre,right,62.650,3759,,,,,,,1.8676,-0.3178,1.1537,3.2410,3.2410,6.0681
2026-06-15 16:38:17.446,Zohre,right,62.667,3760,,,,,,,1.8788,-0.2494,1.1713,3.2020,3.2020,6.1096
2026-06-15 16:38:17.477,Zohre,right,62.700,3762,,,,,,,1.9026,-0.2351,1.1813,3.3503,3.3503,6.4509
2026-06-15 16:38:17.508,Zohre,right,62.733,3764,,,,,,,1.9357,-0.1191,1.1902,3.3574,3.3574,6.4468
2026-06-15 16:38:17.538,Zohre,right,62.767,3766,,,,,,,1.9794,-0.0101,1.1717,3.3498,3.3498,6.5997
2026-06-15 16:38:17.569,Zohre,right,62.800,3768,,,,,,,2.0447,0.1868,1.1085,3.4343,3.4343,6.5180
2026-06-15 16:38:17.599,Zohre,right,62.833,3770,,,,,,,2.0805,0.2648,1.0709,3.4409,3.4409,6.4549
2026-06-15 16:38:17.630,Zohre,right,62.850,3771,,,,,,,2.2160,0.4152,0.9880,3.3212,3.3212,6.7322
2026-06-15 16:38:17.660,Zohre,right,62.883,3773,,,,,,,2.2559,0.4584,0.9679,3.3211,3.3211,6.7049
2026-06-15 16:38:17.691,Zohre,right,62.917,3775,,,,,,,2.2846,0.5094,0.9474,3.3320,3.3320,6.6522
2026-06-15 16:38:17.721,Zohre,right,62.950,3777,,,,,,,2.2322,0.5911,0.9312,3.4961,3.4961,6.6374
2026-06-15 16:38:17.752,Zohre,right,62.983,3779,,,,,,,2.2514,0.6608,0.9240,3.4871,3.4871,6.8964
2026-06-15 16:38:17.783,Zohre,right,63.017,3781,,,,,,,2.2790,0.7321,0.9208,3.4513,3.4513,6.8365
2026-06-15 16:38:17.813,Zohre,right,63.033,3782,,,,,,,2.3079,0.7783,0.9102,3.4614,3.4614,6.6446
2026-06-15 16:38:17.843,Zohre,right,63.067,3784,,,,,,,2.3788,0.8680,0.8843,3.4038,3.4038,6.4428
2026-06-15 16:38:17.874,Zohre,right,63.100,3786,,,,,,,2.4082,0.9372,0.8443,3.3872,3.3872,6.2276
2026-06-15 16:38:17.904,Zohre,right,63.133,3788,,,,,,,2.4255,0.9741,0.8199,3.3775,3.3775,6.1811
2026-06-15 16:38:17.935,Zohre,right,63.167,3790,,,,,,,2.4254,1.0042,0.7866,3.4780,3.4780,6.4139
2026-06-15 16:38:17.966,Zohre,right,63.200,3792,,,,,,,2.5047,1.0818,0.7551,3.4051,3.4051,6.3073
2026-06-15 16:38:17.996,Zohre,right,63.217,3793,,,,,,,2.5600,1.1237,0.7289,3.4130,3.4130,6.4273
2026-06-15 16:38:18.027,Zohre,right,63.250,3795,,,,,,,2.5801,1.1194,0.7122,3.4475,3.4475,6.5085
2026-06-15 16:38:18.058,Zohre,right,63.283,3797,,,,,,,2.6155,1.1337,0.7032,3.4153,3.4153,6.3897
2026-06-15 16:38:18.088,Zohre,right,63.317,3799,,,,,,,2.6431,1.1172,0.7157,3.3888,3.3888,6.5459
2026-06-15 16:38:18.119,Zohre,right,63.350,3801,,,,,,,2.6889,1.1470,0.7144,3.3754,3.3754,6.3914
2026-06-15 16:38:18.150,Zohre,right,63.383,3803,,,,,,,2.7094,1.1585,0.7031,3.4002,3.4002,6.5714
2026-06-15 16:38:18.181,Zohre,right,63.400,3804,,,,,,,2.7185,1.1353,0.6680,3.3505,3.3505,6.3228
2026-06-15 16:38:18.211,Zohre,right,63.433,3806,,,,,,,2.7352,1.1307,0.6546,3.3332,3.3332,6.1989
2026-06-15 16:38:18.241,Zohre,right,63.467,3808,,,,,,,2.7400,1.1075,0.6417,3.3464,3.3464,6.2327
2026-06-15 16:38:18.272,Zohre,right,63.500,3810,,,,,,,2.7571,1.0921,0.6368,3.4287,3.4287,6.4878
2026-06-15 16:38:18.303,Zohre,right,63.533,3812,,,,,,,2.7763,1.0933,0.6424,3.4439,3.4439,6.5464
2026-06-15 16:38:18.335,Zohre,right,63.567,3814,,,,,,,2.8095,1.0961,0.6590,3.4582,3.4582,6.7587
2026-06-15 16:38:18.365,Zohre,right,63.583,3816,,,,,,,2.8252,1.0868,0.6751,3.4528,3.4528,6.8114
2026-06-15 16:38:18.396,Zohre,right,63.617,3817,,,,,,,2.8986,1.0546,0.6755,3.3775,3.3775,6.6951
2026-06-15 16:38:18.426,Zohre,right,63.650,3819,,,,,,,2.9773,0.7809,0.6781,3.4243,3.4243,6.8455
2026-06-15 16:38:18.457,Zohre,right,63.683,3821,,,,,,,3.0238,0.5519,0.6682,3.4719,3.4719,6.9436
2026-06-15 16:38:18.488,Zohre,right,63.717,3823,,,,,,,3.0838,0.5135,0.6647,3.4151,3.4151,6.7135
2026-06-15 16:38:18.519,Zohre,right,63.750,3825,,,,,,,3.1239,0.4282,0.6793,3.3746,3.3746,6.7641
2026-06-15 16:38:18.550,Zohre,right,63.783,3827,,,,,,,3.1513,0.3888,0.6957,3.4408,3.4408,6.7608
2026-06-15 16:38:18.580,Zohre,right,63.800,3828,,,,,,,3.1764,0.3892,0.7077,3.5113,3.5113,7.0165
2026-06-15 16:38:18.611,Zohre,right,63.833,3830,,,,,,,3.1852,0.3631,0.7223,3.5353,3.5353,7.3692
2026-06-15 16:38:18.642,Zohre,right,63.867,3832,,,,,,,3.2136,0.3797,0.7178,3.4973,3.4973,7.1705
2026-06-15 16:38:18.673,Zohre,right,63.900,3834,,,,,,,3.2268,0.3707,0.6983,3.4749,3.4749,7.1518
2026-06-15 16:38:18.703,Zohre,right,63.933,3836,,,,,,,3.2294,0.3539,0.6661,3.4734,3.4734,7.1516
2026-06-15 16:38:18.734,Zohre,right,63.967,3838,,,,,,,3.2435,0.3658,0.6470,3.4332,3.4332,6.9379
2026-06-15 16:38:18.764,Zohre,right,63.983,3839,,,,,,,3.2428,0.3338,0.6437,3.4403,3.4403,7.0146
2026-06-15 16:38:18.795,Zohre,right,64.017,3841,,,,,,,3.2655,0.2705,0.6525,3.4710,3.4710,7.1432
2026-06-15 16:38:18.825,Zohre,right,64.050,3843,,,,,,,3.2608,0.2241,0.6722,3.5108,3.5108,7.3101
2026-06-15 16:38:18.856,Zohre,right,64.083,3845,,,,,,,3.2712,0.1674,0.7015,3.5266,3.5266,7.3335
2026-06-15 16:38:18.886,Zohre,right,64.117,3847,,,,,,,3.2895,0.1050,0.7014,3.4641,3.4641,7.4134
2026-06-15 16:38:18.917,Zohre,right,64.150,3849,,,,,,,3.3018,0.0739,0.6886,3.4533,3.4533,7.2835
2026-06-15 16:38:18.948,Zohre,right,64.167,3850,,,,,,,3.2850,-0.0051,0.6893,3.5033,3.5033,7.4464
2026-06-15 16:38:18.978,Zohre,right,64.200,3852,,,,,,,3.3028,-0.0075,0.6840,3.4670,3.4670,7.4082
2026-06-15 16:38:19.009,Zohre,right,64.233,3854,,,,,,,3.3036,-0.1047,0.6846,3.5163,3.5163,7.6321
2026-06-15 16:38:19.039,Zohre,right,64.267,3856,,,,,,,3.3444,-0.1695,0.6882,3.4748,3.4748,7.5256
2026-06-15 16:38:19.069,Zohre,right,64.300,3858,,,,,,,3.3596,-0.2347,0.7024,3.4835,3.4835,7.5008
2026-06-15 16:38:19.100,Zohre,right,64.333,3860,,,,,,,3.4051,-0.2745,0.7126,3.4570,3.4570,7.3664
2026-06-15 16:38:19.130,Zohre,right,64.350,3861,,,,,,,3.4076,-0.3028,0.7161,3.4789,3.4789,7.5004
2026-06-15 16:38:19.161,Zohre,right,64.383,3863,,,,,,,3.4499,-0.3277,0.7059,3.4282,3.4282,7.4821
2026-06-15 16:38:19.192,Zohre,right,64.417,3865,,,,,,,3.4277,-0.3630,0.7012,3.4859,3.4859,7.5770
2026-06-15 16:38:19.222,Zohre,right,64.450,3867,,,,,,,3.4201,-0.4432,0.7035,3.5185,3.5185,7.6500
2026-06-15 16:38:19.253,Zohre,right,64.483,3869,,,,,,,3.4110,-0.4589,0.7088,3.5430,3.5430,7.7475
2026-06-15 16:38:19.283,Zohre,right,64.517,3871,,,,,,,3.4354,-0.4961,0.7048,3.5535,3.5535,7.7191
2026-06-15 16:38:19.313,Zohre,right,64.533,3872,,,,,,,3.4637,-0.5087,0.7030,3.5399,3.5399,7.5004
2026-06-15 16:38:19.345,Zohre,right,64.567,3874,,,,,,,3.4727,-0.5404,0.7010,3.5374,3.5374,7.3811
2026-06-15 16:38:19.376,Zohre,right,64.600,3876,,,,,,,3.4847,-0.5428,0.6989,3.5418,3.5418,7.3001
2026-06-15 16:38:19.406,Zohre,right,64.633,3878,,,,,,,3.4562,-0.5814,0.6877,3.4891,3.4891,7.3970
2026-06-15 16:38:19.437,Zohre,right,64.667,3880,,,,,,,3.4389,-0.6035,0.6651,3.4723,3.4723,7.4796
2026-06-15 16:38:19.467,Zohre,right,64.700,3882,,,,,,,3.4301,-0.6149,0.6469,3.4510,3.4510,7.5402
2026-06-15 16:38:19.498,Zohre,right,64.717,3883,,,,,,,3.4322,-0.6317,0.6419,3.4431,3.4431,7.5787
2026-06-15 16:38:19.528,Zohre,right,64.750,3885,,,,,,,3.4340,-0.6338,0.6390,3.4645,3.4645,7.5595
2026-06-15 16:38:19.559,Zohre,right,64.783,3887,,,,,,,3.4434,-0.6408,0.6342,3.4787,3.4787,7.5129
2026-06-15 16:38:19.589,Zohre,right,64.817,3889,,,,,,,3.4584,-0.6395,0.6444,3.4773,3.4773,7.5407
2026-06-15 16:38:19.620,Zohre,right,64.850,3891,,,,,,,3.4657,-0.6267,0.6367,3.4271,3.4271,7.3530
2026-06-15 16:38:19.650,Zohre,right,64.883,3893,,,,,,,3.4783,-0.6029,0.6136,3.3995,3.3995,7.2980
2026-06-15 16:38:19.681,Zohre,right,64.900,3894,,,,,,,3.4731,-0.6016,0.6034,3.4122,3.4122,7.3413
2026-06-15 16:38:19.712,Zohre,right,64.933,3896,,,,,,,3.4710,-0.5728,0.5820,3.4240,3.4240,7.3532
2026-06-15 16:38:19.742,Zohre,right,64.967,3898,,,,,,,3.4590,-0.5655,0.5791,3.4346,3.4346,7.3723
2026-06-15 16:38:19.773,Zohre,right,65.000,3900,,,,,,,3.3715,-0.4639,0.5839,3.4486,3.4486,7.3555
2026-06-15 16:38:19.803,Zohre,right,65.033,3902,,,,,,,3.3501,-0.3958,0.5898,3.4667,3.4667,7.2777
2026-06-15 16:38:19.834,Zohre,right,65.067,3904,,,,,,,3.3370,-0.3467,0.6281,3.4540,3.4540,7.2798
2026-06-15 16:38:19.864,Zohre,right,65.083,3905,,,,,,,3.3405,-0.2565,0.6368,3.4039,3.4039,7.1242
2026-06-15 16:38:19.894,Zohre,right,65.117,3907,,,,,,,3.3350,-0.2233,0.6442,3.3881,3.3881,7.0872
2026-06-15 16:38:19.925,Zohre,right,65.150,3909,,,,,,,3.2877,-0.1820,0.6722,3.4571,3.4571,7.1788
2026-06-15 16:38:19.955,Zohre,right,65.183,3911,,,,,,,3.2710,-0.1307,0.6853,3.4293,3.4293,7.0478
2026-06-15 16:38:19.986,Zohre,right,65.217,3913,,,,,,,3.2575,-0.0709,0.6995,3.4271,3.4271,7.0386
2026-06-15 16:38:20.017,Zohre,right,65.250,3915,,,,,,,3.2460,-0.0457,0.6968,3.3977,3.3977,7.0854
2026-06-15 16:38:20.047,Zohre,right,65.267,3916,,,,,,,3.2437,0.0107,0.6842,3.3650,3.3650,6.8552
2026-06-15 16:38:20.078,Zohre,right,65.300,3918,,,,,,,3.1967,0.0419,0.7122,3.4269,3.4269,6.8895
2026-06-15 16:38:20.108,Zohre,right,65.317,3919,,,,,,,3.1964,0.1081,0.7311,3.4030,3.4030,6.6965
2026-06-15 16:38:20.138,Zohre,right,65.317,3919,,,,,,,3.2023,0.1864,0.7479,3.2162,3.2162,6.5592
2026-06-15 16:38:20.169,Zohre,right,65.350,3921,,,,,,,3.1904,0.2338,0.7490,3.1915,3.1915,6.5811
2026-06-15 16:38:20.200,Zohre,right,65.417,3925,,,,,,,3.1578,0.3309,0.7397,3.1833,3.1833,6.5010
2026-06-15 16:38:20.230,Zohre,right,65.450,3927,,,,,,,3.1563,0.3684,0.7358,3.1942,3.1942,6.4583
2026-06-15 16:38:20.261,Zohre,right,65.483,3929,,,,,,,3.1249,0.4250,0.7177,3.2303,3.2303,6.4592
2026-06-15 16:38:20.292,Zohre,right,65.517,3931,,,,,,,3.1084,0.5100,0.7019,3.2332,3.2332,6.3229
2026-06-15 16:38:20.322,Zohre,right,65.567,3934,,,,,,,3.0852,0.5253,0.6931,3.2468,3.2468,6.3986
2026-06-15 16:38:20.354,Zohre,right,65.600,3936,,,,,,,3.0626,0.5584,0.6692,3.3055,3.3055,6.3864
2026-06-15 16:38:20.385,Zohre,right,65.633,3938,,,,,,,3.0226,0.6023,0.6737,3.3396,3.3396,6.6747
2026-06-15 16:38:20.415,Zohre,right,65.650,3939,,,,,,,2.9818,0.5923,0.6966,3.3885,3.3885,6.7534
2026-06-15 16:38:20.446,Zohre,right,65.683,3941,,,,,,,2.9914,0.6048,0.6993,3.3904,3.3904,6.6443
2026-06-15 16:38:20.476,Zohre,right,65.717,3943,,,,,,,2.9711,0.6377,0.7303,3.3764,3.3764,6.7790
2026-06-15 16:38:20.507,Zohre,right,65.750,3945,,,,,,,2.9540,0.7055,0.7297,3.3718,3.3718,6.5589
2026-06-15 16:38:20.537,Zohre,right,65.783,3947,,,,,,,2.9557,0.8666,0.6940,3.3825,3.3825,6.3283
2026-06-15 16:38:20.568,Zohre,right,65.817,3949,,,,,,,2.9449,0.9257,0.6807,3.4064,3.4064,6.4967
2026-06-15 16:38:20.599,Zohre,right,65.833,3950,,,,,,,2.9099,1.0598,0.6708,3.4284,3.4284,6.6785
2026-06-15 16:38:20.630,Zohre,right,65.867,3952,,,,,,,2.8704,1.1431,0.6794,3.4446,3.4446,6.7907
2026-06-15 16:38:20.660,Zohre,right,65.900,3954,,,,,,,2.8138,1.1722,0.6913,3.4458,3.4458,6.8347
2026-06-15 16:38:20.692,Zohre,right,65.933,3956,,,,,,,2.7564,1.1968,0.6998,3.4042,3.4042,6.6376
2026-06-15 16:38:20.722,Zohre,right,65.967,3958,,,,,,,2.7343,1.2127,0.6988,3.3905,3.3905,6.5446
2026-06-15 16:38:20.753,Zohre,right,65.983,3959,,,,,,,2.6934,1.2405,0.6894,3.3727,3.3727,6.4509
2026-06-15 16:38:20.784,Zohre,right,66.017,3961,,,,,,,2.6599,1.2545,0.6705,3.4199,3.4199,6.3553
2026-06-15 16:38:20.815,Zohre,right,66.033,3962,,,,,,,2.6368,1.2511,0.6659,3.4574,3.4574,6.4310
2026-06-15 16:38:20.845,Zohre,right,66.067,3964,,,,,,,2.6138,1.2771,0.6584,3.4569,3.4569,6.3292
2026-06-15 16:38:20.875,Zohre,right,66.100,3966,,,,,,,2.5160,1.2386,0.6507,3.3962,3.3962,6.1638
2026-06-15 16:38:20.906,Zohre,right,66.133,3968,,,,,,,2.3283,1.0637,0.7277,3.3757,3.3757,6.2635
2026-06-15 16:38:20.937,Zohre,right,66.167,3970,,,,,,,2.2282,0.9898,0.8158,3.3506,3.3506,6.1958
2026-06-15 16:38:20.967,Zohre,right,66.200,3972,,,,,,,2.2292,0.9691,0.8503,3.3755,3.3755,6.1631
2026-06-15 16:38:20.998,Zohre,right,66.217,3973,,,,,,,2.2094,0.9266,0.9305,3.3387,3.3387,6.0574
2026-06-15 16:38:21.028,Zohre,right,66.250,3975,,,,,,,2.2010,0.9370,0.9631,3.2928,3.2928,5.6823
2026-06-15 16:38:21.059,Zohre,right,66.283,3977,,,,,,,2.1824,0.8469,0.9880,3.3164,3.3164,5.9097
2026-06-15 16:38:21.089,Zohre,right,66.317,3979,,,,,,,2.1472,0.7446,1.0085,3.3533,3.3533,5.9507
2026-06-15 16:38:21.119,Zohre,right,66.350,3981,,,,,,,2.0907,0.5352,1.0025,3.4234,3.4234,6.2040
2026-06-15 16:38:21.150,Zohre,right,66.383,3983,,,,,,,2.0565,0.4073,1.0024,3.4445,3.4445,6.3476
2026-06-15 16:38:21.181,Zohre,right,66.400,3984,,,,,,,2.0460,0.3124,1.0143,3.3637,3.3637,6.3251
2026-06-15 16:38:21.211,Zohre,right,66.433,3986,,,,,,,2.0069,0.3180,1.0328,3.3557,3.3557,6.0623
2026-06-15 16:38:21.242,Zohre,right,66.467,3988,,,,,,,2.0151,0.2668,1.0321,3.3269,3.3269,6.0798
2026-06-15 16:38:21.272,Zohre,right,66.500,3990,,,,,,,1.9505,0.2209,1.0538,3.3807,3.3807,6.2339
2026-06-15 16:38:21.303,Zohre,right,66.533,3992,,,,,,,1.9442,0.1853,1.0665,3.4672,3.4672,6.2303
2026-06-15 16:38:21.334,Zohre,right,66.567,3994,,,,,,,1.9477,0.1213,1.0755,3.4771,3.4771,6.6428
2026-06-15 16:38:21.367,Zohre,right,66.600,3996,,,,,,,1.9248,0.1182,1.0937,3.4968,3.4968,6.6433
2026-06-15 16:38:21.398,Zohre,right,66.617,3997,,,,,,,1.9112,0.0697,1.1073,3.5290,3.5290,6.8178
2026-06-15 16:38:21.428,Zohre,right,66.650,3999,,,,,,,1.8802,0.0489,1.1007,3.4927,3.4927,6.6456
2026-06-15 16:38:21.458,Zohre,right,66.683,4001,,,,,,,1.9143,0.0791,1.0379,3.4233,3.4233,6.3195
2026-06-15 16:38:21.489,Zohre,right,66.717,4003,,,,,,,1.9354,0.0436,1.0207,3.3994,3.3994,6.2810
2026-06-15 16:38:21.520,Zohre,right,66.750,4005,,,,,,,1.9595,0.0347,0.9948,3.2773,3.2773,6.1123
2026-06-15 16:38:21.550,Zohre,right,66.783,4007,,,,,,,1.9304,-0.0353,1.0279,3.4564,3.4564,6.6038
2026-06-15 16:38:21.581,Zohre,right,66.800,4008,,,,,,,1.9243,-0.0799,1.0421,3.4642,3.4642,6.8088
2026-06-15 16:38:21.611,Zohre,right,66.833,4010,,,,,,,1.9141,-0.0699,1.0698,3.4612,3.4612,6.8381
2026-06-15 16:38:21.642,Zohre,right,66.867,4012,,,,,,,1.9375,-0.0767,1.1302,3.4562,3.4562,6.8556
2026-06-15 16:38:21.672,Zohre,right,66.900,4014,,,,,,,1.9396,-0.0867,1.1524,3.4919,3.4919,6.9093
2026-06-15 16:38:21.703,Zohre,right,66.933,4016,,,,,,,2.0686,-0.0582,1.1084,3.6086,3.6086,6.7907
2026-06-15 16:38:21.733,Zohre,right,66.967,4018,,,,,,,2.2436,-0.0015,1.0208,3.6197,3.6197,6.9287
2026-06-15 16:38:21.764,Zohre,right,66.983,4019,,,,,,,2.3120,0.0620,0.9555,3.6155,3.6155,6.9465
2026-06-15 16:38:21.795,Zohre,right,67.017,4021,,,,,,,2.3235,0.0548,0.9362,3.6857,3.6857,7.2621
2026-06-15 16:38:21.825,Zohre,right,67.050,4023,,,,,,,2.3404,0.0863,0.8996,3.6868,3.6868,7.1211
2026-06-15 16:38:21.856,Zohre,right,67.083,4025,,,,,,,2.3155,0.0775,0.8743,3.8237,3.8237,7.2722
2026-06-15 16:38:21.887,Zohre,right,67.117,4027,,,,,,,2.4120,0.1455,0.8352,3.7369,3.7369,7.1526
2026-06-15 16:38:21.917,Zohre,right,67.150,4029,,,,,,,2.3974,0.1268,0.8372,3.7620,3.7620,7.4627
2026-06-15 16:38:21.948,Zohre,right,67.167,4030,,,,,,,2.4897,0.2132,0.8167,3.6948,3.6948,7.1800
2026-06-15 16:38:21.978,Zohre,right,67.200,4032,,,,,,,2.4688,0.1829,0.8183,3.7693,3.7693,7.6334
