timestamp,username,active_eye,playback_time_s,video_frame,left_x,left_y,left_z,left_w_mm,left_h_mm,left_area_mm2,right_x,right_y,right_z,right_w_mm,right_h_mm,right_area_mm2
2026-06-15 16:46:44.636,Pavel,right,0.050,3,,,,,,,0.0475,0.1645,5.6826,3.2230,3.2230,7.2801
2026-06-15 16:46:44.666,Pavel,right,0.050,3,,,,,,,-0.0862,0.0000,4.7937,0.0000,0.0000,0.0000
2026-06-15 16:46:44.697,Pavel,right,0.050,3,,,,,,,0.5298,0.3356,5.6062,2.0361,2.0361,5.3011
2026-06-15 16:46:44.735,Pavel,right,0.050,3,,,,,,,0.4226,0.0389,5.7293,2.4719,2.4719,6.6407
2026-06-15 16:46:44.765,Pavel,right,0.050,3,,,,,,,0.3392,-0.0669,5.8834,2.7117,2.7117,7.2288
2026-06-15 16:46:44.796,Pavel,right,0.050,3,,,,,,,0.0887,-0.1112,5.8951,3.2221,3.2221,7.5302
2026-06-15 16:46:44.827,Pavel,right,0.050,3,,,,,,,0.0214,-0.1171,5.8802,3.3364,3.3364,7.5713
2026-06-15 16:46:44.857,Pavel,right,0.050,3,,,,,,,-0.0810,-0.0854,5.8427,3.4978,3.4978,7.6344
2026-06-15 16:46:44.888,Pavel,right,0.050,3,,,,,,,-0.1051,-0.0724,5.8369,3.5314,3.5314,7.5926
2026-06-15 16:46:44.918,Pavel,right,0.050,3,,,,,,,-0.0966,-0.0571,5.8358,3.5110,3.5110,7.5813
2026-06-15 16:46:44.949,Pavel,right,0.017,1,,,,,,,-0.0917,-0.0459,5.8390,3.4921,3.4921,7.5283
2026-06-15 16:46:44.979,Pavel,right,0.050,3,,,,,,,-0.0920,-0.0332,5.8369,3.4760,3.4760,7.4503
2026-06-15 16:46:45.010,Pavel,right,0.067,4,,,,,,,-0.1021,-0.0276,5.8320,3.4621,3.4621,7.4249
2026-06-15 16:46:45.041,Pavel,right,0.100,6,,,,,,,-0.1195,-0.0280,5.8299,3.5245,3.5245,7.5704
2026-06-15 16:46:45.071,Pavel,right,0.133,8,,,,,,,-0.1294,-0.0454,5.8421,3.5298,3.5298,7.5336
2026-06-15 16:46:45.102,Pavel,right,0.150,9,,,,,,,-0.1200,-0.0850,5.8708,3.5419,3.5419,7.4833
2026-06-15 16:46:45.132,Pavel,right,0.183,11,,,,,,,-0.1095,-0.1065,5.8919,3.5440,3.5440,7.4407
2026-06-15 16:46:45.163,Pavel,right,0.217,13,,,,,,,-0.1095,-0.1065,5.8919,3.5440,3.5440,7.4407
2026-06-15 16:46:45.194,Pavel,right,0.250,15,,,,,,,-0.1059,-0.1279,5.9063,3.5388,3.5388,7.4220
2026-06-15 16:46:45.224,Pavel,right,0.283,17,,,,,,,-0.0970,-0.1412,5.9204,3.5277,3.5277,7.4272
2026-06-15 16:46:45.255,Pavel,right,0.317,19,,,,,,,-0.3437,-0.1084,5.9217,3.5198,3.5198,7.2752
2026-06-15 16:46:45.286,Pavel,right,0.350,21,,,,,,,-0.7278,-0.0501,5.9145,3.5020,3.5020,7.0724
2026-06-15 16:46:45.316,Pavel,right,0.367,22,,,,,,,-0.8109,-0.0414,5.9109,3.4571,3.4571,7.0275
2026-06-15 16:46:45.347,Pavel,right,0.400,24,,,,,,,-0.9291,-0.0315,5.9068,3.4734,3.4734,6.9775
2026-06-15 16:46:45.378,Pavel,right,0.433,26,,,,,,,-0.9898,-0.0026,5.9101,3.5093,3.5093,7.0415
2026-06-15 16:46:45.409,Pavel,right,0.467,28,,,,,,,-1.0264,0.0345,5.9113,3.5389,3.5389,7.1621
2026-06-15 16:46:45.440,Pavel,right,0.500,30,,,,,,,-1.0611,0.0572,5.9288,3.5939,3.5939,7.2933
2026-06-15 16:46:45.471,Pavel,right,0.533,32,,,,,,,-1.0985,0.0763,5.9549,3.6566,3.6566,7.3838
2026-06-15 16:46:45.502,Pavel,right,0.550,33,,,,,,,-1.1113,0.0735,5.9676,3.6838,3.6838,7.4108
2026-06-15 16:46:45.532,Pavel,right,0.583,35,,,,,,,-1.1372,0.0837,5.9760,3.6892,3.6892,7.4087
2026-06-15 16:46:45.563,Pavel,right,0.617,37,,,,,,,-1.1596,0.0823,5.9605,3.6822,3.6822,7.4395
2026-06-15 16:46:45.594,Pavel,right,0.650,39,,,,,,,-1.1762,0.0821,5.9160,3.6823,3.6823,7.4994
2026-06-15 16:46:45.625,Pavel,right,0.683,41,,,,,,,-1.1579,0.0803,5.8930,3.6448,3.6448,7.5373
2026-06-15 16:46:45.655,Pavel,right,0.717,43,,,,,,,-1.1413,0.0618,5.9143,3.5705,3.5705,7.3620
2026-06-15 16:46:45.686,Pavel,right,0.733,44,,,,,,,-1.1347,0.0494,5.9416,3.5024,3.5024,7.1479
2026-06-15 16:46:45.716,Pavel,right,0.767,46,,,,,,,-1.1353,0.0511,5.9499,3.4819,3.4819,7.0934
2026-06-15 16:46:45.747,Pavel,right,0.800,48,,,,,,,-1.1716,0.0655,5.9375,3.5536,3.5536,7.1574
2026-06-15 16:46:45.778,Pavel,right,0.833,50,,,,,,,-1.1806,0.0719,5.9143,3.6481,3.6481,7.2843
2026-06-15 16:46:45.808,Pavel,right,0.867,52,,,,,,,-1.2097,0.0923,5.8931,3.7176,3.7176,7.4136
2026-06-15 16:46:45.838,Pavel,right,0.900,54,,,,,,,-1.1681,0.1025,5.9144,3.6424,3.6424,7.5418
2026-06-15 16:46:45.869,Pavel,right,0.933,56,,,,,,,-1.1522,0.1133,5.9252,3.6053,3.6053,7.4309
2026-06-15 16:46:45.899,Pavel,right,0.950,57,,,,,,,-1.1603,0.1290,5.9630,3.6009,3.6009,7.4847
2026-06-15 16:46:45.931,Pavel,right,0.983,59,,,,,,,-1.1628,0.1239,5.9569,3.6033,3.6033,7.2969
2026-06-15 16:46:45.961,Pavel,right,1.017,61,,,,,,,-1.2010,0.1048,5.9395,3.6634,3.6634,7.4708
2026-06-15 16:46:45.992,Pavel,right,1.050,63,,,,,,,-1.2260,0.0943,5.9425,3.6989,3.6989,7.6224
2026-06-15 16:46:46.023,Pavel,right,1.083,65,,,,,,,-1.2505,0.0773,5.9626,3.7197,3.7197,7.7400
2026-06-15 16:46:46.053,Pavel,right,1.117,67,,,,,,,-1.2327,0.0749,5.9804,3.6969,3.6969,7.6613
2026-06-15 16:46:46.084,Pavel,right,1.133,68,,,,,,,-1.2112,0.0740,5.9696,3.7092,3.7092,7.7063
2026-06-15 16:46:46.115,Pavel,right,1.167,70,,,,,,,-1.2157,0.0693,5.9706,3.7475,3.7475,7.8197
2026-06-15 16:46:46.145,Pavel,right,1.200,72,,,,,,,-1.2207,0.0591,5.9767,3.7682,3.7682,7.9255
2026-06-15 16:46:46.175,Pavel,right,1.233,74,,,,,,,-1.2144,0.0553,5.9750,3.7590,3.7590,7.9375
2026-06-15 16:46:46.206,Pavel,right,1.267,76,,,,,,,-1.2190,0.0492,5.9781,3.7553,3.7553,7.9648
2026-06-15 16:46:46.236,Pavel,right,1.300,78,,,,,,,-1.2178,0.0482,5.9804,3.7479,3.7479,7.9812
2026-06-15 16:46:46.267,Pavel,right,1.317,79,,,,,,,-1.3102,0.0570,5.9827,3.6954,3.6954,7.8011
2026-06-15 16:46:46.297,Pavel,right,1.350,81,,,,,,,-1.4214,0.0777,5.9808,3.6584,3.6584,7.5817
2026-06-15 16:46:46.328,Pavel,right,1.383,83,,,,,,,-1.4746,0.0887,5.9831,3.6360,3.6360,7.5127
2026-06-15 16:46:46.358,Pavel,right,1.400,84,,,,,,,-1.4948,0.0943,5.9847,3.6351,3.6351,7.5044
2026-06-15 16:46:46.389,Pavel,right,1.467,88,,,,,,,-1.5520,0.1105,5.9797,3.6454,3.6454,7.3571
2026-06-15 16:46:46.419,Pavel,right,1.500,90,,,,,,,-1.6742,0.1414,5.9775,3.5517,3.5517,7.3475
2026-06-15 16:46:46.450,Pavel,right,1.517,91,,,,,,,-1.9233,0.1578,6.0016,3.5908,3.5908,7.3215
2026-06-15 16:46:46.481,Pavel,right,1.550,93,,,,,,,-2.0705,0.1735,6.0287,3.6084,3.6084,7.4050
2026-06-15 16:46:46.511,Pavel,right,1.583,95,,,,,,,-2.1694,0.1712,6.0491,3.6043,3.6043,7.1989
2026-06-15 16:46:46.542,Pavel,right,1.617,97,,,,,,,-2.1968,0.1856,6.0520,3.5860,3.5860,7.0684
2026-06-15 16:46:46.573,Pavel,right,1.650,99,,,,,,,-2.2510,0.2060,6.0642,3.5284,3.5284,7.0819
2026-06-15 16:46:46.604,Pavel,right,1.683,101,,,,,,,-2.2912,0.2239,6.0532,3.4839,3.4839,6.9454
2026-06-15 16:46:46.635,Pavel,right,1.700,102,,,,,,,-2.3315,0.2610,6.0152,3.4361,3.4361,6.7682
2026-06-15 16:46:46.665,Pavel,right,1.733,104,,,,,,,-2.3435,0.2815,5.9991,3.4171,3.4171,6.7377
2026-06-15 16:46:46.696,Pavel,right,1.767,106,,,,,,,-2.3290,0.2687,6.0057,3.3932,3.3932,6.7666
2026-06-15 16:46:46.727,Pavel,right,1.800,108,,,,,,,-2.0447,0.2293,6.0113,3.5243,3.5243,7.0472
2026-06-15 16:46:46.757,Pavel,right,1.833,110,,,,,,,-1.8541,0.2064,6.0158,3.5922,3.5922,7.3969
2026-06-15 16:46:46.787,Pavel,right,1.867,112,,,,,,,-1.7747,0.1853,6.0117,3.6114,3.6114,7.4494
2026-06-15 16:46:46.818,Pavel,right,1.883,113,,,,,,,-1.6708,0.1607,6.0068,3.6649,3.6649,7.6331
2026-06-15 16:46:46.849,Pavel,right,1.917,115,,,,,,,-1.5879,0.1478,6.0266,3.7571,3.7571,7.9738
2026-06-15 16:46:46.879,Pavel,right,1.950,117,,,,,,,-1.4845,0.1292,6.0336,3.7822,3.7822,7.9793
2026-06-15 16:46:46.910,Pavel,right,1.983,119,,,,,,,-1.0099,0.0890,5.9977,3.8083,3.8083,8.3837
2026-06-15 16:46:46.940,Pavel,right,2.017,121,,,,,,,-0.7588,0.0697,5.9654,3.8312,3.8312,8.7023
2026-06-15 16:46:46.971,Pavel,right,2.050,123,,,,,,,-0.5639,0.0429,5.9430,3.8682,3.8682,8.8680
2026-06-15 16:46:47.002,Pavel,right,2.067,124,,,,,,,-0.4282,0.0338,5.9365,3.9409,3.9409,9.2311
2026-06-15 16:46:47.032,Pavel,right,2.100,126,,,,,,,-0.3557,0.0279,5.9373,3.9414,3.9414,9.2521
2026-06-15 16:46:47.063,Pavel,right,2.133,128,,,,,,,-0.2051,0.0337,5.9169,3.8756,3.8756,9.1894
2026-06-15 16:46:47.094,Pavel,right,2.167,130,,,,,,,-0.0980,0.0503,5.9006,3.8642,3.8642,9.2898
2026-06-15 16:46:47.124,Pavel,right,2.200,132,,,,,,,-0.0283,0.0690,5.8970,3.8833,3.8833,9.4095
2026-06-15 16:46:47.155,Pavel,right,2.233,134,,,,,,,0.0096,0.0704,5.8985,3.8834,3.8834,9.4387
2026-06-15 16:46:47.186,Pavel,right,2.267,136,,,,,,,0.0433,0.0681,5.9030,3.8782,3.8782,9.5081
2026-06-15 16:46:47.217,Pavel,right,2.283,137,,,,,,,0.0137,0.0681,5.9125,3.9078,3.9078,9.6295
2026-06-15 16:46:47.247,Pavel,right,2.317,139,,,,,,,-0.4036,0.0689,5.9079,3.8927,3.8927,9.2970
2026-06-15 16:46:47.278,Pavel,right,2.350,141,,,,,,,-0.6444,0.0836,5.9112,3.8438,3.8438,9.0599
2026-06-15 16:46:47.308,Pavel,right,2.383,143,,,,,,,-0.7478,0.0844,5.9114,3.8382,3.8382,9.0015
2026-06-15 16:46:47.339,Pavel,right,2.417,145,,,,,,,-0.9268,0.0823,5.9605,3.8715,3.8715,8.9948
2026-06-15 16:46:47.370,Pavel,right,2.450,147,,,,,,,-1.0782,0.1108,6.0158,3.8977,3.8977,8.8467
2026-06-15 16:46:47.400,Pavel,right,2.467,148,,,,,,,-1.1422,0.1262,6.0378,3.9097,3.9097,8.9055
2026-06-15 16:46:47.431,Pavel,right,2.500,150,,,,,,,-1.2307,0.1452,6.0766,3.8724,3.8724,8.6981
2026-06-15 16:46:47.461,Pavel,right,2.533,152,,,,,,,-1.2789,0.1506,6.0920,3.8545,3.8545,8.6139
2026-06-15 16:46:47.492,Pavel,right,2.567,154,,,,,,,-1.3907,0.1601,6.0845,3.9331,3.9331,8.5600
2026-06-15 16:46:47.522,Pavel,right,2.600,156,,,,,,,-1.4333,0.1572,6.0595,3.9742,3.9742,8.5343
2026-06-15 16:46:47.553,Pavel,right,2.633,158,,,,,,,-1.4697,0.1665,6.0492,3.9369,3.9369,8.5145
2026-06-15 16:46:47.584,Pavel,right,2.650,159,,,,,,,-1.4829,0.1631,6.0459,3.9156,3.9156,8.4805
2026-06-15 16:46:47.615,Pavel,right,2.683,161,,,,,,,-1.5307,0.1700,6.0522,3.9236,3.9236,8.4501
2026-06-15 16:46:47.646,Pavel,right,2.717,163,,,,,,,-1.5526,0.1436,6.0976,3.9158,3.9158,8.5763
2026-06-15 16:46:47.676,Pavel,right,2.750,165,,,,,,,-1.5311,0.1154,6.1333,3.9827,3.9827,8.8084
2026-06-15 16:46:47.707,Pavel,right,2.783,167,,,,,,,-1.3873,0.0587,6.1344,3.9962,3.9962,8.9523
2026-06-15 16:46:47.738,Pavel,right,2.817,169,,,,,,,-1.2426,0.0283,6.1099,3.9998,3.9998,9.1183
2026-06-15 16:46:47.769,Pavel,right,2.833,170,,,,,,,-1.0425,-0.0156,6.0538,4.0233,4.0233,9.2526
2026-06-15 16:46:47.799,Pavel,right,2.867,172,,,,,,,-0.8834,-0.0476,6.0074,4.0249,4.0249,9.4218
2026-06-15 16:46:47.830,Pavel,right,2.900,174,,,,,,,-0.7874,-0.0486,5.9813,3.9830,3.9830,9.4132
2026-06-15 16:46:47.860,Pavel,right,2.933,176,,,,,,,-0.6446,-0.0301,5.9424,3.9748,3.9748,9.4961
2026-06-15 16:46:47.891,Pavel,right,2.967,178,,,,,,,-0.5517,0.0007,5.9046,4.0323,4.0323,9.6089
2026-06-15 16:46:47.921,Pavel,right,3.000,180,,,,,,,-0.4555,0.0091,5.8634,4.1309,4.1309,9.8712
2026-06-15 16:46:47.952,Pavel,right,3.017,181,,,,,,,-0.3998,0.0184,5.8424,4.1127,4.1127,9.8552
2026-06-15 16:46:47.982,Pavel,right,3.050,183,,,,,,,-0.3105,0.0245,5.8079,4.0737,4.0737,9.9081
2026-06-15 16:46:48.014,Pavel,right,3.083,185,,,,,,,-0.2533,0.0321,5.7860,4.0437,4.0437,9.9615
2026-06-15 16:46:48.044,Pavel,right,3.117,187,,,,,,,-0.2158,0.0392,5.7763,4.0196,4.0196,10.0624
2026-06-15 16:46:48.075,Pavel,right,3.150,189,,,,,,,-0.2105,0.0342,5.7721,4.0181,4.0181,10.0761
2026-06-15 16:46:48.105,Pavel,right,3.183,191,,,,,,,-0.1714,-0.0377,5.7632,4.0470,4.0470,10.2846
2026-06-15 16:46:48.136,Pavel,right,3.200,192,,,,,,,-0.1947,-0.0729,5.7645,4.1462,4.1462,10.5238
2026-06-15 16:46:48.167,Pavel,right,3.233,194,,,,,,,-0.1461,-0.1058,5.7994,4.0671,4.0671,10.6492
2026-06-15 16:46:48.197,Pavel,right,3.267,196,,,,,,,-0.1247,-0.1062,5.8403,4.0575,4.0575,10.5028
2026-06-15 16:46:48.228,Pavel,right,3.300,198,,,,,,,-0.1210,-0.0939,5.8716,4.0527,4.0527,10.3775
2026-06-15 16:46:48.258,Pavel,right,3.333,200,,,,,,,-0.1019,-0.0567,5.8958,3.9966,3.9966,10.3737
2026-06-15 16:46:48.289,Pavel,right,3.367,202,,,,,,,-0.0841,-0.0082,5.9234,3.9886,3.9886,10.3325
2026-06-15 16:46:48.320,Pavel,right,3.400,204,,,,,,,-0.0601,0.0220,5.9325,3.9698,3.9698,10.4016
2026-06-15 16:46:48.350,Pavel,right,3.417,205,,,,,,,-0.0527,0.0430,5.9322,3.9877,3.9877,10.5031
2026-06-15 16:46:48.380,Pavel,right,3.450,207,,,,,,,-0.0644,0.0684,5.9424,4.0610,4.0610,10.6890
2026-06-15 16:46:48.411,Pavel,right,3.483,209,,,,,,,-0.0701,0.0849,5.9446,4.0825,4.0825,10.5956
2026-06-15 16:46:48.442,Pavel,right,3.517,211,,,,,,,-0.0210,0.0848,5.9207,3.9875,3.9875,10.2902
2026-06-15 16:46:48.473,Pavel,right,3.550,213,,,,,,,-0.0065,0.0675,5.8779,4.0026,4.0026,10.1655
2026-06-15 16:46:48.504,Pavel,right,3.583,215,,,,,,,-0.0058,0.0493,5.8513,4.0162,4.0162,10.1965
2026-06-15 16:46:48.535,Pavel,right,3.600,216,,,,,,,0.0000,0.0174,5.8592,4.0426,4.0426,10.3004
2026-06-15 16:46:48.565,Pavel,right,3.633,218,,,,,,,0.0417,0.0110,5.8648,4.0032,4.0032,10.2926
2026-06-15 16:46:48.596,Pavel,right,3.667,220,,,,,,,0.0865,-0.0116,5.8841,3.9956,3.9956,10.1924
2026-06-15 16:46:48.626,Pavel,right,3.700,222,,,,,,,0.1157,-0.0066,5.9011,4.0037,4.0037,10.1219
2026-06-15 16:46:48.657,Pavel,right,3.733,224,,,,,,,0.1262,0.0200,5.9187,4.0311,4.0311,10.1618
2026-06-15 16:46:48.687,Pavel,right,3.767,226,,,,,,,0.1356,0.0300,5.9276,4.0112,4.0112,10.1702
2026-06-15 16:46:48.718,Pavel,right,3.783,227,,,,,,,0.1491,0.0507,5.9464,3.9994,3.9994,10.1065
2026-06-15 16:46:48.749,Pavel,right,3.817,229,,,,,,,0.1550,0.0625,5.9612,3.9937,3.9937,10.1142
2026-06-15 16:46:48.780,Pavel,right,3.850,231,,,,,,,0.1545,0.0667,5.9652,3.9977,3.9977,10.1129
2026-06-15 16:46:48.810,Pavel,right,3.883,233,,,,,,,0.1750,0.0780,5.9708,3.9296,3.9296,10.0738
2026-06-15 16:46:48.841,Pavel,right,3.917,235,,,,,,,0.1638,0.0965,5.9800,3.9879,3.9879,10.0722
2026-06-15 16:46:48.872,Pavel,right,3.950,237,,,,,,,0.1617,0.1042,5.9915,4.0016,4.0016,10.0152
2026-06-15 16:46:48.903,Pavel,right,3.967,238,,,,,,,0.1422,0.1184,5.9908,4.0311,4.0311,10.0000
2026-06-15 16:46:48.933,Pavel,right,4.000,240,,,,,,,0.1401,0.1132,5.9804,3.9944,3.9944,9.8555
2026-06-15 16:46:48.963,Pavel,right,4.033,242,,,,,,,0.1482,0.1174,5.9600,3.9400,3.9400,9.6686
2026-06-15 16:46:48.994,Pavel,right,4.067,244,,,,,,,0.1761,0.1363,5.9544,3.8567,3.8567,9.5259
2026-06-15 16:46:49.025,Pavel,right,4.100,246,,,,,,,0.1681,0.1317,5.9595,3.8869,3.8869,9.6164
2026-06-15 16:46:49.055,Pavel,right,4.133,248,,,,,,,0.1623,0.1233,5.9660,3.8966,3.8966,9.6356
2026-06-15 16:46:49.086,Pavel,right,4.167,250,,,,,,,0.1432,0.1187,5.9710,3.9198,3.9198,9.6341
2026-06-15 16:46:49.117,Pavel,right,4.183,251,,,,,,,0.0987,0.1265,5.9949,3.9348,3.9348,9.6902
2026-06-15 16:46:49.147,Pavel,right,4.217,253,,,,,,,0.0926,0.1505,6.0150,3.8635,3.8635,9.2954
2026-06-15 16:46:49.177,Pavel,right,4.250,255,,,,,,,0.0535,0.1602,6.0285,3.8787,3.8787,9.2780
2026-06-15 16:46:49.208,Pavel,right,4.283,257,,,,,,,-0.0067,0.1805,6.0553,3.8767,3.8767,9.3187
2026-06-15 16:46:49.239,Pavel,right,4.317,259,,,,,,,-0.0435,0.1992,6.0595,3.9008,3.9008,9.3336
2026-06-15 16:46:49.269,Pavel,right,4.350,261,,,,,,,-0.0861,0.2012,6.0337,3.9326,3.9326,9.2728
2026-06-15 16:46:49.300,Pavel,right,4.367,262,,,,,,,-0.1152,0.1963,6.0002,3.9519,3.9519,9.2445
2026-06-15 16:46:49.330,Pavel,right,4.400,264,,,,,,,-0.1379,0.1859,5.9908,3.9836,3.9836,9.3747
2026-06-15 16:46:49.361,Pavel,right,4.433,266,,,,,,,-0.1272,0.1865,5.9682,3.9091,3.9091,9.0942
2026-06-15 16:46:49.391,Pavel,right,4.467,268,,,,,,,-0.1933,0.1563,5.9726,3.9628,3.9628,9.2744
2026-06-15 16:46:49.422,Pavel,right,4.500,270,,,,,,,-0.1756,0.1208,5.9927,3.9014,3.9014,9.1750
2026-06-15 16:46:49.453,Pavel,right,4.533,272,,,,,,,-0.1840,0.0943,6.0100,3.8963,3.8963,9.1531
2026-06-15 16:46:49.483,Pavel,right,4.550,273,,,,,,,-0.2030,0.0733,6.0245,3.8957,3.8957,9.0718
2026-06-15 16:46:49.514,Pavel,right,4.583,275,,,,,,,-0.2489,0.0540,6.0377,3.8817,3.8817,8.9693
2026-06-15 16:46:49.545,Pavel,right,4.617,277,,,,,,,-0.2930,0.0482,6.0279,3.8701,3.8701,8.9744
2026-06-15 16:46:49.575,Pavel,right,4.650,279,,,,,,,-0.3114,0.0622,6.0166,3.8649,3.8649,8.9267
2026-06-15 16:46:49.606,Pavel,right,4.683,281,,,,,,,-0.3475,0.0954,5.9853,3.8596,3.8596,8.8484
2026-06-15 16:46:49.637,Pavel,right,4.717,283,,,,,,,-0.3718,0.1080,5.9688,3.8426,3.8426,8.8720
2026-06-15 16:46:49.668,Pavel,right,4.733,284,,,,,,,-0.3800,0.1258,5.9738,3.8203,3.8203,8.8814
2026-06-15 16:46:49.698,Pavel,right,4.767,286,,,,,,,-0.4264,0.1116,6.0100,3.8021,3.8021,8.8583
2026-06-15 16:46:49.729,Pavel,right,4.800,288,,,,,,,-0.4341,0.0980,6.0192,3.7992,3.7992,8.8303
2026-06-15 16:46:49.760,Pavel,right,4.833,290,,,,,,,-0.4605,0.0765,6.0318,3.8286,3.8286,8.8892
2026-06-15 16:46:49.791,Pavel,right,4.867,292,,,,,,,-0.5819,0.0622,6.0246,3.8987,3.8987,8.7281
2026-06-15 16:46:49.821,Pavel,right,4.900,294,,,,,,,-0.6451,0.0509,6.0205,3.9221,3.9221,8.6630
2026-06-15 16:46:49.852,Pavel,right,4.917,295,,,,,,,-0.6576,0.0507,6.0308,3.8883,3.8883,8.6570
2026-06-15 16:46:49.883,Pavel,right,4.950,297,,,,,,,-0.6596,0.0369,6.0595,3.7997,3.7997,8.6099
2026-06-15 16:46:49.913,Pavel,right,4.983,299,,,,,,,-0.6607,0.0267,6.0724,3.7752,3.7752,8.5638
2026-06-15 16:46:49.944,Pavel,right,5.017,301,,,,,,,-0.7381,0.0152,6.0631,3.8450,3.8450,8.5410
2026-06-15 16:46:49.974,Pavel,right,5.050,303,,,,,,,-0.7953,0.0147,6.0401,3.8854,3.8854,8.5756
2026-06-15 16:46:50.005,Pavel,right,5.083,305,,,,,,,-0.8385,0.0247,6.0320,3.9034,3.9034,8.5995
2026-06-15 16:46:50.036,Pavel,right,5.117,307,,,,,,,-0.8543,0.0377,6.0318,3.9060,3.9060,8.6278
2026-06-15 16:46:50.066,Pavel,right,5.133,308,,,,,,,-0.8561,0.0625,6.0468,3.8627,3.8627,8.6196
2026-06-15 16:46:50.097,Pavel,right,5.167,310,,,,,,,-0.8651,0.0777,6.0489,3.8290,3.8290,8.5343
2026-06-15 16:46:50.128,Pavel,right,5.200,312,,,,,,,-0.8820,0.0927,6.0413,3.7857,3.7857,8.4094
2026-06-15 16:46:50.158,Pavel,right,5.233,314,,,,,,,-0.8915,0.1020,6.0210,3.7411,3.7411,8.2903
2026-06-15 16:46:50.189,Pavel,right,5.267,316,,,,,,,-0.9258,0.0957,5.9894,3.7753,3.7753,8.3604
2026-06-15 16:46:50.219,Pavel,right,5.300,318,,,,,,,-0.9654,0.0970,5.9849,3.7975,3.7975,8.4062
2026-06-15 16:46:50.250,Pavel,right,5.317,319,,,,,,,-0.9599,0.1011,5.9771,3.7631,3.7631,8.3019
2026-06-15 16:46:50.281,Pavel,right,5.350,321,,,,,,,-0.9902,0.0914,5.9604,3.8431,3.8431,8.2881
2026-06-15 16:46:50.311,Pavel,right,5.383,323,,,,,,,-1.0265,0.0714,5.9339,3.8864,3.8864,8.2185
2026-06-15 16:46:50.342,Pavel,right,5.417,325,,,,,,,-1.0490,0.0717,5.9102,3.9072,3.9072,8.1473
2026-06-15 16:46:50.373,Pavel,right,5.450,327,,,,,,,-1.0565,0.0815,5.9051,3.8919,3.8919,8.1702
2026-06-15 16:46:50.403,Pavel,right,5.483,329,,,,,,,-1.0823,0.1040,5.9055,3.8751,3.8751,8.1610
2026-06-15 16:46:50.434,Pavel,right,5.500,330,,,,,,,-1.1410,0.1259,5.9288,3.8308,3.8308,8.1144
2026-06-15 16:46:50.464,Pavel,right,5.533,332,,,,,,,-1.1638,0.1165,5.9445,3.8252,3.8252,8.0785
2026-06-15 16:46:50.495,Pavel,right,5.567,334,,,,,,,-1.2154,0.1097,5.9757,3.8170,3.8170,8.1285
2026-06-15 16:46:50.526,Pavel,right,5.600,336,,,,,,,-1.3091,0.1264,6.0040,3.7693,3.7693,8.0261
2026-06-15 16:46:50.557,Pavel,right,5.633,338,,,,,,,-1.3819,0.1363,6.0380,3.7401,3.7401,8.0071
2026-06-15 16:46:50.588,Pavel,right,5.667,340,,,,,,,-1.4646,0.1327,6.0639,3.8122,3.8122,8.0773
2026-06-15 16:46:50.618,Pavel,right,5.683,341,,,,,,,-1.5014,0.1454,6.0685,3.8062,3.8062,8.0168
2026-06-15 16:46:50.649,Pavel,right,5.717,343,,,,,,,-1.5723,0.1752,6.0786,3.7975,3.7975,8.0901
2026-06-15 16:46:50.680,Pavel,right,5.750,345,,,,,,,-1.6137,0.1970,6.0895,3.7360,3.7360,8.0725
2026-06-15 16:46:50.710,Pavel,right,5.783,347,,,,,,,-1.6477,0.2010,6.1117,3.7067,3.7067,7.8959
2026-06-15 16:46:50.743,Pavel,right,5.817,349,,,,,,,-1.6588,0.1965,6.1244,3.6664,3.6664,7.7163
2026-06-15 16:46:50.774,Pavel,right,5.850,351,,,,,,,-1.6637,0.1941,6.1355,3.6480,3.6480,7.7132
2026-06-15 16:46:50.805,Pavel,right,5.883,353,,,,,,,-1.7128,0.1809,6.1500,3.7151,3.7151,7.8024
2026-06-15 16:46:50.836,Pavel,right,5.917,355,,,,,,,-1.6841,0.1460,6.1395,3.6895,3.6895,7.6717
2026-06-15 16:46:50.866,Pavel,right,5.933,356,,,,,,,-1.6730,0.1086,6.1174,3.6840,3.6840,7.6021
2026-06-15 16:46:50.897,Pavel,right,5.967,358,,,,,,,-1.6694,0.1016,6.1116,3.6787,3.6787,7.5813
2026-06-15 16:46:50.927,Pavel,right,6.000,360,,,,,,,-1.6788,0.1054,6.1108,3.6676,3.6676,7.5028
2026-06-15 16:46:50.958,Pavel,right,6.033,362,,,,,,,-1.6850,0.1144,6.1151,3.6263,3.6263,7.4482
2026-06-15 16:46:50.989,Pavel,right,6.067,364,,,,,,,-1.7062,0.1127,6.1123,3.6535,3.6535,7.4662
2026-06-15 16:46:51.019,Pavel,right,6.100,366,,,,,,,-1.7144,0.1091,6.1128,3.6746,3.6746,7.4887
2026-06-15 16:46:51.050,Pavel,right,6.117,367,,,,,,,-1.7159,0.1167,6.1088,3.6736,3.6736,7.5210
2026-06-15 16:46:51.080,Pavel,right,6.150,369,,,,,,,-1.7270,0.1229,6.0921,3.6904,3.6904,7.5715
2026-06-15 16:46:51.111,Pavel,right,6.183,371,,,,,,,-1.7186,0.1216,6.0807,3.6606,3.6606,7.5894
2026-06-15 16:46:51.141,Pavel,right,6.217,373,,,,,,,-1.7202,0.1188,6.0876,3.6254,3.6254,7.5533
2026-06-15 16:46:51.172,Pavel,right,6.250,375,,,,,,,-1.7117,0.1219,6.0999,3.6022,3.6022,7.5094
2026-06-15 16:46:51.203,Pavel,right,6.283,377,,,,,,,-1.7189,0.1235,6.1217,3.6253,3.6253,7.5480
2026-06-15 16:46:51.233,Pavel,right,6.300,378,,,,,,,-1.7283,0.1218,6.1367,3.6308,3.6308,7.6003
2026-06-15 16:46:51.264,Pavel,right,6.333,380,,,,,,,-1.7092,0.1027,6.1227,3.6201,3.6201,7.6291
2026-06-15 16:46:51.294,Pavel,right,6.367,382,,,,,,,-1.7599,0.0989,6.0961,3.6504,3.6504,7.5995
2026-06-15 16:46:51.325,Pavel,right,6.400,384,,,,,,,-1.7755,0.0947,6.0947,3.6721,3.6721,7.7027
2026-06-15 16:46:51.356,Pavel,right,6.417,385,,,,,,,-1.7807,0.0830,6.0973,3.6868,3.6868,7.7970
2026-06-15 16:46:51.387,Pavel,right,6.467,388,,,,,,,-1.7802,0.0885,6.1106,3.6359,3.6359,7.7578
2026-06-15 16:46:51.417,Pavel,right,6.483,389,,,,,,,-1.7693,0.0920,6.1142,3.5992,3.5992,7.7121
2026-06-15 16:46:51.447,Pavel,right,6.517,391,,,,,,,-1.7935,0.0922,6.1191,3.6837,3.6837,7.7646
2026-06-15 16:46:51.478,Pavel,right,6.550,393,,,,,,,-1.7940,0.0797,6.1134,3.7376,3.7376,7.9686
2026-06-15 16:46:51.509,Pavel,right,6.583,395,,,,,,,-1.7996,0.0716,6.1229,3.7638,3.7638,8.1078
2026-06-15 16:46:51.540,Pavel,right,6.617,397,,,,,,,-1.7406,0.0779,6.1402,3.6862,3.6862,8.0290
2026-06-15 16:46:51.571,Pavel,right,6.650,399,,,,,,,-1.7177,0.0879,6.1466,3.6386,3.6386,7.8902
2026-06-15 16:46:51.602,Pavel,right,6.667,400,,,,,,,-1.6878,0.1105,6.1513,3.5741,3.5741,7.6866
2026-06-15 16:46:51.632,Pavel,right,6.700,402,,,,,,,-1.6983,0.1192,6.1390,3.6544,3.6544,7.7649
2026-06-15 16:46:51.663,Pavel,right,6.733,404,,,,,,,-1.7044,0.1094,6.1167,3.7028,3.7028,7.7765
2026-06-15 16:46:51.693,Pavel,right,6.767,406,,,,,,,-1.6948,0.0785,6.0752,3.7523,3.7523,7.8178
2026-06-15 16:46:51.724,Pavel,right,6.800,408,,,,,,,-1.6444,0.0541,6.0488,3.7264,3.7264,7.7999
2026-06-15 16:46:51.755,Pavel,right,6.833,410,,,,,,,-1.5615,0.0362,6.0560,3.6628,3.6628,7.8256
2026-06-15 16:46:51.786,Pavel,right,6.850,411,,,,,,,-1.5048,0.0547,6.0701,3.6070,3.6070,7.6048
2026-06-15 16:46:51.817,Pavel,right,6.883,413,,,,,,,-1.5038,0.0421,6.0794,3.6317,3.6317,7.6254
2026-06-15 16:46:51.847,Pavel,right,6.917,415,,,,,,,-1.5240,0.0107,6.1016,3.7701,3.7701,7.9120
2026-06-15 16:46:51.878,Pavel,right,6.950,417,,,,,,,-1.4876,-0.0070,6.0814,3.7486,3.7486,7.6990
2026-06-15 16:46:51.908,Pavel,right,6.983,419,,,,,,,-1.4615,-0.0133,6.0351,3.7310,3.7310,7.5745
2026-06-15 16:46:51.939,Pavel,right,7.017,421,,,,,,,-1.4451,-0.0156,6.0112,3.7139,3.7139,7.4949
2026-06-15 16:46:51.970,Pavel,right,7.050,423,,,,,,,-1.4042,-0.0119,5.9661,3.7359,3.7359,7.5768
2026-06-15 16:46:52.000,Pavel,right,7.067,424,,,,,,,-0.0862,0.0000,4.7937,0.0000,0.0000,0.0000
2026-06-15 16:46:52.031,Pavel,right,7.100,426,,,,,,,-0.0862,0.0000,4.7937,0.0000,0.0000,0.0000
2026-06-15 16:46:52.061,Pavel,right,7.133,428,,,,,,,-14.5026,12.7849,0.7716,4.6035,4.6035,4.4507
2026-06-15 16:46:52.092,Pavel,right,7.167,430,,,,,,,-6.9864,5.6519,2.0939,3.6809,3.6809,6.5012
2026-06-15 16:46:52.123,Pavel,right,7.200,432,,,,,,,-3.7385,2.3641,3.5842,3.5117,3.5117,7.7054
2026-06-15 16:46:52.154,Pavel,right,7.217,433,,,,,,,-2.3324,0.9462,4.6057,3.4763,3.4763,7.6041
2026-06-15 16:46:52.185,Pavel,right,7.250,435,,,,,,,-1.7530,0.3295,5.1813,3.6171,3.6171,7.7088
2026-06-15 16:46:52.215,Pavel,right,7.283,437,,,,,,,-1.5914,0.1752,5.3686,3.6631,3.6631,7.7655
2026-06-15 16:46:52.245,Pavel,right,7.317,439,,,,,,,-1.3939,0.0153,5.6024,3.7585,3.7585,7.8025
2026-06-15 16:46:52.276,Pavel,right,7.350,441,,,,,,,-1.2711,-0.0618,5.7492,3.7967,3.7967,8.1017
2026-06-15 16:46:52.307,Pavel,right,7.383,443,,,,,,,-1.1493,-0.0823,5.8053,3.7131,3.7131,7.7660
2026-06-15 16:46:52.337,Pavel,right,7.417,445,,,,,,,-1.1093,-0.0920,5.8136,3.7259,3.7259,7.7586
2026-06-15 16:46:52.368,Pavel,right,7.433,446,,,,,,,-1.0308,-0.0945,5.8172,3.7685,3.7685,7.8626
2026-06-15 16:46:52.398,Pavel,right,7.467,448,,,,,,,-0.9447,-0.0489,5.8058,3.8243,3.8243,8.1953
2026-06-15 16:46:52.429,Pavel,right,7.500,450,,,,,,,-0.9263,-0.0080,5.8206,3.9440,3.9440,8.6547
2026-06-15 16:46:52.460,Pavel,right,7.533,452,,,,,,,-0.8579,0.0192,5.8093,3.8622,3.8622,8.5208
2026-06-15 16:46:52.490,Pavel,right,7.567,454,,,,,,,-0.8346,0.0312,5.8069,3.8967,3.8967,8.6483
2026-06-15 16:46:52.521,Pavel,right,7.600,456,,,,,,,-0.7651,0.0331,5.8029,3.9453,3.9453,8.8358
2026-06-15 16:46:52.552,Pavel,right,7.617,457,,,,,,,-0.7119,0.0495,5.7885,4.0253,4.0253,9.0087
2026-06-15 16:46:52.582,Pavel,right,7.650,459,,,,,,,-0.6289,0.0845,5.7837,3.9902,3.9902,9.0320
2026-06-15 16:46:52.613,Pavel,right,7.683,461,,,,,,,-0.5648,0.0936,5.7855,3.9099,3.9099,9.0205
2026-06-15 16:46:52.643,Pavel,right,7.717,463,,,,,,,-0.5136,0.0842,5.7829,3.9424,3.9424,9.0640
2026-06-15 16:46:52.674,Pavel,right,7.750,465,,,,,,,-0.4515,0.0766,5.7748,3.9883,3.9883,9.1921
2026-06-15 16:46:52.705,Pavel,right,7.783,467,,,,,,,-0.3901,0.0795,5.7638,4.0057,4.0057,9.4330
2026-06-15 16:46:52.736,Pavel,right,7.800,468,,,,,,,-0.3061,0.0931,5.7367,3.9385,3.9385,9.4007
2026-06-15 16:46:52.769,Pavel,right,7.833,470,,,,,,,-0.2771,0.1005,5.7190,3.9371,3.9371,9.4397
2026-06-15 16:46:52.800,Pavel,right,7.867,472,,,,,,,-0.2234,0.1042,5.6947,3.9654,3.9654,9.5630
2026-06-15 16:46:52.830,Pavel,right,7.900,474,,,,,,,-0.1605,0.0997,5.6798,3.9647,3.9647,9.6052
2026-06-15 16:46:52.861,Pavel,right,7.933,476,,,,,,,-0.0789,0.0714,5.6602,3.9587,3.9587,9.5102
2026-06-15 16:46:52.892,Pavel,right,7.967,478,,,,,,,-0.0409,0.0538,5.6550,3.9542,3.9542,9.5011
2026-06-15 16:46:52.922,Pavel,right,8.000,480,,,,,,,0.0310,0.0444,5.6598,3.9347,3.9347,9.6052
2026-06-15 16:46:52.952,Pavel,right,8.017,481,,,,,,,0.0758,0.0231,5.6933,3.8731,3.8731,9.5616
2026-06-15 16:46:52.983,Pavel,right,8.050,483,,,,,,,0.1183,0.0050,5.7249,3.8066,3.8066,9.4737
2026-06-15 16:46:53.014,Pavel,right,8.083,485,,,,,,,0.1133,-0.0513,5.7316,3.8717,3.8717,9.4313
2026-06-15 16:46:53.045,Pavel,right,8.117,487,,,,,,,0.1243,-0.0777,5.7264,3.9106,3.9106,9.4420
2026-06-15 16:46:53.075,Pavel,right,8.150,489,,,,,,,0.1438,-0.1126,5.7247,3.9568,3.9568,9.5732
2026-06-15 16:46:53.106,Pavel,right,8.183,491,,,,,,,0.1577,-0.1391,5.7234,3.9877,3.9877,9.5921
2026-06-15 16:46:53.137,Pavel,right,8.217,493,,,,,,,0.1749,-0.1469,5.7418,3.9994,3.9994,9.6867
2026-06-15 16:46:53.168,Pavel,right,8.233,494,,,,,,,0.2110,-0.1349,5.7731,3.9840,3.9840,9.7987
2026-06-15 16:46:53.198,Pavel,right,8.267,496,,,,,,,0.2091,-0.1336,5.7876,3.9954,3.9954,9.8305
2026-06-15 16:46:53.229,Pavel,right,8.300,498,,,,,,,0.2218,-0.0977,5.7984,3.9642,3.9642,9.7517
2026-06-15 16:46:53.259,Pavel,right,8.333,500,,,,,,,0.2377,-0.0854,5.7999,3.9647,3.9647,9.6700
2026-06-15 16:46:53.290,Pavel,right,8.367,502,,,,,,,0.2605,-0.0826,5.8040,3.9500,3.9500,9.6295
2026-06-15 16:46:53.320,Pavel,right,8.400,504,,,,,,,0.2605,-0.0826,5.8040,3.9500,3.9500,9.6295
2026-06-15 16:46:53.351,Pavel,right,8.417,505,,,,,,,0.2824,-0.0892,5.8275,3.9443,3.9443,9.5780
2026-06-15 16:46:53.382,Pavel,right,8.450,507,,,,,,,0.3336,-0.0832,5.8475,3.8824,3.8824,9.4502
2026-06-15 16:46:53.412,Pavel,right,8.483,509,,,,,,,0.3645,-0.1078,5.8511,3.9233,3.9233,9.2874
2026-06-15 16:46:53.443,Pavel,right,8.517,511,,,,,,,0.3991,-0.1222,5.8637,3.8948,3.8948,9.2322
2026-06-15 16:46:53.473,Pavel,right,8.550,513,,,,,,,0.4053,-0.1396,5.8976,3.8601,3.8601,9.2942
2026-06-15 16:46:53.504,Pavel,right,8.567,514,,,,,,,0.4100,-0.1375,5.9089,3.8779,3.8779,9.3474
2026-06-15 16:46:53.535,Pavel,right,8.583,515,,,,,,,0.4177,-0.1523,5.9052,3.8809,3.8809,9.2984
2026-06-15 16:46:53.565,Pavel,right,8.617,517,,,,,,,0.4037,-0.1388,5.8965,3.8455,3.8455,9.1410
2026-06-15 16:46:53.596,Pavel,right,8.650,519,,,,,,,0.3872,-0.1310,5.8753,3.8730,3.8730,9.1000
2026-06-15 16:46:53.626,Pavel,right,8.683,521,,,,,,,0.4218,-0.0999,5.8797,3.7958,3.7958,9.1095
2026-06-15 16:46:53.657,Pavel,right,8.717,523,,,,,,,0.4113,-0.0921,5.8611,3.8372,3.8372,9.1359
2026-06-15 16:46:53.687,Pavel,right,8.750,525,,,,,,,0.3784,-0.0895,5.8549,3.8316,3.8316,9.1858
2026-06-15 16:46:53.717,Pavel,right,8.767,526,,,,,,,0.3574,-0.0896,5.8611,3.8450,3.8450,9.2008
2026-06-15 16:46:53.748,Pavel,right,8.800,528,,,,,,,0.3458,-0.0794,5.8620,3.8499,3.8499,9.1925
2026-06-15 16:46:53.783,Pavel,right,8.833,530,,,,,,,0.3271,-0.0892,5.8617,3.8118,3.8118,9.0426
2026-06-15 16:46:53.813,Pavel,right,8.867,532,,,,,,,0.3300,-0.0908,5.8603,3.7592,3.7592,8.9108
2026-06-15 16:46:53.844,Pavel,right,8.900,534,,,,,,,0.3318,-0.1063,5.8581,3.7713,3.7713,8.8572
2026-06-15 16:46:53.875,Pavel,right,8.933,536,,,,,,,0.3365,-0.1108,5.8853,3.7929,3.7929,8.9888
2026-06-15 16:46:53.906,Pavel,right,8.967,538,,,,,,,0.3417,-0.1212,5.8935,3.7865,3.7865,8.9849
2026-06-15 16:46:53.936,Pavel,right,9.000,540,,,,,,,0.3421,-0.1401,5.8974,3.8036,3.8036,8.9824
2026-06-15 16:46:53.967,Pavel,right,9.017,541,,,,,,,0.3275,-0.1496,5.8975,3.8412,3.8412,9.0450
2026-06-15 16:46:53.998,Pavel,right,9.050,543,,,,,,,0.3296,-0.1426,5.8998,3.7757,3.7757,8.9712
2026-06-15 16:46:54.028,Pavel,right,9.083,545,,,,,,,0.3046,-0.1407,5.9052,3.8357,3.8357,9.0029
2026-06-15 16:46:54.059,Pavel,right,9.117,547,,,,,,,0.3218,-0.1252,5.9249,3.7651,3.7651,9.0157
2026-06-15 16:46:54.089,Pavel,right,9.150,549,,,,,,,0.2744,-0.1254,5.9330,3.8398,3.8398,9.0745
2026-06-15 16:46:54.120,Pavel,right,9.183,551,,,,,,,0.2617,-0.1275,5.9303,3.8632,3.8632,9.1194
2026-06-15 16:46:54.150,Pavel,right,9.200,552,,,,,,,0.2483,-0.1237,5.9281,3.8795,3.8795,9.1338
2026-06-15 16:46:54.180,Pavel,right,9.233,554,,,,,,,0.2136,-0.1190,5.9248,3.8556,3.8556,9.1477
2026-06-15 16:46:54.211,Pavel,right,9.267,556,,,,,,,0.1856,-0.1079,5.9228,3.8567,3.8567,9.1401
2026-06-15 16:46:54.242,Pavel,right,9.300,558,,,,,,,0.2564,0.0273,5.8492,3.5948,3.5948,8.5916
2026-06-15 16:46:54.272,Pavel,right,9.333,560,,,,,,,-0.0862,0.0000,4.7937,0.0000,0.0000,0.0000
2026-06-15 16:46:54.303,Pavel,right,9.367,562,,,,,,,-0.0862,0.0000,4.7937,0.0000,0.0000,0.0000
2026-06-15 16:46:54.334,Pavel,right,9.383,563,,,,,,,-0.0862,0.0000,4.7937,0.0000,0.0000,0.0000
2026-06-15 16:46:54.364,Pavel,right,9.417,565,,,,,,,-0.0862,0.0000,4.7937,0.0000,0.0000,0.0000
2026-06-15 16:46:54.395,Pavel,right,9.450,567,,,,,,,0.1057,0.5273,5.8491,2.0796,2.0796,2.1209
2026-06-15 16:46:54.425,Pavel,right,9.483,569,,,,,,,0.0540,0.0077,5.8380,3.1443,3.1443,6.1977
2026-06-15 16:46:54.456,Pavel,right,9.517,571,,,,,,,-0.0351,-0.1532,5.8195,3.6299,3.6299,7.8375
2026-06-15 16:46:54.486,Pavel,right,9.550,573,,,,,,,-0.0548,-0.1728,5.8233,3.7305,3.7305,8.2191
2026-06-15 16:46:54.517,Pavel,right,9.567,574,,,,,,,-0.1209,-0.1835,5.8307,3.8099,3.8099,8.5378
2026-06-15 16:46:54.548,Pavel,right,9.600,576,,,,,,,-0.1751,-0.1762,5.8433,3.7926,3.7926,8.5584
2026-06-15 16:46:54.578,Pavel,right,9.633,578,,,,,,,-0.2463,-0.1482,5.8615,3.8108,3.8108,8.6242
2026-06-15 16:46:54.609,Pavel,right,9.667,580,,,,,,,-0.3012,-0.1433,5.8671,3.8606,3.8606,8.7828
2026-06-15 16:46:54.639,Pavel,right,9.700,582,,,,,,,-0.3864,-0.1193,5.8847,3.8872,3.8872,8.8297
2026-06-15 16:46:54.670,Pavel,right,9.733,584,,,,,,,-0.4432,-0.1086,5.9013,3.8603,3.8603,8.6630
2026-06-15 16:46:54.701,Pavel,right,9.750,585,,,,,,,-0.4868,-0.1178,5.9139,3.8284,3.8284,8.4804
2026-06-15 16:46:54.731,Pavel,right,9.783,587,,,,,,,-0.5495,-0.1095,5.9320,3.8127,3.8127,8.3563
2026-06-15 16:46:54.762,Pavel,right,9.817,589,,,,,,,-0.5781,-0.1033,5.9422,3.8054,3.8054,8.3428
2026-06-15 16:46:54.795,Pavel,right,9.850,591,,,,,,,-0.6241,-0.1061,5.9603,3.8486,3.8486,8.4187
2026-06-15 16:46:54.826,Pavel,right,9.883,593,,,,,,,-0.6370,-0.1368,5.9865,3.7903,3.7903,8.3252
2026-06-15 16:46:54.856,Pavel,right,9.917,595,,,,,,,-0.6671,-0.1552,6.0021,3.7457,3.7457,8.2744
2026-06-15 16:46:54.887,Pavel,right,9.950,597,,,,,,,-0.6842,-0.1675,6.0092,3.7335,3.7335,8.2187
2026-06-15 16:46:54.917,Pavel,right,9.967,598,,,,,,,-0.7222,-0.1595,6.0204,3.7812,3.7812,8.3652
2026-06-15 16:46:54.947,Pavel,right,10.000,600,,,,,,,-0.7860,-0.1441,6.0493,3.8565,3.8565,8.5604
2026-06-15 16:46:54.978,Pavel,right,10.033,602,,,,,,,-0.8450,-0.1291,6.0685,3.8945,3.8945,8.5809
2026-06-15 16:46:55.009,Pavel,right,10.067,604,,,,,,,-0.8945,-0.1334,6.0752,3.9292,3.9292,8.5234
2026-06-15 16:46:55.039,Pavel,right,10.100,606,,,,,,,-0.9249,-0.1374,6.0732,3.9386,3.9386,8.4682
2026-06-15 16:46:55.070,Pavel,right,10.133,608,,,,,,,-0.9987,-0.1251,6.0642,3.9209,3.9209,8.4567
2026-06-15 16:46:55.100,Pavel,right,10.150,609,,,,,,,-1.0199,-0.1294,6.0715,3.9100,3.9100,8.3895
2026-06-15 16:46:55.131,Pavel,right,10.183,611,,,,,,,-1.0504,-0.1393,6.0910,3.8523,3.8523,8.2349
2026-06-15 16:46:55.161,Pavel,right,10.217,613,,,,,,,-1.1342,-0.1947,6.1531,3.8949,3.8949,8.3876
2026-06-15 16:46:55.192,Pavel,right,10.250,615,,,,,,,-1.1708,-0.2253,6.1856,3.8892,3.8892,8.3691
2026-06-15 16:46:55.223,Pavel,right,10.283,617,,,,,,,-1.2248,-0.2658,6.2350,3.9084,3.9084,8.3709
2026-06-15 16:46:55.254,Pavel,right,10.317,619,,,,,,,-1.2331,-0.2514,6.2386,3.8082,3.8082,8.1424
2026-06-15 16:46:55.284,Pavel,right,10.333,620,,,,,,,-1.2504,-0.2185,6.2328,3.7284,3.7284,7.9304
2026-06-15 16:46:55.315,Pavel,right,10.367,622,,,,,,,-1.2882,-0.1948,6.2221,3.7526,3.7526,7.8010
2026-06-15 16:46:55.345,Pavel,right,10.400,624,,,,,,,-1.3258,-0.1374,6.2144,3.7450,3.7450,7.8019
2026-06-15 16:46:55.376,Pavel,right,10.433,626,,,,,,,-1.3633,-0.0895,6.1886,3.7499,3.7499,7.6632
2026-06-15 16:46:55.407,Pavel,right,10.467,628,,,,,,,-1.3869,-0.0348,6.1685,3.7301,3.7301,7.5320
2026-06-15 16:46:55.437,Pavel,right,10.500,630,,,,,,,-1.4524,-0.0132,6.1660,3.7210,3.7210,7.5773
2026-06-15 16:46:55.468,Pavel,right,10.517,631,,,,,,,-1.4824,-0.0070,6.1686,3.7199,3.7199,7.6664
2026-06-15 16:46:55.499,Pavel,right,10.550,633,,,,,,,-1.5122,-0.0103,6.1734,3.6836,3.6836,7.6941
2026-06-15 16:46:55.529,Pavel,right,10.583,635,,,,,,,-1.5458,-0.0401,6.1798,3.6694,3.6694,7.6868
2026-06-15 16:46:55.560,Pavel,right,10.617,637,,,,,,,-1.5642,-0.0548,6.1854,3.6702,3.6702,7.6645
2026-06-15 16:46:55.590,Pavel,right,10.650,639,,,,,,,-1.6159,-0.0948,6.1935,3.7544,3.7544,7.8368
2026-06-15 16:46:55.620,Pavel,right,10.683,641,,,,,,,-1.6545,-0.0882,6.2089,3.7794,3.7794,7.8429
2026-06-15 16:46:55.651,Pavel,right,10.700,642,,,,,,,-1.6472,-0.0950,6.2258,3.7190,3.7190,7.7916
2026-06-15 16:46:55.682,Pavel,right,10.733,644,,,,,,,-1.6571,-0.0970,6.2523,3.6800,3.6800,7.6876
2026-06-15 16:46:55.712,Pavel,right,10.767,646,,,,,,,-1.6789,-0.0876,6.2741,3.7051,3.7051,7.7786
2026-06-15 16:46:55.742,Pavel,right,10.800,648,,,,,,,-1.7087,-0.0869,6.3173,3.7266,3.7266,7.8513
2026-06-15 16:46:55.773,Pavel,right,10.833,650,,,,,,,-1.7987,-0.0765,6.3115,3.7815,3.7815,7.8373
2026-06-15 16:46:55.804,Pavel,right,10.867,652,,,,,,,-1.8071,-0.0655,6.2833,3.6795,3.6795,7.6330
2026-06-15 16:46:55.834,Pavel,right,10.883,653,,,,,,,-1.7961,-0.0562,6.2336,3.6100,3.6100,7.3667
2026-06-15 16:46:55.865,Pavel,right,10.917,655,,,,,,,-1.7750,-0.0318,6.1862,3.4775,3.4775,7.2078
2026-06-15 16:46:55.896,Pavel,right,10.950,657,,,,,,,-1.7848,-0.0349,6.1731,3.4513,3.4513,7.2063
2026-06-15 16:46:55.926,Pavel,right,10.983,659,,,,,,,-1.8156,-0.0632,6.1607,3.4527,3.4527,7.2116
2026-06-15 16:46:55.957,Pavel,right,11.017,661,,,,,,,-1.8273,-0.0797,6.1743,3.4542,3.4542,7.2165
2026-06-15 16:46:55.987,Pavel,right,11.050,663,,,,,,,-1.8445,-0.0905,6.1981,3.4906,3.4906,7.2229
2026-06-15 16:46:56.018,Pavel,right,11.067,664,,,,,,,-1.8441,-0.0807,6.2282,3.4727,3.4727,7.2143
2026-06-15 16:46:56.049,Pavel,right,11.100,666,,,,,,,-1.8548,-0.0908,6.2387,3.5019,3.5019,7.2214
2026-06-15 16:46:56.079,Pavel,right,11.133,668,,,,,,,-1.8939,-0.1159,6.2119,3.5772,3.5772,7.1181
2026-06-15 16:46:56.110,Pavel,right,11.167,670,,,,,,,-1.9098,-0.1168,6.1723,3.5704,3.5704,7.1119
2026-06-15 16:46:56.141,Pavel,right,11.200,672,,,,,,,-1.9055,-0.1118,6.1623,3.5480,3.5480,7.0748
2026-06-15 16:46:56.171,Pavel,right,11.233,674,,,,,,,-1.9101,-0.0889,6.1609,3.5467,3.5467,7.0566
2026-06-15 16:46:56.202,Pavel,right,11.250,675,,,,,,,-1.9022,-0.0738,6.1664,3.5096,3.5096,7.0000
2026-06-15 16:46:56.233,Pavel,right,11.283,677,,,,,,,-1.9289,-0.0592,6.1838,3.5055,3.5055,6.9868
2026-06-15 16:46:56.263,Pavel,right,11.317,679,,,,,,,-1.9436,-0.0477,6.1933,3.5275,3.5275,6.9765
2026-06-15 16:46:56.294,Pavel,right,11.350,681,,,,,,,-1.9891,-0.0478,6.1909,3.6220,3.6220,7.0781
2026-06-15 16:46:56.325,Pavel,right,11.383,683,,,,,,,-1.9084,-0.0430,6.1460,3.5084,3.5084,6.7407
2026-06-15 16:46:56.355,Pavel,right,11.417,685,,,,,,,-1.8505,-0.0608,6.1104,3.4691,3.4691,6.5846
2026-06-15 16:46:56.386,Pavel,right,11.433,686,,,,,,,-1.8167,-0.0818,6.0890,3.4169,3.4169,6.5813
2026-06-15 16:46:56.417,Pavel,right,11.467,688,,,,,,,-1.8545,-0.0909,6.1117,3.4903,3.4903,6.9291
2026-06-15 16:46:56.447,Pavel,right,11.500,690,,,,,,,-1.9252,-0.1193,6.1594,3.6362,3.6362,7.2153
2026-06-15 16:46:56.479,Pavel,right,11.533,692,,,,,,,-1.9357,-0.1171,6.2045,3.6386,3.6386,7.3493
2026-06-15 16:46:56.509,Pavel,right,11.567,694,,,,,,,-1.9088,-0.1302,6.1994,3.5467,3.5467,7.0364
2026-06-15 16:46:56.540,Pavel,right,11.600,696,,,,,,,-1.9230,-0.1238,6.2029,3.5723,3.5723,7.0661
2026-06-15 16:46:56.571,Pavel,right,11.633,698,,,,,,,-1.9355,-0.1188,6.2093,3.6267,3.6267,7.1136
2026-06-15 16:46:56.602,Pavel,right,11.650,699,,,,,,,-1.9234,-0.0973,6.2150,3.6112,3.6112,7.1221
2026-06-15 16:46:56.632,Pavel,right,11.683,701,,,,,,,-1.8819,-0.0770,6.1981,3.5474,3.5474,6.9590
2026-06-15 16:46:56.663,Pavel,right,11.717,703,,,,,,,-1.8536,-0.0567,6.1847,3.4935,3.4935,6.8590
2026-06-15 16:46:56.693,Pavel,right,11.750,705,,,,,,,-1.7647,-0.0405,6.1567,3.3794,3.3794,6.7465
2026-06-15 16:46:56.724,Pavel,right,11.783,707,,,,,,,-1.7407,-0.0433,6.1626,3.4259,3.4259,6.9250
2026-06-15 16:46:56.754,Pavel,right,11.817,709,,,,,,,-1.6976,-0.0369,6.1929,3.4618,3.4618,6.9313
2026-06-15 16:46:56.785,Pavel,right,11.833,710,,,,,,,-1.6475,-0.0362,6.1995,3.4496,3.4496,6.8945
2026-06-15 16:46:56.818,Pavel,right,11.867,712,,,,,,,-1.5606,-0.0385,6.1950,3.4518,3.4518,6.9777
2026-06-15 16:46:56.848,Pavel,right,11.900,714,,,,,,,-1.5027,-0.0255,6.2118,3.4631,3.4631,7.0890
2026-06-15 16:46:56.879,Pavel,right,11.933,716,,,,,,,-1.4727,-0.0118,6.2407,3.5083,3.5083,7.2285
2026-06-15 16:46:56.909,Pavel,right,11.967,718,,,,,,,-1.4312,0.0027,6.2376,3.5283,3.5283,7.1551
2026-06-15 16:46:56.940,Pavel,right,12.000,720,,,,,,,-1.4047,0.0171,6.2269,3.5429,3.5429,7.1658
2026-06-15 16:46:56.970,Pavel,right,12.033,722,,,,,,,-1.3865,0.0543,6.2031,3.5804,3.5804,7.3113
2026-06-15 16:46:57.001,Pavel,right,12.050,723,,,,,,,-1.3383,0.0828,6.1737,3.5964,3.5964,7.3536
2026-06-15 16:46:57.031,Pavel,right,12.083,725,,,,,,,-1.3044,0.0988,6.1217,3.5736,3.5736,7.3036
2026-06-15 16:46:57.062,Pavel,right,12.117,727,,,,,,,-1.2830,0.0865,6.0858,3.5924,3.5924,7.3432
2026-06-15 16:46:57.092,Pavel,right,12.150,729,,,,,,,-1.2652,0.0768,6.0745,3.5992,3.5992,7.3380
2026-06-15 16:46:57.123,Pavel,right,12.183,731,,,,,,,-1.1987,0.0537,6.0547,3.5353,3.5353,7.2379
2026-06-15 16:46:57.154,Pavel,right,12.217,733,,,,,,,-1.1739,0.0283,6.0473,3.5852,3.5852,7.3871
2026-06-15 16:46:57.185,Pavel,right,12.233,734,,,,,,,-1.1076,0.0111,6.0569,3.5541,3.5541,7.4662
2026-06-15 16:46:57.215,Pavel,right,12.267,736,,,,,,,-1.0797,0.0038,6.0637,3.5559,3.5559,7.5032
2026-06-15 16:46:57.246,Pavel,right,12.300,738,,,,,,,-1.0335,-0.0107,6.0710,3.6104,3.6104,7.6332
2026-06-15 16:46:57.277,Pavel,right,12.333,740,,,,,,,-0.9688,-0.0207,6.0511,3.5914,3.5914,7.5606
2026-06-15 16:46:57.308,Pavel,right,12.367,742,,,,,,,-0.9154,-0.0359,6.0249,3.5995,3.5995,7.5909
2026-06-15 16:46:57.338,Pavel,right,12.400,744,,,,,,,-0.8823,-0.0334,6.0109,3.5963,3.5963,7.6152
2026-06-15 16:46:57.369,Pavel,right,12.417,745,,,,,,,-0.8408,-0.0294,5.9986,3.5968,3.5968,7.6272
2026-06-15 16:46:57.400,Pavel,right,12.450,747,,,,,,,-0.8121,-0.0409,6.0072,3.6052,3.6052,7.6122
2026-06-15 16:46:57.430,Pavel,right,12.483,749,,,,,,,-0.7906,-0.0512,6.0102,3.6028,3.6028,7.5909
2026-06-15 16:46:57.461,Pavel,right,12.517,751,,,,,,,-0.7271,-0.0790,6.0095,3.5981,3.5981,7.6997
2026-06-15 16:46:57.491,Pavel,right,12.550,753,,,,,,,-0.6733,-0.1017,5.9960,3.6567,3.6567,7.7320
2026-06-15 16:46:57.522,Pavel,right,12.583,755,,,,,,,-0.6214,-0.1302,5.9803,3.7045,3.7045,7.7694
2026-06-15 16:46:57.552,Pavel,right,12.600,756,,,,,,,-0.6148,-0.1517,5.9762,3.8269,3.8269,8.0387
2026-06-15 16:46:57.583,Pavel,right,12.633,758,,,,,,,-0.5733,-0.1593,5.9655,3.8038,3.8038,8.0026
2026-06-15 16:46:57.613,Pavel,right,12.667,760,,,,,,,-0.5119,-0.1725,5.9448,3.7394,3.7394,8.0289
2026-06-15 16:46:57.644,Pavel,right,12.700,762,,,,,,,-0.4664,-0.1852,5.9378,3.6945,3.6945,8.1029
2026-06-15 16:46:57.674,Pavel,right,12.733,764,,,,,,,-0.3930,-0.2078,5.9320,3.6772,3.6772,8.1119
2026-06-15 16:46:57.705,Pavel,right,12.767,766,,,,,,,-0.3460,-0.2180,5.9315,3.6529,3.6529,8.0632
2026-06-15 16:46:57.735,Pavel,right,12.783,767,,,,,,,-0.3023,-0.2270,5.9270,3.6624,3.6624,8.0485
2026-06-15 16:46:57.766,Pavel,right,12.817,769,,,,,,,-0.2812,-0.2187,5.9234,3.6398,3.6398,8.0332
2026-06-15 16:46:57.796,Pavel,right,12.850,771,,,,,,,-0.2683,-0.2066,5.9189,3.6793,3.6793,8.0719
2026-06-15 16:46:57.827,Pavel,right,12.883,773,,,,,,,-0.2396,-0.1889,5.9142,3.6935,3.6935,8.1039
2026-06-15 16:46:57.858,Pavel,right,12.917,775,,,,,,,-0.2278,-0.1835,5.9100,3.7133,3.7133,8.0926
2026-06-15 16:46:57.889,Pavel,right,12.950,777,,,,,,,-0.2165,-0.1741,5.9051,3.7452,3.7452,8.1790
2026-06-15 16:46:57.919,Pavel,right,12.967,778,,,,,,,-0.2009,-0.1631,5.9099,3.7741,3.7741,8.3135
2026-06-15 16:46:57.950,Pavel,right,13.000,780,,,,,,,-0.1792,-0.1649,5.9198,3.7620,3.7620,8.3590
2026-06-15 16:46:57.980,Pavel,right,13.033,782,,,,,,,-0.1594,-0.1558,5.9328,3.7694,3.7694,8.3849
2026-06-15 16:46:58.011,Pavel,right,13.067,784,,,,,,,-0.0610,-0.1759,5.9404,3.7155,3.7155,8.3696
2026-06-15 16:46:58.042,Pavel,right,13.083,785,,,,,,,-0.0084,-0.1907,5.9499,3.7305,3.7305,8.4492
2026-06-15 16:46:58.073,Pavel,right,13.133,788,,,,,,,0.0226,-0.2123,5.9627,3.7808,3.7808,8.5438
2026-06-15 16:46:58.103,Pavel,right,13.167,790,,,,,,,0.0614,-0.2414,5.9785,3.7914,3.7914,8.5869
2026-06-15 16:46:58.133,Pavel,right,13.183,791,,,,,,,0.1727,-0.2208,6.0132,3.6745,3.6745,8.5613
2026-06-15 16:46:58.164,Pavel,right,13.217,793,,,,,,,0.3073,-0.2213,6.0172,3.7370,3.7370,8.7903
2026-06-15 16:46:58.195,Pavel,right,13.250,795,,,,,,,0.5900,-0.1653,6.0187,3.5960,3.5960,8.8521
2026-06-15 16:46:58.226,Pavel,right,13.283,797,,,,,,,0.6628,-0.1641,6.0041,3.6743,3.6743,8.7700
2026-06-15 16:46:58.256,Pavel,right,13.317,799,,,,,,,0.7416,-0.1516,6.0183,3.6487,3.6487,8.7397
2026-06-15 16:46:58.286,Pavel,right,13.350,801,,,,,,,0.8243,-0.1138,6.0227,3.4944,3.4944,8.6657
2026-06-15 16:46:58.317,Pavel,right,13.367,802,,,,,,,0.8248,-0.1295,6.0167,3.6010,3.6010,8.6743
2026-06-15 16:46:58.347,Pavel,right,13.400,804,,,,,,,0.9077,-0.1680,6.0338,3.4503,3.4503,8.6974
2026-06-15 16:46:58.378,Pavel,right,13.433,806,,,,,,,0.7257,-0.1378,6.0245,3.5123,3.5123,8.5596
2026-06-15 16:46:58.409,Pavel,right,13.467,808,,,,,,,0.5308,-0.1601,5.9923,3.6714,3.6714,8.6083
2026-06-15 16:46:58.440,Pavel,right,13.500,810,,,,,,,0.5149,-0.1622,5.9896,3.6323,3.6323,8.6566
2026-06-15 16:46:58.470,Pavel,right,13.533,812,,,,,,,0.4614,-0.1825,5.9693,3.6854,3.6854,8.7121
2026-06-15 16:46:58.501,Pavel,right,13.550,813,,,,,,,0.4208,-0.1888,5.9504,3.7169,3.7169,8.6632
2026-06-15 16:46:58.531,Pavel,right,13.583,815,,,,,,,0.4506,-0.1571,5.9463,3.6266,3.6266,8.4810
2026-06-15 16:46:58.562,Pavel,right,13.617,817,,,,,,,0.4320,-0.1635,5.9166,3.6716,3.6716,8.4046
2026-06-15 16:46:58.592,Pavel,right,13.650,819,,,,,,,0.4516,-0.1960,5.9206,3.6581,3.6581,8.5316
2026-06-15 16:46:58.622,Pavel,right,13.683,821,,,,,,,0.4773,-0.2599,5.9260,3.6759,3.6759,8.6296
2026-06-15 16:46:58.653,Pavel,right,13.717,823,,,,,,,0.4685,-0.2976,5.9340,3.7277,3.7277,8.7004
2026-06-15 16:46:58.684,Pavel,right,13.733,824,,,,,,,0.4706,-0.3270,5.9376,3.7376,3.7376,8.7167
2026-06-15 16:46:58.714,Pavel,right,13.767,826,,,,,,,0.4912,-0.3878,5.9539,3.7472,3.7472,8.7820
2026-06-15 16:46:58.745,Pavel,right,13.800,828,,,,,,,0.4885,-0.4702,5.9515,3.7617,3.7617,8.7975
2026-06-15 16:46:58.776,Pavel,right,13.833,830,,,,,,,0.4965,-0.5079,5.9524,3.7160,3.7160,8.8640
2026-06-15 16:46:58.807,Pavel,right,13.867,832,,,,,,,0.4646,-0.5133,5.9443,3.8076,3.8076,8.9971
2026-06-15 16:46:58.838,Pavel,right,13.900,834,,,,,,,0.5111,-0.4953,5.9645,3.7221,3.7221,9.0194
2026-06-15 16:46:58.868,Pavel,right,13.917,835,,,,,,,0.4559,-0.4797,5.9608,3.8241,3.8241,9.0096
2026-06-15 16:46:58.899,Pavel,right,13.950,837,,,,,,,0.4396,-0.4845,5.9521,3.8959,3.8959,9.0284
2026-06-15 16:46:58.929,Pavel,right,13.983,839,,,,,,,0.4094,-0.4660,5.9532,3.8823,3.8823,9.1343
2026-06-15 16:46:58.959,Pavel,right,14.017,841,,,,,,,0.4029,-0.5135,5.9430,3.8287,3.8287,9.1723
2026-06-15 16:46:58.990,Pavel,right,14.050,843,,,,,,,0.3902,-0.5643,5.9200,3.8528,3.8528,9.1667
2026-06-15 16:46:59.020,Pavel,right,14.083,845,,,,,,,0.3819,-0.5646,5.9125,3.8377,3.8377,9.1710
2026-06-15 16:46:59.051,Pavel,right,14.100,846,,,,,,,0.3310,-0.5572,5.9188,3.8771,3.8771,9.1969
2026-06-15 16:46:59.081,Pavel,right,14.133,848,,,,,,,0.2936,-0.5854,5.9273,3.9090,3.9090,9.2066
2026-06-15 16:46:59.112,Pavel,right,14.167,850,,,,,,,0.2893,-0.5900,5.9307,3.9017,3.9017,9.1902
2026-06-15 16:46:59.142,Pavel,right,14.200,852,,,,,,,0.2777,-0.5823,5.9385,3.8806,3.8806,9.1465
2026-06-15 16:46:59.173,Pavel,right,14.233,854,,,,,,,0.1954,-0.5513,5.9801,3.9100,3.9100,9.3309
2026-06-15 16:46:59.204,Pavel,right,14.267,856,,,,,,,0.1688,-0.5238,5.9971,3.8960,3.8960,9.3306
2026-06-15 16:46:59.234,Pavel,right,14.283,857,,,,,,,0.0709,-0.5146,6.0269,3.9216,3.9216,9.4390
2026-06-15 16:46:59.265,Pavel,right,14.317,859,,,,,,,0.0333,-0.5172,6.0352,3.9282,3.9282,9.3948
2026-06-15 16:46:59.295,Pavel,right,14.350,861,,,,,,,-0.0360,-0.5235,6.0333,3.8841,3.8841,9.0502
2026-06-15 16:46:59.326,Pavel,right,14.383,863,,,,,,,-0.1364,-0.5005,6.0529,3.9383,3.9383,9.0934
2026-06-15 16:46:59.356,Pavel,right,14.417,865,,,,,,,-0.1799,-0.5054,6.0858,3.8839,3.8839,9.0520
2026-06-15 16:46:59.386,Pavel,right,14.450,867,,,,,,,-0.2279,-0.5281,6.1338,3.9027,3.9027,8.9945
2026-06-15 16:46:59.417,Pavel,right,14.467,868,,,,,,,-0.2447,-0.5387,6.1586,3.8964,3.8964,8.9542
2026-06-15 16:46:59.448,Pavel,right,14.500,870,,,,,,,-0.2378,-0.5817,6.1491,3.8047,3.8047,8.6583
2026-06-15 16:46:59.478,Pavel,right,14.533,872,,,,,,,-0.1563,-0.4666,6.0391,3.4312,3.4312,8.0305
2026-06-15 16:46:59.509,Pavel,right,14.567,874,,,,,,,-0.1693,-0.5230,5.9649,3.4737,3.4737,8.0974
2026-06-15 16:46:59.540,Pavel,right,14.600,876,,,,,,,-0.2343,-0.5959,5.9754,3.6817,3.6817,8.4770
2026-06-15 16:46:59.571,Pavel,right,14.633,878,,,,,,,-0.2674,-0.6038,5.9964,3.7685,3.7685,8.5256
2026-06-15 16:46:59.601,Pavel,right,14.650,879,,,,,,,-0.3324,-0.6139,6.0339,3.8780,3.8780,8.5715
2026-06-15 16:46:59.631,Pavel,right,14.683,881,,,,,,,-0.3750,-0.6115,6.0621,3.9325,3.9325,8.5763
2026-06-15 16:46:59.662,Pavel,right,14.717,883,,,,,,,-0.4268,-0.5782,6.0917,3.9784,3.9784,8.6876
2026-06-15 16:46:59.693,Pavel,right,14.750,885,,,,,,,-0.4510,-0.5544,6.1078,3.9593,3.9593,8.6249
2026-06-15 16:46:59.724,Pavel,right,14.783,887,,,,,,,-0.4792,-0.4880,6.1299,3.9082,3.9082,8.5633
2026-06-15 16:46:59.754,Pavel,right,14.817,889,,,,,,,-0.4911,-0.4594,6.1317,3.8912,3.8912,8.5089
2026-06-15 16:46:59.784,Pavel,right,14.833,890,,,,,,,-0.5144,-0.4182,6.1309,3.8619,3.8619,8.4617
2026-06-15 16:46:59.815,Pavel,right,14.867,892,,,,,,,-0.5722,-0.3697,6.1417,3.8737,3.8737,8.4673
2026-06-15 16:46:59.847,Pavel,right,14.900,894,,,,,,,-0.6082,-0.3337,6.1513,3.8326,3.8326,8.4276
2026-06-15 16:46:59.878,Pavel,right,14.933,896,,,,,,,-0.6452,-0.3252,6.1580,3.8055,3.8055,8.3616
2026-06-15 16:46:59.908,Pavel,right,14.967,898,,,,,,,-0.6791,-0.3394,6.1624,3.8076,3.8076,8.3882
2026-06-15 16:46:59.939,Pavel,right,15.000,900,,,,,,,-0.7168,-0.3579,6.1661,3.8176,3.8176,8.3703
2026-06-15 16:46:59.970,Pavel,right,15.033,902,,,,,,,-0.8024,-0.3862,6.1852,3.9200,3.9200,8.4297
2026-06-15 16:47:00.000,Pavel,right,15.050,903,,,,,,,-0.8484,-0.3817,6.1961,3.8502,3.8502,8.4132
2026-06-15 16:47:00.031,Pavel,right,15.083,905,,,,,,,-1.0393,-0.3599,6.1859,3.8459,3.8459,7.9266
2026-06-15 16:47:00.061,Pavel,right,15.117,907,,,,,,,-1.1308,-0.3419,6.1945,3.7942,3.7942,7.8771
2026-06-15 16:47:00.092,Pavel,right,15.150,909,,,,,,,-1.1722,-0.3362,6.2012,3.8168,3.8168,7.8704
2026-06-15 16:47:00.123,Pavel,right,15.183,911,,,,,,,-1.2050,-0.3246,6.2245,3.7982,3.7982,7.9482
2026-06-15 16:47:00.153,Pavel,right,15.217,913,,,,,,,-1.3110,-0.2708,6.2336,3.8301,3.8301,7.7643
2026-06-15 16:47:00.184,Pavel,right,15.233,914,,,,,,,-1.3564,-0.2429,6.2473,3.7920,3.7920,7.5928
2026-06-15 16:47:00.215,Pavel,right,15.267,916,,,,,,,-1.4098,-0.2201,6.2828,3.7575,3.7575,7.6699
2026-06-15 16:47:00.245,Pavel,right,15.300,918,,,,,,,-1.4373,-0.2124,6.2965,3.6855,3.6855,7.5933
2026-06-15 16:47:00.276,Pavel,right,15.333,920,,,,,,,-1.5129,-0.2108,6.3320,3.6907,3.6907,7.7221
2026-06-15 16:47:00.307,Pavel,right,15.367,922,,,,,,,-1.6388,-0.2066,6.3488,3.7904,3.7904,7.7493
2026-06-15 16:47:00.337,Pavel,right,15.400,924,,,,,,,-1.5777,-0.2160,6.3473,3.7305,3.7305,7.6735
2026-06-15 16:47:00.368,Pavel,right,15.417,925,,,,,,,-1.6263,-0.2048,6.3206,3.7501,3.7501,7.7162
2026-06-15 16:47:00.399,Pavel,right,15.450,927,,,,,,,-1.6536,-0.1976,6.3295,3.7781,3.7781,7.7685
2026-06-15 16:47:00.429,Pavel,right,15.483,929,,,,,,,-1.6879,-0.1594,6.3599,3.7647,3.7647,7.7669
2026-06-15 16:47:00.460,Pavel,right,15.517,931,,,,,,,-1.7252,-0.1368,6.3813,3.7342,3.7342,7.6492
2026-06-15 16:47:00.490,Pavel,right,15.550,933,,,,,,,-1.8056,-0.1437,6.3715,3.7718,3.7718,7.4928
2026-06-15 16:47:00.521,Pavel,right,15.583,935,,,,,,,-1.8434,-0.1393,6.3604,3.7693,3.7693,7.4318
2026-06-15 16:47:00.552,Pavel,right,15.600,936,,,,,,,-1.9367,-0.1514,6.3721,3.7983,3.7983,7.6670
2026-06-15 16:47:00.582,Pavel,right,15.633,938,,,,,,,-1.9850,-0.1385,6.3574,3.7580,3.7580,7.4140
2026-06-15 16:47:00.613,Pavel,right,15.667,940,,,,,,,-2.0254,-0.1348,6.3278,3.6916,3.6916,7.3060
2026-06-15 16:47:00.643,Pavel,right,15.700,942,,,,,,,-2.0438,-0.1400,6.3222,3.7039,3.7039,7.3374
2026-06-15 16:47:00.674,Pavel,right,15.733,944,,,,,,,-2.0750,-0.1425,6.3225,3.7123,3.7123,7.3861
2026-06-15 16:47:00.705,Pavel,right,15.767,946,,,,,,,-2.0867,-0.1483,6.3318,3.6485,3.6485,7.3759
2026-06-15 16:47:00.735,Pavel,right,15.783,947,,,,,,,-2.0865,-0.1577,6.3448,3.6087,3.6087,7.3921
2026-06-15 16:47:00.766,Pavel,right,15.817,949,,,,,,,-2.0840,-0.1816,6.3664,3.5570,3.5570,7.2263
2026-06-15 16:47:00.796,Pavel,right,15.850,951,,,,,,,-2.1158,-0.2085,6.3828,3.5851,3.5851,7.2203
2026-06-15 16:47:00.827,Pavel,right,15.883,953,,,,,,,-2.1322,-0.2352,6.4030,3.5903,3.5903,7.2402
2026-06-15 16:47:00.858,Pavel,right,15.917,955,,,,,,,-2.1420,-0.2221,6.4247,3.5801,3.5801,7.2087
2026-06-15 16:47:00.889,Pavel,right,15.950,957,,,,,,,-2.1553,-0.2239,6.4369,3.5790,3.5790,7.2248
2026-06-15 16:47:00.919,Pavel,right,15.967,958,,,,,,,-2.1849,-0.2332,6.4497,3.5719,3.5719,7.0906
2026-06-15 16:47:00.950,Pavel,right,16.000,960,,,,,,,-2.1849,-0.2332,6.4497,3.5719,3.5719,7.0906
2026-06-15 16:47:00.980,Pavel,right,16.033,962,,,,,,,-2.2053,-0.2407,6.4663,3.6243,3.6243,7.1974
2026-06-15 16:47:01.011,Pavel,right,16.067,964,,,,,,,-2.2190,-0.2340,6.4821,3.6380,3.6380,7.2939
2026-06-15 16:47:01.042,Pavel,right,16.100,966,,,,,,,-2.2454,-0.2339,6.4833,3.6621,3.6621,7.3434
2026-06-15 16:47:01.073,Pavel,right,16.133,968,,,,,,,-2.2374,-0.2209,6.4695,3.6190,3.6190,7.2680
2026-06-15 16:47:01.103,Pavel,right,16.167,970,,,,,,,-2.2436,-0.2242,6.4632,3.6264,3.6264,7.2844
2026-06-15 16:47:01.133,Pavel,right,16.183,971,,,,,,,-2.2752,-0.2280,6.4492,3.6985,3.6985,7.3569
2026-06-15 16:47:01.164,Pavel,right,16.217,973,,,,,,,-2.2956,-0.2273,6.4286,3.7262,3.7262,7.4240
2026-06-15 16:47:01.194,Pavel,right,16.250,975,,,,,,,-2.3155,-0.2404,6.4150,3.7719,3.7719,7.5427
2026-06-15 16:47:01.225,Pavel,right,16.283,977,,,,,,,-2.3317,-0.2420,6.4050,3.8031,3.8031,7.5916
2026-06-15 16:47:01.255,Pavel,right,16.317,979,,,,,,,-2.2929,-0.2344,6.3938,3.7082,3.7082,7.5697
2026-06-15 16:47:01.286,Pavel,right,16.333,980,,,,,,,-2.2832,-0.2341,6.3734,3.7079,3.7079,7.3865
2026-06-15 16:47:01.316,Pavel,right,16.367,982,,,,,,,-2.2783,-0.2349,6.3671,3.7112,3.7112,7.3407
2026-06-15 16:47:01.347,Pavel,right,16.400,984,,,,,,,-2.2826,-0.2141,6.3524,3.7326,3.7326,7.3931
2026-06-15 16:47:01.377,Pavel,right,16.433,986,,,,,,,-2.3027,-0.2179,6.3124,3.7826,3.7826,7.4390
2026-06-15 16:47:01.407,Pavel,right,16.467,988,,,,,,,-2.2986,-0.2314,6.3015,3.7829,3.7829,7.5310
2026-06-15 16:47:01.438,Pavel,right,16.500,990,,,,,,,-2.2847,-0.2443,6.3002,3.7791,3.7791,7.5405
2026-06-15 16:47:01.469,Pavel,right,16.517,991,,,,,,,-2.2302,-0.2717,6.2935,3.7662,3.7662,7.5529
2026-06-15 16:47:01.500,Pavel,right,16.550,993,,,,,,,-2.1965,-0.2887,6.3070,3.7625,3.7625,7.5711
2026-06-15 16:47:01.530,Pavel,right,16.583,995,,,,,,,-2.1661,-0.2932,6.3143,3.7384,3.7384,7.5316
2026-06-15 16:47:01.561,Pavel,right,16.617,997,,,,,,,-2.1388,-0.2474,6.2875,3.7352,3.7352,7.4483
2026-06-15 16:47:01.591,Pavel,right,16.650,999,,,,,,,-2.1167,-0.2241,6.2730,3.7365,3.7365,7.4220
2026-06-15 16:47:01.622,Pavel,right,16.683,1001,,,,,,,-2.0442,-0.1679,6.2298,3.6321,3.6321,7.2520
2026-06-15 16:47:01.653,Pavel,right,16.717,1003,,,,,,,-1.9733,-0.1432,6.1928,3.6206,3.6206,7.3894
2026-06-15 16:47:01.684,Pavel,right,16.733,1004,,,,,,,-1.9301,-0.1289,6.1870,3.6180,3.6180,7.3830
2026-06-15 16:47:01.714,Pavel,right,16.767,1006,,,,,,,-1.8508,-0.0795,6.1679,3.5961,3.5961,7.2377
2026-06-15 16:47:01.745,Pavel,right,16.800,1008,,,,,,,-1.7902,-0.0512,6.1458,3.6192,3.6192,7.2316
2026-06-15 16:47:01.775,Pavel,right,16.833,1010,,,,,,,-1.7118,-0.0609,6.1418,3.5783,3.5783,7.3374
2026-06-15 16:47:01.806,Pavel,right,16.867,1012,,,,,,,-1.6393,-0.0915,6.1473,3.5378,3.5378,7.2969
2026-06-15 16:47:01.837,Pavel,right,16.900,1014,,,,,,,-1.5693,-0.1266,6.1383,3.5217,3.5217,7.2800
2026-06-15 16:47:01.868,Pavel,right,16.917,1015,,,,,,,-1.5512,-0.1770,6.1095,3.5798,3.5798,7.3070
2026-06-15 16:47:01.898,Pavel,right,16.950,1017,,,,,,,-1.5484,-0.1949,6.0906,3.5974,3.5974,7.3024
2026-06-15 16:47:01.929,Pavel,right,16.983,1019,,,,,,,-1.4803,-0.2138,6.0697,3.5872,3.5872,7.4446
2026-06-15 16:47:01.959,Pavel,right,17.017,1021,,,,,,,-1.4612,-0.2276,6.0675,3.5928,3.5928,7.5093
2026-06-15 16:47:01.990,Pavel,right,17.050,1023,,,,,,,-1.4526,-0.2397,6.0749,3.6276,3.6276,7.5717
2026-06-15 16:47:02.020,Pavel,right,17.083,1025,,,,,,,-1.4506,-0.2285,6.0806,3.6327,3.6327,7.4910
2026-06-15 16:47:02.051,Pavel,right,17.100,1026,,,,,,,-1.4636,-0.2040,6.0906,3.6641,3.6641,7.4698
2026-06-15 16:47:02.081,Pavel,right,17.133,1028,,,,,,,-1.4403,-0.2221,6.1016,3.6792,3.6792,7.4514
2026-06-15 16:47:02.112,Pavel,right,17.167,1030,,,,,,,-1.4363,-0.2372,6.1020,3.7070,3.7070,7.4844
2026-06-15 16:47:02.142,Pavel,right,17.200,1032,,,,,,,-1.4051,-0.2915,6.0997,3.8219,3.8219,7.8489
2026-06-15 16:47:02.173,Pavel,right,17.233,1034,,,,,,,-1.3728,-0.3078,6.1082,3.8086,3.8086,7.8565
2026-06-15 16:47:02.204,Pavel,right,17.267,1036,,,,,,,-1.3196,-0.3414,6.1263,3.8367,3.8367,8.0406
2026-06-15 16:47:02.234,Pavel,right,17.283,1037,,,,,,,-1.2280,-0.3424,6.1090,3.7501,3.7501,7.9486
2026-06-15 16:47:02.265,Pavel,right,17.317,1039,,,,,,,-1.1603,-0.3529,6.0957,3.7392,3.7392,7.9280
2026-06-15 16:47:02.295,Pavel,right,17.350,1041,,,,,,,-1.1507,-0.3632,6.0920,3.7679,3.7679,7.9671
2026-06-15 16:47:02.326,Pavel,right,17.383,1043,,,,,,,-1.0865,-0.3780,6.0749,3.7606,3.7606,7.8833
2026-06-15 16:47:02.356,Pavel,right,17.417,1045,,,,,,,-1.0674,-0.3756,6.0792,3.7918,3.7918,8.0646
2026-06-15 16:47:02.387,Pavel,right,17.450,1047,,,,,,,-1.0750,-0.3751,6.0922,3.8293,3.8293,8.1847
2026-06-15 16:47:02.418,Pavel,right,17.467,1048,,,,,,,-1.0443,-0.3667,6.1025,3.8271,3.8271,8.1334
2026-06-15 16:47:02.448,Pavel,right,17.500,1050,,,,,,,-1.0505,-0.3471,6.1196,3.9121,3.9121,8.1848
2026-06-15 16:47:02.479,Pavel,right,17.533,1052,,,,,,,-0.9764,-0.3331,6.1045,3.8595,3.8595,8.0929
2026-06-15 16:47:02.509,Pavel,right,17.567,1054,,,,,,,-0.9238,-0.3232,6.0984,3.8153,3.8153,8.0408
2026-06-15 16:47:02.540,Pavel,right,17.600,1056,,,,,,,-0.8480,-0.3301,6.0888,3.7632,3.7632,7.9410
2026-06-15 16:47:02.571,Pavel,right,17.633,1058,,,,,,,-0.7868,-0.3568,6.0732,3.7184,3.7184,8.0885
2026-06-15 16:47:02.601,Pavel,right,17.650,1059,,,,,,,-0.7632,-0.3667,6.0687,3.7049,3.7049,8.0833
2026-06-15 16:47:02.632,Pavel,right,17.683,1061,,,,,,,-0.7268,-0.3829,6.0624,3.7262,3.7262,8.1170
2026-06-15 16:47:02.662,Pavel,right,17.717,1063,,,,,,,-0.6826,-0.4194,6.0742,3.7623,3.7623,8.2139
2026-06-15 16:47:02.693,Pavel,right,17.750,1065,,,,,,,-0.6097,-0.4257,6.0829,3.7181,3.7181,8.1875
2026-06-15 16:47:02.723,Pavel,right,17.783,1067,,,,,,,-0.5776,-0.4276,6.0989,3.7104,3.7104,8.2352
2026-06-15 16:47:02.754,Pavel,right,17.817,1069,,,,,,,-0.5774,-0.4274,6.1070,3.7179,3.7179,8.2255
2026-06-15 16:47:02.784,Pavel,right,17.833,1070,,,,,,,-0.6870,-0.3563,6.1204,3.7662,3.7662,8.2263
2026-06-15 16:47:02.815,Pavel,right,17.867,1072,,,,,,,-0.7510,-0.2930,6.1273,3.7921,3.7921,8.2662
2026-06-15 16:47:02.846,Pavel,right,17.900,1074,,,,,,,-0.7747,-0.1744,6.1485,3.7254,3.7254,8.1579
2026-06-15 16:47:02.877,Pavel,right,17.933,1076,,,,,,,-0.7783,-0.1473,6.1519,3.7160,3.7160,8.1235
2026-06-15 16:47:02.908,Pavel,right,17.967,1078,,,,,,,-0.7756,-0.1097,6.1526,3.7353,3.7353,8.0927
2026-06-15 16:47:02.938,Pavel,right,18.000,1080,,,,,,,-0.7884,-0.0626,6.1467,3.7381,3.7381,8.0212
2026-06-15 16:47:02.969,Pavel,right,18.017,1081,,,,,,,-0.7958,-0.0142,6.1559,3.7713,3.7713,8.1956
2026-06-15 16:47:03.000,Pavel,right,18.050,1083,,,,,,,-0.7988,0.0442,6.1794,3.7679,3.7679,8.2364
2026-06-15 16:47:03.030,Pavel,right,18.083,1085,,,,,,,-0.7944,0.0813,6.1789,3.7401,3.7401,8.1335
2026-06-15 16:47:03.061,Pavel,right,18.117,1087,,,,,,,-0.8533,0.3383,6.1882,3.7334,3.7334,8.1663
2026-06-15 16:47:03.092,Pavel,right,18.150,1089,,,,,,,-0.8539,0.5238,6.1888,3.7216,3.7216,8.1349
2026-06-15 16:47:03.122,Pavel,right,18.183,1091,,,,,,,-0.8519,0.5749,6.1853,3.7080,3.7080,8.1477
2026-06-15 16:47:03.153,Pavel,right,18.200,1092,,,,,,,-0.8835,0.6094,6.1664,3.7747,3.7747,8.2366
2026-06-15 16:47:03.183,Pavel,right,18.233,1094,,,,,,,-0.8800,0.6440,6.1442,3.7734,3.7734,8.0611
2026-06-15 16:47:03.214,Pavel,right,18.267,1096,,,,,,,-0.8643,0.6749,6.1344,3.7664,3.7664,8.0359
2026-06-15 16:47:03.244,Pavel,right,18.300,1098,,,,,,,-0.8701,0.6856,6.1439,3.7417,3.7417,8.1116
2026-06-15 16:47:03.274,Pavel,right,18.333,1100,,,,,,,-0.8826,0.6718,6.1547,3.7634,3.7634,8.1967
2026-06-15 16:47:03.305,Pavel,right,18.367,1102,,,,,,,-0.9091,0.6710,6.1719,3.7844,3.7844,8.3134
2026-06-15 16:47:03.336,Pavel,right,18.400,1104,,,,,,,-0.9185,0.6757,6.1741,3.8044,3.8044,8.2932
2026-06-15 16:47:03.367,Pavel,right,18.417,1105,,,,,,,-0.9210,0.6920,6.1736,3.8014,3.8014,8.3260
2026-06-15 16:47:03.397,Pavel,right,18.450,1107,,,,,,,-0.9272,0.6956,6.1782,3.8136,3.8136,8.3797
2026-06-15 16:47:03.428,Pavel,right,18.483,1109,,,,,,,-0.9362,0.6989,6.1794,3.8313,3.8313,8.4269
2026-06-15 16:47:03.458,Pavel,right,18.517,1111,,,,,,,-0.9226,0.7151,6.1823,3.8111,3.8111,8.4381
2026-06-15 16:47:03.489,Pavel,right,18.550,1113,,,,,,,-0.8929,0.7348,6.1841,3.7618,3.7618,8.3536
2026-06-15 16:47:03.520,Pavel,right,18.583,1115,,,,,,,-0.8786,0.7273,6.1710,3.7419,3.7419,8.2873
2026-06-15 16:47:03.550,Pavel,right,18.600,1116,,,,,,,-0.8763,0.7182,6.1643,3.7478,3.7478,8.2806
2026-06-15 16:47:03.581,Pavel,right,18.633,1118,,,,,,,-0.8863,0.7139,6.1449,3.7361,3.7361,8.2781
2026-06-15 16:47:03.611,Pavel,right,18.667,1120,,,,,,,-0.9101,0.6963,6.1423,3.7890,3.7890,8.4690
2026-06-15 16:47:03.642,Pavel,right,18.700,1122,,,,,,,-0.9094,0.6913,6.1593,3.7934,3.7934,8.4867
2026-06-15 16:47:03.672,Pavel,right,18.733,1124,,,,,,,-0.9172,0.6706,6.1646,3.8111,3.8111,8.4254
2026-06-15 16:47:03.703,Pavel,right,18.750,1125,,,,,,,-0.9205,0.6544,6.1741,3.8074,3.8074,8.4702
2026-06-15 16:47:03.733,Pavel,right,18.783,1127,,,,,,,-0.9185,0.6578,6.1770,3.8010,3.8010,8.4199
2026-06-15 16:47:03.764,Pavel,right,18.817,1129,,,,,,,-0.9185,0.6506,6.1785,3.7959,3.7959,8.4333
2026-06-15 16:47:03.794,Pavel,right,18.850,1131,,,,,,,-0.9176,0.6504,6.1791,3.7954,3.7954,8.4163
2026-06-15 16:47:03.825,Pavel,right,18.883,1133,,,,,,,-0.9263,0.6498,6.1920,3.7468,3.7468,8.2823
2026-06-15 16:47:03.856,Pavel,right,18.917,1135,,,,,,,-0.9301,0.6481,6.2085,3.7324,3.7324,8.2291
2026-06-15 16:47:03.887,Pavel,right,18.950,1137,,,,,,,-0.9363,0.6388,6.2178,3.7400,3.7400,8.1815
2026-06-15 16:47:03.917,Pavel,right,18.967,1138,,,,,,,-0.9170,0.6383,6.2091,3.7463,3.7463,8.3344
2026-06-15 16:47:03.948,Pavel,right,19.000,1140,,,,,,,-0.9215,0.6357,6.2016,3.7653,3.7653,8.3823
2026-06-15 16:47:03.978,Pavel,right,19.033,1142,,,,,,,-0.9349,0.6341,6.1783,3.7851,3.7851,8.4041
2026-06-15 16:47:04.009,Pavel,right,19.067,1144,,,,,,,-0.9414,0.6205,6.1551,3.7766,3.7766,8.2716
2026-06-15 16:47:04.040,Pavel,right,19.100,1146,,,,,,,-0.9356,0.5959,6.1355,3.7559,3.7559,8.2045
2026-06-15 16:47:04.070,Pavel,right,19.133,1148,,,,,,,-0.9240,0.5768,6.1328,3.7471,3.7471,8.1839
2026-06-15 16:47:04.101,Pavel,right,19.150,1149,,,,,,,-0.9143,0.5443,6.1314,3.7278,3.7278,8.1950
2026-06-15 16:47:04.131,Pavel,right,19.183,1151,,,,,,,-0.9261,0.4897,6.1599,3.7646,3.7646,8.3022
2026-06-15 16:47:04.162,Pavel,right,19.217,1153,,,,,,,-0.9265,0.4708,6.1717,3.7718,3.7718,8.3247
2026-06-15 16:47:04.192,Pavel,right,19.250,1155,,,,,,,-0.9370,0.4352,6.1789,3.8000,3.8000,8.3183
2026-06-15 16:47:04.223,Pavel,right,19.283,1157,,,,,,,-0.9596,0.3877,6.1811,3.7770,3.7770,8.3044
2026-06-15 16:47:04.253,Pavel,right,19.317,1159,,,,,,,-0.9537,0.3367,6.1859,3.7884,3.7884,8.2209
2026-06-15 16:47:04.284,Pavel,right,19.333,1160,,,,,,,-0.9312,0.3168,6.1860,3.7573,3.7573,8.1216
2026-06-15 16:47:04.314,Pavel,right,19.367,1162,,,,,,,-0.9326,0.2790,6.1821,3.7563,3.7563,8.1633
2026-06-15 16:47:04.345,Pavel,right,19.400,1164,,,,,,,-0.9389,0.2456,6.1861,3.7650,3.7650,8.2448
2026-06-15 16:47:04.375,Pavel,right,19.433,1166,,,,,,,-0.9358,0.2225,6.1856,3.7484,3.7484,8.2437
2026-06-15 16:47:04.406,Pavel,right,19.467,1168,,,,,,,-0.8987,0.1741,6.1763,3.6951,3.6951,8.0645
2026-06-15 16:47:04.437,Pavel,right,19.483,1169,,,,,,,-0.9104,0.1265,6.1652,3.7160,3.7160,8.1581
2026-06-15 16:47:04.467,Pavel,right,19.517,1171,,,,,,,-0.9334,0.0990,6.1667,3.7618,3.7618,8.2404
2026-06-15 16:47:04.498,Pavel,right,19.550,1173,,,,,,,-0.9328,0.0498,6.1616,3.7432,3.7432,8.0912
2026-06-15 16:47:04.528,Pavel,right,19.583,1175,,,,,,,-0.9246,-0.0094,6.1524,3.7477,3.7477,8.0263
2026-06-15 16:47:04.559,Pavel,right,19.617,1177,,,,,,,-0.9204,-0.0661,6.1366,3.7781,3.7781,8.1301
2026-06-15 16:47:04.590,Pavel,right,19.650,1179,,,,,,,-0.9036,-0.0880,6.1235,3.7527,3.7527,7.9678
2026-06-15 16:47:04.621,Pavel,right,19.683,1181,,,,,,,-0.8964,-0.1448,6.0996,3.7326,3.7326,8.0014
2026-06-15 16:47:04.651,Pavel,right,19.700,1182,,,,,,,-0.9037,-0.1679,6.1020,3.7163,3.7163,7.9871
2026-06-15 16:47:04.682,Pavel,right,19.733,1184,,,,,,,-0.9189,-0.2358,6.1176,3.7542,3.7542,8.0808
2026-06-15 16:47:04.712,Pavel,right,19.767,1186,,,,,,,-0.9143,-0.2736,6.1337,3.7810,3.7810,8.1366
2026-06-15 16:47:04.743,Pavel,right,19.817,1189,,,,,,,-0.9320,-0.3157,6.1486,3.8095,3.8095,8.1642
2026-06-15 16:47:04.773,Pavel,right,19.850,1191,,,,,,,-0.9268,-0.3946,6.1808,3.8020,3.8020,8.1047
2026-06-15 16:47:04.804,Pavel,right,19.883,1193,,,,,,,-0.9361,-0.4724,6.1935,3.7990,3.7990,8.0056
2026-06-15 16:47:04.834,Pavel,right,19.900,1194,,,,,,,-0.9238,-0.5368,6.1949,3.7695,3.7695,8.0556
2026-06-15 16:47:04.865,Pavel,right,19.933,1196,,,,,,,-0.9452,-0.6043,6.2027,3.7871,3.7871,8.1935
2026-06-15 16:47:04.896,Pavel,right,19.967,1198,,,,,,,-0.9803,-0.6626,6.2390,3.8274,3.8274,8.3074
2026-06-15 16:47:04.926,Pavel,right,20.000,1200,,,,,,,-1.0134,-0.7063,6.2537,3.8835,3.8835,8.2924
2026-06-15 16:47:04.957,Pavel,right,20.033,1202,,,,,,,-1.0212,-0.7185,6.2453,3.8916,3.8916,8.2230
2026-06-15 16:47:04.987,Pavel,right,20.067,1204,,,,,,,-0.9849,-0.8444,6.2223,3.8947,3.8947,8.2221
2026-06-15 16:47:05.018,Pavel,right,20.083,1205,,,,,,,-0.9609,-0.9990,6.1782,3.8782,3.8782,8.3120
2026-06-15 16:47:05.048,Pavel,right,20.117,1207,,,,,,,-0.9433,-1.0714,6.1554,3.8639,3.8639,8.2927
2026-06-15 16:47:05.079,Pavel,right,20.150,1209,,,,,,,-0.9362,-1.1323,6.1543,3.8478,3.8478,8.2465
2026-06-15 16:47:05.110,Pavel,right,20.183,1211,,,,,,,-0.9326,-1.1696,6.1582,3.8533,3.8533,8.2067
2026-06-15 16:47:05.140,Pavel,right,20.217,1213,,,,,,,-0.9188,-1.1726,6.1654,3.8338,3.8338,8.1920
2026-06-15 16:47:05.171,Pavel,right,20.250,1215,,,,,,,-0.9320,-1.1852,6.1972,3.8770,3.8770,8.4426
2026-06-15 16:47:05.201,Pavel,right,20.267,1216,,,,,,,-0.9210,-1.1930,6.2146,3.8668,3.8668,8.4914
2026-06-15 16:47:05.232,Pavel,right,20.300,1218,,,,,,,-0.9399,-1.2258,6.2192,3.8677,3.8677,8.4716
2026-06-15 16:47:05.262,Pavel,right,20.333,1220,,,,,,,-1.0388,-1.4276,6.2114,3.9003,3.9003,8.3986
2026-06-15 16:47:05.293,Pavel,right,20.367,1222,,,,,,,-1.0685,-1.5131,6.2053,3.9066,3.9066,8.4918
2026-06-15 16:47:05.324,Pavel,right,20.400,1224,,,,,,,-1.0700,-1.5516,6.2135,3.8917,3.8917,8.5464
2026-06-15 16:47:05.355,Pavel,right,20.433,1226,,,,,,,-1.0739,-1.5432,6.2188,3.9112,3.9112,8.5817
2026-06-15 16:47:05.385,Pavel,right,20.450,1227,,,,,,,-1.0690,-1.5414,6.2170,3.9095,3.9095,8.5782
2026-06-15 16:47:05.416,Pavel,right,20.483,1229,,,,,,,-1.0652,-1.5283,6.2108,3.9152,3.9152,8.6606
2026-06-15 16:47:05.446,Pavel,right,20.517,1231,,,,,,,-1.0647,-1.5189,6.2096,3.9285,3.9285,8.6746
2026-06-15 16:47:05.478,Pavel,right,20.550,1233,,,,,,,-1.0427,-1.5423,6.2123,3.8817,3.8817,8.6155
2026-06-15 16:47:05.508,Pavel,right,20.583,1235,,,,,,,-1.0419,-1.5531,6.2225,3.8834,3.8834,8.6945
2026-06-15 16:47:05.539,Pavel,right,20.617,1237,,,,,,,-1.0350,-1.5628,6.2353,3.8802,3.8802,8.6855
2026-06-15 16:47:05.569,Pavel,right,20.633,1238,,,,,,,-1.0420,-1.5638,6.2415,3.9228,3.9228,8.6999
2026-06-15 16:47:05.600,Pavel,right,20.667,1240,,,,,,,-1.0458,-1.5715,6.2435,3.9196,3.9196,8.6976
2026-06-15 16:47:05.630,Pavel,right,20.700,1242,,,,,,,-1.0517,-1.6038,6.2458,3.9144,3.9144,8.7203
2026-06-15 16:47:05.661,Pavel,right,20.733,1244,,,,,,,-1.0495,-1.6178,6.2437,3.9040,3.9040,8.7454
2026-06-15 16:47:05.691,Pavel,right,20.767,1246,,,,,,,-1.0535,-1.6403,6.2301,3.8845,3.8845,8.7678
2026-06-15 16:47:05.722,Pavel,right,20.800,1248,,,,,,,-1.0337,-1.6641,6.1955,3.9069,3.9069,8.7719
2026-06-15 16:47:05.752,Pavel,right,20.817,1249,,,,,,,-1.0033,-1.6385,6.1557,3.9424,3.9424,8.8800
2026-06-15 16:47:05.783,Pavel,right,20.850,1251,,,,,,,-0.9836,-1.5727,6.1289,3.9448,3.9448,9.0254
2026-06-15 16:47:05.813,Pavel,right,20.883,1253,,,,,,,-0.9766,-1.5454,6.1207,3.9220,3.9220,8.8715
2026-06-15 16:47:05.844,Pavel,right,20.917,1255,,,,,,,-0.9760,-1.5443,6.1282,3.9277,3.9277,8.9366
2026-06-15 16:47:05.875,Pavel,right,20.950,1257,,,,,,,-0.9739,-1.5586,6.1370,3.9478,3.9478,9.0248
2026-06-15 16:47:05.906,Pavel,right,20.983,1259,,,,,,,-0.9779,-1.5835,6.1436,3.9825,3.9825,9.0850
2026-06-15 16:47:05.936,Pavel,right,21.000,1260,,,,,,,-0.9702,-1.6109,6.1371,3.9823,3.9823,9.1252
2026-06-15 16:47:05.966,Pavel,right,21.033,1262,,,,,,,-0.9760,-1.6230,6.1316,4.0324,4.0324,9.1929
2026-06-15 16:47:05.997,Pavel,right,21.067,1264,,,,,,,-0.9839,-1.6448,6.1307,4.0720,4.0720,9.2899
2026-06-15 16:47:06.028,Pavel,right,21.100,1266,,,,,,,-0.9900,-1.6470,6.1350,4.0485,4.0485,9.2951
2026-06-15 16:47:06.058,Pavel,right,21.133,1268,,,,,,,-0.9931,-1.6447,6.1405,4.0326,4.0326,9.3297
2026-06-15 16:47:06.089,Pavel,right,21.167,1270,,,,,,,-0.9787,-1.6460,6.1493,4.0137,4.0137,9.3334
2026-06-15 16:47:06.119,Pavel,right,21.183,1271,,,,,,,-0.9642,-1.6556,6.1662,3.9829,3.9829,9.2803
2026-06-15 16:47:06.149,Pavel,right,21.217,1273,,,,,,,-0.9575,-1.6676,6.1785,3.9616,3.9616,9.2068
2026-06-15 16:47:06.180,Pavel,right,21.250,1275,,,,,,,-0.9560,-1.6645,6.1835,3.9576,3.9576,9.1665
2026-06-15 16:47:06.211,Pavel,right,21.283,1277,,,,,,,-0.9647,-1.6488,6.1801,3.9514,3.9514,9.1442
2026-06-15 16:47:06.241,Pavel,right,21.317,1279,,,,,,,-0.9634,-1.6263,6.1690,3.9562,3.9562,9.1422
2026-06-15 16:47:06.272,Pavel,right,21.350,1281,,,,,,,-0.9615,-1.6167,6.1584,3.9531,3.9531,9.1241
2026-06-15 16:47:06.303,Pavel,right,21.367,1282,,,,,,,-0.9691,-1.6174,6.1519,3.9740,3.9740,9.1377
2026-06-15 16:47:06.333,Pavel,right,21.400,1284,,,,,,,-0.9704,-1.6154,6.1450,3.9882,3.9882,9.1306
2026-06-15 16:47:06.365,Pavel,right,21.433,1286,,,,,,,-0.9558,-1.6378,6.1370,4.0117,4.0117,9.1203
2026-06-15 16:47:06.396,Pavel,right,21.467,1288,,,,,,,-0.9426,-1.6641,6.1469,4.0284,4.0284,9.1588
2026-06-15 16:47:06.427,Pavel,right,21.500,1290,,,,,,,-0.9320,-1.6774,6.1544,4.0151,4.0151,9.1262
2026-06-15 16:47:06.457,Pavel,right,21.533,1292,,,,,,,-0.9378,-1.6891,6.1718,4.0273,4.0273,9.2381
2026-06-15 16:47:06.488,Pavel,right,21.567,1294,,,,,,,-0.9305,-1.6696,6.1740,4.0282,4.0282,9.2075
2026-06-15 16:47:06.519,Pavel,right,21.583,1295,,,,,,,-0.9264,-1.6545,6.1641,3.9973,3.9973,9.1279
2026-06-15 16:47:06.549,Pavel,right,21.617,1297,,,,,,,-0.9387,-1.6193,6.1486,3.9978,3.9978,9.2249
2026-06-15 16:47:06.580,Pavel,right,21.650,1299,,,,,,,-0.9497,-1.5681,6.1532,4.0115,4.0115,9.2904
2026-06-15 16:47:06.610,Pavel,right,21.683,1301,,,,,,,-0.9504,-1.5150,6.1632,4.0152,4.0152,9.2791
2026-06-15 16:47:06.641,Pavel,right,21.717,1303,,,,,,,-0.9381,-1.4985,6.1664,3.9794,3.9794,9.1906
2026-06-15 16:47:06.671,Pavel,right,21.750,1305,,,,,,,-0.9432,-1.4214,6.1678,3.9401,3.9401,9.0828
2026-06-15 16:47:06.702,Pavel,right,21.767,1306,,,,,,,-0.9595,-1.3545,6.1558,3.9674,3.9674,8.8875
2026-06-15 16:47:06.732,Pavel,right,21.800,1308,,,,,,,-0.9790,-1.3148,6.1527,3.9866,3.9866,8.9747
2026-06-15 16:47:06.763,Pavel,right,21.833,1310,,,,,,,-0.9734,-1.2834,6.1347,3.9402,3.9402,8.8980
2026-06-15 16:47:06.793,Pavel,right,21.867,1312,,,,,,,-0.9748,-1.2687,6.1194,3.9377,3.9377,8.9762
2026-06-15 16:47:06.824,Pavel,right,21.900,1314,,,,,,,-0.9660,-1.2491,6.1115,3.9549,3.9549,9.0564
2026-06-15 16:47:06.855,Pavel,right,21.933,1316,,,,,,,-0.9719,-1.1972,6.1094,3.9907,3.9907,9.0957
2026-06-15 16:47:06.886,Pavel,right,21.950,1317,,,,,,,-0.9728,-1.1288,6.1160,4.0225,4.0225,9.1858
2026-06-15 16:47:06.916,Pavel,right,21.983,1319,,,,,,,-0.9645,-1.1260,6.0994,4.0209,4.0209,9.1357
2026-06-15 16:47:06.947,Pavel,right,22.017,1321,,,,,,,-0.0862,0.0000,4.7937,0.0000,0.0000,0.0000
2026-06-15 16:47:06.978,Pavel,right,22.050,1323,,,,,,,-0.0862,0.0000,4.7937,0.0000,0.0000,0.0000
2026-06-15 16:47:07.008,Pavel,right,22.083,1325,,,,,,,-0.0862,0.0000,4.7937,0.0000,0.0000,0.0000
2026-06-15 16:47:07.039,Pavel,right,22.117,1327,,,,,,,5.4956,5.4385,8.7278,0.7875,0.7875,8.0434
2026-06-15 16:47:07.069,Pavel,right,22.133,1328,,,,,,,-0.0862,0.0000,4.7937,0.0000,0.0000,0.0000
2026-06-15 16:47:07.100,Pavel,right,22.167,1330,,,,,,,-0.0862,0.0000,4.7937,0.0000,0.0000,0.0000
2026-06-15 16:47:07.130,Pavel,right,22.200,1332,,,,,,,-0.0862,0.0000,4.7937,0.0000,0.0000,0.0000
2026-06-15 16:47:07.161,Pavel,right,22.233,1334,,,,,,,-0.8996,-0.8347,8.7615,4.1447,4.1447,7.5178
2026-06-15 16:47:07.192,Pavel,right,22.267,1336,,,,,,,-0.8991,-0.7795,7.8305,4.0832,4.0832,8.1916
2026-06-15 16:47:07.222,Pavel,right,22.300,1338,,,,,,,-0.9093,-0.7102,7.0799,4.0913,4.0913,8.7724
2026-06-15 16:47:07.252,Pavel,right,22.317,1339,,,,,,,-0.8970,-0.6890,6.6296,4.0462,4.0462,9.2436
2026-06-15 16:47:07.283,Pavel,right,22.350,1341,,,,,,,-0.8801,-0.6712,6.4870,4.0076,4.0076,9.3408
2026-06-15 16:47:07.313,Pavel,right,22.383,1343,,,,,,,-0.8787,-0.6180,6.3120,3.9738,3.9738,9.4687
2026-06-15 16:47:07.344,Pavel,right,22.417,1345,,,,,,,-0.9044,-0.5926,6.2679,4.0111,4.0111,9.6051
2026-06-15 16:47:07.375,Pavel,right,22.450,1347,,,,,,,-0.9299,-0.5782,6.1798,3.9632,3.9632,9.4728
2026-06-15 16:47:07.405,Pavel,right,22.483,1349,,,,,,,-0.9358,-0.5604,6.1338,3.9519,3.9519,9.3303
2026-06-15 16:47:07.436,Pavel,right,22.500,1350,,,,,,,-0.9153,-0.4998,6.1060,3.9314,3.9314,9.4410
2026-06-15 16:47:07.466,Pavel,right,22.533,1352,,,,,,,-0.9261,-0.4535,6.1123,4.0147,4.0147,9.6761
2026-06-15 16:47:07.497,Pavel,right,22.567,1354,,,,,,,-0.8925,-0.4078,6.1040,3.9998,3.9998,9.4394
2026-06-15 16:47:07.527,Pavel,right,22.600,1356,,,,,,,-0.8830,-0.3519,6.0993,4.0447,4.0447,9.4269
2026-06-15 16:47:07.558,Pavel,right,22.633,1358,,,,,,,-0.8397,-0.3021,6.0823,3.9856,3.9856,9.2846
2026-06-15 16:47:07.589,Pavel,right,22.667,1360,,,,,,,-0.8315,-0.2759,6.0717,3.9962,3.9962,9.3685
2026-06-15 16:47:07.619,Pavel,right,22.683,1361,,,,,,,-0.8510,-0.2347,6.0840,4.0321,4.0321,9.5376
2026-06-15 16:47:07.650,Pavel,right,22.717,1363,,,,,,,-0.8505,-0.2216,6.0910,4.0448,4.0448,9.5521
2026-06-15 16:47:07.681,Pavel,right,22.750,1365,,,,,,,-0.8953,-0.2111,6.0840,4.1441,4.1441,9.6497
2026-06-15 16:47:07.711,Pavel,right,22.783,1367,,,,,,,-0.9121,-0.1803,6.0668,4.1868,4.1868,9.7077
2026-06-15 16:47:07.742,Pavel,right,22.817,1369,,,,,,,-0.9123,-0.1539,6.0591,4.2055,4.2055,9.7755
2026-06-15 16:47:07.772,Pavel,right,22.850,1371,,,,,,,-0.8857,-0.1446,6.0724,4.1592,4.1592,9.8154
2026-06-15 16:47:07.802,Pavel,right,22.867,1372,,,,,,,-0.8562,-0.1280,6.1055,4.0929,4.0929,9.7421
2026-06-15 16:47:07.833,Pavel,right,22.900,1374,,,,,,,-0.8550,-0.1171,6.1278,4.0793,4.0793,9.6726
2026-06-15 16:47:07.864,Pavel,right,22.933,1376,,,,,,,-0.8512,-0.1060,6.1349,4.0701,4.0701,9.6407
2026-06-15 16:47:07.895,Pavel,right,22.967,1378,,,,,,,-0.8601,-0.0746,6.1424,4.0932,4.0932,9.6217
2026-06-15 16:47:07.925,Pavel,right,23.000,1380,,,,,,,-0.8833,-0.0478,6.1545,4.0981,4.0981,9.7564
2026-06-15 16:47:07.956,Pavel,right,23.033,1382,,,,,,,-0.8818,-0.0310,6.1607,4.0872,4.0872,9.7875
2026-06-15 16:47:07.992,Pavel,right,23.050,1383,,,,,,,-0.9026,-0.0146,6.1679,4.1063,4.1063,9.8203
2026-06-15 16:47:08.023,Pavel,right,23.100,1386,,,,,,,-0.9073,0.0055,6.1668,4.0828,4.0828,9.7120
2026-06-15 16:47:08.053,Pavel,right,23.117,1387,,,,,,,-0.9062,0.0349,6.1739,4.0185,4.0185,9.5193
2026-06-15 16:47:08.084,Pavel,right,23.150,1389,,,,,,,-0.8683,0.2053,6.1601,3.9763,3.9763,9.4000
2026-06-15 16:47:08.114,Pavel,right,23.183,1391,,,,,,,-0.8223,0.3960,6.1378,3.9432,3.9432,9.2830
2026-06-15 16:47:08.144,Pavel,right,23.217,1393,,,,,,,-0.8148,0.4789,6.1417,3.9468,3.9468,9.3210
2026-06-15 16:47:08.175,Pavel,right,23.250,1395,,,,,,,-0.8175,0.5129,6.1492,3.9647,3.9647,9.3154
2026-06-15 16:47:08.206,Pavel,right,23.283,1397,,,,,,,-0.8065,0.5227,6.1555,3.9370,3.9370,9.3107
2026-06-15 16:47:08.236,Pavel,right,23.300,1398,,,,,,,-0.7680,0.5514,6.1540,3.8838,3.8838,9.1535
2026-06-15 16:47:08.267,Pavel,right,23.333,1400,,,,,,,-0.7547,0.5695,6.1315,3.8865,3.8865,9.0237
2026-06-15 16:47:08.297,Pavel,right,23.367,1402,,,,,,,-0.7436,0.5823,6.1126,3.8806,3.8806,8.9113
2026-06-15 16:47:08.328,Pavel,right,23.400,1404,,,,,,,-0.7055,0.6242,6.0873,3.8386,3.8386,8.7962
2026-06-15 16:47:08.358,Pavel,right,23.433,1406,,,,,,,-0.7069,0.6788,6.0882,3.8231,3.8231,8.7119
2026-06-15 16:47:08.389,Pavel,right,23.467,1408,,,,,,,-0.7282,0.7058,6.1037,3.8490,3.8490,8.8492
2026-06-15 16:47:08.419,Pavel,right,23.483,1409,,,,,,,-0.7317,0.6966,6.1284,3.8697,3.8697,8.9128
2026-06-15 16:47:08.450,Pavel,right,23.517,1411,,,,,,,-0.7492,0.6956,6.1281,3.8226,3.8226,8.7412
2026-06-15 16:47:08.480,Pavel,right,23.550,1413,,,,,,,-0.8347,0.5973,6.1183,3.8673,3.8673,8.8398
2026-06-15 16:47:08.511,Pavel,right,23.583,1415,,,,,,,-0.8690,0.4845,6.1039,3.8731,3.8731,8.8045
2026-06-15 16:47:08.541,Pavel,right,23.617,1417,,,,,,,-0.0862,0.0000,4.7937,0.0000,0.0000,0.0000
2026-06-15 16:47:08.572,Pavel,right,23.650,1419,,,,,,,-0.0862,0.0000,4.7937,0.0000,0.0000,0.0000
2026-06-15 16:47:08.602,Pavel,right,23.667,1420,,,,,,,-0.0862,0.0000,4.7937,0.0000,0.0000,0.0000
2026-06-15 16:47:08.633,Pavel,right,23.700,1422,,,,,,,-0.0862,0.0000,4.7937,0.0000,0.0000,0.0000
2026-06-15 16:47:08.663,Pavel,right,23.733,1424,,,,,,,-0.0862,0.0000,4.7937,0.0000,0.0000,0.0000
2026-06-15 16:47:08.694,Pavel,right,23.767,1426,,,,,,,5.9059,-0.3121,10.6223,1.5559,1.5559,4.6320
2026-06-15 16:47:08.724,Pavel,right,23.800,1428,,,,,,,3.6898,-0.1551,10.6685,2.3165,2.3165,5.1913
2026-06-15 16:47:08.755,Pavel,right,23.833,1430,,,,,,,1.1779,0.0672,9.2065,3.2260,3.2260,6.6283
2026-06-15 16:47:08.786,Pavel,right,23.850,1431,,,,,,,0.0639,0.1873,7.9064,3.6346,3.6346,7.5938
2026-06-15 16:47:08.816,Pavel,right,23.883,1433,,,,,,,-0.2305,0.2255,7.4208,3.7424,3.7424,7.9287
2026-06-15 16:47:08.847,Pavel,right,23.917,1435,,,,,,,-0.5634,0.2622,6.7505,3.8616,3.8616,8.4518
2026-06-15 16:47:08.877,Pavel,right,23.950,1437,,,,,,,-0.7139,0.2658,6.3810,3.9078,3.9078,8.8602
2026-06-15 16:47:08.907,Pavel,right,23.983,1439,,,,,,,-0.7985,0.2613,6.1937,3.9562,3.9562,9.1610
2026-06-15 16:47:08.940,Pavel,right,24.017,1441,,,,,,,-0.8228,0.2786,6.1391,3.9745,3.9745,9.2469
2026-06-15 16:47:08.971,Pavel,right,24.050,1443,,,,,,,-0.8547,0.3267,6.0816,3.9834,3.9834,9.3811
2026-06-15 16:47:09.002,Pavel,right,24.067,1444,,,,,,,-0.8591,0.3329,6.0575,3.9695,3.9695,9.4146
2026-06-15 16:47:09.033,Pavel,right,24.100,1446,,,,,,,-0.8653,0.3104,6.0469,4.0029,4.0029,9.4816
2026-06-15 16:47:09.063,Pavel,right,24.133,1448,,,,,,,-0.8444,0.2666,6.0352,3.9685,3.9685,9.4472
2026-06-15 16:47:09.093,Pavel,right,24.167,1450,,,,,,,-0.8569,0.2314,6.0447,4.0165,4.0165,9.5316
2026-06-15 16:47:09.124,Pavel,right,24.200,1452,,,,,,,-0.8637,0.1744,6.0499,4.0822,4.0822,9.6243
2026-06-15 16:47:09.155,Pavel,right,24.233,1454,,,,,,,-0.8593,0.1582,6.0452,4.0728,4.0728,9.6319
2026-06-15 16:47:09.186,Pavel,right,24.250,1455,,,,,,,-0.8357,0.1434,6.0312,4.0117,4.0117,9.6498
2026-06-15 16:47:09.216,Pavel,right,24.283,1457,,,,,,,-0.7982,0.1006,6.0143,3.9560,3.9560,9.4888
2026-06-15 16:47:09.247,Pavel,right,24.317,1459,,,,,,,-0.7674,0.0441,6.0182,3.9441,3.9441,9.5002
2026-06-15 16:47:09.277,Pavel,right,24.350,1461,,,,,,,-0.7619,-0.0073,6.0447,3.9442,3.9442,9.6750
2026-06-15 16:47:09.308,Pavel,right,24.383,1463,,,,,,,-0.7879,-0.0366,6.0986,3.9642,3.9642,9.8192
2026-06-15 16:47:09.339,Pavel,right,24.417,1465,,,,,,,-0.8027,-0.0750,6.1183,3.9928,3.9928,9.8478
2026-06-15 16:47:09.369,Pavel,right,24.433,1466,,,,,,,-0.8258,-0.1041,6.1199,4.0674,4.0674,9.8492
2026-06-15 16:47:09.400,Pavel,right,24.467,1468,,,,,,,-0.8444,-0.1626,6.0928,4.0851,4.0851,9.7682
2026-06-15 16:47:09.430,Pavel,right,24.500,1470,,,,,,,-0.8654,-0.1974,6.0769,4.1068,4.1068,9.7109
2026-06-15 16:47:09.461,Pavel,right,24.533,1472,,,,,,,-0.8674,-0.2089,6.0767,4.1013,4.1013,9.6563
2026-06-15 16:47:09.491,Pavel,right,24.567,1474,,,,,,,-0.8720,-0.2197,6.0750,4.0998,4.0998,9.6618
2026-06-15 16:47:09.522,Pavel,right,24.600,1476,,,,,,,-0.8824,-0.2133,6.0808,4.0755,4.0755,9.5607
2026-06-15 16:47:09.552,Pavel,right,24.617,1477,,,,,,,-0.8757,-0.2501,6.0844,4.0698,4.0698,9.6288
2026-06-15 16:47:09.583,Pavel,right,24.650,1479,,,,,,,-0.8357,-0.3059,6.1064,3.9894,3.9894,9.6296
2026-06-15 16:47:09.613,Pavel,right,24.683,1481,,,,,,,-0.8367,-0.3195,6.1273,3.9774,3.9774,9.6223
2026-06-15 16:47:09.644,Pavel,right,24.717,1483,,,,,,,-0.8362,-0.3542,6.1673,3.9611,3.9611,9.5211
2026-06-15 16:47:09.676,Pavel,right,24.733,1484,,,,,,,-0.8342,-0.3759,6.1820,3.9577,3.9577,9.4767
2026-06-15 16:47:09.707,Pavel,right,24.783,1487,,,,,,,-0.8682,-0.4195,6.1827,4.0550,4.0550,9.5126
2026-06-15 16:47:09.737,Pavel,right,24.817,1489,,,,,,,-0.8574,-0.4645,6.1439,4.1041,4.1041,9.4456
2026-06-15 16:47:09.768,Pavel,right,24.833,1490,,,,,,,-0.8584,-0.4865,6.1380,4.1274,4.1274,9.5325
2026-06-15 16:47:09.799,Pavel,right,24.867,1492,,,,,,,-0.8670,-0.5133,6.1360,4.1285,4.1285,9.5461
2026-06-15 16:47:09.829,Pavel,right,24.900,1494,,,,,,,-0.8417,-0.5511,6.1190,4.1031,4.1031,9.5149
2026-06-15 16:47:09.859,Pavel,right,24.933,1496,,,,,,,-0.8307,-0.5878,6.1042,4.0825,4.0825,9.5325
2026-06-15 16:47:09.890,Pavel,right,24.967,1498,,,,,,,-0.8260,-0.5988,6.1035,4.0926,4.0926,9.5436
2026-06-15 16:47:09.921,Pavel,right,25.000,1500,,,,,,,-0.8307,-0.6239,6.1163,4.0856,4.0856,9.6374
2026-06-15 16:47:09.952,Pavel,right,25.017,1501,,,,,,,-0.8300,-0.6676,6.1097,4.0629,4.0629,9.5214
2026-06-15 16:47:09.982,Pavel,right,25.050,1503,,,,,,,-0.8160,-0.6973,6.0989,4.0626,4.0626,9.5043
2026-06-15 16:47:10.013,Pavel,right,25.083,1505,,,,,,,-0.8121,-0.7570,6.0577,4.0344,4.0344,9.3179
2026-06-15 16:47:10.044,Pavel,right,25.117,1507,,,,,,,-0.8135,-0.7783,6.0554,3.9985,3.9985,9.4642
2026-06-15 16:47:10.075,Pavel,right,25.150,1509,,,,,,,-0.8343,-0.8193,6.0630,4.0577,4.0577,9.4537
2026-06-15 16:47:10.106,Pavel,right,25.183,1511,,,,,,,-0.8266,-0.8661,6.0938,4.0544,4.0544,9.5040
2026-06-15 16:47:10.136,Pavel,right,25.200,1512,,,,,,,-0.8267,-0.9257,6.1282,4.0832,4.0832,9.5290
2026-06-15 16:47:10.167,Pavel,right,25.233,1514,,,,,,,-0.8216,-0.9567,6.1434,4.0843,4.0843,9.5887
2026-06-15 16:47:10.198,Pavel,right,25.267,1516,,,,,,,-0.8314,-0.9939,6.1573,4.0813,4.0813,9.6300
2026-06-15 16:47:10.228,Pavel,right,25.300,1518,,,,,,,-0.8147,-1.0875,6.1489,4.1067,4.1067,9.5783
2026-06-15 16:47:10.259,Pavel,right,25.333,1520,,,,,,,-0.7997,-1.1213,6.1432,4.1227,4.1227,9.6665
2026-06-15 16:47:10.289,Pavel,right,25.367,1522,,,,,,,-0.7997,-1.1213,6.1432,4.1227,4.1227,9.6665
2026-06-15 16:47:10.320,Pavel,right,25.400,1524,,,,,,,-0.7665,-1.0666,6.1648,4.1137,4.1137,9.6194
2026-06-15 16:47:10.351,Pavel,right,25.417,1525,,,,,,,-0.7344,-1.0694,6.1908,4.1064,4.1064,9.6021
2026-06-15 16:47:10.382,Pavel,right,25.450,1527,,,,,,,-0.7129,-1.1180,6.1908,4.1142,4.1142,9.5808
2026-06-15 16:47:10.413,Pavel,right,25.483,1529,,,,,,,-0.6839,-1.1693,6.1732,4.1417,4.1417,9.6671
2026-06-15 16:47:10.443,Pavel,right,25.517,1531,,,,,,,-0.6574,-1.2387,6.1553,4.1394,4.1394,9.7459
2026-06-15 16:47:10.474,Pavel,right,25.550,1533,,,,,,,-0.6544,-1.2849,6.1349,4.1679,4.1679,9.7405
2026-06-15 16:47:10.504,Pavel,right,25.583,1535,,,,,,,-0.6067,-1.4187,6.0880,4.1383,4.1383,9.6708
2026-06-15 16:47:10.535,Pavel,right,25.600,1536,,,,,,,-0.5660,-1.5057,6.0894,4.0549,4.0549,9.5803
2026-06-15 16:47:10.565,Pavel,right,25.633,1538,,,,,,,-0.5748,-1.5242,6.1195,4.0532,4.0532,9.6693
2026-06-15 16:47:10.596,Pavel,right,25.667,1540,,,,,,,-0.5697,-1.5336,6.1333,4.0370,4.0370,9.6675
2026-06-15 16:47:10.626,Pavel,right,25.700,1542,,,,,,,-0.5734,-1.5672,6.1535,4.0296,4.0296,9.6287
2026-06-15 16:47:10.657,Pavel,right,25.733,1544,,,,,,,-0.6570,-1.5407,6.1608,4.0370,4.0370,9.4165
2026-06-15 16:47:10.687,Pavel,right,25.767,1546,,,,,,,-0.6894,-1.5218,6.1283,4.0210,4.0210,9.2812
2026-06-15 16:47:10.718,Pavel,right,25.783,1547,,,,,,,-0.6768,-1.5118,6.1039,3.9987,3.9987,9.1883
2026-06-15 16:47:10.749,Pavel,right,25.817,1549,,,,,,,-0.6905,-1.5077,6.1095,4.0186,4.0186,9.2916
2026-06-15 16:47:10.779,Pavel,right,25.850,1551,,,,,,,-0.7185,-1.4935,6.1470,4.0613,4.0613,9.5352
2026-06-15 16:47:10.810,Pavel,right,25.883,1553,,,,,,,-0.7426,-1.4973,6.1730,4.0734,4.0734,9.6899
2026-06-15 16:47:10.840,Pavel,right,25.917,1555,,,,,,,-0.7629,-1.5114,6.1753,4.0920,4.0920,9.7546
2026-06-15 16:47:10.871,Pavel,right,25.950,1557,,,,,,,-0.7477,-1.5233,6.1622,4.0756,4.0756,9.6492
2026-06-15 16:47:10.902,Pavel,right,25.967,1558,,,,,,,-0.7383,-1.5385,6.1329,4.0621,4.0621,9.6371
2026-06-15 16:47:10.933,Pavel,right,26.000,1560,,,,,,,-0.7329,-1.5402,6.1109,4.0682,4.0682,9.6612
2026-06-15 16:47:10.964,Pavel,right,26.033,1562,,,,,,,-0.7597,-1.5389,6.1061,4.1019,4.1019,9.7956
2026-06-15 16:47:10.995,Pavel,right,26.067,1564,,,,,,,-0.7764,-1.5444,6.1169,4.1207,4.1207,9.8729
2026-06-15 16:47:11.025,Pavel,right,26.100,1566,,,,,,,-0.7964,-1.5539,6.1397,4.1325,4.1325,9.9256
2026-06-15 16:47:11.056,Pavel,right,26.133,1568,,,,,,,-0.8074,-1.5766,6.1587,4.1826,4.1826,9.9788
2026-06-15 16:47:11.086,Pavel,right,26.150,1569,,,,,,,-0.8299,-1.5438,6.1763,4.2087,4.2087,10.0270
2026-06-15 16:47:11.117,Pavel,right,26.183,1571,,,,,,,-0.8074,-1.5406,6.1305,4.2169,4.2169,9.8789
2026-06-15 16:47:11.148,Pavel,right,26.217,1573,,,,,,,-0.3765,-1.2628,6.1309,3.5017,3.5017,8.6545
2026-06-15 16:47:11.178,Pavel,right,26.250,1575,,,,,,,-0.0862,0.0000,4.7937,0.0000,0.0000,0.0000
2026-06-15 16:47:11.208,Pavel,right,26.283,1577,,,,,,,-0.0862,0.0000,4.7937,0.0000,0.0000,0.0000
2026-06-15 16:47:11.239,Pavel,right,26.317,1579,,,,,,,-0.6352,-0.6494,6.0491,2.6152,2.6152,5.4925
2026-06-15 16:47:11.270,Pavel,right,26.333,1580,,,,,,,-0.6482,-0.8469,6.0025,3.0016,3.0016,5.4415
2026-06-15 16:47:11.300,Pavel,right,26.367,1582,,,,,,,-0.6727,-1.1055,5.9693,3.3316,3.3316,7.0368
2026-06-15 16:47:11.331,Pavel,right,26.400,1584,,,,,,,-0.7223,-1.3434,5.9131,3.7561,3.7561,8.8392
2026-06-15 16:47:11.362,Pavel,right,26.433,1586,,,,,,,-0.7336,-1.3771,5.9109,3.8580,3.8580,9.3318
2026-06-15 16:47:11.392,Pavel,right,26.467,1588,,,,,,,-0.7614,-1.4321,5.9408,4.0764,4.0764,9.8739
2026-06-15 16:47:11.423,Pavel,right,26.500,1590,,,,,,,-0.7569,-1.4324,5.9441,4.0934,4.0934,9.8491
2026-06-15 16:47:11.453,Pavel,right,26.533,1592,,,,,,,-0.7490,-1.4533,5.9499,4.0895,4.0895,9.9487
2026-06-15 16:47:11.485,Pavel,right,26.550,1593,,,,,,,-0.7324,-1.4311,5.9550,4.0958,4.0958,9.8232
2026-06-15 16:47:11.516,Pavel,right,26.583,1595,,,,,,,-0.7420,-1.4065,5.9830,4.1236,4.1236,10.0309
2026-06-15 16:47:11.546,Pavel,right,26.617,1597,,,,,,,-0.7557,-1.3791,6.0257,4.1251,4.1251,10.1021
2026-06-15 16:47:11.577,Pavel,right,26.650,1599,,,,,,,-0.7730,-1.3578,6.0444,4.1502,4.1502,10.1217
2026-06-15 16:47:11.607,Pavel,right,26.683,1601,,,,,,,-0.7664,-1.3036,6.0570,4.1338,4.1338,10.0697
2026-06-15 16:47:11.638,Pavel,right,26.717,1603,,,,,,,-0.7804,-1.2208,6.0500,4.1312,4.1312,10.0404
2026-06-15 16:47:11.668,Pavel,right,26.733,1604,,,,,,,-0.8127,-1.1409,6.0573,4.1382,4.1382,10.1492
2026-06-15 16:47:11.699,Pavel,right,26.767,1606,,,,,,,-0.8168,-1.1071,6.0623,4.1398,4.1398,10.1952
2026-06-15 16:47:11.730,Pavel,right,26.800,1608,,,,,,,-0.8083,-1.0661,6.0615,4.1234,4.1234,10.0447
2026-06-15 16:47:11.760,Pavel,right,26.833,1610,,,,,,,-0.8138,-1.0375,6.0671,4.1304,4.1304,10.0710
2026-06-15 16:47:11.791,Pavel,right,26.867,1612,,,,,,,-0.8091,-1.0062,6.0764,4.1421,4.1421,10.0156
2026-06-15 16:47:11.822,Pavel,right,26.900,1614,,,,,,,-0.8117,-0.9848,6.0874,4.1434,4.1434,9.9416
2026-06-15 16:47:11.852,Pavel,right,26.917,1615,,,,,,,-0.8152,-0.9988,6.0965,4.1405,4.1405,9.9414
2026-06-15 16:47:11.883,Pavel,right,26.950,1617,,,,,,,-0.8017,-1.0248,6.1284,4.1501,4.1501,9.9847
2026-06-15 16:47:11.913,Pavel,right,26.983,1619,,,,,,,-0.7710,-1.0193,6.1731,4.0935,4.0935,10.0529
2026-06-15 16:47:11.944,Pavel,right,27.017,1621,,,,,,,-0.7549,-1.0158,6.1907,4.0619,4.0619,10.0099
2026-06-15 16:47:11.976,Pavel,right,27.050,1623,,,,,,,-0.7369,-1.0017,6.2099,4.0530,4.0530,10.0140
2026-06-15 16:47:12.007,Pavel,right,27.083,1625,,,,,,,-0.7522,-0.9811,6.2012,4.0896,4.0896,10.1160
2026-06-15 16:47:12.038,Pavel,right,27.117,1627,,,,,,,-0.7667,-0.9820,6.1998,4.0859,4.0859,10.0838
2026-06-15 16:47:12.069,Pavel,right,27.133,1628,,,,,,,-0.7921,-0.9423,6.2129,4.0853,4.0853,10.0771
2026-06-15 16:47:12.099,Pavel,right,27.167,1630,,,,,,,-0.8008,-0.9075,6.2195,4.0939,4.0939,10.1167
2026-06-15 16:47:12.130,Pavel,right,27.200,1632,,,,,,,-0.8125,-0.8746,6.2264,4.1637,4.1637,10.1451
2026-06-15 16:47:12.160,Pavel,right,27.233,1634,,,,,,,-0.7999,-0.8514,6.2072,4.1680,4.1680,9.8823
2026-06-15 16:47:12.190,Pavel,right,27.267,1636,,,,,,,-0.7764,-0.8693,6.1606,4.1639,4.1639,9.9626
2026-06-15 16:47:12.221,Pavel,right,27.300,1638,,,,,,,-0.0862,0.0000,4.7937,0.0000,0.0000,0.0000
2026-06-15 16:47:12.252,Pavel,right,27.317,1639,,,,,,,-0.0862,0.0000,4.7937,0.0000,0.0000,0.0000
2026-06-15 16:47:12.283,Pavel,right,27.350,1641,,,,,,,-0.0862,0.0000,4.7937,0.0000,0.0000,0.0000
2026-06-15 16:47:12.313,Pavel,right,27.383,1643,,,,,,,-0.5195,-0.1359,5.9087,3.1520,3.1520,6.9251
2026-06-15 16:47:12.343,Pavel,right,27.417,1645,,,,,,,-0.6128,-0.4204,5.9148,3.6224,3.6224,8.5254
2026-06-15 16:47:12.374,Pavel,right,27.450,1647,,,,,,,-0.7249,-0.5823,5.9716,3.9942,3.9942,9.7632
2026-06-15 16:47:12.405,Pavel,right,27.483,1649,,,,,,,-0.7447,-0.6016,5.9955,4.0468,4.0468,9.8719
2026-06-15 16:47:12.435,Pavel,right,27.500,1650,,,,,,,-0.7553,-0.5967,6.0391,4.0913,4.0913,9.9390
2026-06-15 16:47:12.466,Pavel,right,27.533,1652,,,,,,,-0.7588,-0.5839,6.0824,4.1300,4.1300,10.1292
2026-06-15 16:47:12.497,Pavel,right,27.567,1654,,,,,,,-0.7554,-0.5735,6.1177,4.1551,4.1551,10.1442
2026-06-15 16:47:12.527,Pavel,right,27.600,1656,,,,,,,-0.7700,-0.5594,6.1301,4.1553,4.1553,10.1627
2026-06-15 16:47:12.558,Pavel,right,27.633,1658,,,,,,,-0.8029,-0.5320,6.1530,4.1704,4.1704,10.1833
2026-06-15 16:47:12.588,Pavel,right,27.667,1660,,,,,,,-0.8221,-0.5008,6.1785,4.1834,4.1834,10.1478
2026-06-15 16:47:12.619,Pavel,right,27.683,1661,,,,,,,-0.8268,-0.4842,6.1919,4.1763,4.1763,10.0754
2026-06-15 16:47:12.649,Pavel,right,27.717,1663,,,,,,,-0.8167,-0.4601,6.2261,4.1540,4.1540,9.9972
2026-06-15 16:47:12.680,Pavel,right,27.750,1665,,,,,,,-0.8276,-0.4448,6.2734,4.1934,4.1934,10.0679
2026-06-15 16:47:12.710,Pavel,right,27.783,1667,,,,,,,-0.8187,-0.4142,6.3095,4.1690,4.1690,10.0382
2026-06-15 16:47:12.741,Pavel,right,27.817,1669,,,,,,,-0.8316,-0.3602,6.3271,4.1721,4.1721,10.0942
2026-06-15 16:47:12.772,Pavel,right,27.850,1671,,,,,,,-0.8258,-0.2928,6.3252,4.1944,4.1944,10.0754
2026-06-15 16:47:12.802,Pavel,right,27.867,1672,,,,,,,-0.8312,-0.2636,6.3210,4.2110,4.2110,10.0457
2026-06-15 16:47:12.833,Pavel,right,27.900,1674,,,,,,,-0.8253,-0.2164,6.3056,4.2231,4.2231,9.9943
2026-06-15 16:47:12.864,Pavel,right,27.933,1676,,,,,,,-0.8410,-0.1804,6.3038,4.2599,4.2599,10.0992
2026-06-15 16:47:12.894,Pavel,right,27.967,1678,,,,,,,-0.8504,-0.1764,6.3117,4.2694,4.2694,10.0800
2026-06-15 16:47:12.925,Pavel,right,28.000,1680,,,,,,,-0.8768,-0.1689,6.3330,4.2820,4.2820,10.1225
2026-06-15 16:47:12.956,Pavel,right,28.033,1682,,,,,,,-0.8655,-0.1594,6.3483,4.2160,4.2160,10.1173
2026-06-15 16:47:12.987,Pavel,right,28.067,1684,,,,,,,-0.8435,-0.1496,6.3781,4.1614,4.1614,10.1314
2026-06-15 16:47:13.017,Pavel,right,28.083,1685,,,,,,,-0.8320,-0.1386,6.3894,4.1308,4.1308,10.1322
2026-06-15 16:47:13.048,Pavel,right,28.117,1687,,,,,,,-0.8139,-0.1468,6.4001,4.1288,4.1288,10.1803
2026-06-15 16:47:13.078,Pavel,right,28.150,1689,,,,,,,-0.7931,-0.1537,6.4051,4.1043,4.1043,10.1960
2026-06-15 16:47:13.109,Pavel,right,28.183,1691,,,,,,,-0.7875,-0.1825,6.3996,4.0898,4.0898,10.2173
2026-06-15 16:47:13.140,Pavel,right,28.217,1693,,,,,,,-0.7621,-0.2028,6.3756,4.0503,4.0503,10.0612
2026-06-15 16:47:13.171,Pavel,right,28.250,1695,,,,,,,-0.7474,-0.1412,6.3214,4.0956,4.0956,10.0126
2026-06-15 16:47:13.202,Pavel,right,28.267,1696,,,,,,,-0.7397,-0.1060,6.3000,4.0990,4.0990,10.0287
2026-06-15 16:47:13.232,Pavel,right,28.300,1698,,,,,,,-0.7290,-0.0598,6.2795,4.1027,4.1027,10.0795
2026-06-15 16:47:13.263,Pavel,right,28.333,1700,,,,,,,-0.7417,-0.0335,6.2699,4.1497,4.1497,10.1390
2026-06-15 16:47:13.294,Pavel,right,28.367,1702,,,,,,,-0.7505,-0.0179,6.2717,4.1595,4.1595,10.2295
2026-06-15 16:47:13.324,Pavel,right,28.400,1704,,,,,,,-0.7360,0.0013,6.2757,4.1238,4.1238,10.1034
2026-06-15 16:47:13.355,Pavel,right,28.433,1706,,,,,,,-0.7178,-0.0209,6.2665,4.1014,4.1014,10.0817
2026-06-15 16:47:13.386,Pavel,right,28.450,1707,,,,,,,-0.4869,0.1959,6.1960,3.4095,3.4095,8.9120
2026-06-15 16:47:13.416,Pavel,right,28.483,1709,,,,,,,-0.0862,0.0000,4.7937,0.0000,0.0000,0.0000
2026-06-15 16:47:13.447,Pavel,right,28.517,1711,,,,,,,-0.0862,0.0000,4.7937,0.0000,0.0000,0.0000
2026-06-15 16:47:13.477,Pavel,right,28.550,1713,,,,,,,5.5666,-0.2702,8.7734,1.2015,1.2015,2.1179
2026-06-15 16:47:13.507,Pavel,right,28.583,1715,,,,,,,3.9294,-0.4218,9.4374,1.6837,1.6837,4.4166
2026-06-15 16:47:13.538,Pavel,right,28.617,1717,,,,,,,1.9318,-0.4759,8.8846,2.0754,2.0754,6.5466
2026-06-15 16:47:13.568,Pavel,right,28.633,1718,,,,,,,0.7179,-0.5318,8.1475,2.8381,2.8381,7.8756
2026-06-15 16:47:13.599,Pavel,right,28.667,1720,,,,,,,0.2565,-0.5539,7.7320,3.3052,3.3052,8.3945
2026-06-15 16:47:13.630,Pavel,right,28.700,1722,,,,,,,-0.2748,-0.5703,7.0795,3.8422,3.8422,9.1818
2026-06-15 16:47:13.660,Pavel,right,28.733,1724,,,,,,,-0.5069,-0.5808,6.6641,4.0778,4.0778,9.6011
2026-06-15 16:47:13.691,Pavel,right,28.767,1726,,,,,,,-0.5959,-0.5876,6.4395,4.0867,4.0867,9.8495
2026-06-15 16:47:13.721,Pavel,right,28.800,1728,,,,,,,-0.6443,-0.4000,6.3133,4.0314,4.0314,9.7773
2026-06-15 16:47:13.752,Pavel,right,28.817,1729,,,,,,,-0.6713,-0.3214,6.2805,4.0462,4.0462,9.8164
2026-06-15 16:47:13.782,Pavel,right,28.850,1731,,,,,,,-0.6844,-0.2296,6.2297,4.0345,4.0345,9.6846
2026-06-15 16:47:13.813,Pavel,right,28.883,1733,,,,,,,-0.6934,-0.2049,6.2052,4.0731,4.0731,9.7445
2026-06-15 16:47:13.844,Pavel,right,28.917,1735,,,,,,,-0.6985,-0.1950,6.1983,4.0863,4.0863,9.7886
2026-06-15 16:47:13.874,Pavel,right,28.950,1737,,,,,,,-0.7007,-0.1872,6.1938,4.1103,4.1103,9.8641
2026-06-15 16:47:13.905,Pavel,right,28.983,1739,,,,,,,-0.6842,-0.1856,6.2070,4.0782,4.0782,9.9141
2026-06-15 16:47:13.936,Pavel,right,29.000,1740,,,,,,,-0.6775,-0.1827,6.2124,4.0514,4.0514,9.8962
2026-06-15 16:47:13.966,Pavel,right,29.033,1742,,,,,,,-0.6840,-0.1858,6.2288,4.0632,4.0632,9.9647
2026-06-15 16:47:13.998,Pavel,right,29.067,1744,,,,,,,-0.6725,-0.1875,6.2383,4.0680,4.0680,9.9352
2026-06-15 16:47:14.029,Pavel,right,29.100,1746,,,,,,,-0.6559,-0.1819,6.2425,4.0732,4.0732,9.9476
2026-06-15 16:47:14.060,Pavel,right,29.133,1748,,,,,,,-0.6460,-0.1697,6.2386,4.0751,4.0751,9.9566
2026-06-15 16:47:14.090,Pavel,right,29.167,1750,,,,,,,-0.6492,-0.1779,6.2340,4.0945,4.0945,10.0259
2026-06-15 16:47:14.121,Pavel,right,29.200,1752,,,,,,,-0.7718,-0.5312,6.2329,4.0941,4.0941,10.0190
2026-06-15 16:47:14.151,Pavel,right,29.217,1753,,,,,,,-0.9368,-1.0550,6.2212,4.1443,4.1443,9.9562
2026-06-15 16:47:14.182,Pavel,right,29.250,1755,,,,,,,-0.9766,-1.2100,6.2292,4.1757,4.1757,9.9913
2026-06-15 16:47:14.213,Pavel,right,29.283,1757,,,,,,,-0.9966,-1.3737,6.2687,4.2133,4.2133,9.9667
2026-06-15 16:47:14.243,Pavel,right,29.317,1759,,,,,,,-0.9686,-1.4811,6.3269,4.1648,4.1648,9.9831
2026-06-15 16:47:14.274,Pavel,right,29.333,1760,,,,,,,-0.9469,-1.5410,6.3803,4.1598,4.1598,10.1108
2026-06-15 16:47:14.305,Pavel,right,29.367,1762,,,,,,,-0.9451,-1.5355,6.4001,4.1695,4.1695,9.9434
2026-06-15 16:47:14.336,Pavel,right,29.383,1763,,,,,,,-0.9553,-1.5210,6.4018,4.1991,4.1991,9.9054
2026-06-15 16:47:14.366,Pavel,right,29.417,1765,,,,,,,-0.9254,-1.5237,6.3561,4.1419,4.1419,9.6159
2026-06-15 16:47:14.397,Pavel,right,29.450,1767,,,,,,,-0.9119,-1.5012,6.3216,4.1147,4.1147,9.4174
2026-06-15 16:47:14.428,Pavel,right,29.483,1769,,,,,,,-0.8769,-1.4611,6.3188,4.0678,4.0678,9.4716
2026-06-15 16:47:14.458,Pavel,right,29.517,1771,,,,,,,-0.7265,-1.0667,6.3055,4.0202,4.0202,9.5411
2026-06-15 16:47:14.489,Pavel,right,29.550,1773,,,,,,,-0.6692,-0.8336,6.2950,4.0077,4.0077,9.4362
2026-06-15 16:47:14.519,Pavel,right,29.567,1774,,,,,,,-0.6724,-0.7888,6.2989,4.0482,4.0482,9.4728
2026-06-15 16:47:14.550,Pavel,right,29.600,1776,,,,,,,-0.6388,-0.7784,6.3045,4.0089,4.0089,9.3509
2026-06-15 16:47:14.580,Pavel,right,29.633,1778,,,,,,,-0.6892,-0.5665,6.3113,4.0060,4.0060,9.3849
2026-06-15 16:47:14.611,Pavel,right,29.667,1780,,,,,,,-0.7070,-0.4547,6.3175,3.9913,3.9913,9.3699
2026-06-15 16:47:14.641,Pavel,right,29.717,1783,,,,,,,-0.7001,-0.4394,6.3134,3.9924,3.9924,9.3211
2026-06-15 16:47:14.672,Pavel,right,29.750,1785,,,,,,,-0.7066,-0.4505,6.3168,4.0135,4.0135,9.4228
2026-06-15 16:47:14.702,Pavel,right,29.767,1786,,,,,,,-0.7246,-0.4694,6.3344,4.0564,4.0564,9.4277
2026-06-15 16:47:14.733,Pavel,right,29.800,1788,,,,,,,-0.7390,-0.4940,6.3426,4.0942,4.0942,9.4593
2026-06-15 16:47:14.763,Pavel,right,29.833,1790,,,,,,,-0.7389,-0.5080,6.3462,4.0986,4.0986,9.4660
2026-06-15 16:47:14.794,Pavel,right,29.867,1792,,,,,,,-0.7223,-0.5329,6.3450,4.1371,4.1371,9.3752
2026-06-15 16:47:14.825,Pavel,right,29.900,1794,,,,,,,-0.7445,-0.5615,6.3430,4.1758,4.1758,9.4255
2026-06-15 16:47:14.855,Pavel,right,29.933,1796,,,,,,,-0.7327,-0.5519,6.3505,4.1519,4.1519,9.4050
2026-06-15 16:47:14.886,Pavel,right,29.950,1797,,,,,,,-0.7521,-0.5623,6.3581,4.1609,4.1609,9.4067
2026-06-15 16:47:14.916,Pavel,right,29.983,1799,,,,,,,-0.7966,-0.7061,6.3494,4.1634,4.1634,9.5442
2026-06-15 16:47:14.947,Pavel,right,30.017,1801,,,,,,,-0.8463,-0.9906,6.3342,4.2103,4.2103,9.7069
2026-06-15 16:47:14.977,Pavel,right,30.050,1803,,,,,,,-0.8506,-1.1464,6.3376,4.2304,4.2304,9.8484
2026-06-15 16:47:15.009,Pavel,right,30.083,1805,,,,,,,-0.8154,-1.2377,6.3525,4.1475,4.1475,9.7635
2026-06-15 16:47:15.040,Pavel,right,30.117,1807,,,,,,,-0.8236,-1.2656,6.3678,4.1709,4.1709,9.8062
2026-06-15 16:47:15.071,Pavel,right,30.150,1809,,,,,,,-0.8014,-1.3082,6.3857,4.1266,4.1266,9.7228
2026-06-15 16:47:15.102,Pavel,right,30.167,1810,,,,,,,-0.7797,-1.3541,6.3766,4.1338,4.1338,9.6479
2026-06-15 16:47:15.132,Pavel,right,30.200,1812,,,,,,,-0.7717,-1.3749,6.3592,4.1407,4.1407,9.6544
2026-06-15 16:47:15.163,Pavel,right,30.233,1814,,,,,,,-0.7719,-1.3730,6.3412,4.1234,4.1234,9.6391
2026-06-15 16:47:15.194,Pavel,right,30.267,1816,,,,,,,-0.7845,-1.3575,6.3366,4.1260,4.1260,9.7024
2026-06-15 16:47:15.224,Pavel,right,30.300,1818,,,,,,,-0.8000,-1.3435,6.3290,4.1348,4.1348,9.7020
2026-06-15 16:47:15.255,Pavel,right,30.317,1819,,,,,,,-0.7982,-1.3158,6.3239,4.1264,4.1264,9.6491
2026-06-15 16:47:15.285,Pavel,right,30.350,1821,,,,,,,-0.7980,-1.3009,6.3250,4.1238,4.1238,9.6452
2026-06-15 16:47:15.316,Pavel,right,30.383,1823,,,,,,,-0.8203,-1.2865,6.3332,4.1463,4.1463,9.7019
2026-06-15 16:47:15.346,Pavel,right,30.417,1825,,,,,,,-0.8305,-1.2721,6.3476,4.1361,4.1361,9.6813
2026-06-15 16:47:15.377,Pavel,right,30.450,1827,,,,,,,-0.8442,-1.2568,6.3633,4.1178,4.1178,9.7229
2026-06-15 16:47:15.408,Pavel,right,30.483,1829,,,,,,,-0.8443,-1.2388,6.3749,4.0733,4.0733,9.6234
2026-06-15 16:47:15.439,Pavel,right,30.517,1831,,,,,,,-0.8195,-1.2370,6.3595,3.9956,3.9956,9.4642
2026-06-15 16:47:15.469,Pavel,right,30.533,1832,,,,,,,-0.8318,-1.2438,6.3557,4.0021,4.0021,9.5135
2026-06-15 16:47:15.500,Pavel,right,30.567,1834,,,,,,,-0.8533,-1.2757,6.3261,4.0412,4.0412,9.3754
2026-06-15 16:47:15.530,Pavel,right,30.600,1836,,,,,,,-0.8839,-1.3454,6.3177,4.0989,4.0989,9.6327
2026-06-15 16:47:15.561,Pavel,right,30.633,1838,,,,,,,-0.8950,-1.4043,6.3203,4.1324,4.1324,9.7226
2026-06-15 16:47:15.592,Pavel,right,30.667,1840,,,,,,,-0.8941,-1.4505,6.3129,4.1289,4.1289,9.8524
2026-06-15 16:47:15.622,Pavel,right,30.700,1842,,,,,,,-0.8893,-1.4842,6.2972,4.0687,4.0687,9.7208
2026-06-15 16:47:15.653,Pavel,right,30.717,1843,,,,,,,-0.8861,-1.5117,6.2924,4.0643,4.0643,9.6814
2026-06-15 16:47:15.684,Pavel,right,30.750,1845,,,,,,,-0.8801,-1.5669,6.2800,4.0621,4.0621,9.6235
2026-06-15 16:47:15.715,Pavel,right,30.783,1847,,,,,,,-0.8871,-1.6170,6.2677,4.1196,4.1196,9.6916
2026-06-15 16:47:15.745,Pavel,right,30.817,1849,,,,,,,-0.8867,-1.6409,6.2737,4.1528,4.1528,9.8249
2026-06-15 16:47:15.775,Pavel,right,30.850,1851,,,,,,,-0.8953,-1.6810,6.2921,4.1827,4.1827,9.9899
2026-06-15 16:47:15.806,Pavel,right,30.883,1853,,,,,,,-0.9133,-1.7205,6.3133,4.2196,4.2196,10.1239
2026-06-15 16:47:15.836,Pavel,right,30.900,1854,,,,,,,-0.8927,-1.7511,6.3239,4.2149,4.2149,10.1039
2026-06-15 16:47:15.867,Pavel,right,30.933,1856,,,,,,,-0.8603,-1.7897,6.3099,4.2152,4.2152,10.0787
2026-06-15 16:47:15.897,Pavel,right,30.967,1858,,,,,,,-0.8544,-1.8181,6.2987,4.2155,4.2155,10.1303
2026-06-15 16:47:15.928,Pavel,right,31.000,1860,,,,,,,-0.8083,-1.8606,6.2614,4.2008,4.2008,10.0010
2026-06-15 16:47:15.958,Pavel,right,31.033,1862,,,,,,,-0.7845,-1.8588,6.2167,4.1927,4.1927,10.0003
2026-06-15 16:47:15.989,Pavel,right,31.067,1864,,,,,,,-0.7761,-1.8686,6.1981,4.1862,4.1862,9.9852
2026-06-15 16:47:16.021,Pavel,right,31.100,1866,,,,,,,-0.7791,-1.8525,6.1723,4.2028,4.2028,10.0315
2026-06-15 16:47:16.052,Pavel,right,31.117,1867,,,,,,,-0.8254,-1.8222,6.1873,4.2318,4.2318,10.1291
2026-06-15 16:47:16.082,Pavel,right,31.150,1869,,,,,,,-0.8387,-1.7959,6.2103,4.2467,4.2467,10.0392
2026-06-15 16:47:16.112,Pavel,right,31.183,1871,,,,,,,-0.8325,-1.8109,6.2277,4.2005,4.2005,10.0013
2026-06-15 16:47:16.143,Pavel,right,31.217,1873,,,,,,,-0.8245,-1.8201,6.2332,4.2040,4.2040,10.0827
2026-06-15 16:47:16.173,Pavel,right,31.250,1875,,,,,,,-0.8197,-1.8312,6.2359,4.2079,4.2079,10.1466
2026-06-15 16:47:16.204,Pavel,right,31.283,1877,,,,,,,-0.8061,-1.8508,6.2296,4.2103,4.2103,10.2492
2026-06-15 16:47:16.235,Pavel,right,31.300,1878,,,,,,,-0.7918,-1.8781,6.2177,4.2117,4.2117,10.2173
2026-06-15 16:47:16.265,Pavel,right,31.333,1880,,,,,,,-0.8155,-1.8821,6.2319,4.2178,4.2178,10.1889
2026-06-15 16:47:16.296,Pavel,right,31.367,1882,,,,,,,-0.8213,-1.8833,6.2407,4.2205,4.2205,10.1576
2026-06-15 16:47:16.326,Pavel,right,31.400,1884,,,,,,,-0.8436,-1.8869,6.2599,4.2686,4.2686,10.2529
2026-06-15 16:47:16.357,Pavel,right,31.433,1886,,,,,,,-0.8465,-1.8824,6.2673,4.2901,4.2901,10.2856
2026-06-15 16:47:16.388,Pavel,right,31.467,1888,,,,,,,-0.8345,-1.8985,6.2813,4.2436,4.2436,10.1647
2026-06-15 16:47:16.418,Pavel,right,31.483,1889,,,,,,,-0.8383,-1.8936,6.2827,4.2401,4.2401,10.1932
2026-06-15 16:47:16.450,Pavel,right,31.517,1891,,,,,,,-0.8447,-1.8852,6.2819,4.2294,4.2294,10.3422
2026-06-15 16:47:16.480,Pavel,right,31.550,1893,,,,,,,-0.8678,-1.8474,6.2813,4.2491,4.2491,10.4958
2026-06-15 16:47:16.510,Pavel,right,31.583,1895,,,,,,,-0.8807,-1.8171,6.2797,4.2654,4.2654,10.5777
2026-06-15 16:47:16.541,Pavel,right,31.617,1897,,,,,,,-0.8919,-1.7825,6.2675,4.3326,4.3326,10.6087
2026-06-15 16:47:16.572,Pavel,right,31.650,1899,,,,,,,-0.9032,-1.7384,6.2663,4.3708,4.3708,10.6636
2026-06-15 16:47:16.602,Pavel,right,31.667,1900,,,,,,,-0.8977,-1.7241,6.2722,4.3704,4.3704,10.6519
2026-06-15 16:47:16.633,Pavel,right,31.700,1902,,,,,,,-0.8936,-1.7224,6.2933,4.3659,4.3659,10.6629
2026-06-15 16:47:16.663,Pavel,right,31.733,1904,,,,,,,-0.8689,-1.7192,6.3258,4.3324,4.3324,10.6893
2026-06-15 16:47:16.694,Pavel,right,31.767,1906,,,,,,,-0.8645,-1.7152,6.3460,4.3081,4.3081,10.7014
2026-06-15 16:47:16.724,Pavel,right,31.800,1908,,,,,,,-0.8623,-1.6996,6.3521,4.3130,4.3130,10.7135
2026-06-15 16:47:16.755,Pavel,right,31.833,1910,,,,,,,-0.8514,-1.6653,6.3384,4.2526,4.2526,10.3203
2026-06-15 16:47:16.786,Pavel,right,31.850,1911,,,,,,,-0.8597,-1.6394,6.3300,4.2349,4.2349,10.3278
2026-06-15 16:47:16.816,Pavel,right,31.883,1913,,,,,,,-0.8761,-1.5915,6.3108,4.2012,4.2012,10.3618
2026-06-15 16:47:16.847,Pavel,right,31.917,1915,,,,,,,-0.8785,-1.5152,6.3016,4.2028,4.2028,10.3784
2026-06-15 16:47:16.877,Pavel,right,31.950,1917,,,,,,,-0.8763,-1.4598,6.3036,4.2028,4.2028,10.2218
2026-06-15 16:47:16.908,Pavel,right,31.983,1919,,,,,,,-0.8800,-1.4092,6.3122,4.1702,4.1702,10.0771
2026-06-15 16:47:16.938,Pavel,right,32.017,1921,,,,,,,-0.8773,-1.3820,6.3133,4.1605,4.1605,9.9616
2026-06-15 16:47:16.969,Pavel,right,32.033,1922,,,,,,,-0.8812,-1.3422,6.3052,4.1603,4.1603,9.9135
2026-06-15 16:47:17.000,Pavel,right,32.067,1924,,,,,,,-0.9089,-1.3201,6.3108,4.1998,4.1998,10.0741
2026-06-15 16:47:17.030,Pavel,right,32.100,1926,,,,,,,-0.9304,-1.2851,6.3279,4.2569,4.2569,10.3101
2026-06-15 16:47:17.061,Pavel,right,32.133,1928,,,,,,,-0.9398,-1.2462,6.3420,4.2570,4.2570,10.3224
2026-06-15 16:47:17.091,Pavel,right,32.167,1930,,,,,,,-0.9386,-1.2379,6.3541,4.2218,4.2218,10.2046
2026-06-15 16:47:17.122,Pavel,right,32.200,1932,,,,,,,-0.9317,-1.2222,6.3481,4.1982,4.1982,10.1264
2026-06-15 16:47:17.152,Pavel,right,32.217,1933,,,,,,,-0.9251,-1.2004,6.3441,4.1871,4.1871,10.1285
2026-06-15 16:47:17.183,Pavel,right,32.250,1935,,,,,,,-0.8943,-1.1796,6.3460,4.1656,4.1656,10.1753
2026-06-15 16:47:17.214,Pavel,right,32.283,1937,,,,,,,-0.8988,-1.1656,6.3550,4.1701,4.1701,10.2250
2026-06-15 16:47:17.244,Pavel,right,32.317,1939,,,,,,,-0.8825,-1.1272,6.3769,4.1390,4.1390,10.2291
2026-06-15 16:47:17.275,Pavel,right,32.350,1941,,,,,,,-0.8995,-1.0792,6.3927,4.1728,4.1728,10.2371
2026-06-15 16:47:17.306,Pavel,right,32.383,1943,,,,,,,-0.9100,-1.0313,6.4024,4.1879,4.1879,10.2314
2026-06-15 16:47:17.337,Pavel,right,32.417,1945,,,,,,,-0.9264,-0.8036,6.3841,4.2186,4.2186,10.1718
2026-06-15 16:47:17.367,Pavel,right,32.433,1946,,,,,,,-0.9408,-0.5827,6.3757,4.1820,4.1820,10.2130
2026-06-15 16:47:17.398,Pavel,right,32.467,1948,,,,,,,-0.9616,-0.3198,6.3624,4.1722,4.1722,10.1637
2026-06-15 16:47:17.428,Pavel,right,32.500,1950,,,,,,,-0.9399,-0.1898,6.3410,4.1591,4.1591,10.2839
2026-06-15 16:47:17.459,Pavel,right,32.533,1952,,,,,,,-0.9231,-0.1176,6.3297,4.1521,4.1521,10.3632
2026-06-15 16:47:17.490,Pavel,right,32.567,1954,,,,,,,-0.9026,-0.0693,6.3521,4.1480,4.1480,10.4303
2026-06-15 16:47:17.520,Pavel,right,32.600,1956,,,,,,,-0.9049,-0.0480,6.3647,4.1361,4.1361,10.2916
2026-06-15 16:47:17.551,Pavel,right,32.617,1957,,,,,,,-0.8941,0.0106,6.3803,4.1397,4.1397,10.1776
2026-06-15 16:47:17.581,Pavel,right,32.650,1959,,,,,,,-0.9112,0.0657,6.3846,4.1799,4.1799,10.2248
2026-06-15 16:47:17.612,Pavel,right,32.683,1961,,,,,,,-0.9000,0.1413,6.3807,4.1627,4.1627,10.1620
2026-06-15 16:47:17.642,Pavel,right,32.717,1963,,,,,,,-0.8952,0.1845,6.3702,4.1386,4.1386,10.1327
2026-06-15 16:47:17.673,Pavel,right,32.750,1965,,,,,,,-0.8686,0.2800,6.3369,4.0969,4.0969,10.1334
2026-06-15 16:47:17.704,Pavel,right,32.783,1967,,,,,,,-0.8143,-0.0638,6.2636,4.1904,4.1904,10.2482
2026-06-15 16:47:17.734,Pavel,right,32.800,1968,,,,,,,-0.8066,-0.4885,6.1650,4.2793,4.2793,10.4361
2026-06-15 16:47:17.765,Pavel,right,32.833,1970,,,,,,,-0.7696,-0.5993,6.1389,4.2472,4.2472,10.4783
2026-06-15 16:47:17.795,Pavel,right,32.867,1972,,,,,,,-0.7180,-0.7483,6.1241,4.2171,4.2171,10.5217
2026-06-15 16:47:17.826,Pavel,right,32.900,1974,,,,,,,-0.6884,-0.8571,6.1282,4.2982,4.2982,10.6601
2026-06-15 16:47:17.856,Pavel,right,32.933,1976,,,,,,,-0.6707,-1.0386,6.1254,4.3220,4.3220,10.7856
2026-06-15 16:47:17.887,Pavel,right,32.950,1977,,,,,,,-0.6392,-1.2630,6.1224,4.3313,4.3313,10.8897
2026-06-15 16:47:17.917,Pavel,right,32.983,1979,,,,,,,-0.6146,-1.3211,6.1277,4.3554,4.3554,10.9190
2026-06-15 16:47:17.948,Pavel,right,33.017,1981,,,,,,,-0.5409,-1.3879,6.1431,4.3387,4.3387,10.9392
2026-06-15 16:47:17.978,Pavel,right,33.050,1983,,,,,,,-0.4801,-1.4203,6.1408,4.3137,4.3137,10.9131
2026-06-15 16:47:18.012,Pavel,right,33.083,1985,,,,,,,-0.4284,-1.4349,6.1436,4.2965,4.2965,10.8205
2026-06-15 16:47:18.046,Pavel,right,33.117,1987,,,,,,,-0.3742,-1.4500,6.1512,4.2958,4.2958,10.7815
2026-06-15 16:47:18.076,Pavel,right,33.150,1989,,,,,,,-0.3214,-1.4268,6.1566,4.2930,4.2930,10.9491
2026-06-15 16:47:18.107,Pavel,right,33.183,1991,,,,,,,-0.2706,-1.1976,6.1670,4.3820,4.3820,11.2699
2026-06-15 16:47:18.137,Pavel,right,33.217,1993,,,,,,,-0.2218,-1.0763,6.1644,4.4080,4.4080,11.4310
2026-06-15 16:47:18.168,Pavel,right,33.233,1994,,,,,,,-0.1901,-1.0348,6.1665,4.3928,4.3928,11.5430
2026-06-15 16:47:18.198,Pavel,right,33.267,1996,,,,,,,-0.1417,-0.9822,6.1788,4.3459,4.3459,11.6762
2026-06-15 16:47:18.229,Pavel,right,33.300,1998,,,,,,,-0.1318,-0.9653,6.1852,4.3930,4.3930,11.6978
2026-06-15 16:47:18.259,Pavel,right,33.333,2000,,,,,,,-0.0950,-0.9461,6.1969,4.4428,4.4428,11.7014
2026-06-15 16:47:18.290,Pavel,right,33.367,2002,,,,,,,-0.0424,-0.9346,6.2037,4.4476,4.4476,11.8017
2026-06-15 16:47:18.321,Pavel,right,33.400,2004,,,,,,,-0.0054,-0.9285,6.2183,4.4459,4.4459,11.7948
2026-06-15 16:47:18.351,Pavel,right,33.417,2005,,,,,,,0.0011,-0.9254,6.2209,4.4543,4.4543,11.8085
2026-06-15 16:47:18.382,Pavel,right,33.450,2007,,,,,,,0.0073,-0.9328,6.2287,4.5125,4.5125,12.0365
2026-06-15 16:47:18.412,Pavel,right,33.483,2009,,,,,,,0.0004,-0.9527,6.2304,4.5085,4.5085,12.0812
2026-06-15 16:47:18.443,Pavel,right,33.517,2011,,,,,,,-0.0225,-0.9830,6.2130,4.5021,4.5021,12.2347
2026-06-15 16:47:18.474,Pavel,right,33.550,2013,,,,,,,-0.0023,-0.9583,6.1866,4.4504,4.4504,12.2562
2026-06-15 16:47:18.504,Pavel,right,33.583,2015,,,,,,,0.0067,-0.9316,6.1760,4.4045,4.4045,12.3877
2026-06-15 16:47:18.534,Pavel,right,33.600,2016,,,,,,,-0.0203,-0.8771,6.1882,4.5687,4.5687,12.6882
2026-06-15 16:47:18.565,Pavel,right,33.633,2018,,,,,,,0.0047,-0.8219,6.1978,4.5742,4.5742,12.6088
2026-06-15 16:47:18.595,Pavel,right,33.667,2020,,,,,,,0.0273,-0.7925,6.1947,4.5171,4.5171,12.3523
2026-06-15 16:47:18.626,Pavel,right,33.700,2022,,,,,,,0.0427,-0.7370,6.1947,4.5137,4.5137,12.2935
2026-06-15 16:47:18.656,Pavel,right,33.733,2024,,,,,,,0.0404,-0.7051,6.1821,4.5109,4.5109,12.2849
2026-06-15 16:47:18.687,Pavel,right,33.767,2026,,,,,,,0.0511,-0.6561,6.1739,4.4877,4.4877,12.3577
2026-06-15 16:47:18.718,Pavel,right,33.783,2027,,,,,,,0.0602,-0.6213,6.1689,4.4738,4.4738,12.3940
2026-06-15 16:47:18.749,Pavel,right,33.817,2029,,,,,,,0.0603,-0.6199,6.1668,4.5004,4.5004,12.4304
2026-06-15 16:47:18.779,Pavel,right,33.850,2031,,,,,,,0.0790,-0.6246,6.1645,4.4810,4.4810,12.3796
2026-06-15 16:47:18.810,Pavel,right,33.883,2033,,,,,,,0.0504,-0.6125,6.1709,4.5558,4.5558,12.4513
2026-06-15 16:47:18.840,Pavel,right,33.917,2035,,,,,,,0.0500,-0.5557,6.1750,4.6337,4.6337,12.5190
2026-06-15 16:47:18.872,Pavel,right,33.950,2037,,,,,,,0.0552,-0.5033,6.1736,4.5173,4.5173,12.3889
2026-06-15 16:47:18.902,Pavel,right,33.967,2038,,,,,,,0.0529,-0.4748,6.1643,4.5027,4.5027,12.3152
2026-06-15 16:47:18.933,Pavel,right,34.000,2040,,,,,,,0.0388,-0.4109,6.1401,4.4231,4.4231,12.2846
2026-06-15 16:47:18.963,Pavel,right,34.033,2042,,,,,,,0.0057,-0.3895,6.1376,4.4854,4.4854,12.3359
2026-06-15 16:47:18.993,Pavel,right,34.067,2044,,,,,,,-0.0071,-0.3559,6.1410,4.5211,4.5211,12.2881
2026-06-15 16:47:19.024,Pavel,right,34.100,2046,,,,,,,-0.0114,-0.3478,6.1454,4.5336,4.5336,12.2615
2026-06-15 16:47:19.058,Pavel,right,34.133,2048,,,,,,,-0.0195,-0.3420,6.1475,4.5353,4.5353,12.2374
2026-06-15 16:47:19.089,Pavel,right,34.167,2050,,,,,,,-0.0368,-0.3062,6.1496,4.4541,4.4541,12.1134
2026-06-15 16:47:19.119,Pavel,right,34.183,2051,,,,,,,-0.0346,-0.2939,6.1584,4.3396,4.3396,12.1220
2026-06-15 16:47:19.150,Pavel,right,34.217,2053,,,,,,,-0.0477,-0.2893,6.1742,4.3059,4.3059,12.1389
2026-06-15 16:47:19.180,Pavel,right,34.250,2055,,,,,,,-0.0605,-0.2924,6.1842,4.3471,4.3471,12.0984
2026-06-15 16:47:19.211,Pavel,right,34.283,2057,,,,,,,-0.0921,-0.3118,6.1978,4.4130,4.4130,12.0808
2026-06-15 16:47:19.241,Pavel,right,34.317,2059,,,,,,,-0.1278,-0.3071,6.2075,4.4452,4.4452,11.9865
2026-06-15 16:47:19.272,Pavel,right,34.350,2061,,,,,,,-0.1629,-0.2854,6.2052,4.4392,4.4392,11.9273
2026-06-15 16:47:19.303,Pavel,right,34.367,2062,,,,,,,-0.1832,-0.2760,6.2001,4.4389,4.4389,11.9447
2026-06-15 16:47:19.333,Pavel,right,34.400,2064,,,,,,,-0.2378,-0.2120,6.1821,4.4202,4.4202,11.9607
2026-06-15 16:47:19.364,Pavel,right,34.433,2066,,,,,,,-0.2664,-0.1770,6.1831,4.3960,4.3960,11.9191
2026-06-15 16:47:19.395,Pavel,right,34.467,2068,,,,,,,-0.2946,-0.1353,6.1870,4.4038,4.4038,11.9117
2026-06-15 16:47:19.426,Pavel,right,34.483,2069,,,,,,,-0.2975,-0.0834,6.1857,4.3655,4.3655,11.5700
2026-06-15 16:47:19.456,Pavel,right,34.517,2071,,,,,,,-0.3196,-0.0396,6.1848,4.3457,4.3457,11.2836
2026-06-15 16:47:19.487,Pavel,right,34.533,2073,,,,,,,-0.3315,-0.0198,6.1829,4.3316,4.3316,11.2022
2026-06-15 16:47:19.518,Pavel,right,34.567,2074,,,,,,,-0.3675,0.0068,6.1841,4.3638,4.3638,11.3328
2026-06-15 16:47:19.548,Pavel,right,34.600,2076,,,,,,,-0.4278,0.0235,6.2019,4.3879,4.3879,11.4341
2026-06-15 16:47:19.579,Pavel,right,34.633,2078,,,,,,,-0.4799,0.0136,6.2360,4.4247,4.4247,11.5551
2026-06-15 16:47:19.609,Pavel,right,34.667,2080,,,,,,,-0.5074,0.0107,6.2501,4.4162,4.4162,11.5365
2026-06-15 16:47:19.640,Pavel,right,34.700,2082,,,,,,,-0.5550,0.0219,6.2707,4.4062,4.4062,11.5465
2026-06-15 16:47:19.670,Pavel,right,34.733,2084,,,,,,,-0.5688,0.0291,6.2772,4.4007,4.4007,11.5244
2026-06-15 16:47:19.701,Pavel,right,34.750,2085,,,,,,,-0.5971,0.0442,6.2829,4.4034,4.4034,11.5471
2026-06-15 16:47:19.731,Pavel,right,34.783,2087,,,,,,,-0.6347,0.0789,6.2847,4.4026,4.4026,11.4757
2026-06-15 16:47:19.762,Pavel,right,34.817,2089,,,,,,,-0.6845,0.1098,6.2921,4.4294,4.4294,11.4868
2026-06-15 16:47:19.792,Pavel,right,34.850,2091,,,,,,,-0.6992,0.1360,6.3003,4.4123,4.4123,11.2885
2026-06-15 16:47:19.823,Pavel,right,34.883,2093,,,,,,,-0.7648,0.1677,6.3106,4.4200,4.4200,11.2332
2026-06-15 16:47:19.854,Pavel,right,34.917,2095,,,,,,,-0.8302,0.1644,6.3191,4.4647,4.4647,11.5341
2026-06-15 16:47:19.884,Pavel,right,34.933,2096,,,,,,,-0.8670,0.1648,6.3231,4.4356,4.4356,11.5119
2026-06-15 16:47:19.915,Pavel,right,34.967,2098,,,,,,,-0.8925,0.1652,6.3418,4.4135,4.4135,11.5236
2026-06-15 16:47:19.945,Pavel,right,35.000,2100,,,,,,,-0.9055,0.1617,6.3481,4.3836,4.3836,11.4981
2026-06-15 16:47:19.975,Pavel,right,35.033,2102,,,,,,,-0.9489,0.1459,6.3656,4.3792,4.3792,11.4644
2026-06-15 16:47:20.006,Pavel,right,35.067,2104,,,,,,,-0.9823,0.1341,6.3964,4.3649,4.3649,11.4299
2026-06-15 16:47:20.036,Pavel,right,35.083,2105,,,,,,,-0.9977,0.1386,6.4211,4.3551,4.3551,11.4639
2026-06-15 16:47:20.069,Pavel,right,35.117,2107,,,,,,,-0.9992,0.1698,6.4270,4.2851,4.2851,11.1054
2026-06-15 16:47:20.100,Pavel,right,35.150,2109,,,,,,,-1.0257,0.2080,6.4233,4.2503,4.2503,11.1241
2026-06-15 16:47:20.131,Pavel,right,35.183,2111,,,,,,,-1.0884,0.2138,6.4159,4.2714,4.2714,11.1197
2026-06-15 16:47:20.161,Pavel,right,35.217,2113,,,,,,,-1.1530,0.2254,6.4066,4.2822,4.2822,10.9300
2026-06-15 16:47:20.192,Pavel,right,35.250,2115,,,,,,,-1.1957,0.2452,6.4001,4.2799,4.2799,10.8276
2026-06-15 16:47:20.223,Pavel,right,35.283,2117,,,,,,,-1.2193,0.2470,6.3975,4.3024,4.3024,10.8256
2026-06-15 16:47:20.253,Pavel,right,35.300,2118,,,,,,,-1.2449,0.2595,6.3980,4.2947,4.2947,10.8479
2026-06-15 16:47:20.284,Pavel,right,35.333,2120,,,,,,,-1.2882,0.2782,6.4019,4.2899,4.2899,10.8068
2026-06-15 16:47:20.314,Pavel,right,35.367,2122,,,,,,,-1.3126,0.2734,6.4032,4.3090,4.3090,10.8525
2026-06-15 16:47:20.345,Pavel,right,35.400,2124,,,,,,,-1.3828,0.2381,6.4008,4.3949,4.3949,10.9080
2026-06-15 16:47:20.375,Pavel,right,35.433,2126,,,,,,,-1.4406,0.1887,6.4024,4.4506,4.4506,11.0060
2026-06-15 16:47:20.406,Pavel,right,35.467,2128,,,,,,,-1.4873,0.1475,6.4052,4.4736,4.4736,10.9498
2026-06-15 16:47:20.437,Pavel,right,35.483,2129,,,,,,,-1.5193,0.1265,6.4144,4.4495,4.4495,10.8804
2026-06-15 16:47:20.467,Pavel,right,35.517,2131,,,,,,,-1.5193,0.1265,6.4144,4.4495,4.4495,10.8804
2026-06-15 16:47:20.498,Pavel,right,35.550,2133,,,,,,,-1.6312,0.0955,6.4251,4.4340,4.4340,10.8627
2026-06-15 16:47:20.529,Pavel,right,35.583,2135,,,,,,,-1.7899,0.0154,6.4274,4.4497,4.4497,10.9309
2026-06-15 16:47:20.559,Pavel,right,35.617,2137,,,,,,,-1.8847,-0.0477,6.4217,4.5330,4.5330,10.9754
2026-06-15 16:47:20.590,Pavel,right,35.650,2139,,,,,,,-1.9482,-0.0932,6.4241,4.5611,4.5611,11.0753
2026-06-15 16:47:20.620,Pavel,right,35.667,2140,,,,,,,-1.9625,-0.1140,6.4291,4.5762,4.5762,11.0765
2026-06-15 16:47:20.651,Pavel,right,35.700,2142,,,,,,,-1.9728,-0.1362,6.4415,4.5637,4.5637,11.0304
2026-06-15 16:47:20.681,Pavel,right,35.733,2144,,,,,,,-1.9949,-0.1587,6.4661,4.5528,4.5528,11.0317
2026-06-15 16:47:20.712,Pavel,right,35.767,2146,,,,,,,-2.0121,-0.1701,6.4821,4.5227,4.5227,10.9172
2026-06-15 16:47:20.742,Pavel,right,35.800,2148,,,,,,,-2.0236,-0.1857,6.4878,4.5038,4.5038,10.8568
2026-06-15 16:47:20.773,Pavel,right,35.833,2150,,,,,,,-2.0381,-0.2867,6.4650,4.5239,4.5239,10.6713
2026-06-15 16:47:20.803,Pavel,right,35.850,2151,,,,,,,-1.7233,-0.0551,6.3008,3.6498,3.6498,9.1032
2026-06-15 16:47:20.834,Pavel,right,35.883,2153,,,,,,,-0.0862,0.0000,4.7937,0.0000,0.0000,0.0000
2026-06-15 16:47:20.865,Pavel,right,35.917,2155,,,,,,,-1.5476,0.1567,6.0058,2.2814,2.2814,5.2121
2026-06-15 16:47:20.895,Pavel,right,35.950,2157,,,,,,,-1.6167,-0.1915,6.0294,2.9573,2.9573,7.2667
2026-06-15 16:47:20.926,Pavel,right,35.983,2159,,,,,,,-1.7940,-0.5893,6.0820,3.8771,3.8771,9.4203
2026-06-15 16:47:20.956,Pavel,right,36.017,2161,,,,,,,-1.9070,-0.7307,6.1325,4.3174,4.3174,10.2836
2026-06-15 16:47:20.987,Pavel,right,36.050,2163,,,,,,,-1.9744,-0.7809,6.1779,4.5072,4.5072,10.6241
2026-06-15 16:47:21.018,Pavel,right,36.067,2164,,,,,,,-2.0172,-0.7647,6.2323,4.5919,4.5919,10.8807
2026-06-15 16:47:21.048,Pavel,right,36.100,2166,,,,,,,-2.0328,-0.7599,6.2571,4.6191,4.6191,10.9325
2026-06-15 16:47:21.079,Pavel,right,36.133,2168,,,,,,,-2.0356,-0.7643,6.3010,4.5992,4.5992,10.9626
2026-06-15 16:47:21.109,Pavel,right,36.167,2170,,,,,,,-2.0192,-0.8024,6.3226,4.5719,4.5719,11.0839
2026-06-15 16:47:21.140,Pavel,right,36.200,2172,,,,,,,-2.0187,-0.8196,6.3326,4.5824,4.5824,11.1494
2026-06-15 16:47:21.170,Pavel,right,36.217,2173,,,,,,,-2.0291,-0.8602,6.3603,4.6052,4.6052,11.2930
2026-06-15 16:47:21.201,Pavel,right,36.250,2175,,,,,,,-2.0429,-0.9026,6.3785,4.6176,4.6176,11.2807
2026-06-15 16:47:21.231,Pavel,right,36.283,2177,,,,,,,-2.0483,-0.9234,6.3878,4.6342,4.6342,11.2858
2026-06-15 16:47:21.262,Pavel,right,36.317,2179,,,,,,,-2.0560,-0.9728,6.3928,4.6497,4.6497,11.1580
2026-06-15 16:47:21.292,Pavel,right,36.350,2181,,,,,,,-2.0730,-1.0389,6.3721,4.7225,4.7225,11.2244
2026-06-15 16:47:21.323,Pavel,right,36.383,2183,,,,,,,-2.0700,-1.0712,6.3581,4.7444,4.7444,11.2920
2026-06-15 16:47:21.353,Pavel,right,36.400,2184,,,,,,,-2.0727,-1.1186,6.3350,4.7967,4.7967,11.4458
2026-06-15 16:47:21.384,Pavel,right,36.433,2186,,,,,,,-2.0651,-1.1555,6.3250,4.8031,4.8031,11.5606
2026-06-15 16:47:21.414,Pavel,right,36.467,2188,,,,,,,-2.0546,-1.1862,6.3343,4.8094,4.8094,11.6092
2026-06-15 16:47:21.444,Pavel,right,36.500,2190,,,,,,,-2.0513,-1.1918,6.3434,4.8020,4.8020,11.5931
2026-06-15 16:47:21.475,Pavel,right,36.533,2192,,,,,,,-2.0548,-1.2009,6.3533,4.8269,4.8269,11.5923
2026-06-15 16:47:21.506,Pavel,right,36.567,2194,,,,,,,-2.0369,-1.2242,6.3595,4.8041,4.8041,11.5885
2026-06-15 16:47:21.537,Pavel,right,36.583,2195,,,,,,,-1.9812,-1.2923,6.3037,4.8270,4.8270,11.8676
2026-06-15 16:47:21.567,Pavel,right,36.617,2197,,,,,,,-0.0862,0.0000,4.7937,0.0000,0.0000,0.0000
2026-06-15 16:47:21.598,Pavel,right,36.650,2199,,,,,,,-0.0862,0.0000,4.7937,0.0000,0.0000,0.0000
2026-06-15 16:47:21.628,Pavel,right,36.683,2201,,,,,,,-0.0862,0.0000,4.7937,0.0000,0.0000,0.0000
2026-06-15 16:47:21.659,Pavel,right,36.717,2203,,,,,,,-0.0862,0.0000,4.7937,0.0000,0.0000,0.0000
2026-06-15 16:47:21.689,Pavel,right,36.750,2205,,,,,,,-1.8941,-1.5037,8.2275,4.9570,4.9570,10.5788
2026-06-15 16:47:21.720,Pavel,right,36.767,2206,,,,,,,-1.8947,-1.4813,8.0014,4.9564,4.9564,10.7170
2026-06-15 16:47:21.750,Pavel,right,36.800,2208,,,,,,,-1.8823,-1.4153,7.4159,4.9245,4.9245,11.1739
2026-06-15 16:47:21.781,Pavel,right,36.833,2210,,,,,,,-1.8595,-1.3800,6.9462,4.8977,4.8977,11.6417
2026-06-15 16:47:21.811,Pavel,right,36.867,2212,,,,,,,-1.8363,-1.3889,6.7793,4.9117,4.9117,11.9049
2026-06-15 16:47:21.842,Pavel,right,36.900,2214,,,,,,,-1.7637,-1.4352,6.5576,4.8775,4.8775,12.1548
2026-06-15 16:47:21.873,Pavel,right,36.933,2216,,,,,,,-1.6949,-1.4664,6.4269,4.8232,4.8232,12.1185
2026-06-15 16:47:21.903,Pavel,right,36.950,2217,,,,,,,-1.6357,-1.5015,6.3570,4.8368,4.8368,12.1754
2026-06-15 16:47:21.934,Pavel,right,36.983,2219,,,,,,,-1.5909,-1.5352,6.3271,4.8335,4.8335,12.3093
2026-06-15 16:47:21.965,Pavel,right,37.017,2221,,,,,,,-1.5844,-1.5491,6.3253,4.8404,4.8404,12.2900
2026-06-15 16:47:21.995,Pavel,right,37.050,2223,,,,,,,-1.5446,-1.5775,6.3261,4.8098,4.8098,12.2263
2026-06-15 16:47:22.026,Pavel,right,37.083,2225,,,,,,,-1.5394,-1.5854,6.3283,4.8043,4.8043,12.2680
2026-06-15 16:47:22.056,Pavel,right,37.117,2227,,,,,,,-1.4956,-1.6041,6.3229,4.8112,4.8112,12.3376
2026-06-15 16:47:22.089,Pavel,right,37.150,2229,,,,,,,-1.4506,-1.6258,6.3289,4.7761,4.7761,12.3486
2026-06-15 16:47:22.120,Pavel,right,37.167,2230,,,,,,,-1.4219,-1.6329,6.3391,4.7389,4.7389,12.3538
2026-06-15 16:47:22.150,Pavel,right,37.200,2232,,,,,,,-1.3419,-1.6432,6.3526,4.6744,4.6744,12.2539
2026-06-15 16:47:22.180,Pavel,right,37.233,2234,,,,,,,-1.2543,-1.6880,6.3475,4.6016,4.6016,12.2557
2026-06-15 16:47:22.211,Pavel,right,37.267,2236,,,,,,,-1.1863,-1.7063,6.3322,4.5862,4.5862,12.2830
2026-06-15 16:47:22.242,Pavel,right,37.300,2238,,,,,,,-1.1340,-1.7195,6.3242,4.6207,4.6207,12.3163
2026-06-15 16:47:22.273,Pavel,right,37.333,2240,,,,,,,-1.1215,-1.7010,6.3412,4.6851,4.6851,12.4538
2026-06-15 16:47:22.303,Pavel,right,37.350,2241,,,,,,,-1.1018,-1.7010,6.3446,4.6929,4.6929,12.4016
2026-06-15 16:47:22.334,Pavel,right,37.383,2243,,,,,,,-1.0668,-1.6814,6.3528,4.7067,4.7067,12.5768
2026-06-15 16:47:22.364,Pavel,right,37.417,2245,,,,,,,-1.0036,-1.6646,6.3418,4.6713,4.6713,12.4273
2026-06-15 16:47:22.395,Pavel,right,37.450,2247,,,,,,,-0.9498,-1.6542,6.3085,4.6307,4.6307,12.3800
2026-06-15 16:47:22.425,Pavel,right,37.483,2249,,,,,,,-0.9266,-1.6457,6.2951,4.6199,4.6199,12.3678
2026-06-15 16:47:22.456,Pavel,right,37.517,2251,,,,,,,-0.8772,-1.6404,6.2829,4.5784,4.5784,12.4763
2026-06-15 16:47:22.487,Pavel,right,37.533,2252,,,,,,,-0.8235,-1.6658,6.2658,4.5179,4.5179,12.2823
2026-06-15 16:47:22.517,Pavel,right,37.567,2254,,,,,,,-0.7838,-1.6877,6.2496,4.5223,4.5223,12.1337
2026-06-15 16:47:22.548,Pavel,right,37.600,2256,,,,,,,-0.7613,-1.6885,6.2429,4.5594,4.5594,12.1840
2026-06-15 16:47:22.578,Pavel,right,37.633,2258,,,,,,,-0.7178,-1.6890,6.2447,4.5950,4.5950,12.3713
2026-06-15 16:47:22.609,Pavel,right,37.667,2260,,,,,,,-0.6799,-1.6779,6.2515,4.6250,4.6250,12.4838
2026-06-15 16:47:22.640,Pavel,right,37.700,2262,,,,,,,-0.6602,-1.6632,6.2510,4.6486,4.6486,12.5641
2026-06-15 16:47:22.670,Pavel,right,37.717,2263,,,,,,,-0.5945,-1.6716,6.2508,4.5483,4.5483,12.5535
2026-06-15 16:47:22.700,Pavel,right,37.750,2265,,,,,,,-0.5260,-1.6507,6.2327,4.5330,4.5330,12.4915
2026-06-15 16:47:22.731,Pavel,right,37.783,2267,,,,,,,-0.4766,-1.6219,6.2005,4.5136,4.5136,12.3695
2026-06-15 16:47:22.762,Pavel,right,37.817,2269,,,,,,,-0.4304,-1.5876,6.1599,4.4981,4.4981,12.4407
2026-06-15 16:47:22.792,Pavel,right,37.850,2271,,,,,,,-0.4096,-1.5609,6.1454,4.4880,4.4880,12.4882
2026-06-15 16:47:22.823,Pavel,right,37.883,2273,,,,,,,-0.3693,-1.5019,6.1200,4.4718,4.4718,12.4014
2026-06-15 16:47:22.853,Pavel,right,37.900,2274,,,,,,,-0.3492,-1.4758,6.1083,4.4671,4.4671,12.3757
2026-06-15 16:47:22.884,Pavel,right,37.933,2276,,,,,,,-0.3094,-1.4223,6.0940,4.4893,4.4893,12.4270
2026-06-15 16:47:22.914,Pavel,right,37.967,2278,,,,,,,-0.2888,-1.3759,6.1070,4.5552,4.5552,12.6761
2026-06-15 16:47:22.945,Pavel,right,38.000,2280,,,,,,,-0.2612,-1.3508,6.1344,4.5799,4.5799,12.7545
2026-06-15 16:47:22.975,Pavel,right,38.033,2282,,,,,,,-0.2494,-1.3555,6.1479,4.5677,4.5677,12.7800
2026-06-15 16:47:23.006,Pavel,right,38.067,2284,,,,,,,-0.2057,-1.3537,6.1592,4.5288,4.5288,12.6042
2026-06-15 16:47:23.036,Pavel,right,38.083,2285,,,,,,,-0.1510,-1.3010,6.1481,4.4702,4.4702,12.2333
2026-06-15 16:47:23.067,Pavel,right,38.117,2287,,,,,,,-0.1269,-1.2844,6.1438,4.4550,4.4550,12.1378
2026-06-15 16:47:23.101,Pavel,right,38.150,2289,,,,,,,-0.0944,-1.2620,6.1285,4.4455,4.4455,12.0982
2026-06-15 16:47:23.131,Pavel,right,38.183,2291,,,,,,,-0.0705,-1.2441,6.1207,4.4269,4.4269,12.2287
2026-06-15 16:47:23.161,Pavel,right,38.217,2293,,,,,,,-0.0548,-1.2009,6.1170,4.4157,4.4157,12.2343
2026-06-15 16:47:23.192,Pavel,right,38.250,2295,,,,,,,-0.0332,-1.1879,6.1135,4.3863,4.3863,12.2033
2026-06-15 16:47:23.223,Pavel,right,38.283,2297,,,,,,,-0.0169,-1.1443,6.1134,4.4118,4.4118,12.1847
2026-06-15 16:47:23.254,Pavel,right,38.300,2298,,,,,,,-0.0089,-1.1218,6.1156,4.4187,4.4187,12.1911
2026-06-15 16:47:23.284,Pavel,right,38.333,2300,,,,,,,0.0090,-1.1119,6.1225,4.4275,4.4275,12.2367
2026-06-15 16:47:23.314,Pavel,right,38.367,2302,,,,,,,0.0826,-1.0492,6.1329,4.3910,4.3910,12.3428
2026-06-15 16:47:23.345,Pavel,right,38.400,2304,,,,,,,0.1465,-0.9484,6.1572,4.4170,4.4170,12.2971
2026-06-15 16:47:23.376,Pavel,right,38.433,2306,,,,,,,0.1635,-0.9282,6.1638,4.4518,4.4518,12.2887
2026-06-15 16:47:23.406,Pavel,right,38.467,2308,,,,,,,0.1850,-0.9073,6.1658,4.4631,4.4631,12.3631
2026-06-15 16:47:23.437,Pavel,right,38.483,2309,,,,,,,0.2286,-0.8990,6.1507,4.4297,4.4297,12.3962
2026-06-15 16:47:23.467,Pavel,right,38.517,2311,,,,,,,0.2606,-0.8659,6.1506,4.4440,4.4440,12.4762
2026-06-15 16:47:23.497,Pavel,right,38.550,2313,,,,,,,0.2769,-0.8397,6.1516,4.4451,4.4451,12.4910
2026-06-15 16:47:23.528,Pavel,right,38.583,2315,,,,,,,0.3106,-0.7972,6.1492,4.4649,4.4649,12.5195
2026-06-15 16:47:23.559,Pavel,right,38.617,2317,,,,,,,0.3187,-0.7743,6.1444,4.4934,4.4934,12.6088
2026-06-15 16:47:23.589,Pavel,right,38.650,2319,,,,,,,0.3489,-0.7252,6.1374,4.4855,4.4855,12.4341
2026-06-15 16:47:23.620,Pavel,right,38.667,2320,,,,,,,0.3540,-0.6829,6.1383,4.4585,4.4585,12.2899
2026-06-15 16:47:23.650,Pavel,right,38.700,2322,,,,,,,0.3482,-0.6629,6.1346,4.4809,4.4809,12.3195
2026-06-15 16:47:23.681,Pavel,right,38.733,2324,,,,,,,0.2950,-0.6806,6.1309,4.5215,4.5215,12.5207
2026-06-15 16:47:23.712,Pavel,right,38.767,2326,,,,,,,0.2525,-0.6855,6.1265,4.6109,4.6109,12.8031
2026-06-15 16:47:23.742,Pavel,right,38.800,2328,,,,,,,0.2764,-0.6698,6.1307,4.5745,4.5745,12.7031
2026-06-15 16:47:23.773,Pavel,right,38.833,2330,,,,,,,0.3054,-0.6461,6.1304,4.5311,4.5311,12.3892
2026-06-15 16:47:23.804,Pavel,right,38.867,2332,,,,,,,0.3133,-0.6488,6.1310,4.5314,4.5314,12.3572
2026-06-15 16:47:23.834,Pavel,right,38.883,2333,,,,,,,0.3042,-0.7116,6.1164,4.5419,4.5419,12.5136
2026-06-15 16:47:23.865,Pavel,right,38.917,2335,,,,,,,0.5802,-0.3529,6.0780,3.5884,3.5884,10.9544
2026-06-15 16:47:23.895,Pavel,right,38.950,2337,,,,,,,-0.0862,0.0000,4.7937,0.0000,0.0000,0.0000
2026-06-15 16:47:23.925,Pavel,right,38.983,2339,,,,,,,-0.0862,0.0000,4.7937,0.0000,0.0000,0.0000
2026-06-15 16:47:23.956,Pavel,right,39.017,2341,,,,,,,6.3337,-0.5786,9.3543,1.4952,1.4952,4.8479
2026-06-15 16:47:23.987,Pavel,right,39.033,2342,,,,,,,3.4959,-0.5015,9.1556,2.0424,2.0424,7.1952
2026-06-15 16:47:24.017,Pavel,right,39.067,2344,,,,,,,2.8000,-0.5609,8.8609,2.1956,2.1956,8.0644
2026-06-15 16:47:24.048,Pavel,right,39.100,2346,,,,,,,1.3525,-0.6707,7.9357,3.4010,3.4010,9.7294
2026-06-15 16:47:24.078,Pavel,right,39.133,2348,,,,,,,0.6876,-0.6941,7.1663,3.9554,3.9554,10.9845
2026-06-15 16:47:24.110,Pavel,right,39.167,2350,,,,,,,0.3499,-0.6703,6.6823,4.2535,4.2535,11.9200
2026-06-15 16:47:24.140,Pavel,right,39.200,2352,,,,,,,0.2596,-0.6418,6.5284,4.2948,4.2948,12.1231
2026-06-15 16:47:24.171,Pavel,right,39.217,2353,,,,,,,0.1224,-0.5867,6.2664,4.3577,4.3577,12.2060
2026-06-15 16:47:24.201,Pavel,right,39.250,2355,,,,,,,0.0942,-0.5609,6.2150,4.3734,4.3734,12.0969
2026-06-15 16:47:24.231,Pavel,right,39.283,2357,,,,,,,0.0477,-0.5208,6.1649,4.3822,4.3822,12.0551
2026-06-15 16:47:24.262,Pavel,right,39.317,2359,,,,,,,0.0001,-0.5150,6.1440,4.3937,4.3937,12.0953
2026-06-15 16:47:24.292,Pavel,right,39.350,2361,,,,,,,-0.0298,-0.5105,6.1482,4.4214,4.4214,12.1710
2026-06-15 16:47:24.323,Pavel,right,39.383,2363,,,,,,,-0.0393,-0.5124,6.1586,4.4259,4.4259,12.1467
2026-06-15 16:47:24.353,Pavel,right,39.400,2364,,,,,,,-0.0450,-0.5101,6.1935,4.4481,4.4481,12.1292
2026-06-15 16:47:24.384,Pavel,right,39.433,2366,,,,,,,-0.0702,-0.5182,6.2297,4.5258,4.5258,12.4171
2026-06-15 16:47:24.415,Pavel,right,39.467,2368,,,,,,,-0.1257,-0.5329,6.2568,4.5985,4.5985,12.6639
2026-06-15 16:47:24.445,Pavel,right,39.500,2370,,,,,,,-0.1769,-0.5307,6.2456,4.5452,4.5452,12.5321
2026-06-15 16:47:24.476,Pavel,right,39.533,2372,,,,,,,-0.2162,-0.5282,6.2449,4.5904,4.5904,12.6576
2026-06-15 16:47:24.507,Pavel,right,39.567,2374,,,,,,,-0.2533,-0.5218,6.2445,4.6121,4.6121,12.7329
2026-06-15 16:47:24.538,Pavel,right,39.600,2376,,,,,,,-0.3119,-0.5091,6.2431,4.5943,4.5943,12.6622
2026-06-15 16:47:24.568,Pavel,right,39.617,2377,,,,,,,-0.3622,-0.5072,6.2675,4.6527,4.6527,12.7932
2026-06-15 16:47:24.599,Pavel,right,39.650,2379,,,,,,,-0.3772,-0.4679,6.2727,4.5799,4.5799,12.5760
2026-06-15 16:47:24.630,Pavel,right,39.683,2381,,,,,,,-0.4071,-0.4369,6.2770,4.6003,4.6003,12.6282
2026-06-15 16:47:24.660,Pavel,right,39.717,2383,,,,,,,-0.4529,-0.3891,6.2983,4.5323,4.5323,12.4113
2026-06-15 16:47:24.691,Pavel,right,39.750,2385,,,,,,,-0.4854,-0.3625,6.3222,4.4177,4.4177,12.2582
2026-06-15 16:47:24.722,Pavel,right,39.783,2387,,,,,,,-0.5209,-0.3417,6.3521,4.3799,4.3799,12.1727
2026-06-15 16:47:24.752,Pavel,right,39.800,2388,,,,,,,-0.5616,-0.3776,6.3802,4.3684,4.3684,11.9619
2026-06-15 16:47:24.783,Pavel,right,39.833,2390,,,,,,,-0.5724,-0.4071,6.3885,4.3584,4.3584,11.9090
2026-06-15 16:47:24.813,Pavel,right,39.867,2392,,,,,,,-0.6096,-0.4483,6.4067,4.3434,4.3434,11.9257
2026-06-15 16:47:24.844,Pavel,right,39.900,2394,,,,,,,-0.6528,-0.4494,6.4180,4.3568,4.3568,11.8873
2026-06-15 16:47:24.875,Pavel,right,39.933,2396,,,,,,,-0.7160,-0.4372,6.4206,4.4091,4.4091,11.7168
2026-06-15 16:47:24.905,Pavel,right,39.967,2398,,,,,,,-0.7444,-0.4265,6.4175,4.3598,4.3598,11.5000
2026-06-15 16:47:24.936,Pavel,right,39.983,2399,,,,,,,-0.7990,-0.3935,6.4156,4.3477,4.3477,11.3209
2026-06-15 16:47:24.967,Pavel,right,40.017,2401,,,,,,,-0.8765,-0.3817,6.4253,4.3917,4.3917,11.4773
2026-06-15 16:47:24.997,Pavel,right,40.050,2403,,,,,,,-0.9139,-0.3790,6.4368,4.4201,4.4201,11.5513
2026-06-15 16:47:25.028,Pavel,right,40.083,2405,,,,,,,-0.9341,-0.3894,6.4394,4.3323,4.3323,11.2384
2026-06-15 16:47:25.058,Pavel,right,40.117,2407,,,,,,,-0.9456,-0.4043,6.4285,4.2313,4.2313,10.8338
2026-06-15 16:47:25.089,Pavel,right,40.150,2409,,,,,,,-1.0015,-0.4049,6.4120,4.2586,4.2586,10.5947
2026-06-15 16:47:25.120,Pavel,right,40.167,2410,,,,,,,-1.0912,-0.4126,6.4229,4.3286,4.3286,10.7154
2026-06-15 16:47:25.150,Pavel,right,40.200,2412,,,,,,,-1.1517,-0.4491,6.4377,4.3636,4.3636,10.7398
2026-06-15 16:47:25.181,Pavel,right,40.233,2414,,,,,,,-1.1543,-0.4457,6.4508,4.3252,4.3252,10.7278
2026-06-15 16:47:25.211,Pavel,right,40.267,2416,,,,,,,-1.1650,-0.4308,6.4634,4.3034,4.3034,10.7422
2026-06-15 16:47:25.242,Pavel,right,40.300,2418,,,,,,,-1.1455,-0.4415,6.4580,4.2420,4.2420,10.5073
2026-06-15 16:47:25.273,Pavel,right,40.333,2420,,,,,,,-1.1716,-0.4776,6.4316,4.2620,4.2620,10.4482
2026-06-15 16:47:25.303,Pavel,right,40.350,2421,,,,,,,-1.2210,-0.5027,6.3867,4.3133,4.3133,10.4351
2026-06-15 16:47:25.334,Pavel,right,40.383,2423,,,,,,,-1.2890,-0.5407,6.3552,4.3264,4.3264,10.4378
2026-06-15 16:47:25.364,Pavel,right,40.417,2425,,,,,,,-1.3090,-0.5630,6.3445,4.3266,4.3266,10.4724
2026-06-15 16:47:25.394,Pavel,right,40.450,2427,,,,,,,-1.3428,-0.6146,6.3286,4.3572,4.3572,10.5727
2026-06-15 16:47:25.425,Pavel,right,40.483,2429,,,,,,,-1.3765,-0.6247,6.3183,4.3741,4.3741,10.5945
2026-06-15 16:47:25.455,Pavel,right,40.517,2431,,,,,,,-1.4303,-0.6312,6.3280,4.4081,4.4081,10.7239
2026-06-15 16:47:25.486,Pavel,right,40.533,2432,,,,,,,-1.4380,-0.6395,6.3373,4.3985,4.3985,10.7186
2026-06-15 16:47:25.516,Pavel,right,40.567,2434,,,,,,,-1.4852,-0.6625,6.3784,4.4264,4.4264,10.8991
2026-06-15 16:47:25.547,Pavel,right,40.600,2436,,,,,,,-1.5080,-0.6394,6.4052,4.3947,4.3947,10.7943
2026-06-15 16:47:25.578,Pavel,right,40.633,2438,,,,,,,-1.5541,-0.5832,6.4280,4.4088,4.4088,10.8642
2026-06-15 16:47:25.608,Pavel,right,40.667,2440,,,,,,,-1.6021,-0.5543,6.4518,4.4572,4.4572,10.9332
2026-06-15 16:47:25.639,Pavel,right,40.700,2442,,,,,,,-1.6226,-0.5479,6.4659,4.4751,4.4751,11.0507
2026-06-15 16:47:25.669,Pavel,right,40.717,2443,,,,,,,-1.6532,-0.5613,6.4962,4.4885,4.4885,11.0846
2026-06-15 16:47:25.699,Pavel,right,40.750,2445,,,,,,,-1.6952,-0.6013,6.5144,4.4927,4.4927,11.1109
2026-06-15 16:47:25.730,Pavel,right,40.783,2447,,,,,,,-1.7408,-0.6647,6.5056,4.5215,4.5215,11.1474
2026-06-15 16:47:25.761,Pavel,right,40.817,2449,,,,,,,-1.7586,-0.6893,6.5022,4.5154,4.5154,11.1194
2026-06-15 16:47:25.791,Pavel,right,40.850,2451,,,,,,,-1.7616,-0.7418,6.4935,4.4929,4.4929,11.0194
2026-06-15 16:47:25.822,Pavel,right,40.883,2453,,,,,,,-1.7965,-0.7993,6.4961,4.5876,4.5876,11.0371
2026-06-15 16:47:25.853,Pavel,right,40.900,2454,,,,,,,-1.7964,-0.8222,6.4901,4.6216,4.6216,11.1180
2026-06-15 16:47:25.884,Pavel,right,40.933,2456,,,,,,,-1.8201,-0.8461,6.4745,4.6490,4.6490,11.0845
2026-06-15 16:47:25.914,Pavel,right,40.967,2458,,,,,,,-1.8040,-0.8403,6.4781,4.5808,4.5808,11.0447
2026-06-15 16:47:25.945,Pavel,right,41.000,2460,,,,,,,-1.8121,-0.8432,6.4728,4.5187,4.5187,10.9284
2026-06-15 16:47:25.976,Pavel,right,41.033,2462,,,,,,,-1.8665,-0.8584,6.4780,4.5828,4.5828,11.1927
2026-06-15 16:47:26.006,Pavel,right,41.067,2464,,,,,,,-1.9101,-0.8827,6.4848,4.5984,4.5984,11.1892
2026-06-15 16:47:26.037,Pavel,right,41.100,2466,,,,,,,-1.9256,-0.8888,6.4926,4.5775,4.5775,11.2575
2026-06-15 16:47:26.067,Pavel,right,41.117,2467,,,,,,,-1.9340,-0.8871,6.5002,4.5754,4.5754,11.3555
2026-06-15 16:47:26.098,Pavel,right,41.150,2469,,,,,,,-1.9489,-0.8990,6.5135,4.5841,4.5841,11.4430
2026-06-15 16:47:26.129,Pavel,right,41.183,2471,,,,,,,-1.9460,-0.9335,6.5157,4.6144,4.6144,11.5677
2026-06-15 16:47:26.159,Pavel,right,41.217,2473,,,,,,,-1.9778,-0.9773,6.4809,4.6723,4.6723,11.4322
2026-06-15 16:47:26.190,Pavel,right,41.250,2475,,,,,,,-2.0931,-1.2089,6.4205,4.7241,4.7241,11.2148
2026-06-15 16:47:26.220,Pavel,right,41.267,2476,,,,,,,-2.1215,-1.2848,6.3925,4.7320,4.7320,11.1653
2026-06-15 16:47:26.251,Pavel,right,41.300,2478,,,,,,,-2.1566,-1.3721,6.3645,4.7546,4.7546,11.2094
2026-06-15 16:47:26.281,Pavel,right,41.333,2480,,,,,,,-2.1804,-1.4115,6.3685,4.7466,4.7466,11.3625
2026-06-15 16:47:26.312,Pavel,right,41.367,2482,,,,,,,-2.1767,-1.4467,6.3725,4.7387,4.7387,11.3941
2026-06-15 16:47:26.342,Pavel,right,41.400,2484,,,,,,,-2.1736,-1.4584,6.3717,4.7501,4.7501,11.4034
2026-06-15 16:47:26.373,Pavel,right,41.433,2486,,,,,,,-2.1647,-1.4712,6.3734,4.7536,4.7536,11.4442
2026-06-15 16:47:26.404,Pavel,right,41.467,2488,,,,,,,-2.1337,-1.5158,6.3852,4.7666,4.7666,11.4579
2026-06-15 16:47:26.435,Pavel,right,41.483,2489,,,,,,,-2.1024,-1.5626,6.4009,4.7828,4.7828,11.3987
2026-06-15 16:47:26.465,Pavel,right,41.517,2491,,,,,,,-2.0938,-1.5823,6.4133,4.7782,4.7782,11.3892
2026-06-15 16:47:26.495,Pavel,right,41.550,2493,,,,,,,-2.0841,-1.6325,6.4394,4.7887,4.7887,11.5093
2026-06-15 16:47:26.525,Pavel,right,41.583,2495,,,,,,,-2.0734,-1.6746,6.4496,4.8073,4.8073,11.6106
2026-06-15 16:47:26.556,Pavel,right,41.617,2497,,,,,,,-2.0326,-1.7075,6.4138,4.8198,4.8198,11.7364
2026-06-15 16:47:26.587,Pavel,right,41.633,2498,,,,,,,-0.0862,0.0000,4.7937,0.0000,0.0000,0.0000
2026-06-15 16:47:26.618,Pavel,right,41.667,2500,,,,,,,-0.0862,0.0000,4.7937,0.0000,0.0000,0.0000
2026-06-15 16:47:26.648,Pavel,right,41.700,2502,,,,,,,-1.3747,-0.7559,5.7053,2.7513,2.7513,6.2382
2026-06-15 16:47:26.678,Pavel,right,41.733,2504,,,,,,,-1.5576,-1.2421,5.8100,3.7063,3.7063,9.1801
2026-06-15 16:47:26.709,Pavel,right,41.767,2506,,,,,,,-1.7456,-1.5203,5.9243,4.3916,4.3916,10.9865
2026-06-15 16:47:26.740,Pavel,right,41.800,2508,,,,,,,-1.7989,-1.6266,6.0166,4.6595,4.6595,11.6498
2026-06-15 16:47:26.771,Pavel,right,41.833,2510,,,,,,,-1.7758,-1.6523,6.0693,4.6462,4.6462,11.7945
2026-06-15 16:47:26.801,Pavel,right,41.850,2511,,,,,,,-1.7442,-1.7203,6.1755,4.6679,4.6679,12.0337
2026-06-15 16:47:26.832,Pavel,right,41.883,2513,,,,,,,-1.7014,-1.7801,6.2648,4.6956,4.6956,12.1055
2026-06-15 16:47:26.863,Pavel,right,41.917,2515,,,,,,,-1.6763,-1.8018,6.3021,4.7028,4.7028,12.1210
2026-06-15 16:47:26.893,Pavel,right,41.950,2517,,,,,,,-1.6883,-1.8403,6.3291,4.7998,4.7998,12.2008
2026-06-15 16:47:26.924,Pavel,right,41.983,2519,,,,,,,-1.6597,-1.8744,6.3157,4.7931,4.7931,12.1625
2026-06-15 16:47:26.955,Pavel,right,42.017,2521,,,,,,,-1.6158,-1.8954,6.3000,4.7459,4.7459,12.1527
2026-06-15 16:47:26.986,Pavel,right,42.033,2522,,,,,,,-1.6115,-1.8838,6.2930,4.8208,4.8208,12.3247
2026-06-15 16:47:27.016,Pavel,right,42.067,2524,,,,,,,-1.6059,-1.8854,6.2887,4.8638,4.8638,12.4751
2026-06-15 16:47:27.046,Pavel,right,42.100,2526,,,,,,,-1.5929,-1.8810,6.2867,4.8964,4.8964,12.6736
2026-06-15 16:47:27.077,Pavel,right,42.133,2528,,,,,,,-1.5378,-1.8755,6.3010,4.8597,4.8597,12.6710
2026-06-15 16:47:27.108,Pavel,right,42.167,2530,,,,,,,-1.4600,-1.8969,6.3340,4.8131,4.8131,12.6864
2026-06-15 16:47:27.139,Pavel,right,42.200,2532,,,,,,,-1.4139,-1.9316,6.3503,4.8138,4.8138,12.7048
2026-06-15 16:47:27.170,Pavel,right,42.217,2533,,,,,,,-1.3781,-1.9437,6.3576,4.8112,4.8112,12.7319
2026-06-15 16:47:27.200,Pavel,right,42.250,2535,,,,,,,-1.3101,-1.9860,6.3797,4.7201,4.7201,12.6759
2026-06-15 16:47:27.231,Pavel,right,42.283,2537,,,,,,,-1.2540,-2.0352,6.3907,4.6932,4.6932,12.6602
2026-06-15 16:47:27.261,Pavel,right,42.317,2539,,,,,,,-1.2100,-2.0490,6.3838,4.7150,4.7150,12.6838
2026-06-15 16:47:27.292,Pavel,right,42.350,2541,,,,,,,-1.1822,-2.0568,6.3830,4.7151,4.7151,12.7025
2026-06-15 16:47:27.323,Pavel,right,42.383,2543,,,,,,,-1.1247,-2.0755,6.3695,4.7143,4.7143,12.7443
2026-06-15 16:47:27.354,Pavel,right,42.417,2545,,,,,,,-1.0770,-2.0763,6.3412,4.7042,4.7042,12.7133
2026-06-15 16:47:27.384,Pavel,right,42.433,2546,,,,,,,-1.0516,-2.0714,6.3261,4.6670,4.6670,12.6188
2026-06-15 16:47:27.414,Pavel,right,42.467,2548,,,,,,,-0.9856,-2.0462,6.3003,4.6119,4.6119,12.4509
2026-06-15 16:47:27.445,Pavel,right,42.500,2550,,,,,,,-0.9738,-1.9898,6.3076,4.6600,4.6600,12.8191
2026-06-15 16:47:27.476,Pavel,right,42.533,2552,,,,,,,-0.9508,-1.9788,6.3079,4.6844,4.6844,12.8195
2026-06-15 16:47:27.507,Pavel,right,42.567,2554,,,,,,,-0.9014,-1.9919,6.2791,4.6442,4.6442,12.8325
2026-06-15 16:47:27.537,Pavel,right,42.583,2555,,,,,,,-0.0862,0.0000,4.7937,0.0000,0.0000,0.0000
2026-06-15 16:47:27.567,Pavel,right,42.617,2557,,,,,,,-0.0862,0.0000,4.7937,0.0000,0.0000,0.0000
2026-06-15 16:47:27.598,Pavel,right,42.650,2559,,,,,,,-0.1403,-0.8099,6.0844,1.9931,1.9931,4.8950
2026-06-15 16:47:27.628,Pavel,right,42.683,2561,,,,,,,-0.3268,-1.5054,6.0456,3.3362,3.3362,9.1462
2026-06-15 16:47:27.659,Pavel,right,42.717,2563,,,,,,,-0.4285,-1.9260,6.0444,4.0148,4.0148,11.3329
2026-06-15 16:47:27.689,Pavel,right,42.750,2565,,,,,,,-0.4543,-2.0972,6.0614,4.3429,4.3429,12.1715
2026-06-15 16:47:27.721,Pavel,right,42.767,2566,,,,,,,-0.4503,-2.1262,6.0728,4.4144,4.4144,12.4199
2026-06-15 16:47:27.751,Pavel,right,42.800,2568,,,,,,,-0.4503,-2.1441,6.0988,4.4889,4.4889,12.6740
2026-06-15 16:47:27.782,Pavel,right,42.833,2570,,,,,,,-0.4185,-2.1200,6.1219,4.4970,4.4970,12.6876
2026-06-15 16:47:27.812,Pavel,right,42.867,2572,,,,,,,-0.4071,-2.1077,6.1318,4.5006,4.5006,12.7123
2026-06-15 16:47:27.843,Pavel,right,42.900,2574,,,,,,,-0.3941,-2.0806,6.1566,4.5131,4.5131,12.8063
2026-06-15 16:47:27.873,Pavel,right,42.933,2576,,,,,,,-0.3397,-2.0377,6.1539,4.4856,4.4856,12.7662
2026-06-15 16:47:27.904,Pavel,right,42.950,2577,,,,,,,-0.3110,-1.9823,6.1555,4.4758,4.4758,12.9294
2026-06-15 16:47:27.934,Pavel,right,42.983,2579,,,,,,,-0.2649,-1.9607,6.1545,4.4801,4.4801,12.9443
2026-06-15 16:47:27.965,Pavel,right,43.017,2581,,,,,,,-0.2550,-1.9501,6.1588,4.5411,4.5411,13.1166
2026-06-15 16:47:27.995,Pavel,right,43.050,2583,,,,,,,-0.2331,-1.9178,6.1816,4.6267,4.6267,13.3013
2026-06-15 16:47:28.026,Pavel,right,43.067,2584,,,,,,,-0.2182,-1.8984,6.1929,4.6471,4.6471,13.3242
2026-06-15 16:47:28.056,Pavel,right,43.133,2588,,,,,,,-0.1993,-1.8831,6.1989,4.6948,4.6948,13.3369
2026-06-15 16:47:28.087,Pavel,right,43.150,2589,,,,,,,-0.1660,-1.8631,6.1951,4.6884,4.6884,13.4896
2026-06-15 16:47:28.117,Pavel,right,43.183,2591,,,,,,,-0.1303,-1.8139,6.2006,4.6662,4.6662,13.5148
2026-06-15 16:47:28.149,Pavel,right,43.217,2593,,,,,,,-0.0826,-1.7470,6.2096,4.6162,4.6162,13.5185
2026-06-15 16:47:28.179,Pavel,right,43.250,2595,,,,,,,-0.0404,-1.6630,6.2020,4.5916,4.5916,13.4391
2026-06-15 16:47:28.210,Pavel,right,43.283,2597,,,,,,,-0.0151,-1.5656,6.1939,4.6095,4.6095,13.4173
2026-06-15 16:47:28.241,Pavel,right,43.317,2599,,,,,,,0.0123,-1.5145,6.1865,4.5656,4.5656,13.3004
2026-06-15 16:47:28.271,Pavel,right,43.350,2601,,,,,,,0.0338,-1.3857,6.1808,4.5331,4.5331,13.2290
2026-06-15 16:47:28.302,Pavel,right,43.367,2602,,,,,,,0.0538,-1.2603,6.1865,4.5659,4.5659,13.3303
2026-06-15 16:47:28.332,Pavel,right,43.400,2604,,,,,,,0.0696,-1.2102,6.1921,4.5658,4.5658,13.4968
2026-06-15 16:47:28.363,Pavel,right,43.433,2606,,,,,,,0.0629,-1.1762,6.1923,4.5690,4.5690,13.6553
2026-06-15 16:47:28.394,Pavel,right,43.467,2608,,,,,,,0.0644,-1.1173,6.1956,4.6280,4.6280,13.8212
2026-06-15 16:47:28.425,Pavel,right,43.500,2610,,,,,,,0.0779,-1.0876,6.2148,4.6695,4.6695,13.8976
2026-06-15 16:47:28.455,Pavel,right,43.533,2612,,,,,,,0.1053,-1.0519,6.2400,4.6899,4.6899,13.9854
2026-06-15 16:47:28.486,Pavel,right,43.550,2613,,,,,,,0.1164,-1.0547,6.2493,4.7004,4.7004,14.0264
2026-06-15 16:47:28.516,Pavel,right,43.583,2615,,,,,,,-0.0862,0.0000,4.7937,0.0000,0.0000,0.0000
2026-06-15 16:47:28.547,Pavel,right,43.617,2617,,,,,,,-0.0862,0.0000,4.7937,0.0000,0.0000,0.0000
2026-06-15 16:47:28.578,Pavel,right,43.650,2619,,,,,,,-0.0862,0.0000,4.7937,0.0000,0.0000,0.0000
2026-06-15 16:47:28.609,Pavel,right,43.683,2621,,,,,,,6.3350,-0.4998,9.4494,1.3347,1.3347,3.7502
2026-06-15 16:47:28.639,Pavel,right,43.717,2623,,,,,,,-0.0862,0.0000,4.7937,0.0000,0.0000,0.0000
2026-06-15 16:47:28.670,Pavel,right,43.733,2624,,,,,,,0.2119,-1.1670,9.2338,4.6034,4.6034,10.3924
2026-06-15 16:47:28.700,Pavel,right,43.767,2626,,,,,,,0.1852,-1.1320,8.7238,4.5990,4.5990,10.9860
2026-06-15 16:47:28.731,Pavel,right,43.800,2628,,,,,,,0.1433,-1.0670,7.7664,4.6236,4.6236,11.8673
2026-06-15 16:47:28.761,Pavel,right,43.833,2630,,,,,,,0.1148,-1.0275,7.0883,4.6524,4.6524,12.4919
2026-06-15 16:47:28.792,Pavel,right,43.867,2632,,,,,,,0.1071,-1.0024,6.8505,4.6456,4.6456,12.7679
2026-06-15 16:47:28.823,Pavel,right,43.900,2634,,,,,,,0.0995,-0.9190,6.4542,4.6186,4.6186,12.9154
2026-06-15 16:47:28.853,Pavel,right,43.917,2635,,,,,,,0.0973,-0.9017,6.3882,4.6053,4.6053,12.9532
2026-06-15 16:47:28.884,Pavel,right,43.950,2637,,,,,,,0.0749,-0.8863,6.2996,4.5625,4.5625,12.9588
2026-06-15 16:47:28.915,Pavel,right,43.983,2639,,,,,,,0.0765,-0.8836,6.2727,4.5666,4.5666,13.0007
2026-06-15 16:47:28.945,Pavel,right,44.017,2641,,,,,,,0.0708,-0.8757,6.2342,4.5145,4.5145,13.0829
2026-06-15 16:47:28.976,Pavel,right,44.050,2643,,,,,,,0.0595,-0.8810,6.2164,4.5256,4.5256,13.0918
2026-06-15 16:47:29.006,Pavel,right,44.083,2645,,,,,,,0.0900,-0.8715,6.2152,4.5092,4.5092,13.1278
2026-06-15 16:47:29.037,Pavel,right,44.117,2647,,,,,,,0.1142,-0.8426,6.2219,4.4737,4.4737,12.9876
2026-06-15 16:47:29.068,Pavel,right,44.133,2648,,,,,,,0.0967,-0.7956,6.2335,4.5131,4.5131,12.9775
2026-06-15 16:47:29.098,Pavel,right,44.167,2650,,,,,,,0.0729,-0.7729,6.2351,4.6074,4.6074,13.0172
2026-06-15 16:47:29.129,Pavel,right,44.200,2652,,,,,,,0.0795,-0.7489,6.2230,4.6231,4.6231,12.9262
2026-06-15 16:47:29.163,Pavel,right,44.233,2654,,,,,,,0.0767,-0.7052,6.1952,4.6131,4.6131,13.0014
2026-06-15 16:47:29.194,Pavel,right,44.267,2656,,,,,,,0.0602,-0.6626,6.1711,4.5776,4.5776,12.9692
2026-06-15 16:47:29.224,Pavel,right,44.300,2658,,,,,,,0.0222,-0.6529,6.1639,4.5568,4.5568,13.0337
2026-06-15 16:47:29.255,Pavel,right,44.333,2660,,,,,,,0.0008,-0.6645,6.1738,4.5560,4.5560,13.1069
2026-06-15 16:47:29.285,Pavel,right,44.350,2661,,,,,,,-0.0087,-0.6619,6.1808,4.5379,4.5379,13.1286
2026-06-15 16:47:29.316,Pavel,right,44.383,2663,,,,,,,-0.0416,-0.6631,6.1801,4.5380,4.5380,13.1485
2026-06-15 16:47:29.346,Pavel,right,44.417,2665,,,,,,,-0.0797,-0.6641,6.1853,4.5813,4.5813,13.2915
2026-06-15 16:47:29.377,Pavel,right,44.450,2667,,,,,,,-0.1034,-0.6422,6.1906,4.6138,4.6138,13.2937
2026-06-15 16:47:29.407,Pavel,right,44.483,2669,,,,,,,-0.1259,-0.6286,6.1896,4.6377,4.6377,13.2948
2026-06-15 16:47:29.438,Pavel,right,44.517,2671,,,,,,,-0.1717,-0.6046,6.1718,4.6837,4.6837,13.4101
2026-06-15 16:47:29.469,Pavel,right,44.533,2672,,,,,,,-0.1972,-0.5972,6.1744,4.7209,4.7209,13.5745
2026-06-15 16:47:29.499,Pavel,right,44.567,2674,,,,,,,-0.2119,-0.5848,6.1769,4.7019,4.7019,13.4249
2026-06-15 16:47:29.530,Pavel,right,44.600,2676,,,,,,,-0.2127,-0.5608,6.1840,4.5432,4.5432,13.1128
2026-06-15 16:47:29.561,Pavel,right,44.633,2678,,,,,,,-0.2490,-0.5654,6.1715,4.5729,4.5729,13.0433
2026-06-15 16:47:29.591,Pavel,right,44.667,2680,,,,,,,-0.0862,0.0000,4.7937,0.0000,0.0000,0.0000
2026-06-15 16:47:29.621,Pavel,right,44.700,2682,,,,,,,-0.0862,0.0000,4.7937,0.0000,0.0000,0.0000
2026-06-15 16:47:29.652,Pavel,right,44.717,2683,,,,,,,-0.0862,0.0000,4.7937,0.0000,0.0000,0.0000
2026-06-15 16:47:29.682,Pavel,right,44.750,2685,,,,,,,6.1033,-0.1804,9.4378,1.3845,1.3845,3.0271
2026-06-15 16:47:29.713,Pavel,right,44.783,2687,,,,,,,6.0717,-0.5451,10.3061,1.5411,1.5411,4.2038
2026-06-15 16:47:29.743,Pavel,right,44.817,2689,,,,,,,2.5062,-0.6033,9.7289,3.2684,3.2684,7.0945
2026-06-15 16:47:29.774,Pavel,right,44.850,2691,,,,,,,0.8807,-0.6518,8.5160,4.0351,4.0351,9.6148
2026-06-15 16:47:29.805,Pavel,right,44.883,2693,,,,,,,0.1216,-0.6528,7.5616,4.3595,4.3595,11.1750
2026-06-15 16:47:29.836,Pavel,right,44.900,2694,,,,,,,-0.2446,-0.6157,6.9460,4.4616,4.4616,11.9506
2026-06-15 16:47:29.866,Pavel,right,44.933,2696,,,,,,,-0.3296,-0.5840,6.7377,4.4532,4.4532,12.1025
2026-06-15 16:47:29.897,Pavel,right,44.967,2698,,,,,,,-0.4824,-0.5408,6.4705,4.5283,4.5283,12.3896
2026-06-15 16:47:29.927,Pavel,right,45.000,2700,,,,,,,-0.5595,-0.4936,6.3241,4.4739,4.4739,12.3344
2026-06-15 16:47:29.958,Pavel,right,45.033,2702,,,,,,,-0.6270,-0.4813,6.2682,4.4600,4.4600,12.3468
2026-06-15 16:47:29.989,Pavel,right,45.067,2704,,,,,,,-0.6718,-0.4753,6.2554,4.4798,4.4798,12.4389
2026-06-15 16:47:30.019,Pavel,right,45.083,2705,,,,,,,-0.7311,-0.4576,6.2470,4.4817,4.4817,12.4521
2026-06-15 16:47:30.050,Pavel,right,45.117,2707,,,,,,,-0.7694,-0.4569,6.2498,4.5470,4.5470,12.4545
2026-06-15 16:47:30.080,Pavel,right,45.150,2709,,,,,,,-0.8038,-0.4515,6.2704,4.5884,4.5884,12.4228
2026-06-15 16:47:30.111,Pavel,right,45.183,2711,,,,,,,-0.8517,-0.4591,6.2813,4.6214,4.6214,12.4249
2026-06-15 16:47:30.141,Pavel,right,45.217,2713,,,,,,,-0.8664,-0.4580,6.2799,4.6154,4.6154,12.4279
2026-06-15 16:47:30.178,Pavel,right,45.250,2715,,,,,,,-0.9227,-0.4520,6.2809,4.6458,4.6458,12.4843
2026-06-15 16:47:30.208,Pavel,right,45.283,2717,,,,,,,-0.9893,-0.4394,6.2907,4.6495,4.6495,12.4699
2026-06-15 16:47:30.239,Pavel,right,45.317,2719,,,,,,,-1.0252,-0.4446,6.2965,4.6854,4.6854,12.5320
2026-06-15 16:47:30.269,Pavel,right,45.333,2720,,,,,,,-1.1079,-0.4401,6.3095,4.6924,4.6924,12.6410
2026-06-15 16:47:30.300,Pavel,right,45.367,2722,,,,,,,-1.1298,-0.4498,6.3043,4.7024,4.7024,12.7005
2026-06-15 16:47:30.331,Pavel,right,45.400,2724,,,,,,,-1.1820,-0.4717,6.2903,4.7186,4.7186,12.7196
2026-06-15 16:47:30.361,Pavel,right,45.433,2726,,,,,,,-1.1937,-0.4911,6.2965,4.6615,4.6615,12.5864
2026-06-15 16:47:30.392,Pavel,right,45.467,2728,,,,,,,-1.2322,-0.5088,6.3158,4.6735,4.6735,12.7859
2026-06-15 16:47:30.422,Pavel,right,45.500,2730,,,,,,,-1.2465,-0.5146,6.3253,4.6858,4.6858,12.8007
2026-06-15 16:47:30.453,Pavel,right,45.517,2731,,,,,,,-1.2782,-0.5376,6.3360,4.7125,4.7125,12.7823
2026-06-15 16:47:30.484,Pavel,right,45.550,2733,,,,,,,-1.3023,-0.5608,6.3378,4.7274,4.7274,12.7979
2026-06-15 16:47:30.514,Pavel,right,45.583,2735,,,,,,,-1.3135,-0.5727,6.3411,4.7147,4.7147,12.7662
2026-06-15 16:47:30.545,Pavel,right,45.617,2737,,,,,,,-1.3372,-0.5888,6.3575,4.7120,4.7120,12.7144
2026-06-15 16:47:30.575,Pavel,right,45.650,2739,,,,,,,-1.3809,-0.5885,6.3691,4.7012,4.7012,12.5673
2026-06-15 16:47:30.606,Pavel,right,45.683,2741,,,,,,,-1.4247,-0.5789,6.3764,4.7142,4.7142,12.5052
2026-06-15 16:47:30.637,Pavel,right,45.700,2742,,,,,,,-1.4622,-0.5784,6.3697,4.6919,4.6919,12.4528
2026-06-15 16:47:30.668,Pavel,right,45.733,2744,,,,,,,-1.4646,-0.5938,6.3647,4.6981,4.6981,12.4056
2026-06-15 16:47:30.698,Pavel,right,45.767,2746,,,,,,,-1.4776,-0.6051,6.3667,4.6200,4.6200,12.2820
2026-06-15 16:47:30.729,Pavel,right,45.800,2748,,,,,,,-1.5133,-0.6639,6.3809,4.6136,4.6136,12.0993
2026-06-15 16:47:30.759,Pavel,right,45.833,2750,,,,,,,-1.5236,-0.6895,6.3911,4.6076,4.6076,12.0506
2026-06-15 16:47:30.790,Pavel,right,45.867,2752,,,,,,,-1.5425,-0.7334,6.4049,4.6026,4.6026,12.0184
2026-06-15 16:47:30.821,Pavel,right,45.900,2754,,,,,,,-1.5534,-0.7526,6.4111,4.6326,4.6326,12.1486
2026-06-15 16:47:30.851,Pavel,right,45.917,2755,,,,,,,-1.5706,-0.7794,6.4317,4.6430,4.6430,12.2048
2026-06-15 16:47:30.882,Pavel,right,45.950,2757,,,,,,,-1.5773,-0.7869,6.4368,4.6424,4.6424,12.1890
2026-06-15 16:47:30.912,Pavel,right,45.983,2759,,,,,,,-1.5744,-0.7910,6.4368,4.6023,4.6023,12.0653
2026-06-15 16:47:30.942,Pavel,right,46.017,2761,,,,,,,-1.5716,-0.7887,6.4358,4.5767,4.5767,11.9869
2026-06-15 16:47:30.973,Pavel,right,46.050,2763,,,,,,,-1.5768,-0.7951,6.4389,4.5689,4.5689,11.9647
2026-06-15 16:47:31.004,Pavel,right,46.067,2764,,,,,,,-1.6272,-0.8021,6.4254,4.6493,4.6493,11.9727
2026-06-15 16:47:31.035,Pavel,right,46.100,2766,,,,,,,-1.6637,-0.8280,6.4182,4.6847,4.6847,12.1478
2026-06-15 16:47:31.066,Pavel,right,46.133,2768,,,,,,,-1.6819,-0.8604,6.4030,4.7090,4.7090,12.2229
2026-06-15 16:47:31.096,Pavel,right,46.167,2770,,,,,,,-1.7071,-0.8743,6.3887,4.7571,4.7571,12.2794
2026-06-15 16:47:31.127,Pavel,right,46.200,2772,,,,,,,-1.7516,-0.9107,6.3678,4.8312,4.8312,12.2897
2026-06-15 16:47:31.158,Pavel,right,46.233,2774,,,,,,,-1.7748,-0.9651,6.3685,4.8447,4.8447,12.3480
2026-06-15 16:47:31.191,Pavel,right,46.267,2776,,,,,,,-1.7860,-1.0535,6.3810,4.8626,4.8626,12.3426
2026-06-15 16:47:31.222,Pavel,right,46.300,2778,,,,,,,-1.7911,-1.1201,6.3816,4.8950,4.8950,12.4336
2026-06-15 16:47:31.253,Pavel,right,46.317,2779,,,,,,,-1.7915,-1.1525,6.3800,4.9055,4.9055,12.4553
2026-06-15 16:47:31.283,Pavel,right,46.350,2781,,,,,,,-1.7878,-1.1896,6.3794,4.9288,4.9288,12.5066
2026-06-15 16:47:31.316,Pavel,right,46.383,2783,,,,,,,-1.7655,-1.1998,6.3954,4.8613,4.8613,12.5021
2026-06-15 16:47:31.346,Pavel,right,46.417,2785,,,,,,,-1.7861,-1.2413,6.3982,4.8913,4.8913,12.4212
2026-06-15 16:47:31.377,Pavel,right,46.450,2787,,,,,,,-1.7911,-1.2868,6.3990,4.9120,4.9120,12.4290
2026-06-15 16:47:31.407,Pavel,right,46.483,2789,,,,,,,-1.7778,-1.2977,6.4066,4.8613,4.8613,12.4812
2026-06-15 16:47:31.438,Pavel,right,46.517,2791,,,,,,,-1.7728,-1.2986,6.4312,4.7833,4.7833,12.5622
2026-06-15 16:47:31.469,Pavel,right,46.533,2792,,,,,,,-1.7853,-1.3170,6.4563,4.8191,4.8191,12.5684
2026-06-15 16:47:31.499,Pavel,right,46.567,2794,,,,,,,-1.7497,-1.3290,6.4837,4.7720,4.7720,12.4652
2026-06-15 16:47:31.530,Pavel,right,46.600,2796,,,,,,,-1.7390,-1.3196,6.4993,4.7568,4.7568,12.4710
2026-06-15 16:47:31.560,Pavel,right,46.633,2798,,,,,,,-1.7033,-1.3025,6.5261,4.7464,4.7464,12.4368
2026-06-15 16:47:31.590,Pavel,right,46.667,2800,,,,,,,-1.6813,-1.3035,6.5277,4.7394,4.7394,12.4437
2026-06-15 16:47:31.621,Pavel,right,46.700,2802,,,,,,,-1.6635,-1.3284,6.5187,4.7599,4.7599,12.4569
2026-06-15 16:47:31.652,Pavel,right,46.717,2803,,,,,,,-1.6628,-1.3755,6.5031,4.7967,4.7967,12.6352
2026-06-15 16:47:31.683,Pavel,right,46.750,2805,,,,,,,-1.6468,-1.3972,6.5018,4.7694,4.7694,12.6963
2026-06-15 16:47:31.713,Pavel,right,46.783,2807,,,,,,,-1.6331,-1.4214,6.5127,4.7604,4.7604,12.7528
2026-06-15 16:47:31.743,Pavel,right,46.817,2809,,,,,,,-1.6649,-1.4775,6.5186,4.8999,4.8999,12.8259
2026-06-15 16:47:31.774,Pavel,right,46.850,2811,,,,,,,-1.6557,-1.5010,6.5109,4.9139,4.9139,12.7949
2026-06-15 16:47:31.805,Pavel,right,46.883,2813,,,,,,,-1.6464,-1.5373,6.4925,4.9577,4.9577,12.8091
2026-06-15 16:47:31.835,Pavel,right,46.900,2814,,,,,,,-1.6289,-1.5638,6.4719,4.9997,4.9997,12.9464
2026-06-15 16:47:31.866,Pavel,right,46.933,2816,,,,,,,-1.5865,-1.5639,6.4399,4.9840,4.9840,12.8729
2026-06-15 16:47:31.896,Pavel,right,46.967,2818,,,,,,,-1.5374,-1.5318,6.3938,4.9262,4.9262,12.6288
2026-06-15 16:47:31.927,Pavel,right,47.000,2820,,,,,,,-1.5121,-1.5130,6.3711,4.9231,4.9231,12.6575
2026-06-15 16:47:31.958,Pavel,right,47.033,2822,,,,,,,-1.4599,-1.5066,6.3283,4.8805,4.8805,12.6609
2026-06-15 16:47:31.988,Pavel,right,47.067,2824,,,,,,,-1.3797,-1.5390,6.3236,4.7921,4.7921,12.8169
2026-06-15 16:47:32.019,Pavel,right,47.083,2825,,,,,,,-1.3206,-1.5641,6.3209,4.7482,4.7482,12.9370
2026-06-15 16:47:32.050,Pavel,right,47.117,2827,,,,,,,-1.2669,-1.5849,6.3013,4.7280,4.7280,12.8036
2026-06-15 16:47:32.081,Pavel,right,47.150,2829,,,,,,,-1.2307,-1.6157,6.2841,4.7082,4.7082,12.7329
2026-06-15 16:47:32.112,Pavel,right,47.183,2831,,,,,,,-1.2075,-1.6369,6.2804,4.6750,4.6750,12.6905
2026-06-15 16:47:32.142,Pavel,right,47.217,2833,,,,,,,-1.1800,-1.6914,6.2852,4.6873,4.6873,12.7608
2026-06-15 16:47:32.174,Pavel,right,47.250,2835,,,,,,,-1.1570,-1.7368,6.2939,4.7053,4.7053,12.8149
2026-06-15 16:47:32.205,Pavel,right,47.283,2837,,,,,,,-1.1242,-1.7967,6.2923,4.7414,4.7414,12.9444
2026-06-15 16:47:32.236,Pavel,right,47.300,2838,,,,,,,-1.0957,-1.8350,6.2726,4.7384,4.7384,12.9445
2026-06-15 16:47:32.267,Pavel,right,47.333,2840,,,,,,,-0.5888,-1.3924,6.2593,3.5212,3.5212,10.3693
2026-06-15 16:47:32.297,Pavel,right,47.367,2842,,,,,,,-0.0862,0.0000,4.7937,0.0000,0.0000,0.0000
2026-06-15 16:47:32.328,Pavel,right,47.400,2844,,,,,,,-0.3999,-0.9506,5.0352,2.4156,2.4156,6.3232
2026-06-15 16:47:32.358,Pavel,right,47.433,2846,,,,,,,-0.5197,-1.5629,5.3613,3.5631,3.5631,10.1672
2026-06-15 16:47:32.388,Pavel,right,47.467,2848,,,,,,,-0.6197,-1.7718,5.5100,3.9690,3.9690,11.3348
2026-06-15 16:47:32.419,Pavel,right,47.483,2849,,,,,,,-0.7248,-1.9562,5.7351,4.3692,4.3692,12.3920
2026-06-15 16:47:32.450,Pavel,right,47.517,2851,,,,,,,-0.7108,-2.0112,5.8888,4.4306,4.4306,12.6891
2026-06-15 16:47:32.480,Pavel,right,47.550,2853,,,,,,,-0.6926,-2.0342,5.9502,4.4077,4.4077,12.7056
2026-06-15 16:47:32.511,Pavel,right,47.583,2855,,,,,,,-0.6952,-2.0412,6.0083,4.4427,4.4427,12.8277
2026-06-15 16:47:32.541,Pavel,right,47.617,2857,,,,,,,-0.6683,-2.0778,6.1030,4.4776,4.4776,12.8711
2026-06-15 16:47:32.572,Pavel,right,47.650,2859,,,,,,,-0.6622,-2.1096,6.1683,4.5831,4.5831,12.8768
2026-06-15 16:47:32.603,Pavel,right,47.667,2860,,,,,,,-0.6124,-2.1456,6.2052,4.5794,4.5794,12.8972
2026-06-15 16:47:32.633,Pavel,right,47.700,2862,,,,,,,-0.5698,-2.1656,6.2156,4.5481,4.5481,12.8297
2026-06-15 16:47:32.664,Pavel,right,47.733,2864,,,,,,,-0.5550,-2.1512,6.2150,4.5565,4.5565,12.8270
2026-06-15 16:47:32.694,Pavel,right,47.767,2866,,,,,,,-0.5398,-2.1149,6.2000,4.5852,4.5852,13.0281
2026-06-15 16:47:32.725,Pavel,right,47.800,2868,,,,,,,-0.5147,-2.1011,6.1723,4.6211,4.6211,13.2517
2026-06-15 16:47:32.756,Pavel,right,47.833,2870,,,,,,,-0.4447,-2.0892,6.1472,4.5935,4.5935,13.3566
2026-06-15 16:47:32.786,Pavel,right,47.850,2871,,,,,,,-0.3687,-2.0519,6.1245,4.5578,4.5578,13.5189
2026-06-15 16:47:32.817,Pavel,right,47.883,2873,,,,,,,-0.3167,-2.0075,6.1247,4.5846,4.5846,13.5494
2026-06-15 16:47:32.848,Pavel,right,47.917,2875,,,,,,,-0.2970,-2.0043,6.1314,4.5948,4.5948,13.6456
2026-06-15 16:47:32.878,Pavel,right,47.950,2877,,,,,,,-0.2462,-2.0010,6.1425,4.6324,4.6324,13.7295
2026-06-15 16:47:32.909,Pavel,right,47.983,2879,,,,,,,-0.2142,-1.9978,6.1439,4.6949,4.6949,13.7770
2026-06-15 16:47:32.940,Pavel,right,48.017,2881,,,,,,,-0.1710,-2.0456,6.1424,4.7122,4.7122,13.9855
2026-06-15 16:47:32.970,Pavel,right,48.033,2882,,,,,,,-0.1550,-2.0657,6.1394,4.7290,4.7290,13.9679
2026-06-15 16:47:33.001,Pavel,right,48.067,2884,,,,,,,-0.1179,-2.1033,6.1292,4.7458,4.7458,13.9504
2026-06-15 16:47:33.031,Pavel,right,48.100,2886,,,,,,,-0.0752,-2.1325,6.0853,4.7106,4.7106,13.8577
2026-06-15 16:47:33.061,Pavel,right,48.133,2888,,,,,,,-0.0862,0.0000,4.7937,0.0000,0.0000,0.0000
2026-06-15 16:47:33.092,Pavel,right,48.167,2890,,,,,,,-0.0862,0.0000,4.7937,0.0000,0.0000,0.0000
2026-06-15 16:47:33.123,Pavel,right,48.200,2892,,,,,,,-0.0862,0.0000,4.7937,0.0000,0.0000,0.0000
2026-06-15 16:47:33.154,Pavel,right,48.217,2893,,,,,,,6.6213,-1.3558,9.3797,1.3870,1.3870,4.8671
2026-06-15 16:47:33.184,Pavel,right,48.250,2895,,,,,,,-0.0862,0.0000,4.7937,0.0000,0.0000,0.0000
2026-06-15 16:47:33.216,Pavel,right,48.283,2897,,,,,,,0.0876,-2.0267,8.7326,4.7707,4.7707,11.4994
2026-06-15 16:47:33.247,Pavel,right,48.317,2899,,,,,,,0.1173,-1.9822,7.8260,4.6882,4.6882,12.3635
2026-06-15 16:47:33.277,Pavel,right,48.350,2901,,,,,,,0.1034,-1.8937,7.0960,4.6887,4.6887,13.1081
2026-06-15 16:47:33.308,Pavel,right,48.383,2903,,,,,,,0.1011,-1.8436,6.8382,4.6575,4.6575,13.3946
2026-06-15 16:47:33.338,Pavel,right,48.417,2905,,,,,,,0.1040,-1.7995,6.6380,4.6320,4.6320,13.5434
2026-06-15 16:47:33.369,Pavel,right,48.417,2905,,,,,,,0.1248,-1.7184,6.2988,4.6878,4.6878,14.0430
2026-06-15 16:47:33.399,Pavel,right,48.450,2907,,,,,,,0.1333,-1.6876,6.2484,4.6839,4.6839,14.0889
2026-06-15 16:47:33.430,Pavel,right,48.483,2909,,,,,,,0.1467,-1.5981,6.1959,4.6839,4.6839,14.0300
2026-06-15 16:47:33.461,Pavel,right,48.517,2911,,,,,,,0.1553,-1.5167,6.1868,4.6423,4.6423,14.0948
2026-06-15 16:47:33.491,Pavel,right,48.550,2913,,,,,,,0.1819,-1.4084,6.1860,4.6528,4.6528,14.1561
2026-06-15 16:47:33.521,Pavel,right,48.600,2916,,,,,,,0.1931,-1.3695,6.1846,4.6511,4.6511,14.1802
2026-06-15 16:47:33.552,Pavel,right,48.617,2917,,,,,,,0.1928,-1.3367,6.1630,4.7081,4.7081,14.1733
2026-06-15 16:47:33.582,Pavel,right,48.650,2919,,,,,,,0.1889,-1.2921,6.1412,4.7132,4.7132,14.2496
2026-06-15 16:47:33.613,Pavel,right,48.683,2921,,,,,,,0.1998,-1.2436,6.1460,4.6491,4.6491,14.1689
2026-06-15 16:47:33.643,Pavel,right,48.717,2923,,,,,,,0.1980,-1.2259,6.1524,4.6478,4.6478,14.1319
2026-06-15 16:47:33.674,Pavel,right,48.750,2925,,,,,,,0.1915,-1.2086,6.1464,4.6904,4.6904,14.0992
2026-06-15 16:47:33.705,Pavel,right,48.783,2927,,,,,,,0.2045,-1.1805,6.1420,4.6636,4.6636,14.0673
2026-06-15 16:47:33.735,Pavel,right,48.800,2928,,,,,,,0.2067,-1.1535,6.1636,4.6752,4.6752,14.0344
2026-06-15 16:47:33.766,Pavel,right,48.833,2930,,,,,,,0.2313,-1.1403,6.1691,4.6317,4.6317,13.8523
2026-06-15 16:47:33.796,Pavel,right,48.867,2932,,,,,,,0.2577,-1.1442,6.1707,4.6000,4.6000,13.8048
2026-06-15 16:47:33.827,Pavel,right,48.900,2934,,,,,,,0.2635,-1.1590,6.1753,4.6345,4.6345,13.8631
2026-06-15 16:47:33.857,Pavel,right,48.933,2936,,,,,,,0.2543,-1.2043,6.1832,4.6862,4.6862,13.9550
2026-06-15 16:47:33.888,Pavel,right,48.967,2938,,,,,,,0.2477,-1.2257,6.1922,4.6936,4.6936,14.0781
2026-06-15 16:47:33.918,Pavel,right,48.983,2939,,,,,,,0.1425,-1.1674,6.2024,4.6899,4.6899,14.1420
2026-06-15 16:47:33.948,Pavel,right,49.017,2941,,,,,,,-0.0792,-0.9255,6.2088,4.7858,4.7858,13.9773
2026-06-15 16:47:33.979,Pavel,right,49.050,2943,,,,,,,-0.1426,-0.8276,6.1885,4.8197,4.8197,13.8501
2026-06-15 16:47:34.009,Pavel,right,49.083,2945,,,,,,,-0.1493,-0.8309,6.1755,4.7702,4.7702,13.7598
2026-06-15 16:47:34.040,Pavel,right,49.117,2947,,,,,,,-0.0883,-0.8476,6.1717,4.6855,4.6855,13.6355
2026-06-15 16:47:34.071,Pavel,right,49.133,2948,,,,,,,-0.0765,-0.8691,6.1791,4.7404,4.7404,13.7758
2026-06-15 16:47:34.101,Pavel,right,49.167,2950,,,,,,,0.0304,-0.9415,6.1656,4.6074,4.6074,13.3248
2026-06-15 16:47:34.132,Pavel,right,49.200,2952,,,,,,,0.0685,-1.0478,6.1685,4.6338,4.6338,13.4597
2026-06-15 16:47:34.162,Pavel,right,49.233,2954,,,,,,,0.1167,-1.1473,6.1598,4.5803,4.5803,13.3103
2026-06-15 16:47:34.193,Pavel,right,49.267,2956,,,,,,,0.1152,-1.2447,6.1679,4.5720,4.5720,13.4328
2026-06-15 16:47:34.227,Pavel,right,49.300,2958,,,,,,,0.1244,-1.3112,6.1678,4.5336,4.5336,13.2780
2026-06-15 16:47:34.258,Pavel,right,49.333,2960,,,,,,,0.1488,-1.4473,6.1550,4.5189,4.5189,13.0877
2026-06-15 16:47:34.288,Pavel,right,49.367,2962,,,,,,,0.1376,-1.5750,6.1464,4.5419,4.5419,13.2465
2026-06-15 16:47:34.319,Pavel,right,49.383,2963,,,,,,,0.1742,-1.6856,6.1476,4.5602,4.5602,13.2677
2026-06-15 16:47:34.349,Pavel,right,49.417,2965,,,,,,,0.1944,-1.7328,6.1471,4.5506,4.5506,13.2040
2026-06-15 16:47:34.380,Pavel,right,49.450,2967,,,,,,,0.2365,-1.7926,6.1548,4.5105,4.5105,13.0117
2026-06-15 16:47:34.411,Pavel,right,49.483,2969,,,,,,,0.2582,-1.8733,6.1627,4.5203,4.5203,13.2068
2026-06-15 16:47:34.441,Pavel,right,49.517,2971,,,,,,,0.2759,-1.9148,6.1637,4.5357,4.5357,13.2868
2026-06-15 16:47:34.472,Pavel,right,49.550,2973,,,,,,,0.3162,-1.9364,6.1513,4.5228,4.5228,13.2162
2026-06-15 16:47:34.502,Pavel,right,49.567,2974,,,,,,,0.3114,-1.9639,6.1411,4.5423,4.5423,13.1723
2026-06-15 16:47:34.533,Pavel,right,49.600,2976,,,,,,,0.3214,-1.9830,6.1349,4.5327,4.5327,13.0497
2026-06-15 16:47:34.564,Pavel,right,49.633,2978,,,,,,,0.3322,-2.0278,6.1241,4.5323,4.5323,12.9518
2026-06-15 16:47:34.595,Pavel,right,49.667,2980,,,,,,,0.3312,-2.0519,6.1183,4.5378,4.5378,12.9772
2026-06-15 16:47:34.625,Pavel,right,49.700,2982,,,,,,,0.3294,-2.0933,6.1180,4.5098,4.5098,13.0404
2026-06-15 16:47:34.656,Pavel,right,49.733,2984,,,,,,,0.3180,-2.1268,6.1285,4.5257,4.5257,13.1505
2026-06-15 16:47:34.687,Pavel,right,49.750,2985,,,,,,,0.3216,-2.1718,6.1486,4.5469,4.5469,13.0706
2026-06-15 16:47:34.717,Pavel,right,49.783,2987,,,,,,,0.3271,-2.1824,6.1561,4.5193,4.5193,13.0396
2026-06-15 16:47:34.748,Pavel,right,49.817,2989,,,,,,,0.3129,-2.2141,6.1707,4.5346,4.5346,13.1605
2026-06-15 16:47:34.778,Pavel,right,49.850,2991,,,,,,,0.3079,-2.2297,6.1775,4.5366,4.5366,13.1371
2026-06-15 16:47:34.809,Pavel,right,49.883,2993,,,,,,,0.3141,-2.2287,6.1923,4.5688,4.5688,13.1040
2026-06-15 16:47:34.839,Pavel,right,49.917,2995,,,,,,,0.3183,-2.2401,6.2000,4.5684,4.5684,13.0970
2026-06-15 16:47:34.870,Pavel,right,49.933,2996,,,,,,,0.3210,-2.2109,6.2047,4.5873,4.5873,13.1104
2026-06-15 16:47:34.900,Pavel,right,49.967,2998,,,,,,,0.3124,-2.1427,6.2018,4.5795,4.5795,13.1290
2026-06-15 16:47:34.931,Pavel,right,50.000,3000,,,,,,,0.3026,-2.1058,6.2011,4.5860,4.5860,13.1980
2026-06-15 16:47:34.961,Pavel,right,50.033,3002,,,,,,,0.2878,-2.0454,6.1950,4.5858,4.5858,13.1412
2026-06-15 16:47:34.992,Pavel,right,50.067,3004,,,,,,,0.2955,-2.0117,6.1816,4.5395,4.5395,12.9796
2026-06-15 16:47:35.023,Pavel,right,50.100,3006,,,,,,,0.3066,-1.9948,6.1680,4.5028,4.5028,12.9266
2026-06-15 16:47:35.053,Pavel,right,50.117,3007,,,,,,,0.2479,-1.8661,6.1598,4.5343,4.5343,13.0198
2026-06-15 16:47:35.084,Pavel,right,50.150,3009,,,,,,,0.1932,-1.5784,6.1499,4.5067,4.5067,12.6979
2026-06-15 16:47:35.114,Pavel,right,50.183,3011,,,,,,,0.1769,-1.3866,6.1470,4.4274,4.4274,12.4546
2026-06-15 16:47:35.145,Pavel,right,50.217,3013,,,,,,,0.1208,-1.2332,6.1675,4.4527,4.4527,12.6203
2026-06-15 16:47:35.175,Pavel,right,50.250,3015,,,,,,,0.0789,-1.1017,6.1962,4.4826,4.4826,12.7401
2026-06-15 16:47:35.206,Pavel,right,50.283,3017,,,,,,,0.0762,-1.0403,6.2170,4.4666,4.4666,12.6831
2026-06-15 16:47:35.242,Pavel,right,50.317,3019,,,,,,,0.0628,-0.9263,6.2598,4.4611,4.4611,12.6111
2026-06-15 16:47:35.272,Pavel,right,50.350,3021,,,,,,,0.0654,-0.8159,6.2815,4.3888,4.3888,12.2503
2026-06-15 16:47:35.303,Pavel,right,50.367,3022,,,,,,,0.0224,-0.7540,6.2967,4.4178,4.4178,12.1965
2026-06-15 16:47:35.333,Pavel,right,50.400,3024,,,,,,,0.0087,-0.7211,6.2966,4.4147,4.4147,12.0824
2026-06-15 16:47:35.364,Pavel,right,50.433,3026,,,,,,,-0.0404,-0.6921,6.3077,4.4189,4.4189,12.4254
2026-06-15 16:47:35.395,Pavel,right,50.467,3028,,,,,,,-0.0719,-0.6567,6.3144,4.4304,4.4304,12.6007
2026-06-15 16:47:35.425,Pavel,right,50.500,3030,,,,,,,-0.1123,-0.6166,6.3213,4.4241,4.4241,12.5902
2026-06-15 16:47:35.456,Pavel,right,50.533,3032,,,,,,,-0.1568,-0.5646,6.3400,4.4344,4.4344,12.6196
2026-06-15 16:47:35.486,Pavel,right,50.550,3033,,,,,,,-0.2105,-0.5028,6.3496,4.5373,4.5373,12.4207
2026-06-15 16:47:35.517,Pavel,right,50.583,3035,,,,,,,-0.2295,-0.4555,6.3559,4.5138,4.5138,12.4102
2026-06-15 16:47:35.547,Pavel,right,50.617,3037,,,,,,,-0.2712,-0.3493,6.3675,4.4913,4.4913,12.4664
2026-06-15 16:47:35.578,Pavel,right,50.650,3039,,,,,,,-0.2841,-0.3107,6.3702,4.4827,4.4827,12.4862
2026-06-15 16:47:35.608,Pavel,right,50.683,3041,,,,,,,-0.3205,-0.2283,6.3708,4.4839,4.4839,12.4327
2026-06-15 16:47:35.639,Pavel,right,50.717,3043,,,,,,,-0.3857,-0.1425,6.3814,4.5744,4.5744,12.4855
2026-06-15 16:47:35.669,Pavel,right,50.733,3044,,,,,,,-0.4408,-0.0778,6.3942,4.5711,4.5711,12.4832
2026-06-15 16:47:35.700,Pavel,right,50.767,3046,,,,,,,-0.4493,-0.0582,6.3983,4.5564,4.5564,12.4088
2026-06-15 16:47:35.731,Pavel,right,50.800,3048,,,,,,,-0.4560,-0.0369,6.4002,4.4976,4.4976,12.3473
2026-06-15 16:47:35.761,Pavel,right,50.833,3050,,,,,,,-0.4808,-0.0084,6.4109,4.4304,4.4304,12.3382
2026-06-15 16:47:35.792,Pavel,right,50.867,3052,,,,,,,-0.5271,0.0151,6.4298,4.4216,4.4216,12.4179
2026-06-15 16:47:35.823,Pavel,right,50.900,3054,,,,,,,-0.5346,0.0114,6.4322,4.4064,4.4064,12.3832
2026-06-15 16:47:35.853,Pavel,right,50.917,3055,,,,,,,-0.5753,0.0182,6.4307,4.4402,4.4402,12.3894
2026-06-15 16:47:35.883,Pavel,right,50.950,3057,,,,,,,-0.6388,0.0270,6.4330,4.5205,4.5205,12.4484
2026-06-15 16:47:35.914,Pavel,right,50.983,3059,,,,,,,-0.6998,0.0286,6.4435,4.5816,4.5816,12.5219
2026-06-15 16:47:35.944,Pavel,right,51.017,3061,,,,,,,-0.6909,0.0508,6.4506,4.5346,4.5346,12.4461
2026-06-15 16:47:35.975,Pavel,right,51.050,3063,,,,,,,-0.6876,0.0926,6.4676,4.4608,4.4608,12.3100
2026-06-15 16:47:36.005,Pavel,right,51.067,3064,,,,,,,-0.7171,0.0732,6.4827,4.4603,4.4603,12.0449
2026-06-15 16:47:36.036,Pavel,right,51.100,3066,,,,,,,-0.9053,-0.2115,6.4870,4.4990,4.4990,12.0366
2026-06-15 16:47:36.066,Pavel,right,51.133,3068,,,,,,,-1.0309,-0.4604,6.4894,4.5145,4.5145,12.1070
2026-06-15 16:47:36.097,Pavel,right,51.167,3070,,,,,,,-1.1622,-0.7717,6.4945,4.5760,4.5760,12.1744
2026-06-15 16:47:36.128,Pavel,right,51.200,3072,,,,,,,-1.2397,-0.9341,6.4970,4.6553,4.6553,12.1996
2026-06-15 16:47:36.158,Pavel,right,51.233,3074,,,,,,,-1.2673,-1.0027,6.5094,4.6089,4.6089,12.1785
2026-06-15 16:47:36.188,Pavel,right,51.267,3076,,,,,,,-1.2808,-1.0188,6.5148,4.5558,4.5558,12.0068
2026-06-15 16:47:36.219,Pavel,right,51.283,3077,,,,,,,-1.2861,-1.0538,6.5015,4.5098,4.5098,11.7718
2026-06-15 16:47:36.251,Pavel,right,51.317,3079,,,,,,,-1.2848,-1.0898,6.4650,4.5604,4.5604,11.9478
2026-06-15 16:47:36.284,Pavel,right,51.350,3081,,,,,,,-0.0862,0.0000,4.7937,0.0000,0.0000,0.0000
2026-06-15 16:47:36.315,Pavel,right,51.383,3083,,,,,,,-0.0862,0.0000,4.7937,0.0000,0.0000,0.0000
2026-06-15 16:47:36.345,Pavel,right,51.417,3085,,,,,,,-1.0953,0.2257,6.1280,2.2682,2.2682,5.1585
2026-06-15 16:47:36.376,Pavel,right,51.450,3087,,,,,,,-1.1554,-0.3721,6.1964,3.4233,3.4233,8.8173
2026-06-15 16:47:36.407,Pavel,right,51.483,3089,,,,,,,-1.2132,-0.6170,6.2348,3.8172,3.8172,10.0700
2026-06-15 16:47:36.438,Pavel,right,51.500,3090,,,,,,,-1.3075,-0.8743,6.2897,4.3029,4.3029,11.2499
2026-06-15 16:47:36.468,Pavel,right,51.533,3092,,,,,,,-1.3714,-0.9653,6.3406,4.5273,4.5273,11.8188
2026-06-15 16:47:36.499,Pavel,right,51.567,3094,,,,,,,-1.4058,-1.0024,6.3552,4.6348,4.6348,11.9984
2026-06-15 16:47:36.529,Pavel,right,51.600,3096,,,,,,,-1.4409,-1.0612,6.3590,4.7464,4.7464,12.1805
2026-06-15 16:47:36.560,Pavel,right,51.633,3098,,,,,,,-1.4623,-1.0903,6.3340,4.8125,4.8125,12.2828
2026-06-15 16:47:36.590,Pavel,right,51.667,3100,,,,,,,-1.4667,-1.1465,6.3186,4.8103,4.8103,12.3746
2026-06-15 16:47:36.621,Pavel,right,51.683,3101,,,,,,,-1.4549,-1.2056,6.3147,4.7987,4.7987,12.2663
2026-06-15 16:47:36.651,Pavel,right,51.717,3103,,,,,,,-1.4653,-1.3161,6.3035,4.8322,4.8322,12.2530
2026-06-15 16:47:36.682,Pavel,right,51.750,3105,,,,,,,-1.4825,-1.3810,6.3118,4.8736,4.8736,12.4147
2026-06-15 16:47:36.712,Pavel,right,51.783,3107,,,,,,,-1.5118,-1.4778,6.3412,4.9238,4.9238,12.5173
2026-06-15 16:47:36.743,Pavel,right,51.817,3109,,,,,,,-1.5421,-1.5766,6.3613,4.9421,4.9421,12.4912
2026-06-15 16:47:36.773,Pavel,right,51.850,3111,,,,,,,-1.5338,-1.6883,6.3822,4.9527,4.9527,12.5557
2026-06-15 16:47:36.804,Pavel,right,51.867,3112,,,,,,,-1.5395,-1.7401,6.3893,4.9666,4.9666,12.6367
2026-06-15 16:47:36.835,Pavel,right,51.900,3114,,,,,,,-1.5553,-1.8335,6.4051,4.9870,4.9870,12.6718
2026-06-15 16:47:36.866,Pavel,right,51.933,3116,,,,,,,-1.5664,-1.9391,6.4298,4.9860,4.9860,12.6687
2026-06-15 16:47:36.896,Pavel,right,51.967,3118,,,,,,,-1.7006,-2.0639,6.4523,4.9775,4.9775,12.5455
2026-06-15 16:47:36.927,Pavel,right,52.000,3120,,,,,,,-1.7376,-2.2114,6.4786,4.9772,4.9772,12.5716
2026-06-15 16:47:36.958,Pavel,right,52.033,3122,,,,,,,-1.7432,-2.2914,6.4897,4.9802,4.9802,12.5445
2026-06-15 16:47:36.988,Pavel,right,52.067,3124,,,,,,,-1.7410,-2.3627,6.4940,4.9930,4.9930,12.5736
2026-06-15 16:47:37.019,Pavel,right,52.083,3125,,,,,,,-1.7356,-2.4655,6.4875,4.9871,4.9871,12.6059
2026-06-15 16:47:37.049,Pavel,right,52.117,3127,,,,,,,-1.7553,-2.4987,6.4818,4.9931,4.9931,12.6165
2026-06-15 16:47:37.080,Pavel,right,52.150,3129,,,,,,,-1.7590,-2.5066,6.4802,5.0014,5.0014,12.6135
2026-06-15 16:47:37.110,Pavel,right,52.183,3131,,,,,,,-1.7560,-2.4866,6.4740,5.0014,5.0014,12.6665
2026-06-15 16:47:37.141,Pavel,right,52.217,3133,,,,,,,-1.7510,-2.4156,6.4661,5.0072,5.0072,12.7241
2026-06-15 16:47:37.172,Pavel,right,52.233,3134,,,,,,,-1.7527,-2.3202,6.4683,5.0215,5.0215,12.7777
2026-06-15 16:47:37.202,Pavel,right,52.267,3136,,,,,,,-1.7465,-2.2654,6.4673,5.0370,5.0370,12.7828
2026-06-15 16:47:37.233,Pavel,right,52.300,3138,,,,,,,-1.7535,-2.1424,6.4587,5.0219,5.0219,12.6557
2026-06-15 16:47:37.263,Pavel,right,52.333,3140,,,,,,,-1.7792,-2.0326,6.4472,4.9997,4.9997,12.6969
2026-06-15 16:47:37.294,Pavel,right,52.367,3142,,,,,,,-1.7852,-1.9698,6.4402,4.9879,4.9879,12.7156
2026-06-15 16:47:37.325,Pavel,right,52.400,3144,,,,,,,-1.7773,-1.9048,6.4460,4.9733,4.9733,12.6207
2026-06-15 16:47:37.355,Pavel,right,52.433,3146,,,,,,,-1.7720,-1.8751,6.4578,4.9828,4.9828,12.6839
2026-06-15 16:47:37.386,Pavel,right,52.450,3147,,,,,,,-1.7671,-1.8745,6.4640,4.9997,4.9997,12.7484
2026-06-15 16:47:37.417,Pavel,right,52.483,3149,,,,,,,-1.7706,-1.8744,6.4663,5.0169,5.0169,12.8081
2026-06-15 16:47:37.447,Pavel,right,52.517,3151,,,,,,,-1.7834,-1.8635,6.4605,5.0252,5.0252,12.7462
2026-06-15 16:47:37.478,Pavel,right,52.550,3153,,,,,,,-1.7901,-1.8532,6.4624,5.0289,5.0289,12.6967
2026-06-15 16:47:37.508,Pavel,right,52.583,3155,,,,,,,-1.7802,-1.8326,6.4684,5.0305,5.0305,12.6114
2026-06-15 16:47:37.538,Pavel,right,52.617,3157,,,,,,,-1.7029,-1.8134,6.4139,5.0190,5.0190,12.7028
2026-06-15 16:47:37.569,Pavel,right,52.633,3158,,,,,,,-0.0862,0.0000,4.7937,0.0000,0.0000,0.0000
2026-06-15 16:47:37.600,Pavel,right,52.667,3160,,,,,,,-0.0862,0.0000,4.7937,0.0000,0.0000,0.0000
2026-06-15 16:47:37.630,Pavel,right,52.700,3162,,,,,,,5.3747,-0.3358,8.9412,1.0497,1.0497,1.9707
2026-06-15 16:47:37.661,Pavel,right,52.733,3164,,,,,,,2.1492,-0.6370,8.3934,2.2518,2.2518,5.8930
2026-06-15 16:47:37.692,Pavel,right,52.767,3166,,,,,,,0.7101,-1.0705,7.9397,2.9315,2.9315,9.3656
2026-06-15 16:47:37.722,Pavel,right,52.800,3168,,,,,,,0.3201,-1.1904,7.7890,3.1425,3.1425,10.3492
2026-06-15 16:47:37.752,Pavel,right,52.817,3169,,,,,,,-0.5489,-1.2515,7.3394,4.2116,4.2116,11.7998
2026-06-15 16:47:37.783,Pavel,right,52.850,3171,,,,,,,-0.9099,-1.2537,6.9792,4.6781,4.6781,12.5567
2026-06-15 16:47:37.813,Pavel,right,52.883,3173,,,,,,,-1.0057,-1.2413,6.8517,4.7928,4.7928,12.7853
2026-06-15 16:47:37.844,Pavel,right,52.917,3175,,,,,,,-1.1194,-1.1756,6.6185,4.9518,4.9518,13.0819
2026-06-15 16:47:37.875,Pavel,right,52.950,3177,,,,,,,-1.1378,-1.1425,6.5727,4.9771,4.9771,13.2087
2026-06-15 16:47:37.905,Pavel,right,52.983,3179,,,,,,,-1.1256,-1.0419,6.5230,4.9366,4.9366,13.2477
2026-06-15 16:47:37.936,Pavel,right,53.000,3180,,,,,,,-1.1087,-0.9885,6.5153,4.8957,4.8957,13.2138
2026-06-15 16:47:37.966,Pavel,right,53.033,3182,,,,,,,-1.0714,-0.9031,6.5229,4.8384,4.8384,13.2884
2026-06-15 16:47:37.997,Pavel,right,53.067,3184,,,,,,,-1.0475,-0.8327,6.5251,4.8463,4.8463,13.3544
2026-06-15 16:47:38.027,Pavel,right,53.100,3186,,,,,,,-1.0323,-0.7457,6.5283,4.8870,4.8870,13.2496
2026-06-15 16:47:38.058,Pavel,right,53.133,3188,,,,,,,-0.9758,-0.6808,6.5528,4.8627,4.8627,13.2928
2026-06-15 16:47:38.088,Pavel,right,53.167,3190,,,,,,,-0.9264,-0.6156,6.5770,4.8478,4.8478,13.2278
2026-06-15 16:47:38.119,Pavel,right,53.183,3191,,,,,,,-0.8957,-0.5957,6.5862,4.8392,4.8392,13.2048
2026-06-15 16:47:38.150,Pavel,right,53.217,3193,,,,,,,-0.8469,-0.5814,6.5787,4.8467,4.8467,13.2406
2026-06-15 16:47:38.180,Pavel,right,53.250,3195,,,,,,,-0.8020,-0.5770,6.5533,4.8301,4.8301,13.1346
2026-06-15 16:47:38.211,Pavel,right,53.283,3197,,,,,,,-0.7814,-0.5506,6.5434,4.8310,4.8310,13.1886
2026-06-15 16:47:38.241,Pavel,right,53.317,3199,,,,,,,-0.7418,-0.4986,6.5393,4.8122,4.8122,13.2473
2026-06-15 16:47:38.272,Pavel,right,53.350,3201,,,,,,,-0.7192,-0.4766,6.5341,4.8408,4.8408,13.1458
2026-06-15 16:47:38.303,Pavel,right,53.367,3202,,,,,,,-0.6740,-0.4737,6.5091,4.8381,4.8381,12.8349
2026-06-15 16:47:38.334,Pavel,right,53.400,3204,,,,,,,-0.6662,-0.4688,6.4968,4.8611,4.8611,12.8333
2026-06-15 16:47:38.364,Pavel,right,53.433,3206,,,,,,,-0.6343,-0.4443,6.4988,4.8028,4.8028,12.9286
2026-06-15 16:47:38.395,Pavel,right,53.467,3208,,,,,,,-0.6154,-0.4208,6.5097,4.7565,4.7565,12.9573
2026-06-15 16:47:38.425,Pavel,right,53.500,3210,,,,,,,-0.6052,-0.3857,6.5281,4.7055,4.7055,13.0038
2026-06-15 16:47:38.456,Pavel,right,53.533,3212,,,,,,,-0.5803,-0.3682,6.5259,4.6756,4.6756,13.1254
2026-06-15 16:47:38.487,Pavel,right,53.550,3213,,,,,,,-0.5814,-0.3827,6.5175,4.7310,4.7310,13.2219
2026-06-15 16:47:38.517,Pavel,right,53.583,3215,,,,,,,-0.5696,-0.3876,6.5156,4.7429,4.7429,13.2958
2026-06-15 16:47:38.548,Pavel,right,53.617,3217,,,,,,,-0.5310,-0.3945,6.5269,4.7578,4.7578,13.4002
2026-06-15 16:47:38.578,Pavel,right,53.650,3219,,,,,,,-0.3726,-0.3463,6.5195,4.6836,4.6836,13.5782
2026-06-15 16:47:38.609,Pavel,right,53.683,3221,,,,,,,-0.2816,-0.3505,6.4999,4.6469,4.6469,13.5042
2026-06-15 16:47:38.639,Pavel,right,53.717,3223,,,,,,,-0.2605,-0.3530,6.4833,4.6529,4.6529,13.4522
2026-06-15 16:47:38.670,Pavel,right,53.733,3224,,,,,,,-0.2003,-0.3480,6.4628,4.6403,4.6403,13.4634
2026-06-15 16:47:38.700,Pavel,right,53.767,3226,,,,,,,-0.1708,-0.3286,6.4400,4.6369,4.6369,13.4805
2026-06-15 16:47:38.731,Pavel,right,53.800,3228,,,,,,,-0.1183,-0.2973,6.4170,4.6136,4.6136,13.3612
2026-06-15 16:47:38.762,Pavel,right,53.833,3230,,,,,,,-0.1003,-0.2908,6.3999,4.6444,4.6444,13.3302
2026-06-15 16:47:38.792,Pavel,right,53.867,3232,,,,,,,-0.0952,-0.2858,6.3902,4.6950,4.6950,13.2949
2026-06-15 16:47:38.823,Pavel,right,53.900,3234,,,,,,,-0.0871,-0.3171,6.3837,4.7550,4.7550,13.3472
2026-06-15 16:47:38.853,Pavel,right,53.917,3235,,,,,,,-0.0805,-0.3613,6.3897,4.8001,4.8001,13.4408
2026-06-15 16:47:38.884,Pavel,right,53.950,3237,,,,,,,-0.0614,-0.3825,6.3873,4.7685,4.7685,13.3410
2026-06-15 16:47:38.915,Pavel,right,53.983,3239,,,,,,,-0.0134,-0.4361,6.3830,4.7249,4.7249,13.1867
2026-06-15 16:47:38.945,Pavel,right,54.017,3241,,,,,,,0.0234,-0.5108,6.3942,4.6430,4.6430,13.0946
2026-06-15 16:47:38.976,Pavel,right,54.050,3243,,,,,,,0.0194,-0.6120,6.4022,4.7341,4.7341,13.0727
2026-06-15 16:47:39.006,Pavel,right,54.083,3245,,,,,,,0.0369,-0.7042,6.4010,4.6652,4.6652,13.0819
2026-06-15 16:47:39.037,Pavel,right,54.100,3246,,,,,,,0.0329,-0.7414,6.4121,4.6650,4.6650,13.1205
2026-06-15 16:47:39.068,Pavel,right,54.117,3247,,,,,,,0.0768,-0.8066,6.4106,4.5848,4.5848,12.9053
2026-06-15 16:47:39.098,Pavel,right,54.150,3249,,,,,,,0.0906,-0.8889,6.4021,4.6382,4.6382,12.9060
2026-06-15 16:47:39.129,Pavel,right,54.183,3251,,,,,,,0.0927,-0.9274,6.3946,4.6589,4.6589,12.8724
2026-06-15 16:47:39.159,Pavel,right,54.217,3253,,,,,,,0.1936,-0.9651,6.2990,4.4991,4.4991,12.6327
2026-06-15 16:47:39.190,Pavel,right,54.250,3255,,,,,,,-0.0862,0.0000,4.7937,0.0000,0.0000,0.0000
2026-06-15 16:47:39.221,Pavel,right,54.267,3256,,,,,,,4.4492,-0.6523,8.4644,1.6256,1.6256,3.0721
2026-06-15 16:47:39.251,Pavel,right,54.300,3258,,,,,,,2.2426,-1.1173,7.6041,3.0074,3.0074,7.5725
2026-06-15 16:47:39.282,Pavel,right,54.333,3260,,,,,,,1.5835,-1.3056,7.2654,3.4949,3.4949,9.2043
2026-06-15 16:47:39.312,Pavel,right,54.367,3262,,,,,,,0.8767,-1.5431,6.8041,4.0396,4.0396,11.0608
2026-06-15 16:47:39.343,Pavel,right,54.400,3264,,,,,,,0.5625,-1.6740,6.5591,4.2947,4.2947,11.9308
2026-06-15 16:47:39.374,Pavel,right,54.433,3266,,,,,,,0.4214,-1.7475,6.4422,4.4390,4.4390,12.3754
2026-06-15 16:47:39.405,Pavel,right,54.467,3268,,,,,,,0.3860,-1.7800,6.4117,4.4785,4.4785,12.5080
2026-06-15 16:47:39.435,Pavel,right,54.483,3269,,,,,,,0.3527,-1.8555,6.3854,4.5373,4.5373,12.7237
2026-06-15 16:47:39.466,Pavel,right,54.517,3271,,,,,,,0.3581,-1.8787,6.3776,4.5113,4.5113,12.6173
2026-06-15 16:47:39.496,Pavel,right,54.550,3273,,,,,,,0.3863,-1.9277,6.3586,4.4959,4.4959,12.5018
2026-06-15 16:47:39.527,Pavel,right,54.583,3275,,,,,,,0.4135,-1.9799,6.3444,4.4907,4.4907,12.5523
2026-06-15 16:47:39.558,Pavel,right,54.617,3277,,,,,,,0.4204,-1.9987,6.3427,4.4850,4.4850,12.6140
2026-06-15 16:47:39.588,Pavel,right,54.650,3279,,,,,,,0.4152,-2.0348,6.3527,4.5389,4.5389,12.8380
2026-06-15 16:47:39.619,Pavel,right,54.667,3280,,,,,,,0.4190,-2.0732,6.3620,4.5794,4.5794,13.0117
2026-06-15 16:47:39.649,Pavel,right,54.700,3282,,,,,,,0.4282,-2.1166,6.3709,4.5980,4.5980,13.2083
2026-06-15 16:47:39.679,Pavel,right,54.733,3284,,,,,,,0.4349,-2.1479,6.3700,4.6102,4.6102,13.1909
2026-06-15 16:47:39.710,Pavel,right,54.767,3286,,,,,,,0.4602,-2.2090,6.3604,4.6165,4.6165,13.3179
2026-06-15 16:47:39.741,Pavel,right,54.800,3288,,,,,,,0.4581,-2.2761,6.3456,4.6583,4.6583,13.4923
2026-06-15 16:47:39.772,Pavel,right,54.833,3290,,,,,,,0.4552,-2.3244,6.3324,4.6483,4.6483,13.5108
2026-06-15 16:47:39.802,Pavel,right,54.850,3291,,,,,,,0.4493,-2.3588,6.3264,4.6441,4.6441,13.6195
2026-06-15 16:47:39.833,Pavel,right,54.883,3293,,,,,,,0.4515,-2.3665,6.3233,4.6505,4.6505,13.6472
2026-06-15 16:47:39.863,Pavel,right,54.917,3295,,,,,,,0.5165,-2.2485,6.2365,4.5139,4.5139,13.4222
2026-06-15 16:47:39.894,Pavel,right,54.950,3297,,,,,,,-0.0862,0.0000,4.7937,0.0000,0.0000,0.0000
2026-06-15 16:47:39.925,Pavel,right,54.983,3299,,,,,,,0.4203,0.4586,5.6777,1.3858,1.3858,2.8822
2026-06-15 16:47:39.955,Pavel,right,55.017,3301,,,,,,,0.5420,-0.7951,5.7155,2.8529,2.8529,7.8619
2026-06-15 16:47:39.986,Pavel,right,55.033,3302,,,,,,,0.5243,-1.2862,5.7700,3.4538,3.4538,10.0262
2026-06-15 16:47:40.016,Pavel,right,55.067,3304,,,,,,,0.4786,-1.7998,5.9064,4.1063,4.1063,12.4633
2026-06-15 16:47:40.047,Pavel,right,55.100,3306,,,,,,,0.4560,-1.9202,5.9828,4.2937,4.2937,13.0163
2026-06-15 16:47:40.077,Pavel,right,55.133,3308,,,,,,,0.4232,-2.0088,6.1206,4.5270,4.5270,13.6241
2026-06-15 16:47:40.108,Pavel,right,55.167,3310,,,,,,,0.3849,-2.0205,6.2223,4.6261,4.6261,13.8154
2026-06-15 16:47:40.138,Pavel,right,55.200,3312,,,,,,,0.3469,-1.9612,6.2682,4.6459,4.6459,13.6192
2026-06-15 16:47:40.169,Pavel,right,55.217,3313,,,,,,,0.3357,-1.9197,6.2620,4.5729,4.5729,13.5183
2026-06-15 16:47:40.199,Pavel,right,55.250,3315,,,,,,,0.3249,-1.8726,6.2580,4.6033,4.6033,13.6430
2026-06-15 16:47:40.230,Pavel,right,55.283,3317,,,,,,,0.3074,-1.7713,6.2628,4.6185,4.6185,13.5908
2026-06-15 16:47:40.260,Pavel,right,55.317,3319,,,,,,,0.2983,-1.6754,6.2783,4.6199,4.6199,13.5357
2026-06-15 16:47:40.293,Pavel,right,55.350,3321,,,,,,,0.3016,-1.5934,6.2891,4.5988,4.5988,13.3632
2026-06-15 16:47:40.323,Pavel,right,55.383,3323,,,,,,,0.3038,-1.5678,6.2902,4.5839,4.5839,13.3057
2026-06-15 16:47:40.354,Pavel,right,55.400,3324,,,,,,,0.2691,-1.5003,6.3125,4.5696,4.5696,13.2277
2026-06-15 16:47:40.384,Pavel,right,55.433,3326,,,,,,,0.2747,-1.4602,6.3309,4.5217,4.5217,13.0950
2026-06-15 16:47:40.415,Pavel,right,55.467,3328,,,,,,,0.2218,-1.3859,6.3926,4.5839,4.5839,13.4221
2026-06-15 16:47:40.445,Pavel,right,55.500,3330,,,,,,,0.1766,-1.3330,6.4510,4.6265,4.6265,13.7174
2026-06-15 16:47:40.476,Pavel,right,55.533,3332,,,,,,,0.1573,-1.2994,6.4760,4.6570,4.6570,13.7395
2026-06-15 16:47:40.506,Pavel,right,55.567,3334,,,,,,,0.1013,-1.2451,6.4890,4.7302,4.7302,13.8046
2026-06-15 16:47:40.537,Pavel,right,55.583,3335,,,,,,,0.0976,-1.1586,6.4534,4.6161,4.6161,13.2951
2026-06-15 16:47:40.567,Pavel,right,55.617,3337,,,,,,,0.0803,-1.0881,6.4363,4.6059,4.6059,13.2685
2026-06-15 16:47:40.598,Pavel,right,55.650,3339,,,,,,,-0.0032,-0.7891,6.4356,4.5737,4.5737,13.3626
2026-06-15 16:47:40.629,Pavel,right,55.683,3341,,,,,,,-0.0815,-0.5474,6.4296,4.6008,4.6008,13.2434
2026-06-15 16:47:40.659,Pavel,right,55.717,3343,,,,,,,-0.1010,-0.4609,6.4289,4.5727,4.5727,13.1394
2026-06-15 16:47:40.690,Pavel,right,55.750,3345,,,,,,,-0.1482,-0.3692,6.4335,4.6179,4.6179,13.1797
2026-06-15 16:47:40.720,Pavel,right,55.767,3346,,,,,,,-0.1881,-0.3152,6.4537,4.6395,4.6395,13.1747
2026-06-15 16:47:40.751,Pavel,right,55.800,3348,,,,,,,-0.2011,-0.2876,6.4623,4.6332,4.6332,13.0925
2026-06-15 16:47:40.781,Pavel,right,55.833,3350,,,,,,,-0.2425,-0.2576,6.4816,4.6264,4.6264,13.0388
2026-06-15 16:47:40.812,Pavel,right,55.867,3352,,,,,,,-0.3080,-0.3276,6.4749,4.6831,4.6831,12.9549
2026-06-15 16:47:40.843,Pavel,right,55.900,3354,,,,,,,-0.3494,-0.3363,6.4473,4.6521,4.6521,12.7012
2026-06-15 16:47:40.874,Pavel,right,55.933,3356,,,,,,,-0.3963,-0.3204,6.4281,4.6375,4.6375,12.5360
2026-06-15 16:47:40.904,Pavel,right,55.950,3357,,,,,,,-0.4148,-0.3106,6.4284,4.6138,4.6138,12.4984
2026-06-15 16:47:40.934,Pavel,right,55.983,3359,,,,,,,-0.4764,-0.3019,6.4433,4.6223,4.6223,12.4907
2026-06-15 16:47:40.965,Pavel,right,56.017,3361,,,,,,,-0.5286,-0.2720,6.4846,4.5638,4.5638,12.3979
2026-06-15 16:47:40.996,Pavel,right,56.050,3363,,,,,,,-0.5425,-0.2405,6.5054,4.5511,4.5511,12.3420
2026-06-15 16:47:41.027,Pavel,right,56.083,3365,,,,,,,-0.6088,-0.1834,6.5107,4.5954,4.5954,12.2871
2026-06-15 16:47:41.057,Pavel,right,56.117,3367,,,,,,,-0.6635,-0.1898,6.5093,4.6190,4.6190,12.5276
2026-06-15 16:47:41.088,Pavel,right,56.150,3369,,,,,,,-0.7013,-0.1932,6.5135,4.6193,4.6193,12.6319
2026-06-15 16:47:41.118,Pavel,right,56.167,3370,,,,,,,-0.7266,-0.2067,6.5168,4.6467,4.6467,12.6297
2026-06-15 16:47:41.149,Pavel,right,56.200,3372,,,,,,,-0.7859,-0.2276,6.5211,4.6384,4.6384,12.4030
2026-06-15 16:47:41.179,Pavel,right,56.233,3374,,,,,,,-0.8457,-0.2357,6.5283,4.6370,4.6370,12.3069
2026-06-15 16:47:41.210,Pavel,right,56.267,3376,,,,,,,-0.9035,-0.2483,6.5437,4.6467,4.6467,12.3103
2026-06-15 16:47:41.241,Pavel,right,56.300,3378,,,,,,,-0.9439,-0.2976,6.5476,4.6898,4.6898,12.2608
2026-06-15 16:47:41.272,Pavel,right,56.333,3380,,,,,,,-0.9900,-0.3720,6.5641,4.7052,4.7052,12.1736
2026-06-15 16:47:41.303,Pavel,right,56.350,3381,,,,,,,-1.0286,-0.4178,6.5735,4.7290,4.7290,12.1714
2026-06-15 16:47:41.333,Pavel,right,56.383,3383,,,,,,,-1.0666,-0.4786,6.6064,4.7221,4.7221,12.2045
2026-06-15 16:47:41.364,Pavel,right,56.417,3385,,,,,,,-1.0937,-0.5540,6.6211,4.7056,4.7056,12.2100
2026-06-15 16:47:41.394,Pavel,right,56.450,3387,,,,,,,-1.1086,-0.5862,6.6252,4.7108,4.7108,12.2469
2026-06-15 16:47:41.425,Pavel,right,56.483,3389,,,,,,,-1.1328,-0.6188,6.6277,4.7216,4.7216,12.2017
2026-06-15 16:47:41.455,Pavel,right,56.517,3391,,,,,,,-1.2029,-0.7052,6.6211,4.8078,4.8078,12.2176
2026-06-15 16:47:41.486,Pavel,right,56.533,3392,,,,,,,-1.2396,-0.7847,6.6037,4.8089,4.8089,12.2890
2026-06-15 16:47:41.517,Pavel,right,56.567,3394,,,,,,,-1.0879,-0.4958,6.5150,3.8635,3.8635,10.1531
2026-06-15 16:47:41.547,Pavel,right,56.600,3396,,,,,,,2.6179,-0.4589,8.6269,2.2104,2.2104,5.4413
2026-06-15 16:47:41.578,Pavel,right,56.633,3398,,,,,,,1.0066,-0.7815,8.9893,2.4516,2.4516,6.1803
2026-06-15 16:47:41.609,Pavel,right,56.667,3400,,,,,,,0.5044,-1.0680,8.7982,2.7098,2.7098,7.4671
2026-06-15 16:47:41.640,Pavel,right,56.700,3402,,,,,,,-0.3552,-1.3723,8.2141,3.4964,3.4964,9.1846
2026-06-15 16:47:41.670,Pavel,right,56.717,3403,,,,,,,-0.9530,-1.5401,7.5374,4.2186,4.2186,10.3167
2026-06-15 16:47:41.701,Pavel,right,56.750,3405,,,,,,,-1.1232,-1.6064,7.2774,4.4367,4.4367,10.7341
2026-06-15 16:47:41.731,Pavel,right,56.783,3407,,,,,,,-1.2919,-1.7104,6.9291,4.6458,4.6458,11.4179
2026-06-15 16:47:41.762,Pavel,right,56.817,3409,,,,,,,-1.3764,-1.7964,6.7427,4.7198,4.7198,11.6357
2026-06-15 16:47:41.792,Pavel,right,56.850,3411,,,,,,,-1.4346,-1.8644,6.6459,4.7909,4.7909,11.6083
2026-06-15 16:47:41.823,Pavel,right,56.883,3413,,,,,,,-1.4528,-1.9110,6.5905,4.8161,4.8161,11.5730
2026-06-15 16:47:41.853,Pavel,right,56.900,3414,,,,,,,-1.4681,-1.9327,6.5661,4.8293,4.8293,11.5851
2026-06-15 16:47:41.884,Pavel,right,56.933,3416,,,,,,,-1.4724,-1.9921,6.5215,4.8212,4.8212,11.6246
2026-06-15 16:47:41.914,Pavel,right,56.967,3418,,,,,,,-1.4861,-2.0277,6.5022,4.8292,4.8292,11.7169
2026-06-15 16:47:41.945,Pavel,right,57.000,3420,,,,,,,-1.4835,-2.0590,6.5198,4.8122,4.8122,11.8736
2026-06-15 16:47:41.975,Pavel,right,57.033,3422,,,,,,,-1.4927,-2.0696,6.5622,4.8157,4.8157,11.9197
2026-06-15 16:47:42.006,Pavel,right,57.067,3424,,,,,,,-1.4943,-2.0759,6.5774,4.8103,4.8103,11.9553
2026-06-15 16:47:42.037,Pavel,right,57.083,3425,,,,,,,-1.2984,-1.9627,6.5481,4.4902,4.4902,11.5310
2026-06-15 16:47:42.067,Pavel,right,57.117,3427,,,,,,,-0.0862,0.0000,4.7937,0.0000,0.0000,0.0000
2026-06-15 16:47:42.098,Pavel,right,57.150,3429,,,,,,,-0.0862,0.0000,4.7937,0.0000,0.0000,0.0000
2026-06-15 16:47:42.128,Pavel,right,57.183,3431,,,,,,,-0.0862,0.0000,4.7937,0.0000,0.0000,0.0000
2026-06-15 16:47:42.158,Pavel,right,57.217,3433,,,,,,,-0.0862,0.0000,4.7937,0.0000,0.0000,0.0000
2026-06-15 16:47:42.189,Pavel,right,57.250,3435,,,,,,,-0.0862,0.0000,4.7937,0.0000,0.0000,0.0000
2026-06-15 16:47:42.220,Pavel,right,57.267,3436,,,,,,,-0.0862,0.0000,4.7937,0.0000,0.0000,0.0000
2026-06-15 16:47:42.250,Pavel,right,57.300,3438,,,,,,,-0.0862,0.0000,4.7937,0.0000,0.0000,0.0000
2026-06-15 16:47:42.281,Pavel,right,57.333,3440,,,,,,,-5.3727,8.0867,7.9729,2.4485,2.4485,14.0994
2026-06-15 16:47:42.312,Pavel,right,57.367,3442,,,,,,,-4.0472,4.6281,7.7950,3.2625,3.2625,13.2613
2026-06-15 16:47:42.343,Pavel,right,57.400,3444,,,,,,,-2.6282,0.8481,7.3357,4.2317,4.2317,12.7154
2026-06-15 16:47:42.373,Pavel,right,57.433,3446,,,,,,,-2.0027,-0.8045,6.9609,4.6653,4.6653,12.6103
2026-06-15 16:47:42.404,Pavel,right,57.450,3447,,,,,,,-1.7183,-1.5245,6.7001,4.8547,4.8547,12.5802
2026-06-15 16:47:42.435,Pavel,right,57.483,3449,,,,,,,-1.5887,-1.8274,6.5391,4.9336,4.9336,12.6240
2026-06-15 16:47:42.466,Pavel,right,57.517,3451,,,,,,,-1.5473,-1.8936,6.4925,4.9583,4.9583,12.6387
2026-06-15 16:47:42.496,Pavel,right,57.550,3453,,,,,,,-1.5088,-1.9377,6.4485,4.9994,4.9994,12.7394
2026-06-15 16:47:42.527,Pavel,right,57.583,3455,,,,,,,-1.4698,-1.9530,6.4370,5.0149,5.0149,12.7158
2026-06-15 16:47:42.557,Pavel,right,57.617,3457,,,,,,,-1.4611,-1.9511,6.4377,5.0273,5.0273,12.6858
2026-06-15 16:47:42.588,Pavel,right,57.650,3459,,,,,,,-1.4376,-1.9210,6.4420,5.0553,5.0553,12.7723
2026-06-15 16:47:42.619,Pavel,right,57.667,3460,,,,,,,-1.4076,-1.8814,6.4307,5.0389,5.0389,12.7607
2026-06-15 16:47:42.650,Pavel,right,57.700,3462,,,,,,,-1.3906,-1.8418,6.4101,5.0231,5.0231,12.7498
2026-06-15 16:47:42.680,Pavel,right,57.733,3464,,,,,,,-1.3874,-1.8204,6.3971,5.0198,5.0198,12.8003
2026-06-15 16:47:42.711,Pavel,right,57.767,3466,,,,,,,-1.3693,-1.7772,6.3824,5.0420,5.0420,12.8449
2026-06-15 16:47:42.742,Pavel,right,57.800,3468,,,,,,,-1.3668,-1.7356,6.3872,5.0638,5.0638,12.9975
2026-06-15 16:47:42.773,Pavel,right,57.833,3470,,,,,,,-1.3440,-1.6708,6.3790,5.0501,5.0501,13.1087
2026-06-15 16:47:42.803,Pavel,right,57.850,3471,,,,,,,-1.2892,-1.5472,6.3758,5.0518,5.0518,13.2225
2026-06-15 16:47:42.835,Pavel,right,57.883,3473,,,,,,,-1.1040,-1.2888,6.3739,4.9772,4.9772,13.3847
2026-06-15 16:47:42.866,Pavel,right,57.917,3475,,,,,,,-0.8277,-0.7377,6.3648,4.8805,4.8805,13.5811
2026-06-15 16:47:42.896,Pavel,right,57.950,3477,,,,,,,-0.7443,-0.5792,6.3646,4.8159,4.8159,13.6212
2026-06-15 16:47:42.927,Pavel,right,57.983,3479,,,,,,,-0.6469,-0.4010,6.3663,4.8101,4.8101,13.6297
2026-06-15 16:47:42.958,Pavel,right,58.017,3481,,,,,,,-0.5485,-0.2939,6.3661,4.7633,4.7633,13.3122
2026-06-15 16:47:42.988,Pavel,right,58.050,3483,,,,,,,-0.4826,-0.2444,6.3717,4.6971,4.6971,13.1375
2026-06-15 16:47:43.019,Pavel,right,58.067,3484,,,,,,,-0.4628,-0.2132,6.3731,4.7483,4.7483,13.1014
2026-06-15 16:47:43.049,Pavel,right,58.100,3486,,,,,,,-0.4228,-0.1849,6.3641,4.7250,4.7250,12.9217
2026-06-15 16:47:43.080,Pavel,right,58.133,3488,,,,,,,-0.3996,-0.1802,6.3589,4.6971,4.6971,12.8438
2026-06-15 16:47:43.111,Pavel,right,58.167,3490,,,,,,,-0.4511,-0.2533,6.3544,4.7032,4.7032,12.8840
2026-06-15 16:47:43.142,Pavel,right,58.200,3492,,,,,,,-0.6366,-0.4986,6.3712,4.5999,4.5999,12.6567
2026-06-15 16:47:43.172,Pavel,right,58.233,3494,,,,,,,-0.7124,-0.6014,6.3788,4.6025,4.6025,12.5198
2026-06-15 16:47:43.203,Pavel,right,58.250,3495,,,,,,,-0.7217,-0.6461,6.3920,4.6306,4.6306,12.5043
2026-06-15 16:47:43.233,Pavel,right,58.283,3497,,,,,,,-0.7169,-0.6562,6.3952,4.6581,4.6581,12.5209
2026-06-15 16:47:43.264,Pavel,right,58.317,3499,,,,,,,-0.7058,-0.6703,6.3968,4.7298,4.7298,12.6962
2026-06-15 16:47:43.294,Pavel,right,58.350,3501,,,,,,,-0.6739,-0.6753,6.3842,4.7563,4.7563,12.7762
2026-06-15 16:47:43.326,Pavel,right,58.383,3503,,,,,,,-0.6318,-0.6424,6.3733,4.7585,4.7585,12.8819
2026-06-15 16:47:43.356,Pavel,right,58.417,3505,,,,,,,-0.5740,-0.5920,6.3629,4.7344,4.7344,12.8855
2026-06-15 16:47:43.386,Pavel,right,58.433,3506,,,,,,,-0.5003,-0.5501,6.3736,4.6773,4.6773,12.8746
2026-06-15 16:47:43.417,Pavel,right,58.467,3508,,,,,,,-0.4761,-0.5382,6.3887,4.6715,4.6715,12.8962
2026-06-15 16:47:43.447,Pavel,right,58.500,3510,,,,,,,-0.4124,-0.5026,6.4197,4.5713,4.5713,12.8319
2026-06-15 16:47:43.478,Pavel,right,58.533,3512,,,,,,,-0.3827,-0.4964,6.4401,4.5657,4.5657,12.7469
2026-06-15 16:47:43.509,Pavel,right,58.567,3514,,,,,,,-0.3510,-0.4816,6.4476,4.5498,4.5498,12.8262
2026-06-15 16:47:43.539,Pavel,right,58.600,3516,,,,,,,-0.3395,-0.4711,6.4444,4.5492,4.5492,12.8463
2026-06-15 16:47:43.570,Pavel,right,58.617,3517,,,,,,,-0.3227,-0.4649,6.4268,4.5684,4.5684,12.9593
2026-06-15 16:47:43.601,Pavel,right,58.650,3519,,,,,,,-0.3077,-0.4418,6.4059,4.5874,4.5874,13.1984
2026-06-15 16:47:43.631,Pavel,right,58.683,3521,,,,,,,-0.2795,-0.4148,6.3907,4.5462,4.5462,13.0956
2026-06-15 16:47:43.662,Pavel,right,58.717,3523,,,,,,,-0.2767,-0.3994,6.3513,4.5855,4.5855,13.0240
2026-06-15 16:47:43.692,Pavel,right,58.750,3525,,,,,,,-0.2803,-0.4260,6.3421,4.6870,4.6870,13.2122
2026-06-15 16:47:43.723,Pavel,right,58.783,3527,,,,,,,-0.2532,-0.4563,6.3468,4.7337,4.7337,13.3444
2026-06-15 16:47:43.754,Pavel,right,58.800,3528,,,,,,,-0.1970,-0.4946,6.3594,4.6560,4.6560,13.3814
2026-06-15 16:47:43.784,Pavel,right,58.833,3530,,,,,,,-0.1842,-0.5338,6.3538,4.7081,4.7081,13.3727
2026-06-15 16:47:43.815,Pavel,right,58.867,3532,,,,,,,-0.1162,-0.6073,6.3424,4.6705,4.6705,13.4238
2026-06-15 16:47:43.845,Pavel,right,58.900,3534,,,,,,,-0.0582,-0.6950,6.3175,4.6105,4.6105,13.2580
2026-06-15 16:47:43.876,Pavel,right,58.933,3536,,,,,,,-0.0313,-0.7253,6.3088,4.5767,4.5767,13.1192
2026-06-15 16:47:43.907,Pavel,right,58.967,3538,,,,,,,-0.0255,-0.7652,6.2970,4.5767,4.5767,13.0469
2026-06-15 16:47:43.937,Pavel,right,58.983,3539,,,,,,,-0.0151,-0.7813,6.3014,4.5832,4.5832,13.0558
2026-06-15 16:47:43.967,Pavel,right,59.017,3541,,,,,,,0.0341,-0.8426,6.2956,4.5526,4.5526,12.8951
2026-06-15 16:47:43.998,Pavel,right,59.050,3543,,,,,,,0.0571,-0.9195,6.2933,4.5801,4.5801,12.9861
2026-06-15 16:47:44.029,Pavel,right,59.083,3545,,,,,,,0.0984,-0.9904,6.2792,4.5142,4.5142,12.8860
2026-06-15 16:47:44.059,Pavel,right,59.117,3547,,,,,,,0.1267,-1.0222,6.2666,4.5023,4.5023,12.8936
2026-06-15 16:47:44.090,Pavel,right,59.150,3549,,,,,,,0.1420,-1.0902,6.2402,4.5947,4.5947,12.9687
2026-06-15 16:47:44.120,Pavel,right,59.167,3550,,,,,,,0.1613,-1.1604,6.2220,4.6103,4.6103,12.9801
2026-06-15 16:47:44.151,Pavel,right,59.200,3552,,,,,,,0.1883,-1.2507,6.2044,4.5955,4.5955,12.8696
2026-06-15 16:47:44.181,Pavel,right,59.233,3554,,,,,,,0.2292,-1.3149,6.1951,4.5258,4.5258,12.8251
2026-06-15 16:47:44.212,Pavel,right,59.267,3556,,,,,,,0.2224,-1.3492,6.1987,4.5870,4.5870,13.1610
2026-06-15 16:47:44.243,Pavel,right,59.300,3558,,,,,,,0.2256,-1.4264,6.2155,4.6479,4.6479,13.6107
2026-06-15 16:47:44.273,Pavel,right,59.333,3560,,,,,,,0.2417,-1.5100,6.2342,4.6978,4.6978,13.6248
2026-06-15 16:47:44.304,Pavel,right,59.350,3561,,,,,,,0.2567,-1.5474,6.2503,4.6762,4.6762,13.6091
2026-06-15 16:47:44.335,Pavel,right,59.383,3563,,,,,,,0.2847,-1.6404,6.2658,4.6459,4.6459,13.4412
2026-06-15 16:47:44.365,Pavel,right,59.417,3565,,,,,,,0.3868,-1.8142,6.2820,4.6518,4.6518,13.7550
2026-06-15 16:47:44.396,Pavel,right,59.450,3567,,,,,,,0.4209,-1.9288,6.2959,4.6736,4.6736,13.8996
2026-06-15 16:47:44.427,Pavel,right,59.483,3569,,,,,,,0.4790,-2.0122,6.2805,4.6414,4.6414,13.8015
2026-06-15 16:47:44.458,Pavel,right,59.517,3571,,,,,,,0.4994,-2.0453,6.2708,4.6434,4.6434,13.8490
2026-06-15 16:47:44.488,Pavel,right,59.550,3573,,,,,,,0.5219,-2.0698,6.2535,4.6626,4.6626,13.7785
2026-06-15 16:47:44.519,Pavel,right,59.567,3574,,,,,,,0.5165,-2.0882,6.2531,4.6641,4.6641,13.8065
2026-06-15 16:47:44.550,Pavel,right,59.600,3576,,,,,,,0.5124,-2.0925,6.2641,4.6444,4.6444,13.9056
2026-06-15 16:47:44.580,Pavel,right,59.633,3578,,,,,,,0.5096,-2.0875,6.2720,4.6497,4.6497,13.9706
2026-06-15 16:47:44.611,Pavel,right,59.667,3580,,,,,,,0.5010,-2.0660,6.2793,4.6381,4.6381,14.0344
2026-06-15 16:47:44.642,Pavel,right,59.700,3582,,,,,,,0.4951,-2.0447,6.2752,4.6379,4.6379,13.8595
2026-06-15 16:47:44.673,Pavel,right,59.733,3584,,,,,,,0.4647,-2.0344,6.2845,4.6717,4.6717,14.0064
2026-06-15 16:47:44.703,Pavel,right,59.750,3585,,,,,,,0.4587,-2.0436,6.2998,4.6510,4.6510,13.9994
2026-06-15 16:47:44.734,Pavel,right,59.783,3587,,,,,,,0.4569,-2.0482,6.3085,4.6614,4.6614,13.9980
2026-06-15 16:47:44.764,Pavel,right,59.817,3589,,,,,,,0.4612,-2.0594,6.3176,4.6778,4.6778,13.9986
2026-06-15 16:47:44.795,Pavel,right,59.850,3591,,,,,,,0.4643,-2.0737,6.3333,4.6974,4.6974,14.0468
2026-06-15 16:47:44.825,Pavel,right,59.883,3593,,,,,,,0.4707,-2.0475,6.3441,4.7075,4.7075,13.9994
2026-06-15 16:47:44.856,Pavel,right,59.917,3595,,,,,,,0.4473,-2.0180,6.3464,4.6718,4.6718,13.9184
2026-06-15 16:47:44.886,Pavel,right,59.933,3596,,,,,,,0.4417,-2.0025,6.3480,4.6691,4.6691,13.8747
2026-06-15 16:47:44.917,Pavel,right,59.967,3598,,,,,,,0.4104,-1.9500,6.3501,4.6935,4.6935,13.8739
2026-06-15 16:47:44.947,Pavel,right,60.000,3600,,,,,,,0.3785,-1.8915,6.3545,4.6823,4.6823,13.8649
2026-06-15 16:47:44.978,Pavel,right,60.033,3602,,,,,,,0.3499,-1.8440,6.3754,4.6595,4.6595,13.9269
2026-06-15 16:47:45.008,Pavel,right,60.067,3604,,,,,,,0.3478,-1.8241,6.3833,4.6363,4.6363,13.8932
2026-06-15 16:47:45.039,Pavel,right,60.100,3606,,,,,,,0.3284,-1.7888,6.3924,4.6731,4.6731,14.0081
2026-06-15 16:47:45.069,Pavel,right,60.117,3607,,,,,,,0.3385,-1.7499,6.3861,4.6886,4.6886,13.9108
2026-06-15 16:47:45.100,Pavel,right,60.150,3609,,,,,,,0.3310,-1.7077,6.3713,4.6997,4.6997,13.8166
2026-06-15 16:47:45.130,Pavel,right,60.183,3611,,,,,,,0.3189,-1.6895,6.3561,4.7254,4.7254,13.8129
2026-06-15 16:47:45.161,Pavel,right,60.217,3613,,,,,,,0.2927,-1.6507,6.3311,4.7622,4.7622,13.9013
2026-06-15 16:47:45.192,Pavel,right,60.250,3615,,,,,,,0.2833,-1.6006,6.3233,4.7618,4.7618,14.0178
2026-06-15 16:47:45.222,Pavel,right,60.283,3617,,,,,,,0.2595,-1.5147,6.3320,4.7841,4.7841,13.9188
2026-06-15 16:47:45.253,Pavel,right,60.300,3618,,,,,,,0.2292,-1.4317,6.3466,4.7131,4.7131,13.8194
2026-06-15 16:47:45.284,Pavel,right,60.333,3620,,,,,,,0.2223,-1.3821,6.3517,4.7004,4.7004,13.7808
2026-06-15 16:47:45.314,Pavel,right,60.367,3622,,,,,,,0.1970,-1.2651,6.3531,4.6027,4.6027,13.6083
2026-06-15 16:47:45.347,Pavel,right,60.400,3624,,,,,,,0.1809,-1.1657,6.3542,4.5527,4.5527,13.4954
2026-06-15 16:47:45.377,Pavel,right,60.433,3626,,,,,,,0.1864,-1.0615,6.3466,4.4434,4.4434,12.9071
2026-06-15 16:47:45.408,Pavel,right,60.467,3628,,,,,,,0.1389,-1.0047,6.3640,4.4312,4.4312,12.6258
2026-06-15 16:47:45.439,Pavel,right,60.500,3630,,,,,,,0.1303,-0.9238,6.3772,4.3921,4.3921,12.3544
2026-06-15 16:47:45.469,Pavel,right,60.517,3631,,,,,,,0.1099,-0.8904,6.3850,4.4328,4.4328,12.6912
2026-06-15 16:47:45.499,Pavel,right,60.550,3633,,,,,,,0.0610,-0.8268,6.4035,4.4362,4.4362,12.8898
2026-06-15 16:47:45.530,Pavel,right,60.583,3635,,,,,,,0.0137,-0.7626,6.4001,4.4891,4.4891,12.9151
2026-06-15 16:47:45.561,Pavel,right,60.617,3637,,,,,,,-0.0051,-0.7344,6.3952,4.5010,4.5010,12.8737
2026-06-15 16:47:45.591,Pavel,right,60.650,3639,,,,,,,-0.0761,-0.6505,6.4063,4.5414,4.5414,13.0038
2026-06-15 16:47:45.622,Pavel,right,60.683,3641,,,,,,,-0.1396,-0.5768,6.4403,4.5521,4.5521,13.0116
2026-06-15 16:47:45.653,Pavel,right,60.700,3642,,,,,,,-0.1549,-0.5352,6.4458,4.5631,4.5631,12.9036
2026-06-15 16:47:45.684,Pavel,right,60.733,3644,,,,,,,-0.1902,-0.4981,6.4477,4.5835,4.5835,12.9118
2026-06-15 16:47:45.714,Pavel,right,60.767,3646,,,,,,,-0.2236,-0.3665,6.4273,4.5529,4.5529,12.4886
2026-06-15 16:47:45.745,Pavel,right,60.800,3648,,,,,,,-0.2473,-0.3246,6.4195,4.5403,4.5403,12.4312
2026-06-15 16:47:45.776,Pavel,right,60.833,3650,,,,,,,-0.2948,-0.2628,6.4229,4.5668,4.5668,12.3741
2026-06-15 16:47:45.806,Pavel,right,60.867,3652,,,,,,,-0.3318,-0.2173,6.4173,4.5533,4.5533,12.3360
2026-06-15 16:47:45.837,Pavel,right,60.883,3653,,,,,,,-0.3775,-0.1570,6.4329,4.5220,4.5220,12.4130
2026-06-15 16:47:45.867,Pavel,right,60.917,3655,,,,,,,-0.4306,-0.1379,6.4430,4.5130,4.5130,12.2403
2026-06-15 16:47:45.898,Pavel,right,60.950,3657,,,,,,,-0.4618,-0.1250,6.4441,4.5292,4.5292,12.2133
2026-06-15 16:47:45.929,Pavel,right,60.983,3659,,,,,,,-0.4989,-0.0760,6.4520,4.4333,4.4333,12.0057
2026-06-15 16:47:45.959,Pavel,right,61.017,3661,,,,,,,-0.5533,0.0028,6.4711,4.4102,4.4102,11.8168
2026-06-15 16:47:45.990,Pavel,right,61.050,3663,,,,,,,-0.6064,0.0486,6.4893,4.3875,4.3875,11.7136
2026-06-15 16:47:46.021,Pavel,right,61.067,3664,,,,,,,-0.6407,0.0736,6.5023,4.3621,4.3621,11.6544
2026-06-15 16:47:46.051,Pavel,right,61.100,3666,,,,,,,-0.6582,0.0803,6.5146,4.3562,4.3562,11.6540
2026-06-15 16:47:46.082,Pavel,right,61.133,3668,,,,,,,-0.7284,0.0594,6.5301,4.3660,4.3660,11.5952
2026-06-15 16:47:46.112,Pavel,right,61.167,3670,,,,,,,-0.7925,0.0257,6.5472,4.4064,4.4064,11.4570
2026-06-15 16:47:46.143,Pavel,right,61.200,3672,,,,,,,-0.8411,-0.0218,6.5542,4.3886,4.3886,11.3510
2026-06-15 16:47:46.173,Pavel,right,61.233,3674,,,,,,,-0.8609,-0.0355,6.5551,4.3442,4.3442,11.3076
2026-06-15 16:47:46.203,Pavel,right,61.250,3675,,,,,,,-0.8963,-0.0758,6.5591,4.2822,4.2822,11.2489
2026-06-15 16:47:46.234,Pavel,right,61.283,3677,,,,,,,-0.9248,-0.1217,6.5656,4.2308,4.2308,11.1174
2026-06-15 16:47:46.265,Pavel,right,61.317,3679,,,,,,,-0.9463,-0.1424,6.5641,4.2433,4.2433,11.0538
2026-06-15 16:47:46.295,Pavel,right,61.350,3681,,,,,,,-1.0041,-0.2006,6.5610,4.2102,4.2102,10.8184
2026-06-15 16:47:46.326,Pavel,right,61.383,3683,,,,,,,-1.0494,-0.2579,6.5585,4.2206,4.2206,10.7800
2026-06-15 16:47:46.360,Pavel,right,61.417,3685,,,,,,,-1.0843,-0.2995,6.5554,4.2505,4.2505,10.7351
2026-06-15 16:47:46.391,Pavel,right,61.450,3687,,,,,,,-1.0756,-0.3981,6.5428,4.2635,4.2635,10.6852
2026-06-15 16:47:46.421,Pavel,right,61.483,3689,,,,,,,-1.0924,-0.4932,6.5283,4.2513,4.2513,10.5555
2026-06-15 16:47:46.452,Pavel,right,61.500,3690,,,,,,,-1.1203,-0.5806,6.5237,4.2365,4.2365,10.4417
2026-06-15 16:47:46.482,Pavel,right,61.533,3692,,,,,,,-1.1399,-0.6233,6.5266,4.2391,4.2391,10.4282
2026-06-15 16:47:46.513,Pavel,right,61.567,3694,,,,,,,-1.1794,-0.6952,6.5309,4.2537,4.2537,10.5758
2026-06-15 16:47:46.543,Pavel,right,61.600,3696,,,,,,,-1.2134,-0.7772,6.5312,4.2489,4.2489,10.3938
2026-06-15 16:47:46.574,Pavel,right,61.633,3698,,,,,,,-1.2462,-0.8783,6.5379,4.2587,4.2587,10.3274
2026-06-15 16:47:46.604,Pavel,right,61.650,3699,,,,,,,-1.2405,-0.9220,6.5495,4.2242,4.2242,10.3038
2026-06-15 16:47:46.635,Pavel,right,61.683,3701,,,,,,,-1.2369,-1.0185,6.5771,4.1741,4.1741,10.2001
2026-06-15 16:47:46.665,Pavel,right,61.717,3703,,,,,,,-1.3258,-1.1712,6.6016,4.1837,4.1837,10.2195
2026-06-15 16:47:46.696,Pavel,right,61.750,3705,,,,,,,-1.4613,-1.3485,6.6127,4.3157,4.3157,10.3002
2026-06-15 16:47:46.726,Pavel,right,61.783,3707,,,,,,,-1.4930,-1.4532,6.6114,4.3015,4.3015,10.2802
2026-06-15 16:47:46.757,Pavel,right,61.817,3709,,,,,,,-1.4703,-1.4956,6.6016,4.2315,4.2315,10.0953
2026-06-15 16:47:46.787,Pavel,right,61.833,3710,,,,,,,-1.4616,-1.5786,6.5869,4.1585,4.1585,10.0569
2026-06-15 16:47:46.818,Pavel,right,61.867,3712,,,,,,,-1.5105,-1.6573,6.5627,4.2342,4.2342,10.2366
2026-06-15 16:47:46.848,Pavel,right,61.900,3714,,,,,,,-1.5623,-1.7226,6.5641,4.2767,4.2767,10.2669
2026-06-15 16:47:46.879,Pavel,right,61.933,3716,,,,,,,-1.5741,-1.7603,6.5692,4.2848,4.2848,10.3362
2026-06-15 16:47:46.910,Pavel,right,61.967,3718,,,,,,,-1.5919,-1.8375,6.5816,4.3733,4.3733,10.3130
2026-06-15 16:47:46.940,Pavel,right,62.000,3720,,,,,,,-1.6220,-1.9156,6.5729,4.4805,4.4805,10.3982
2026-06-15 16:47:46.971,Pavel,right,62.017,3721,,,,,,,-1.6503,-1.9822,6.5454,4.5627,4.5627,10.6086
2026-06-15 16:47:47.001,Pavel,right,62.050,3723,,,,,,,-1.6652,-2.0136,6.5393,4.6043,4.6043,10.7838
2026-06-15 16:47:47.032,Pavel,right,62.083,3725,,,,,,,-1.6837,-2.0481,6.5327,4.6014,4.6014,10.9009
2026-06-15 16:47:47.062,Pavel,right,62.117,3727,,,,,,,-1.6911,-2.0958,6.5197,4.5613,4.5613,10.7857
2026-06-15 16:47:47.093,Pavel,right,62.150,3729,,,,,,,-1.7059,-2.1527,6.5096,4.5513,4.5513,10.6631
2026-06-15 16:47:47.124,Pavel,right,62.183,3731,,,,,,,-1.7171,-2.1503,6.5168,4.5616,4.5616,10.7075
2026-06-15 16:47:47.154,Pavel,right,62.200,3732,,,,,,,-1.7338,-2.1469,6.5273,4.6015,4.6015,10.8704
2026-06-15 16:47:47.185,Pavel,right,62.233,3734,,,,,,,-1.7318,-2.1537,6.5258,4.6108,4.6108,10.9210
2026-06-15 16:47:47.215,Pavel,right,62.267,3736,,,,,,,-1.7360,-2.1522,6.5126,4.6373,4.6373,11.0308
2026-06-15 16:47:47.246,Pavel,right,62.300,3738,,,,,,,-1.7203,-2.1509,6.5133,4.6427,4.6427,11.1961
2026-06-15 16:47:47.277,Pavel,right,62.333,3740,,,,,,,-1.7199,-2.1402,6.5194,4.6387,4.6387,11.2087
2026-06-15 16:47:47.308,Pavel,right,62.367,3742,,,,,,,-1.7184,-2.1446,6.5231,4.6308,4.6308,11.2423
2026-06-15 16:47:47.339,Pavel,right,62.400,3744,,,,,,,-1.7420,-2.1282,6.5285,4.6884,4.6884,11.3364
2026-06-15 16:47:47.370,Pavel,right,62.417,3745,,,,,,,-1.7436,-2.0979,6.5312,4.7239,4.7239,11.5193
2026-06-15 16:47:47.400,Pavel,right,62.450,3747,,,,,,,-1.7598,-2.0573,6.5448,4.7736,4.7736,11.7831
2026-06-15 16:47:47.431,Pavel,right,62.483,3749,,,,,,,-1.7627,-2.0363,6.5521,4.7922,4.7922,11.8783
2026-06-15 16:47:47.462,Pavel,right,62.517,3751,,,,,,,-1.7612,-1.9669,6.5565,4.7971,4.7971,11.9210
2026-06-15 16:47:47.493,Pavel,right,62.550,3753,,,,,,,-1.7511,-1.9253,6.5566,4.7983,4.7983,11.8658
2026-06-15 16:47:47.524,Pavel,right,62.583,3755,,,,,,,-1.7476,-1.8488,6.5648,4.7974,4.7974,11.8091
2026-06-15 16:47:47.554,Pavel,right,62.600,3756,,,,,,,-1.7667,-1.7674,6.5713,4.8430,4.8430,12.0140
2026-06-15 16:47:47.585,Pavel,right,62.633,3758,,,,,,,-1.7524,-1.7371,6.5655,4.7958,4.7958,11.7340
2026-06-15 16:47:47.615,Pavel,right,62.667,3760,,,,,,,-1.7148,-1.6595,6.5498,4.7633,4.7633,11.6100
2026-06-15 16:47:47.646,Pavel,right,62.700,3762,,,,,,,-1.6964,-1.5857,6.5529,4.7353,4.7353,11.4708
2026-06-15 16:47:47.676,Pavel,right,62.733,3764,,,,,,,-1.6679,-1.5182,6.5664,4.7617,4.7617,11.6468
2026-06-15 16:47:47.707,Pavel,right,62.767,3766,,,,,,,-1.6463,-1.4772,6.5691,4.7635,4.7635,11.7721
2026-06-15 16:47:47.738,Pavel,right,62.800,3768,,,,,,,-1.6218,-1.4000,6.5728,4.7666,4.7666,11.7933
2026-06-15 16:47:47.769,Pavel,right,62.817,3769,,,,,,,-1.6118,-1.3709,6.5723,4.7678,4.7678,11.7615
2026-06-15 16:47:47.799,Pavel,right,62.850,3771,,,,,,,-1.5858,-1.2823,6.5522,4.7402,4.7402,11.6291
2026-06-15 16:47:47.829,Pavel,right,62.883,3773,,,,,,,-1.5327,-1.1748,6.5456,4.6427,4.6427,11.4529
2026-06-15 16:47:47.860,Pavel,right,62.917,3775,,,,,,,-1.5135,-1.1143,6.5412,4.6053,4.6053,11.4111
2026-06-15 16:47:47.891,Pavel,right,62.950,3777,,,,,,,-1.4979,-0.9820,6.5350,4.6409,4.6409,11.4198
2026-06-15 16:47:47.922,Pavel,right,62.983,3779,,,,,,,-1.4598,-0.8556,6.5396,4.6454,4.6454,11.6300
2026-06-15 16:47:47.952,Pavel,right,63.000,3780,,,,,,,-1.3995,-0.7236,6.5395,4.6705,4.6705,11.7877
2026-06-15 16:47:47.983,Pavel,right,63.033,3782,,,,,,,-1.3299,-0.5897,6.5410,4.6514,4.6514,11.8467
2026-06-15 16:47:48.014,Pavel,right,63.067,3784,,,,,,,-1.2881,-0.4789,6.5359,4.6341,4.6341,11.9822
2026-06-15 16:47:48.044,Pavel,right,63.100,3786,,,,,,,-1.2633,-0.4349,6.5272,4.6220,4.6220,11.9558
2026-06-15 16:47:48.075,Pavel,right,63.133,3788,,,,,,,-1.2236,-0.3641,6.5174,4.6478,4.6478,12.0882
2026-06-15 16:47:48.105,Pavel,right,63.167,3790,,,,,,,-1.1666,-0.3222,6.5034,4.6654,4.6654,12.1726
2026-06-15 16:47:48.137,Pavel,right,63.183,3791,,,,,,,-1.1053,-0.3005,6.4920,4.6853,4.6853,12.2878
2026-06-15 16:47:48.167,Pavel,right,63.217,3793,,,,,,,-1.0831,-0.2930,6.4900,4.7192,4.7192,12.3718
2026-06-15 16:47:48.197,Pavel,right,63.250,3795,,,,,,,-1.0145,-0.2353,6.4822,4.6817,4.6817,12.3805
2026-06-15 16:47:48.228,Pavel,right,63.283,3797,,,,,,,-0.9609,-0.3820,6.4707,4.6867,4.6867,12.4559
2026-06-15 16:47:48.259,Pavel,right,63.317,3799,,,,,,,-0.8989,-0.5139,6.4566,4.6448,4.6448,12.4788
2026-06-15 16:47:48.289,Pavel,right,63.350,3801,,,,,,,-0.8451,-0.5510,6.4469,4.6303,4.6303,12.5023
2026-06-15 16:47:48.320,Pavel,right,63.367,3802,,,,,,,-0.8050,-0.5587,6.4479,4.5989,4.5989,12.3943
2026-06-15 16:47:48.350,Pavel,right,63.400,3804,,,,,,,-0.7437,-0.5458,6.4471,4.5757,4.5757,12.3512
2026-06-15 16:47:48.383,Pavel,right,63.433,3806,,,,,,,-0.6846,-0.4534,6.4514,4.5509,4.5509,12.4914
2026-06-15 16:47:48.414,Pavel,right,63.467,3808,,,,,,,-0.6661,-0.0763,6.4386,4.5109,4.5109,12.4409
2026-06-15 16:47:48.444,Pavel,right,63.500,3810,,,,,,,-0.6529,0.0223,6.4332,4.5222,4.5222,12.4774
2026-06-15 16:47:48.475,Pavel,right,63.533,3812,,,,,,,-0.6147,0.1269,6.4292,4.5356,4.5356,12.5304
2026-06-15 16:47:48.506,Pavel,right,63.567,3814,,,,,,,-0.5469,0.1547,6.4435,4.5358,4.5358,12.4432
2026-06-15 16:47:48.536,Pavel,right,63.583,3815,,,,,,,-0.4742,0.1434,6.4743,4.4663,4.4663,12.3079
2026-06-15 16:47:48.567,Pavel,right,63.617,3817,,,,,,,-0.4462,0.1403,6.4824,4.4454,4.4454,12.2285
2026-06-15 16:47:48.597,Pavel,right,63.650,3819,,,,,,,-0.4232,0.1121,6.4868,4.4935,4.4935,12.1521
2026-06-15 16:47:48.628,Pavel,right,63.683,3821,,,,,,,-0.4101,0.1046,6.4755,4.5173,4.5173,12.0883
2026-06-15 16:47:48.658,Pavel,right,63.717,3823,,,,,,,-0.3820,0.0889,6.4498,4.5484,4.5484,12.2874
2026-06-15 16:47:48.689,Pavel,right,63.750,3825,,,,,,,-0.3341,0.0713,6.4317,4.5127,4.5127,12.2737
2026-06-15 16:47:48.720,Pavel,right,63.767,3826,,,,,,,-0.2639,0.0723,6.4275,4.4271,4.4271,12.1843
2026-06-15 16:47:48.750,Pavel,right,63.800,3828,,,,,,,-0.2381,0.0438,6.4448,4.4277,4.4277,12.2582
2026-06-15 16:47:48.781,Pavel,right,63.833,3830,,,,,,,-0.2270,0.0215,6.4579,4.4320,4.4320,12.3382
2026-06-15 16:47:48.811,Pavel,right,63.867,3832,,,,,,,-0.1882,-0.0249,6.4531,4.3960,4.3960,12.2892
2026-06-15 16:47:48.842,Pavel,right,63.900,3834,,,,,,,-0.1467,-0.0634,6.4278,4.3484,4.3484,12.3226
2026-06-15 16:47:48.873,Pavel,right,63.933,3836,,,,,,,-0.1237,-0.1565,6.4121,4.3987,4.3987,12.3845
2026-06-15 16:47:48.904,Pavel,right,63.950,3837,,,,,,,-0.1146,-0.2176,6.4115,4.4512,4.4512,12.5053
2026-06-15 16:47:48.934,Pavel,right,63.983,3839,,,,,,,-0.0612,-0.3273,6.4128,4.4721,4.4721,12.4727
2026-06-15 16:47:48.965,Pavel,right,64.017,3841,,,,,,,-0.0683,-0.4521,6.4195,4.5652,4.5652,12.5648
2026-06-15 16:47:48.995,Pavel,right,64.050,3843,,,,,,,-0.0426,-0.5601,6.4347,4.5863,4.5863,12.6301
2026-06-15 16:47:49.026,Pavel,right,64.083,3845,,,,,,,-0.0290,-0.6303,6.4409,4.6389,4.6389,12.6037
2026-06-15 16:47:49.057,Pavel,right,64.117,3847,,,,,,,0.1074,-0.9054,6.4148,4.6286,4.6286,12.7046
2026-06-15 16:47:49.088,Pavel,right,64.133,3848,,,,,,,0.1610,-1.0980,6.3956,4.6508,4.6508,12.8275
2026-06-15 16:47:49.119,Pavel,right,64.167,3850,,,,,,,0.2162,-1.2357,6.3944,4.6554,4.6554,13.0575
2026-06-15 16:47:49.149,Pavel,right,64.200,3852,,,,,,,0.2362,-1.2960,6.3997,4.6378,4.6378,13.1351
2026-06-15 16:47:49.180,Pavel,right,64.233,3854,,,,,,,0.2849,-1.4121,6.3986,4.5354,4.5354,12.9028
2026-06-15 16:47:49.210,Pavel,right,64.267,3856,,,,,,,0.3041,-1.5093,6.3841,4.5006,4.5006,12.8085
2026-06-15 16:47:49.241,Pavel,right,64.300,3858,,,,,,,0.3283,-1.6134,6.3795,4.5157,4.5157,12.8624
2026-06-15 16:47:49.271,Pavel,right,64.317,3859,,,,,,,0.3540,-1.6631,6.3765,4.5143,4.5143,12.8538
2026-06-15 16:47:49.302,Pavel,right,64.350,3861,,,,,,,0.3783,-1.7112,6.3692,4.4929,4.4929,12.6512
2026-06-15 16:47:49.332,Pavel,right,64.383,3863,,,,,,,0.4273,-1.8232,6.3566,4.4747,4.4747,12.6063
2026-06-15 16:47:49.363,Pavel,right,64.417,3865,,,,,,,0.4738,-1.9228,6.3585,4.4678,4.4678,12.6176
2026-06-15 16:47:49.395,Pavel,right,64.450,3867,,,,,,,0.4795,-2.0216,6.3768,4.5344,4.5344,12.9301
2026-06-15 16:47:49.425,Pavel,right,64.483,3869,,,,,,,0.5036,-2.1135,6.3873,4.5657,4.5657,13.1659
2026-06-15 16:47:49.456,Pavel,right,64.517,3871,,,,,,,0.4899,-2.1685,6.3713,4.5770,4.5770,13.2272
2026-06-15 16:47:49.487,Pavel,right,64.533,3872,,,,,,,0.4343,-2.1779,6.3436,4.5111,4.5111,13.0740
2026-06-15 16:47:49.517,Pavel,right,64.567,3874,,,,,,,0.4035,-2.1743,6.3350,4.5308,4.5308,13.1292
2026-06-15 16:47:49.547,Pavel,right,64.617,3877,,,,,,,0.4059,-2.1869,6.3162,4.5303,4.5303,12.9691
2026-06-15 16:47:49.578,Pavel,right,64.650,3879,,,,,,,0.4034,-2.1893,6.3168,4.5429,4.5429,12.9745
2026-06-15 16:47:49.609,Pavel,right,64.683,3881,,,,,,,0.4014,-2.2158,6.3334,4.5476,4.5476,13.0758
2026-06-15 16:47:49.640,Pavel,right,64.717,3883,,,,,,,0.4003,-2.2227,6.3531,4.5573,4.5573,13.0699
2026-06-15 16:47:49.670,Pavel,right,64.733,3884,,,,,,,0.3847,-2.2351,6.3571,4.5582,4.5582,13.1768
2026-06-15 16:47:49.701,Pavel,right,64.767,3886,,,,,,,0.3853,-2.2367,6.3527,4.5731,4.5731,13.2736
2026-06-15 16:47:49.731,Pavel,right,64.800,3888,,,,,,,0.3897,-2.2524,6.3412,4.6076,4.6076,13.5743
2026-06-15 16:47:49.762,Pavel,right,64.833,3890,,,,,,,0.3947,-2.2523,6.3413,4.6082,4.6082,13.5903
2026-06-15 16:47:49.792,Pavel,right,64.867,3892,,,,,,,0.4318,-2.2661,6.3403,4.5998,4.5998,13.5487
2026-06-15 16:47:49.824,Pavel,right,64.900,3894,,,,,,,0.4603,-2.2852,6.3358,4.5951,4.5951,13.4625
2026-06-15 16:47:49.854,Pavel,right,64.917,3895,,,,,,,0.4696,-2.2863,6.3304,4.6020,4.6020,13.5173
2026-06-15 16:47:49.885,Pavel,right,64.950,3897,,,,,,,0.4742,-2.2863,6.3275,4.6112,4.6112,13.5284
2026-06-15 16:47:49.916,Pavel,right,64.983,3899,,,,,,,0.4693,-2.2653,6.3219,4.6377,4.6377,13.6157
2026-06-15 16:47:49.946,Pavel,right,65.017,3901,,,,,,,0.4613,-2.2526,6.3246,4.6522,4.6522,13.6592
2026-06-15 16:47:49.977,Pavel,right,65.050,3903,,,,,,,0.4449,-2.1933,6.3356,4.6937,4.6937,13.6138
2026-06-15 16:47:50.008,Pavel,right,65.083,3905,,,,,,,0.4309,-2.1487,6.3420,4.6898,4.6898,13.6602
2026-06-15 16:47:50.038,Pavel,right,65.117,3907,,,,,,,0.4093,-2.0812,6.3485,4.6800,4.6800,13.8191
2026-06-15 16:47:50.069,Pavel,right,65.133,3908,,,,,,,0.4026,-2.0148,6.3472,4.7017,4.7017,13.9119
2026-06-15 16:47:50.100,Pavel,right,65.167,3910,,,,,,,0.3999,-1.9436,6.3433,4.6873,4.6873,13.9868
2026-06-15 16:47:50.130,Pavel,right,65.200,3912,,,,,,,0.3945,-1.8658,6.3422,4.6654,4.6654,13.8506
2026-06-15 16:47:50.161,Pavel,right,65.233,3914,,,,,,,0.2967,-1.7277,6.3472,4.6475,4.6475,13.5642
2026-06-15 16:47:50.192,Pavel,right,65.267,3916,,,,,,,0.2132,-1.5980,6.3612,4.6360,4.6360,13.4036
2026-06-15 16:47:50.223,Pavel,right,65.300,3918,,,,,,,0.1639,-1.5285,6.3706,4.6875,4.6875,13.4570
2026-06-15 16:47:50.253,Pavel,right,65.317,3919,,,,,,,0.1130,-1.4378,6.3839,4.7304,4.7304,13.5503
2026-06-15 16:47:50.284,Pavel,right,65.350,3921,,,,,,,0.0763,-1.3512,6.3780,4.7344,4.7344,13.5043
2026-06-15 16:47:50.314,Pavel,right,65.383,3923,,,,,,,0.0424,-1.2437,6.3803,4.6910,4.6910,13.3427
2026-06-15 16:47:50.345,Pavel,right,65.417,3925,,,,,,,0.0064,-1.1881,6.3892,4.7143,4.7143,13.2693
2026-06-15 16:47:50.376,Pavel,right,65.450,3927,,,,,,,-0.0318,-1.0652,6.4054,4.7010,4.7010,13.1765
2026-06-15 16:47:50.407,Pavel,right,65.483,3929,,,,,,,-0.0413,-0.9416,6.4375,4.5561,4.5561,13.1630
2026-06-15 16:47:50.437,Pavel,right,65.500,3930,,,,,,,-0.0737,-0.8901,6.4516,4.5947,4.5947,13.0352
2026-06-15 16:47:50.467,Pavel,right,65.533,3932,,,,,,,-0.1025,-0.7508,6.4809,4.5480,4.5480,12.9776
2026-06-15 16:47:50.498,Pavel,right,65.567,3934,,,,,,,-0.1146,-0.7057,6.4869,4.5129,4.5129,12.8400
2026-06-15 16:47:50.529,Pavel,right,65.600,3936,,,,,,,-0.1557,-0.6343,6.5120,4.5042,4.5042,12.9190
2026-06-15 16:47:50.559,Pavel,right,65.633,3938,,,,,,,-0.2014,-0.5886,6.5407,4.5045,4.5045,12.9187
2026-06-15 16:47:50.590,Pavel,right,65.667,3940,,,,,,,-0.2075,-0.5691,6.5458,4.4518,4.4518,12.7899
2026-06-15 16:47:50.620,Pavel,right,65.683,3941,,,,,,,-0.2635,-0.5448,6.5486,4.4978,4.4978,12.8241
2026-06-15 16:47:50.651,Pavel,right,65.717,3943,,,,,,,-0.3022,-0.4822,6.5419,4.4672,4.4672,12.6940
2026-06-15 16:47:50.682,Pavel,right,65.750,3945,,,,,,,-0.3096,-0.4553,6.5375,4.4531,4.4531,12.6602
2026-06-15 16:47:50.712,Pavel,right,65.783,3947,,,,,,,-0.3287,-0.4003,6.5319,4.5048,4.5048,12.7160
2026-06-15 16:47:50.743,Pavel,right,65.817,3949,,,,,,,-0.3203,-0.3040,6.5112,4.4937,4.4937,12.5359
2026-06-15 16:47:50.773,Pavel,right,65.850,3951,,,,,,,-0.3202,-0.2594,6.5061,4.4641,4.4641,12.4258
2026-06-15 16:47:50.804,Pavel,right,65.867,3952,,,,,,,-0.3315,-0.2097,6.5068,4.4341,4.4341,12.3318
2026-06-15 16:47:50.834,Pavel,right,65.900,3954,,,,,,,-0.4141,-0.1743,6.4917,4.5120,4.5120,12.5115
2026-06-15 16:47:50.865,Pavel,right,65.933,3956,,,,,,,-0.4713,-0.1306,6.4825,4.5255,4.5255,12.4866
2026-06-15 16:47:50.896,Pavel,right,65.967,3958,,,,,,,-0.5194,-0.1198,6.4805,4.5301,4.5301,12.3494
2026-06-15 16:47:50.927,Pavel,right,66.000,3960,,,,,,,-0.5295,-0.0974,6.4917,4.5062,4.5062,12.3834
2026-06-15 16:47:50.958,Pavel,right,66.033,3962,,,,,,,-0.5411,-0.0773,6.5011,4.4689,4.4689,12.2696
2026-06-15 16:47:50.988,Pavel,right,66.067,3964,,,,,,,-0.5669,-0.0715,6.5074,4.4257,4.4257,12.2271
2026-06-15 16:47:51.019,Pavel,right,66.083,3965,,,,,,,-0.5999,-0.0829,6.5148,4.4364,4.4364,12.2884
2026-06-15 16:47:51.049,Pavel,right,66.117,3967,,,,,,,-0.6455,-0.1036,6.5004,4.4676,4.4676,12.1829
2026-06-15 16:47:51.079,Pavel,right,66.150,3969,,,,,,,-0.7155,-0.1368,6.5008,4.4950,4.4950,12.0692
2026-06-15 16:47:51.110,Pavel,right,66.183,3971,,,,,,,-0.7423,-0.1616,6.4782,4.4688,4.4688,11.8832
2026-06-15 16:47:51.140,Pavel,right,66.217,3973,,,,,,,-0.7744,-0.1952,6.4731,4.4818,4.4818,12.0072
2026-06-15 16:47:51.171,Pavel,right,66.233,3974,,,,,,,-0.7733,-0.1047,6.4229,4.2509,4.2509,11.6635
2026-06-15 16:47:51.202,Pavel,right,66.267,3976,,,,,,,-0.0862,0.0000,4.7937,0.0000,0.0000,0.0000
2026-06-15 16:47:51.232,Pavel,right,66.300,3978,,,,,,,-0.0862,0.0000,4.7937,0.0000,0.0000,0.0000
2026-06-15 16:47:51.263,Pavel,right,66.333,3980,,,,,,,5.7055,0.0244,9.7069,1.3078,1.3078,2.4662
2026-06-15 16:47:51.294,Pavel,right,66.367,3982,,,,,,,5.7517,-0.6753,11.4175,1.6175,1.6175,4.1927
2026-06-15 16:47:51.324,Pavel,right,66.400,3984,,,,,,,5.2751,-0.7216,11.9955,1.7773,1.7773,4.8517
2026-06-15 16:47:51.355,Pavel,right,66.417,3985,,,,,,,1.7778,-0.7558,10.9133,3.2699,3.2699,6.8379
2026-06-15 16:47:51.385,Pavel,right,66.450,3987,,,,,,,0.2014,-0.7827,9.3346,3.9402,3.9402,8.7242
2026-06-15 16:47:51.416,Pavel,right,66.483,3989,,,,,,,-0.2272,-0.8080,8.6812,4.1143,4.1143,9.4689
2026-06-15 16:47:51.446,Pavel,right,66.517,3991,,,,,,,-0.7006,-0.8606,7.7334,4.2793,4.2793,10.3975
2026-06-15 16:47:51.477,Pavel,right,66.550,3993,,,,,,,-0.8232,-0.8837,7.4123,4.2897,4.2897,10.6814
2026-06-15 16:47:51.507,Pavel,right,66.583,3995,,,,,,,-1.0171,-0.9479,7.0041,4.3682,4.3682,11.1813
2026-06-15 16:47:51.538,Pavel,right,66.600,3996,,,,,,,-1.1336,-1.0299,6.7947,4.4361,4.4361,11.4903
2026-06-15 16:47:51.568,Pavel,right,66.633,3998,,,,,,,-1.1735,-1.1000,6.6844,4.4396,4.4396,11.6209
2026-06-15 16:47:51.599,Pavel,right,66.667,4000,,,,,,,-1.2079,-1.1573,6.6457,4.3998,4.3998,11.3587
2026-06-15 16:47:51.629,Pavel,right,66.700,4002,,,,,,,-1.2358,-1.2086,6.6360,4.4361,4.4361,11.4155
2026-06-15 16:47:51.660,Pavel,right,66.733,4004,,,,,,,-1.2403,-1.2689,6.6222,4.3862,4.3862,11.3803
2026-06-15 16:47:51.691,Pavel,right,66.767,4006,,,,,,,-1.1802,-1.3531,6.6215,4.3455,4.3455,11.4397
2026-06-15 16:47:51.722,Pavel,right,66.800,4008,,,,,,,-1.0176,-1.4258,6.6139,4.4146,4.4146,11.5740
2026-06-15 16:47:51.753,Pavel,right,66.817,4009,,,,,,,-0.8354,-1.5093,6.6054,4.4831,4.4831,11.9694
2026-06-15 16:47:51.783,Pavel,right,66.850,4011,,,,,,,-0.7725,-1.5315,6.5954,4.4988,4.4988,12.0837
2026-06-15 16:47:51.813,Pavel,right,66.883,4013,,,,,,,-0.7067,-1.5511,6.5548,4.4385,4.4385,12.1416
2026-06-15 16:47:51.844,Pavel,right,66.917,4015,,,,,,,-0.6634,-1.5429,6.5227,4.4097,4.4097,12.2799
2026-06-15 16:47:51.874,Pavel,right,66.950,4017,,,,,,,-0.6257,-1.5178,6.5074,4.4201,4.4201,12.2723
2026-06-15 16:47:51.905,Pavel,right,66.983,4019,,,,,,,-0.6301,-1.4682,6.5110,4.4787,4.4787,12.5026
2026-06-15 16:47:51.935,Pavel,right,67.000,4020,,,,,,,-0.6215,-1.4239,6.5127,4.5029,4.5029,12.5874
2026-06-15 16:47:51.966,Pavel,right,67.033,4022,,,,,,,-0.6129,-1.4127,6.5179,4.5171,4.5171,12.5790
2026-06-15 16:47:51.997,Pavel,right,67.067,4024,,,,,,,-0.5950,-1.4133,6.5431,4.4700,4.4700,12.5331
2026-06-15 16:47:52.028,Pavel,right,67.100,4026,,,,,,,-0.5788,-1.4238,6.5576,4.4281,4.4281,12.4405
2026-06-15 16:47:52.058,Pavel,right,67.133,4028,,,,,,,-0.5752,-1.4279,6.5584,4.4135,4.4135,12.4517
2026-06-15 16:47:52.089,Pavel,right,67.167,4030,,,,,,,-0.5809,-1.4390,6.5531,4.4143,4.4143,12.4339
2026-06-15 16:47:52.119,Pavel,right,67.183,4031,,,,,,,-0.5800,-1.4415,6.5371,4.4011,4.4011,12.3640
