timestamp,username,active_eye,playback_time_s,video_frame,left_x,left_y,left_z,left_w_mm,left_h_mm,left_area_mm2,right_x,right_y,right_z,right_w_mm,right_h_mm,right_area_mm2
2026-06-15 16:31:16.232,Chong,right,0.033,2,,,,,,,1.3059,-0.3156,8.5617,4.7167,4.7167,13.0532
2026-06-15 16:31:16.263,Chong,right,0.033,2,,,,,,,1.3027,-0.3841,8.5594,4.7119,4.7119,13.0092
2026-06-15 16:31:16.293,Chong,right,0.033,2,,,,,,,1.3240,-0.4629,8.5496,4.7053,4.7053,12.9245
2026-06-15 16:31:16.324,Chong,right,0.033,2,,,,,,,1.3363,-0.4952,8.5403,4.7377,4.7377,12.9828
2026-06-15 16:31:16.355,Chong,right,0.033,2,,,,,,,1.3613,-0.5332,8.5259,4.7828,4.7828,13.1664
2026-06-15 16:31:16.386,Chong,right,0.033,2,,,,,,,1.4231,-0.5191,8.5290,4.7065,4.7065,13.3067
2026-06-15 16:31:16.416,Chong,right,0.033,2,,,,,,,1.4737,-0.4135,8.5228,4.6851,4.6851,13.0851
2026-06-15 16:31:16.447,Chong,right,0.033,2,,,,,,,1.5140,-0.3369,8.5224,4.6504,4.6504,13.1120
2026-06-15 16:31:16.477,Chong,right,0.033,2,,,,,,,1.6364,-0.2275,8.4967,4.7322,4.7322,13.3673
2026-06-15 16:31:16.508,Chong,right,0.033,2,,,,,,,1.8226,-0.0750,8.4617,4.7130,4.7130,13.4119
2026-06-15 16:31:16.538,Chong,right,0.017,1,,,,,,,1.8743,0.0035,8.4171,4.7176,4.7176,13.4299
2026-06-15 16:31:16.568,Chong,right,0.050,3,,,,,,,1.9675,0.1553,8.3530,4.7035,4.7035,13.4126
2026-06-15 16:31:16.599,Chong,right,0.083,5,,,,,,,1.9647,0.3109,8.2874,4.6532,4.6532,13.3201
2026-06-15 16:31:16.630,Chong,right,0.100,6,,,,,,,1.8816,0.4268,8.2468,4.6657,4.6657,13.0174
2026-06-15 16:31:16.660,Chong,right,0.133,8,,,,,,,1.7515,0.5012,8.2258,4.6112,4.6112,12.7823
2026-06-15 16:31:16.691,Chong,right,0.167,10,,,,,,,1.6826,0.5213,8.2281,4.5880,4.5880,12.6077
2026-06-15 16:31:16.722,Chong,right,0.200,12,,,,,,,1.6235,0.4341,8.2561,4.5174,4.5174,12.1601
2026-06-15 16:31:16.752,Chong,right,0.233,14,,,,,,,1.6902,0.2430,8.2823,4.4735,4.4735,11.8463
2026-06-15 16:31:16.783,Chong,right,0.250,15,,,,,,,1.7595,-0.0005,8.3041,4.4815,4.4815,11.7063
2026-06-15 16:31:16.814,Chong,right,0.283,17,,,,,,,1.6849,-0.1727,8.3643,4.4061,4.4061,11.4134
2026-06-15 16:31:16.844,Chong,right,0.317,19,,,,,,,1.6201,-0.2532,8.4077,4.3862,4.3862,11.2845
2026-06-15 16:31:16.875,Chong,right,0.350,21,,,,,,,1.5310,-0.3832,8.4872,4.3932,4.3932,11.1767
2026-06-15 16:31:16.905,Chong,right,0.383,23,,,,,,,1.2121,-0.4256,8.5123,4.3383,4.3383,10.6705
2026-06-15 16:31:16.936,Chong,right,0.417,25,,,,,,,0.8822,-0.4096,8.4945,4.3114,4.3114,10.2564
2026-06-15 16:31:16.966,Chong,right,0.450,27,,,,,,,0.8016,-0.4079,8.4794,4.2996,4.2996,10.1145
2026-06-15 16:31:16.997,Chong,right,0.467,28,,,,,,,0.7254,-0.3391,8.4528,4.3059,4.3059,10.0064
2026-06-15 16:31:17.027,Chong,right,0.500,30,,,,,,,0.6996,-0.3195,8.4467,4.3200,4.3200,9.9717
2026-06-15 16:31:17.058,Chong,right,0.533,32,,,,,,,0.7229,-0.2960,8.3947,4.2858,4.2858,9.9267
2026-06-15 16:31:17.088,Chong,right,0.567,34,,,,,,,0.7244,-0.3375,8.3434,4.3632,4.3632,10.2387
2026-06-15 16:31:17.119,Chong,right,0.600,36,,,,,,,0.7345,-0.3320,8.3215,4.4394,4.4394,10.6167
2026-06-15 16:31:17.149,Chong,right,0.617,37,,,,,,,0.7454,-0.3581,8.3055,4.4970,4.4970,10.9367
2026-06-15 16:31:17.180,Chong,right,0.650,39,,,,,,,0.7710,-0.3716,8.2963,4.5277,4.5277,11.0146
2026-06-15 16:31:17.210,Chong,right,0.683,41,,,,,,,0.7470,-0.3605,8.2887,4.5652,4.5652,11.1932
2026-06-15 16:31:17.241,Chong,right,0.717,43,,,,,,,0.7058,-0.3534,8.3031,4.6163,4.6163,11.3480
2026-06-15 16:31:17.272,Chong,right,0.750,45,,,,,,,0.7238,-0.3435,8.3197,4.5848,4.5848,11.4440
2026-06-15 16:31:17.302,Chong,right,0.783,47,,,,,,,0.7654,-0.3269,8.3092,4.5547,4.5547,11.3335
2026-06-15 16:31:17.333,Chong,right,0.817,49,,,,,,,0.8331,-0.3106,8.2818,4.6325,4.6325,11.6869
2026-06-15 16:31:17.363,Chong,right,0.833,50,,,,,,,0.9220,-0.3137,8.2423,4.6043,4.6043,11.8446
2026-06-15 16:31:17.394,Chong,right,0.867,52,,,,,,,0.9979,-0.2932,8.1860,4.5873,4.5873,11.9091
2026-06-15 16:31:17.424,Chong,right,0.900,54,,,,,,,1.0207,-0.2789,8.1617,4.6060,4.6060,12.0477
2026-06-15 16:31:17.455,Chong,right,0.933,56,,,,,,,1.0872,-0.2406,8.1354,4.5934,4.5934,12.2298
2026-06-15 16:31:17.485,Chong,right,0.967,58,,,,,,,1.0919,-0.1894,8.1442,4.6548,4.6548,12.4626
2026-06-15 16:31:17.516,Chong,right,1.000,60,,,,,,,1.0809,-0.1286,8.1692,4.6510,4.6510,12.4682
2026-06-15 16:31:17.547,Chong,right,1.017,61,,,,,,,1.0667,-0.1005,8.1717,4.6872,4.6872,12.5069
2026-06-15 16:31:17.577,Chong,right,1.050,63,,,,,,,1.0717,-0.1070,8.1436,4.7030,4.7030,12.6513
2026-06-15 16:31:17.608,Chong,right,1.083,65,,,,,,,1.0778,-0.1043,8.1175,4.7194,4.7194,12.7166
2026-06-15 16:31:17.638,Chong,right,1.117,67,,,,,,,1.1152,-0.0658,8.0794,4.7689,4.7689,12.8910
2026-06-15 16:31:17.669,Chong,right,1.150,69,,,,,,,1.1426,-0.0589,8.0783,4.7735,4.7735,13.0150
2026-06-15 16:31:17.700,Chong,right,1.183,71,,,,,,,1.1846,-0.0618,8.0926,4.6916,4.6916,12.9951
2026-06-15 16:31:17.731,Chong,right,1.200,72,,,,,,,1.1933,-0.0523,8.0890,4.6565,4.6565,12.7311
2026-06-15 16:31:17.761,Chong,right,1.233,74,,,,,,,1.2135,-0.0905,8.0829,4.6138,4.6138,12.5785
2026-06-15 16:31:17.793,Chong,right,1.267,76,,,,,,,1.2199,-0.1786,8.0606,4.7289,4.7289,12.6435
2026-06-15 16:31:17.824,Chong,right,1.300,78,,,,,,,1.2414,-0.1754,8.0172,4.7397,4.7397,12.7256
2026-06-15 16:31:17.854,Chong,right,1.333,80,,,,,,,1.2592,-0.1432,7.9813,4.7340,4.7340,12.7787
2026-06-15 16:31:17.884,Chong,right,1.367,82,,,,,,,1.2342,-0.1640,7.9630,4.7314,4.7314,12.7293
2026-06-15 16:31:17.915,Chong,right,1.383,83,,,,,,,1.1985,-0.2757,7.9654,4.7068,4.7068,12.8030
2026-06-15 16:31:17.945,Chong,right,1.417,85,,,,,,,0.9221,-0.3167,7.9879,4.7354,4.7354,12.8017
2026-06-15 16:31:17.976,Chong,right,1.450,87,,,,,,,0.7095,-0.3106,7.9954,4.8079,4.8079,12.6029
2026-06-15 16:31:18.006,Chong,right,1.483,89,,,,,,,0.5525,-0.3264,8.0001,4.8436,4.8436,12.4854
2026-06-15 16:31:18.037,Chong,right,1.517,91,,,,,,,0.5525,-0.3264,8.0001,4.8436,4.8436,12.4854
2026-06-15 16:31:18.068,Chong,right,1.550,93,,,,,,,0.4242,-0.3756,8.0055,4.8891,4.8891,12.4432
2026-06-15 16:31:18.098,Chong,right,1.567,94,,,,,,,0.3615,-0.4240,7.9984,4.9353,4.9353,12.3135
2026-06-15 16:31:18.129,Chong,right,1.600,96,,,,,,,0.3473,-0.4652,7.9949,4.9330,4.9330,12.2839
2026-06-15 16:31:18.159,Chong,right,1.633,98,,,,,,,0.3021,-0.5584,8.0241,4.9581,4.9581,12.3415
2026-06-15 16:31:18.190,Chong,right,1.667,100,,,,,,,0.2772,-0.6043,8.0409,4.9350,4.9350,12.2491
2026-06-15 16:31:18.221,Chong,right,1.700,102,,,,,,,0.2010,-0.6613,8.0533,4.9302,4.9302,12.1840
2026-06-15 16:31:18.252,Chong,right,1.733,104,,,,,,,0.1788,-0.6563,8.0518,4.8546,4.8546,12.0655
2026-06-15 16:31:18.283,Chong,right,1.750,105,,,,,,,0.1861,-0.6473,8.0429,4.8421,4.8421,12.0449
2026-06-15 16:31:18.314,Chong,right,1.783,107,,,,,,,0.3466,-0.6339,8.0342,4.8427,4.8427,12.1416
2026-06-15 16:31:18.344,Chong,right,1.817,109,,,,,,,0.6331,-0.5938,7.9991,4.7953,4.7953,12.3779
2026-06-15 16:31:18.375,Chong,right,1.850,111,,,,,,,0.8852,-0.5742,7.9690,4.7770,4.7770,12.6895
2026-06-15 16:31:18.405,Chong,right,1.883,113,,,,,,,1.0995,-0.6102,7.9337,4.7497,4.7497,12.9663
2026-06-15 16:31:18.436,Chong,right,1.917,115,,,,,,,1.2936,-0.6847,7.9046,4.7718,4.7718,13.2474
2026-06-15 16:31:18.467,Chong,right,1.950,117,,,,,,,1.4283,-0.7299,7.8970,4.7663,4.7663,13.2059
2026-06-15 16:31:18.497,Chong,right,1.967,118,,,,,,,1.6179,-0.8236,7.8864,4.7427,4.7427,13.2246
2026-06-15 16:31:18.527,Chong,right,2.000,120,,,,,,,1.8144,-0.8499,7.8945,4.6954,4.6954,13.4417
2026-06-15 16:31:18.558,Chong,right,2.033,122,,,,,,,1.9943,-0.8601,7.9251,4.5896,4.5896,13.3921
2026-06-15 16:31:18.589,Chong,right,2.067,124,,,,,,,2.0850,-0.8868,7.9365,4.5667,4.5667,13.4797
2026-06-15 16:31:18.620,Chong,right,2.100,126,,,,,,,2.2512,-0.9586,7.9103,4.5039,4.5039,13.6986
2026-06-15 16:31:18.651,Chong,right,2.133,128,,,,,,,2.4155,-1.0089,7.8694,4.5366,4.5366,13.8182
2026-06-15 16:31:18.682,Chong,right,2.150,129,,,,,,,2.5553,-1.0344,7.8621,4.6611,4.6611,14.1527
2026-06-15 16:31:18.712,Chong,right,2.183,131,,,,,,,2.6316,-1.0521,7.8610,4.6980,4.6980,14.2362
2026-06-15 16:31:18.743,Chong,right,2.217,133,,,,,,,2.7695,-1.0433,7.8708,4.6789,4.6789,14.4885
2026-06-15 16:31:18.773,Chong,right,2.250,135,,,,,,,2.7210,-1.0210,7.8989,4.6833,4.6833,14.6001
2026-06-15 16:31:18.804,Chong,right,2.283,137,,,,,,,2.5866,-0.9993,7.9029,4.7228,4.7228,14.5070
2026-06-15 16:31:18.834,Chong,right,2.317,139,,,,,,,2.4944,-0.9157,7.9342,4.5678,4.5678,14.0899
2026-06-15 16:31:18.865,Chong,right,2.333,140,,,,,,,2.3601,-0.8813,7.9698,4.5701,4.5701,13.9046
2026-06-15 16:31:18.896,Chong,right,2.367,142,,,,,,,2.1917,-0.8794,8.0194,4.6206,4.6206,13.8154
2026-06-15 16:31:18.926,Chong,right,2.400,144,,,,,,,2.1264,-0.8574,8.0494,4.6048,4.6048,13.7338
2026-06-15 16:31:18.957,Chong,right,2.433,146,,,,,,,1.7342,-0.8606,8.1084,4.6980,4.6980,13.4110
2026-06-15 16:31:18.987,Chong,right,2.467,148,,,,,,,1.3993,-0.8617,8.1817,4.7737,4.7737,13.2490
2026-06-15 16:31:19.018,Chong,right,2.500,150,,,,,,,1.2109,-0.8739,8.2571,4.7987,4.7987,13.0378
2026-06-15 16:31:19.048,Chong,right,2.517,151,,,,,,,1.0640,-0.8993,8.2975,4.7212,4.7212,12.7466
2026-06-15 16:31:19.079,Chong,right,2.550,153,,,,,,,0.9955,-0.9157,8.3222,4.7288,4.7288,12.6873
2026-06-15 16:31:19.109,Chong,right,2.583,155,,,,,,,0.9000,-0.9513,8.3654,4.7040,4.7040,12.6705
2026-06-15 16:31:19.140,Chong,right,2.617,157,,,,,,,0.8226,-0.9598,8.4044,4.6450,4.6450,12.3555
2026-06-15 16:31:19.171,Chong,right,2.650,159,,,,,,,0.7323,-0.9762,8.4507,4.6749,4.6749,12.4022
2026-06-15 16:31:19.201,Chong,right,2.683,161,,,,,,,0.6857,-1.0351,8.4835,4.5910,4.5910,12.0672
2026-06-15 16:31:19.232,Chong,right,2.700,162,,,,,,,0.6614,-1.0546,8.5002,4.5790,4.5790,12.0776
2026-06-15 16:31:19.262,Chong,right,2.733,164,,,,,,,0.6748,-1.0649,8.5134,4.6080,4.6080,12.0285
2026-06-15 16:31:19.294,Chong,right,2.767,166,,,,,,,0.8363,-1.0490,8.5160,4.6253,4.6253,12.1987
2026-06-15 16:31:19.324,Chong,right,2.800,168,,,,,,,0.9089,-1.0376,8.5135,4.6170,4.6170,12.1148
2026-06-15 16:31:19.354,Chong,right,2.833,170,,,,,,,1.0054,-1.0109,8.5078,4.6154,4.6154,12.1782
2026-06-15 16:31:19.385,Chong,right,2.867,172,,,,,,,1.0668,-0.9413,8.4920,4.6828,4.6828,12.3595
2026-06-15 16:31:19.415,Chong,right,2.883,173,,,,,,,1.1410,-0.8986,8.4712,4.6793,4.6793,12.5833
2026-06-15 16:31:19.446,Chong,right,2.917,175,,,,,,,1.2140,-0.8580,8.4352,4.6595,4.6595,12.6817
2026-06-15 16:31:19.476,Chong,right,2.950,177,,,,,,,1.3074,-0.8520,8.3924,4.6199,4.6199,12.7226
2026-06-15 16:31:19.507,Chong,right,2.983,179,,,,,,,1.3530,-0.8558,8.3658,4.6069,4.6069,12.7670
2026-06-15 16:31:19.537,Chong,right,3.017,181,,,,,,,1.4316,-0.8415,8.3216,4.6694,4.6694,12.9604
2026-06-15 16:31:19.568,Chong,right,3.050,183,,,,,,,1.4761,-0.8165,8.2946,4.7513,4.7513,13.0753
2026-06-15 16:31:19.598,Chong,right,3.067,184,,,,,,,1.5119,-0.8117,8.2795,4.7211,4.7211,13.0701
2026-06-15 16:31:19.629,Chong,right,3.100,186,,,,,,,1.5724,-0.8427,8.2566,4.6705,4.6705,13.1776
2026-06-15 16:31:19.659,Chong,right,3.133,188,,,,,,,1.5806,-0.8356,8.2553,4.6516,4.6516,13.1870
2026-06-15 16:31:19.690,Chong,right,3.167,190,,,,,,,1.5996,-0.8325,8.2622,4.6523,4.6523,13.2533
2026-06-15 16:31:19.720,Chong,right,3.200,192,,,,,,,1.6454,-0.8421,8.2549,4.6156,4.6156,13.2224
2026-06-15 16:31:19.751,Chong,right,3.233,194,,,,,,,1.6740,-0.8069,8.2456,4.6316,4.6316,13.1937
2026-06-15 16:31:19.781,Chong,right,3.250,195,,,,,,,1.6882,-0.7812,8.2510,4.6427,4.6427,13.2270
2026-06-15 16:31:19.812,Chong,right,3.283,197,,,,,,,1.7209,-0.7402,8.2701,4.6420,4.6420,13.2604
2026-06-15 16:31:19.842,Chong,right,3.317,199,,,,,,,1.7803,-0.7158,8.2760,4.6416,4.6416,13.0723
2026-06-15 16:31:19.873,Chong,right,3.350,201,,,,,,,1.8062,-0.6965,8.2861,4.6418,4.6418,13.0542
2026-06-15 16:31:19.904,Chong,right,3.383,203,,,,,,,1.8128,-0.6869,8.2904,4.6445,4.6445,13.0127
2026-06-15 16:31:19.934,Chong,right,3.417,205,,,,,,,1.8272,-0.6848,8.2972,4.6234,4.6234,13.0363
2026-06-15 16:31:19.964,Chong,right,3.433,206,,,,,,,1.8204,-0.7128,8.3447,4.6577,4.6577,13.5129
2026-06-15 16:31:19.995,Chong,right,3.467,208,,,,,,,1.8403,-0.7085,8.3977,4.6620,4.6620,13.7184
2026-06-15 16:31:20.026,Chong,right,3.500,210,,,,,,,1.8270,-0.7174,8.4478,4.8103,4.8103,13.8791
2026-06-15 16:31:20.056,Chong,right,3.533,212,,,,,,,1.8276,-0.7001,8.4573,4.7627,4.7627,13.6780
2026-06-15 16:31:20.087,Chong,right,3.567,214,,,,,,,1.8265,-0.6911,8.4544,4.7125,4.7125,13.5662
2026-06-15 16:31:20.117,Chong,right,3.600,216,,,,,,,1.8028,-0.6973,8.4523,4.7184,4.7184,13.5613
2026-06-15 16:31:20.148,Chong,right,3.617,217,,,,,,,1.7874,-0.7278,8.4640,4.7420,4.7420,13.7390
2026-06-15 16:31:20.178,Chong,right,3.650,219,,,,,,,1.7810,-0.7760,8.4846,4.7368,4.7368,13.7485
2026-06-15 16:31:20.209,Chong,right,3.683,221,,,,,,,1.7746,-0.8212,8.4968,4.7990,4.7990,13.7991
2026-06-15 16:31:20.239,Chong,right,3.717,223,,,,,,,1.8060,-0.8269,8.5122,4.7713,4.7713,13.7603
2026-06-15 16:31:20.270,Chong,right,3.750,225,,,,,,,1.8352,-0.8472,8.5020,4.7635,4.7635,13.5702
2026-06-15 16:31:20.300,Chong,right,3.767,226,,,,,,,1.8614,-0.8559,8.4796,4.7063,4.7063,13.5436
2026-06-15 16:31:20.331,Chong,right,3.800,228,,,,,,,1.8923,-0.8390,8.4918,4.6858,4.6858,13.6689
2026-06-15 16:31:20.362,Chong,right,3.833,230,,,,,,,1.8835,-0.8148,8.5034,4.6536,4.6536,13.7328
2026-06-15 16:31:20.392,Chong,right,3.867,232,,,,,,,1.8699,-0.8035,8.5092,4.6699,4.6699,13.7981
2026-06-15 16:31:20.422,Chong,right,3.900,234,,,,,,,1.8599,-0.7914,8.5084,4.7117,4.7117,13.7997
2026-06-15 16:31:20.453,Chong,right,3.933,236,,,,,,,1.8538,-0.7764,8.5115,4.7528,4.7528,13.8470
2026-06-15 16:31:20.483,Chong,right,3.967,238,,,,,,,1.8541,-0.8018,8.5001,4.7776,4.7776,13.8188
2026-06-15 16:31:20.514,Chong,right,3.983,239,,,,,,,1.8425,-0.8281,8.4918,4.7866,4.7866,13.8545
2026-06-15 16:31:20.545,Chong,right,4.017,241,,,,,,,1.9065,-0.8349,8.5140,4.7186,4.7186,13.8480
2026-06-15 16:31:20.576,Chong,right,4.050,243,,,,,,,1.9297,-0.8386,8.5453,4.6844,4.6844,13.9045
2026-06-15 16:31:20.606,Chong,right,4.083,245,,,,,,,1.9200,-0.8575,8.5555,4.7077,4.7077,13.8919
2026-06-15 16:31:20.637,Chong,right,4.117,247,,,,,,,1.8943,-0.8873,8.5526,4.7289,4.7289,13.9213
2026-06-15 16:31:20.667,Chong,right,4.150,249,,,,,,,1.8745,-0.9012,8.5336,4.7881,4.7881,13.9707
2026-06-15 16:31:20.698,Chong,right,4.167,250,,,,,,,1.8650,-0.9097,8.5223,4.7977,4.7977,13.9152
2026-06-15 16:31:20.729,Chong,right,4.200,252,,,,,,,1.8551,-0.9222,8.5092,4.8161,4.8161,13.7836
2026-06-15 16:31:20.759,Chong,right,4.233,254,,,,,,,1.8487,-0.9102,8.5216,4.7679,4.7679,13.7022
2026-06-15 16:31:20.790,Chong,right,4.267,256,,,,,,,1.8080,-0.8977,8.5255,4.7377,4.7377,13.5728
2026-06-15 16:31:20.820,Chong,right,4.300,258,,,,,,,1.7998,-0.9010,8.5342,4.6806,4.6806,13.5131
2026-06-15 16:31:20.851,Chong,right,4.333,260,,,,,,,1.7420,-0.9237,8.5449,4.6687,4.6687,13.4301
2026-06-15 16:31:20.882,Chong,right,4.350,261,,,,,,,1.6734,-0.9401,8.5629,4.7140,4.7140,13.5641
2026-06-15 16:31:20.912,Chong,right,4.383,263,,,,,,,1.6118,-0.9575,8.5980,4.7576,4.7576,13.7020
2026-06-15 16:31:20.942,Chong,right,4.417,265,,,,,,,1.5919,-0.9567,8.6355,4.7409,4.7409,13.7210
2026-06-15 16:31:20.973,Chong,right,4.450,267,,,,,,,1.5537,-0.9509,8.6135,4.7316,4.7316,13.6734
2026-06-15 16:31:21.003,Chong,right,4.483,269,,,,,,,1.6160,-0.5106,8.5117,4.0598,4.0598,12.3085
2026-06-15 16:31:21.034,Chong,right,4.517,271,,,,,,,1.9212,-0.3675,4.7937,0.0000,0.0000,0.0000
2026-06-15 16:31:21.065,Chong,right,4.533,272,,,,,,,1.9212,-0.3675,4.7937,0.0000,0.0000,0.0000
2026-06-15 16:31:21.095,Chong,right,4.567,274,,,,,,,1.9212,-0.3675,4.7937,0.0000,0.0000,0.0000
2026-06-15 16:31:21.126,Chong,right,4.600,276,,,,,,,1.9212,-0.3675,4.7937,0.0000,0.0000,0.0000
2026-06-15 16:31:21.156,Chong,right,4.633,278,,,,,,,1.2214,-0.9273,8.3828,4.6130,4.6130,13.2290
2026-06-15 16:31:21.187,Chong,right,4.667,280,,,,,,,1.2006,-0.8993,8.4316,4.5772,4.5772,13.1529
2026-06-15 16:31:21.217,Chong,right,4.700,282,,,,,,,1.0807,-0.8694,8.5150,4.6994,4.6994,13.3084
2026-06-15 16:31:21.248,Chong,right,4.717,283,,,,,,,0.9899,-0.8296,8.5974,4.7786,4.7786,13.1790
2026-06-15 16:31:21.279,Chong,right,4.750,285,,,,,,,0.9500,-0.8169,8.6400,4.7881,4.7881,13.0742
2026-06-15 16:31:21.314,Chong,right,4.783,287,,,,,,,0.8902,-0.7971,8.7087,4.7795,4.7795,12.9145
2026-06-15 16:31:21.344,Chong,right,4.817,289,,,,,,,0.8567,-0.7347,8.7687,4.8224,4.8224,12.9837
2026-06-15 16:31:21.375,Chong,right,4.850,291,,,,,,,0.7708,-0.7201,8.8205,4.8369,4.8369,12.8569
2026-06-15 16:31:21.405,Chong,right,4.883,293,,,,,,,0.6412,-0.7095,8.8934,4.8545,4.8545,12.8462
2026-06-15 16:31:21.436,Chong,right,4.917,295,,,,,,,0.6001,-0.6970,8.9302,4.8429,4.8429,12.7864
2026-06-15 16:31:21.467,Chong,right,4.950,297,,,,,,,0.5093,-0.6728,8.9710,4.7968,4.7968,12.5961
2026-06-15 16:31:21.497,Chong,right,4.967,298,,,,,,,0.4414,-0.6739,8.9887,4.8037,4.8037,12.4101
2026-06-15 16:31:21.528,Chong,right,5.000,300,,,,,,,0.3644,-0.6745,9.0170,4.7839,4.7839,12.2842
2026-06-15 16:31:21.558,Chong,right,5.033,302,,,,,,,0.3430,-0.6711,9.0322,4.7771,4.7771,12.2057
2026-06-15 16:31:21.589,Chong,right,5.067,304,,,,,,,0.3076,-0.6732,9.0621,4.6937,4.6937,12.1180
2026-06-15 16:31:21.619,Chong,right,5.100,306,,,,,,,0.2794,-0.6574,9.0990,4.7140,4.7140,12.2332
2026-06-15 16:31:21.649,Chong,right,5.133,308,,,,,,,0.2787,-0.6366,9.1106,4.7155,4.7155,12.1676
2026-06-15 16:31:21.680,Chong,right,5.150,309,,,,,,,0.2576,-0.6157,9.1264,4.7926,4.7926,12.2341
2026-06-15 16:31:21.711,Chong,right,5.183,311,,,,,,,0.2522,-0.5987,9.1158,4.8163,4.8163,12.2187
2026-06-15 16:31:21.741,Chong,right,5.217,313,,,,,,,0.2503,-0.5914,9.1056,4.7829,4.7829,12.1872
2026-06-15 16:31:21.772,Chong,right,5.250,315,,,,,,,0.2490,-0.5841,9.0900,4.7820,4.7820,12.1275
2026-06-15 16:31:21.803,Chong,right,5.283,317,,,,,,,0.2531,-0.5962,9.0944,4.7554,4.7554,12.2415
2026-06-15 16:31:21.834,Chong,right,5.317,319,,,,,,,0.2271,-0.6053,9.1057,4.7760,4.7760,12.2805
2026-06-15 16:31:21.865,Chong,right,5.333,320,,,,,,,0.1875,-0.6221,9.1106,4.7684,4.7684,12.2312
2026-06-15 16:31:21.895,Chong,right,5.367,322,,,,,,,0.1566,-0.6670,9.1155,4.7855,4.7855,12.0099
2026-06-15 16:31:21.925,Chong,right,5.400,324,,,,,,,0.1318,-0.6893,9.1186,4.8175,4.8175,11.9753
2026-06-15 16:31:21.956,Chong,right,5.433,326,,,,,,,0.0708,-0.7151,9.1326,4.8814,4.8814,11.9803
2026-06-15 16:31:21.987,Chong,right,5.467,328,,,,,,,0.0399,-0.7212,9.1451,4.9339,4.9339,12.0470
2026-06-15 16:31:22.017,Chong,right,5.500,330,,,,,,,-0.0139,-0.7121,9.1813,4.9026,4.9026,11.9434
2026-06-15 16:31:22.048,Chong,right,5.517,331,,,,,,,-0.0278,-0.7120,9.1867,4.8900,4.8900,11.9125
2026-06-15 16:31:22.079,Chong,right,5.550,333,,,,,,,-0.0721,-0.7083,9.1917,4.8926,4.8926,11.8743
2026-06-15 16:31:22.110,Chong,right,5.583,335,,,,,,,-0.1680,-0.6856,9.1874,4.8859,4.8859,11.7431
2026-06-15 16:31:22.140,Chong,right,5.617,337,,,,,,,-0.2001,-0.6662,9.1787,4.8528,4.8528,11.7137
2026-06-15 16:31:22.171,Chong,right,5.650,339,,,,,,,-0.2181,-0.6575,9.1753,4.8583,4.8583,11.7712
2026-06-15 16:31:22.201,Chong,right,5.683,341,,,,,,,-0.2587,-0.6511,9.1677,4.8748,4.8748,11.7666
2026-06-15 16:31:22.232,Chong,right,5.700,342,,,,,,,-0.2716,-0.6499,9.1639,4.8572,4.8572,11.8003
2026-06-15 16:31:22.263,Chong,right,5.733,344,,,,,,,-0.2438,-0.6378,9.1595,4.7942,4.7942,11.6709
2026-06-15 16:31:22.293,Chong,right,5.767,346,,,,,,,-0.2313,-0.6559,9.1449,4.7843,4.7843,11.5258
2026-06-15 16:31:22.326,Chong,right,5.800,348,,,,,,,-0.2136,-0.6673,9.1361,4.7845,4.7845,11.5349
2026-06-15 16:31:22.356,Chong,right,5.833,350,,,,,,,-0.2131,-0.6707,9.1373,4.8091,4.8091,11.5722
2026-06-15 16:31:22.387,Chong,right,5.867,352,,,,,,,-0.2153,-0.6790,9.1482,4.8449,4.8449,11.6876
2026-06-15 16:31:22.417,Chong,right,5.900,354,,,,,,,-0.2420,-0.6840,9.1499,4.8861,4.8861,11.7548
2026-06-15 16:31:22.448,Chong,right,5.917,355,,,,,,,-0.2637,-0.6749,9.1402,4.8929,4.8929,11.7686
2026-06-15 16:31:22.478,Chong,right,5.950,357,,,,,,,-0.2587,-0.6725,9.1418,4.8716,4.8716,11.8423
2026-06-15 16:31:22.509,Chong,right,5.983,359,,,,,,,-0.2990,-0.6845,9.1418,4.8736,4.8736,11.7710
2026-06-15 16:31:22.539,Chong,right,6.017,361,,,,,,,-0.3294,-0.7064,9.1310,4.9560,4.9560,11.8678
2026-06-15 16:31:22.570,Chong,right,6.050,363,,,,,,,-0.3371,-0.6950,9.1218,4.9768,4.9768,11.9068
2026-06-15 16:31:22.601,Chong,right,6.083,365,,,,,,,-0.3346,-0.6765,9.1083,4.9871,4.9871,11.7785
2026-06-15 16:31:22.631,Chong,right,6.100,366,,,,,,,-0.3092,-0.6616,9.1074,4.9297,4.9297,11.7010
2026-06-15 16:31:22.662,Chong,right,6.133,368,,,,,,,-0.2802,-0.6317,9.1122,4.8507,4.8507,11.6298
2026-06-15 16:31:22.692,Chong,right,6.167,370,,,,,,,-0.2539,-0.6364,9.1198,4.8101,4.8101,11.5531
2026-06-15 16:31:22.723,Chong,right,6.200,372,,,,,,,-0.2526,-0.6602,9.1026,4.8340,4.8340,11.3710
2026-06-15 16:31:22.754,Chong,right,6.233,374,,,,,,,-0.2601,-0.6681,9.0698,4.9339,4.9339,11.6160
2026-06-15 16:31:22.785,Chong,right,6.267,376,,,,,,,-0.2652,-0.6723,9.0586,4.9719,4.9719,11.7276
2026-06-15 16:31:22.815,Chong,right,6.283,377,,,,,,,-0.3401,-0.6665,9.0396,5.0164,5.0164,11.8370
2026-06-15 16:31:22.845,Chong,right,6.317,379,,,,,,,-0.3299,-0.6673,9.0324,4.9668,4.9668,11.8374
2026-06-15 16:31:22.876,Chong,right,6.350,381,,,,,,,-0.3259,-0.6694,9.0209,4.9819,4.9819,11.8454
2026-06-15 16:31:22.907,Chong,right,6.383,383,,,,,,,-0.3256,-0.6526,9.0138,5.0040,5.0040,11.9126
2026-06-15 16:31:22.937,Chong,right,6.417,385,,,,,,,-0.3093,-0.6341,9.0127,4.9995,4.9995,11.8316
2026-06-15 16:31:22.968,Chong,right,6.450,387,,,,,,,-0.2983,-0.6534,9.0085,5.0125,5.0125,11.8733
2026-06-15 16:31:22.998,Chong,right,6.467,388,,,,,,,-0.2656,-0.6795,9.0094,5.0082,5.0082,12.0567
2026-06-15 16:31:23.029,Chong,right,6.500,390,,,,,,,-0.2156,-0.6961,9.0010,5.0556,5.0556,12.0803
2026-06-15 16:31:23.059,Chong,right,6.533,392,,,,,,,-0.2057,-0.7068,8.9873,5.0594,5.0594,12.0851
2026-06-15 16:31:23.090,Chong,right,6.567,394,,,,,,,-0.1705,-0.7278,8.9571,5.0493,5.0493,12.1069
2026-06-15 16:31:23.120,Chong,right,6.600,396,,,,,,,-0.1222,-0.7306,8.9457,5.0133,5.0133,12.2050
2026-06-15 16:31:23.150,Chong,right,6.633,398,,,,,,,-0.0963,-0.7143,8.9328,5.0183,5.0183,12.2734
2026-06-15 16:31:23.181,Chong,right,6.650,399,,,,,,,-0.0681,-0.7130,8.9225,4.9948,4.9948,12.2281
2026-06-15 16:31:23.211,Chong,right,6.683,401,,,,,,,0.0150,-0.7323,8.9002,4.9418,4.9418,12.3084
2026-06-15 16:31:23.242,Chong,right,6.717,403,,,,,,,0.0608,-0.7156,8.8836,4.8974,4.8974,12.2967
2026-06-15 16:31:23.272,Chong,right,6.750,405,,,,,,,0.1074,-0.7205,8.8672,5.0056,5.0056,12.4085
2026-06-15 16:31:23.303,Chong,right,6.783,407,,,,,,,0.1490,-0.7433,8.8382,5.0450,5.0450,12.4634
2026-06-15 16:31:23.334,Chong,right,6.817,409,,,,,,,0.1692,-0.7521,8.8293,5.0717,5.0717,12.5458
2026-06-15 16:31:23.364,Chong,right,6.833,410,,,,,,,0.2090,-0.7573,8.8224,5.0949,5.0949,12.6316
2026-06-15 16:31:23.395,Chong,right,6.867,412,,,,,,,0.2399,-0.7736,8.8222,5.1162,5.1162,12.7619
2026-06-15 16:31:23.425,Chong,right,6.900,414,,,,,,,0.3220,-0.8093,8.8236,4.9960,4.9960,12.5812
2026-06-15 16:31:23.456,Chong,right,6.933,416,,,,,,,0.3504,-0.8175,8.8228,4.9902,4.9902,12.5487
2026-06-15 16:31:23.487,Chong,right,6.967,418,,,,,,,0.3975,-0.8361,8.8093,5.0370,5.0370,12.4717
2026-06-15 16:31:23.517,Chong,right,7.000,420,,,,,,,0.4238,-0.8494,8.7983,5.0290,5.0290,12.4479
2026-06-15 16:31:23.548,Chong,right,7.017,421,,,,,,,0.4560,-0.8539,8.7846,5.0699,5.0699,12.6071
2026-06-15 16:31:23.578,Chong,right,7.050,423,,,,,,,0.4804,-0.8452,8.7829,5.0769,5.0769,12.6507
2026-06-15 16:31:23.608,Chong,right,7.083,425,,,,,,,0.4827,-0.8061,8.7861,4.9685,4.9685,12.7050
2026-06-15 16:31:23.639,Chong,right,7.117,427,,,,,,,0.4385,-0.7574,8.7820,4.9391,4.9391,12.6431
2026-06-15 16:31:23.670,Chong,right,7.150,429,,,,,,,0.4602,-0.7336,8.7850,4.8965,4.8965,12.6039
2026-06-15 16:31:23.700,Chong,right,7.183,431,,,,,,,0.4809,-0.7435,8.7871,4.9981,4.9981,12.6457
2026-06-15 16:31:23.731,Chong,right,7.200,432,,,,,,,0.5090,-0.7431,8.7868,5.0345,5.0345,12.6320
2026-06-15 16:31:23.762,Chong,right,7.233,434,,,,,,,0.5592,-0.7404,8.7791,5.0187,5.0187,12.5217
2026-06-15 16:31:23.792,Chong,right,7.267,436,,,,,,,0.5820,-0.7418,8.7754,5.0083,5.0083,12.5079
2026-06-15 16:31:23.822,Chong,right,7.300,438,,,,,,,0.6398,-0.7537,8.7546,5.0038,5.0038,12.5926
2026-06-15 16:31:23.853,Chong,right,7.333,440,,,,,,,0.9907,-0.4301,8.6763,4.2983,4.2983,11.4515
2026-06-15 16:31:23.884,Chong,right,7.367,442,,,,,,,1.9212,-0.3675,4.7937,0.0000,0.0000,0.0000
2026-06-15 16:31:23.914,Chong,right,7.383,443,,,,,,,1.9212,-0.3675,4.7937,0.0000,0.0000,0.0000
2026-06-15 16:31:23.945,Chong,right,7.433,446,,,,,,,5.8528,-2.6360,10.2428,1.6293,1.6293,5.0873
2026-06-15 16:31:23.975,Chong,right,7.467,448,,,,,,,5.4935,-1.0690,10.8974,2.0938,2.0938,7.1980
2026-06-15 16:31:24.006,Chong,right,7.500,450,,,,,,,3.1405,-0.9680,10.4729,3.5840,3.5840,9.4594
2026-06-15 16:31:24.036,Chong,right,7.533,452,,,,,,,2.5263,-0.9302,10.1055,4.0105,4.0105,10.3373
2026-06-15 16:31:24.067,Chong,right,7.567,454,,,,,,,1.8664,-0.8808,9.4544,4.5397,4.5397,11.7883
2026-06-15 16:31:24.098,Chong,right,7.583,455,,,,,,,1.6303,-0.8439,9.0390,4.7888,4.7888,12.7893
2026-06-15 16:31:24.128,Chong,right,7.617,457,,,,,,,1.5914,-0.8203,8.9070,4.8404,4.8404,13.0821
2026-06-15 16:31:24.158,Chong,right,7.650,459,,,,,,,1.5787,-0.7719,8.7214,4.8221,4.8221,13.1294
2026-06-15 16:31:24.189,Chong,right,7.683,461,,,,,,,1.6030,-0.7304,8.6139,4.8061,4.8061,13.1855
2026-06-15 16:31:24.220,Chong,right,7.717,463,,,,,,,1.6091,-0.7003,8.5831,4.7966,4.7966,13.2538
2026-06-15 16:31:24.250,Chong,right,7.750,465,,,,,,,1.5544,-0.6363,8.5338,4.8390,4.8390,13.2762
2026-06-15 16:31:24.281,Chong,right,7.750,465,,,,,,,1.5639,-0.6030,8.5004,4.8115,4.8115,13.2666
2026-06-15 16:31:24.312,Chong,right,7.783,467,,,,,,,1.5809,-0.6004,8.4895,4.8038,4.8038,13.2753
2026-06-15 16:31:24.343,Chong,right,7.817,469,,,,,,,1.6833,-0.5766,8.4648,4.7226,4.7226,13.3239
2026-06-15 16:31:24.374,Chong,right,7.850,471,,,,,,,1.7093,-0.5949,8.4602,4.7385,4.7385,13.4048
2026-06-15 16:31:24.405,Chong,right,7.883,473,,,,,,,1.7721,-0.6185,8.4559,4.7723,4.7723,13.4909
2026-06-15 16:31:24.435,Chong,right,7.917,475,,,,,,,1.8187,-0.6388,8.4450,4.8504,4.8504,13.6763
2026-06-15 16:31:24.466,Chong,right,7.950,477,,,,,,,1.8714,-0.6482,8.4324,4.8624,4.8624,13.7111
2026-06-15 16:31:24.496,Chong,right,7.967,478,,,,,,,1.9326,-0.6417,8.4232,4.8145,4.8145,13.6767
2026-06-15 16:31:24.527,Chong,right,8.000,480,,,,,,,1.9682,-0.6289,8.4240,4.7746,4.7746,13.5997
2026-06-15 16:31:24.557,Chong,right,8.033,482,,,,,,,1.9930,-0.6145,8.4288,4.7522,4.7522,13.5495
2026-06-15 16:31:24.588,Chong,right,8.067,484,,,,,,,2.0356,-0.6051,8.4410,4.7532,4.7532,13.5204
2026-06-15 16:31:24.619,Chong,right,8.100,486,,,,,,,2.0875,-0.6131,8.4572,4.8000,4.8000,13.7688
2026-06-15 16:31:24.649,Chong,right,8.133,488,,,,,,,2.1402,-0.6177,8.4550,4.8269,4.8269,13.7811
2026-06-15 16:31:24.680,Chong,right,8.150,489,,,,,,,2.1901,-0.6114,8.4272,4.7925,4.7925,13.7653
2026-06-15 16:31:24.711,Chong,right,8.183,491,,,,,,,2.2052,-0.6091,8.4094,4.7700,4.7700,13.6892
2026-06-15 16:31:24.741,Chong,right,8.217,493,,,,,,,2.2600,-0.6222,8.3751,4.6518,4.6518,13.3656
2026-06-15 16:31:24.772,Chong,right,8.250,495,,,,,,,2.3165,-0.6477,8.3522,4.6818,4.6818,13.4018
2026-06-15 16:31:24.803,Chong,right,8.283,497,,,,,,,2.3632,-0.6778,8.3491,4.6611,4.6611,13.5018
2026-06-15 16:31:24.834,Chong,right,8.317,499,,,,,,,2.3832,-0.7058,8.3505,4.6550,4.6550,13.4851
2026-06-15 16:31:24.864,Chong,right,8.333,500,,,,,,,2.4108,-0.7400,8.3514,4.6793,4.6793,13.4509
2026-06-15 16:31:24.895,Chong,right,8.367,502,,,,,,,2.4687,-0.7614,8.3357,4.6596,4.6596,13.3924
2026-06-15 16:31:24.926,Chong,right,8.400,504,,,,,,,2.5041,-0.7620,8.3152,4.6310,4.6310,13.3088
2026-06-15 16:31:24.956,Chong,right,8.433,506,,,,,,,2.5419,-0.7586,8.2963,4.6107,4.6107,13.2926
2026-06-15 16:31:24.987,Chong,right,8.467,508,,,,,,,2.5505,-0.7660,8.2805,4.5606,4.5606,13.2575
2026-06-15 16:31:25.017,Chong,right,8.500,510,,,,,,,2.5563,-0.7594,8.2709,4.6072,4.6072,13.3880
2026-06-15 16:31:25.048,Chong,right,8.517,511,,,,,,,2.5546,-0.7453,8.2778,4.6246,4.6246,13.4398
2026-06-15 16:31:25.078,Chong,right,8.550,513,,,,,,,2.5891,-0.7486,8.2836,4.5592,4.5592,13.3373
2026-06-15 16:31:25.110,Chong,right,8.583,515,,,,,,,2.6105,-0.7566,8.2768,4.5427,4.5427,13.1326
2026-06-15 16:31:25.140,Chong,right,8.617,517,,,,,,,2.6169,-0.7869,8.2694,4.5555,4.5555,13.1407
2026-06-15 16:31:25.171,Chong,right,8.650,519,,,,,,,2.6079,-0.7885,8.2728,4.5674,4.5674,13.1713
2026-06-15 16:31:25.202,Chong,right,8.683,521,,,,,,,2.5722,-0.8275,8.2874,4.6392,4.6392,13.2459
2026-06-15 16:31:25.232,Chong,right,8.700,522,,,,,,,2.5075,-0.8734,8.3224,4.6820,4.6820,13.3422
2026-06-15 16:31:25.263,Chong,right,8.733,524,,,,,,,2.4623,-0.8824,8.3445,4.7237,4.7237,13.4988
2026-06-15 16:31:25.293,Chong,right,8.767,526,,,,,,,2.3996,-0.9170,8.3820,4.7490,4.7490,13.5844
2026-06-15 16:31:25.323,Chong,right,8.800,528,,,,,,,2.3692,-0.9495,8.4105,4.7251,4.7251,13.5702
2026-06-15 16:31:25.359,Chong,right,8.833,530,,,,,,,2.3464,-0.9722,8.4296,4.7136,4.7136,13.5039
2026-06-15 16:31:25.389,Chong,right,8.867,532,,,,,,,2.3613,-0.9487,8.4633,4.6451,4.6451,13.4350
2026-06-15 16:31:25.420,Chong,right,8.900,534,,,,,,,2.3794,-0.9308,8.4864,4.5950,4.5950,13.3547
2026-06-15 16:31:25.450,Chong,right,8.933,536,,,,,,,2.3617,-0.9623,8.5074,4.6476,4.6476,13.2641
2026-06-15 16:31:25.481,Chong,right,8.950,537,,,,,,,2.3498,-0.9982,8.5178,4.6633,4.6633,13.1934
2026-06-15 16:31:25.512,Chong,right,8.983,539,,,,,,,2.3017,-1.0575,8.5394,4.6428,4.6428,13.0490
2026-06-15 16:31:25.542,Chong,right,9.017,541,,,,,,,2.2719,-1.0306,8.5358,4.5980,4.5980,13.0130
2026-06-15 16:31:25.573,Chong,right,9.050,543,,,,,,,2.2432,-0.9943,8.5283,4.6180,4.6180,12.9417
2026-06-15 16:31:25.603,Chong,right,9.083,545,,,,,,,2.2319,-0.9854,8.5219,4.6200,4.6200,12.9417
2026-06-15 16:31:25.633,Chong,right,9.117,547,,,,,,,2.2228,-0.9806,8.5172,4.6215,4.6215,12.9893
2026-06-15 16:31:25.664,Chong,right,9.133,548,,,,,,,2.1871,-0.9612,8.5069,4.6339,4.6339,12.8715
2026-06-15 16:31:25.694,Chong,right,9.167,550,,,,,,,2.1980,-0.9317,8.5091,4.5653,4.5653,12.8198
2026-06-15 16:31:25.725,Chong,right,9.200,552,,,,,,,2.1539,-0.9496,8.5194,4.5756,4.5756,12.8738
2026-06-15 16:31:25.755,Chong,right,9.233,554,,,,,,,2.1109,-1.0151,8.5481,4.6220,4.6220,12.8443
2026-06-15 16:31:25.786,Chong,right,9.267,556,,,,,,,2.0879,-1.0454,8.5637,4.6316,4.6316,12.8210
2026-06-15 16:31:25.816,Chong,right,9.300,558,,,,,,,2.0739,-1.1000,8.5912,4.6164,4.6164,12.8346
2026-06-15 16:31:25.847,Chong,right,9.317,559,,,,,,,2.0523,-1.1446,8.6129,4.6265,4.6265,12.8568
2026-06-15 16:31:25.877,Chong,right,9.350,561,,,,,,,2.0512,-1.1542,8.6485,4.6105,4.6105,12.8228
2026-06-15 16:31:25.908,Chong,right,9.383,563,,,,,,,2.0021,-1.1034,8.6651,4.6186,4.6186,12.9156
2026-06-15 16:31:25.939,Chong,right,9.417,565,,,,,,,1.9344,-1.0618,8.6576,4.6154,4.6154,12.9146
2026-06-15 16:31:25.969,Chong,right,9.450,567,,,,,,,1.9360,-1.0235,8.6551,4.5640,4.5640,12.7553
2026-06-15 16:31:26.000,Chong,right,9.483,569,,,,,,,1.8954,-0.9517,8.6376,4.5890,4.5890,12.6504
2026-06-15 16:31:26.030,Chong,right,9.500,570,,,,,,,1.8583,-0.9971,8.6257,4.6026,4.6026,12.6420
2026-06-15 16:31:26.061,Chong,right,9.533,572,,,,,,,1.8378,-1.0705,8.6443,4.6721,4.6721,12.9015
2026-06-15 16:31:26.091,Chong,right,9.567,574,,,,,,,1.8116,-1.0761,8.6532,4.6624,4.6624,12.9102
2026-06-15 16:31:26.122,Chong,right,9.600,576,,,,,,,1.7876,-1.0834,8.6812,4.6341,4.6341,12.8354
2026-06-15 16:31:26.152,Chong,right,9.633,578,,,,,,,1.7426,-1.1089,8.6891,4.6950,4.6950,12.8555
2026-06-15 16:31:26.183,Chong,right,9.667,580,,,,,,,1.6776,-1.1373,8.7009,4.6709,4.6709,12.8311
2026-06-15 16:31:26.214,Chong,right,9.683,581,,,,,,,1.6489,-1.1424,8.7057,4.6824,4.6824,12.7763
2026-06-15 16:31:26.245,Chong,right,9.717,583,,,,,,,1.5804,-1.1047,8.7158,4.7104,4.7104,12.5728
2026-06-15 16:31:26.275,Chong,right,9.750,585,,,,,,,1.5745,-1.1258,8.7162,4.7070,4.7070,12.6419
2026-06-15 16:31:26.305,Chong,right,9.783,587,,,,,,,1.5483,-1.1538,8.7112,4.6607,4.6607,12.6308
2026-06-15 16:31:26.336,Chong,right,9.817,589,,,,,,,1.5201,-1.1302,8.7051,4.6944,4.6944,12.7806
2026-06-15 16:31:26.368,Chong,right,9.850,591,,,,,,,1.4379,-1.0502,8.7107,4.7168,4.7168,12.9087
2026-06-15 16:31:26.399,Chong,right,9.867,592,,,,,,,1.3860,-1.0101,8.7239,4.7507,4.7507,12.9472
2026-06-15 16:31:26.429,Chong,right,9.900,594,,,,,,,1.3196,-0.9512,8.7377,4.7755,4.7755,12.8681
2026-06-15 16:31:26.460,Chong,right,9.933,596,,,,,,,1.2791,-0.9160,8.7535,4.7489,4.7489,12.5824
2026-06-15 16:31:26.490,Chong,right,9.967,598,,,,,,,1.2473,-0.8919,8.7647,4.7128,4.7128,12.4683
2026-06-15 16:31:26.521,Chong,right,10.000,600,,,,,,,1.2179,-0.8991,8.7703,4.7169,4.7169,12.4782
2026-06-15 16:31:26.552,Chong,right,10.033,602,,,,,,,1.1303,-0.9038,8.7923,4.6846,4.6846,12.4981
2026-06-15 16:31:26.582,Chong,right,10.067,604,,,,,,,1.0637,-0.9154,8.8197,4.6909,4.6909,12.4700
2026-06-15 16:31:26.613,Chong,right,10.083,605,,,,,,,0.9950,-0.9323,8.8473,4.7605,4.7605,12.5438
2026-06-15 16:31:26.643,Chong,right,10.117,607,,,,,,,0.9568,-0.9254,8.8544,4.7669,4.7669,12.4651
2026-06-15 16:31:26.673,Chong,right,10.150,609,,,,,,,0.8774,-0.8894,8.8646,4.7615,4.7615,12.4539
2026-06-15 16:31:26.704,Chong,right,10.183,611,,,,,,,0.8225,-0.8978,8.8792,4.7522,4.7522,12.4614
2026-06-15 16:31:26.734,Chong,right,10.217,613,,,,,,,0.7523,-0.9058,8.8810,4.7827,4.7827,12.4204
2026-06-15 16:31:26.765,Chong,right,10.233,614,,,,,,,0.6508,-0.9009,8.9024,4.8839,4.8839,12.6174
2026-06-15 16:31:26.795,Chong,right,10.267,616,,,,,,,0.6265,-0.8869,8.9069,4.8987,4.8987,12.5813
2026-06-15 16:31:26.826,Chong,right,10.300,618,,,,,,,0.5961,-0.8779,8.9021,4.9090,4.9090,12.5083
2026-06-15 16:31:26.856,Chong,right,10.333,620,,,,,,,0.5740,-0.8772,8.9060,4.9275,4.9275,12.5914
2026-06-15 16:31:26.887,Chong,right,10.367,622,,,,,,,0.5160,-0.8764,8.9190,4.9860,4.9860,12.5620
2026-06-15 16:31:26.917,Chong,right,10.400,624,,,,,,,0.4633,-0.8669,8.9128,4.9652,4.9652,12.4442
2026-06-15 16:31:26.948,Chong,right,10.417,625,,,,,,,0.4433,-0.8758,8.9019,4.9852,4.9852,12.4523
2026-06-15 16:31:26.979,Chong,right,10.450,627,,,,,,,0.4495,-0.8892,8.9010,4.9404,4.9404,12.3792
2026-06-15 16:31:27.009,Chong,right,10.483,629,,,,,,,0.4288,-0.8913,8.9033,4.9761,4.9761,12.4567
2026-06-15 16:31:27.040,Chong,right,10.517,631,,,,,,,0.3775,-0.9219,8.8959,5.0173,5.0173,12.3527
2026-06-15 16:31:27.070,Chong,right,10.550,633,,,,,,,0.3172,-0.9567,8.8914,5.0162,5.0162,12.2438
2026-06-15 16:31:27.101,Chong,right,10.583,635,,,,,,,0.2743,-0.9765,8.8958,5.0119,5.0119,12.2037
2026-06-15 16:31:27.131,Chong,right,10.600,636,,,,,,,0.1750,-0.9956,8.9158,5.0248,5.0248,12.2984
2026-06-15 16:31:27.162,Chong,right,10.633,638,,,,,,,0.0776,-1.0038,8.9554,5.0070,5.0070,12.1808
2026-06-15 16:31:27.193,Chong,right,10.667,640,,,,,,,-0.0086,-1.0294,8.9928,4.9955,4.9955,12.0485
2026-06-15 16:31:27.224,Chong,right,10.700,642,,,,,,,-0.0929,-1.0687,9.0246,5.0126,5.0126,11.9911
2026-06-15 16:31:27.254,Chong,right,10.733,644,,,,,,,-0.1177,-1.0859,9.0376,5.0222,5.0222,11.9556
2026-06-15 16:31:27.284,Chong,right,10.767,646,,,,,,,-0.1600,-1.1013,9.0556,5.0272,5.0272,11.9362
2026-06-15 16:31:27.315,Chong,right,10.783,647,,,,,,,-0.1694,-1.0905,9.0581,4.9999,4.9999,11.8682
2026-06-15 16:31:27.345,Chong,right,10.817,649,,,,,,,-0.1779,-1.0813,9.0436,4.9870,4.9870,11.7241
2026-06-15 16:31:27.377,Chong,right,10.850,651,,,,,,,-0.1851,-1.0423,9.0337,4.9604,4.9604,11.7020
2026-06-15 16:31:27.407,Chong,right,10.883,653,,,,,,,-0.1930,-1.0218,9.0324,4.9622,4.9622,11.7328
2026-06-15 16:31:27.437,Chong,right,10.917,655,,,,,,,-0.1971,-1.0131,9.0339,4.9520,4.9520,11.7134
2026-06-15 16:31:27.468,Chong,right,10.950,657,,,,,,,-0.1963,-0.9944,9.0338,4.9356,4.9356,11.6670
2026-06-15 16:31:27.498,Chong,right,10.967,658,,,,,,,-0.2046,-0.9856,9.0256,4.9461,4.9461,11.6307
2026-06-15 16:31:27.529,Chong,right,11.000,660,,,,,,,-0.2111,-0.9903,9.0057,4.9350,4.9350,11.5936
2026-06-15 16:31:27.559,Chong,right,11.033,662,,,,,,,-0.2018,-0.9802,8.9926,4.9214,4.9214,11.5580
2026-06-15 16:31:27.589,Chong,right,11.067,664,,,,,,,-0.2143,-0.9264,8.9870,4.9446,4.9446,11.6063
2026-06-15 16:31:27.620,Chong,right,11.100,666,,,,,,,-0.2188,-0.8732,8.9972,4.9495,4.9495,11.5547
2026-06-15 16:31:27.650,Chong,right,11.133,668,,,,,,,-0.2407,-0.8414,9.0024,4.9867,4.9867,11.6365
2026-06-15 16:31:27.681,Chong,right,11.150,669,,,,,,,-0.2747,-0.7860,9.0073,5.0003,5.0003,11.7249
2026-06-15 16:31:27.712,Chong,right,11.183,671,,,,,,,-0.2880,-0.7717,9.0042,5.0015,5.0015,11.7495
2026-06-15 16:31:27.742,Chong,right,11.217,673,,,,,,,-0.3032,-0.7511,8.9924,4.9975,4.9975,11.6460
2026-06-15 16:31:27.772,Chong,right,11.250,675,,,,,,,-0.3067,-0.7153,8.9845,4.9933,4.9933,11.5264
2026-06-15 16:31:27.803,Chong,right,11.283,677,,,,,,,-0.3235,-0.6852,8.9801,4.9970,4.9970,11.5523
2026-06-15 16:31:27.833,Chong,right,11.317,679,,,,,,,-0.3303,-0.6794,8.9787,5.0040,5.0040,11.5290
2026-06-15 16:31:27.864,Chong,right,11.333,680,,,,,,,-0.3207,-0.6807,8.9697,4.9577,4.9577,11.4219
2026-06-15 16:31:27.894,Chong,right,11.367,682,,,,,,,-0.3214,-0.6955,8.9645,4.9485,4.9485,11.4317
2026-06-15 16:31:27.925,Chong,right,11.400,684,,,,,,,-0.2991,-0.7105,8.9687,4.9338,4.9338,11.4210
2026-06-15 16:31:27.956,Chong,right,11.433,686,,,,,,,-0.2892,-0.7384,8.9946,4.9097,4.9097,11.4593
2026-06-15 16:31:27.986,Chong,right,11.467,688,,,,,,,-0.2660,-0.7709,9.0273,4.8356,4.8356,11.3561
2026-06-15 16:31:28.016,Chong,right,11.500,690,,,,,,,-0.2685,-0.7902,9.0360,4.8409,4.8409,11.3653
2026-06-15 16:31:28.047,Chong,right,11.517,691,,,,,,,-0.2437,-0.7853,9.0429,4.7874,4.7874,11.2873
2026-06-15 16:31:28.077,Chong,right,11.550,693,,,,,,,-0.2519,-0.7857,9.0374,4.9292,4.9292,11.5688
2026-06-15 16:31:28.108,Chong,right,11.583,695,,,,,,,-0.2298,-0.7795,9.0332,4.9403,4.9403,11.5945
2026-06-15 16:31:28.138,Chong,right,11.617,697,,,,,,,-0.1981,-0.7676,9.0148,4.9928,4.9928,11.7317
2026-06-15 16:31:28.170,Chong,right,11.650,699,,,,,,,-0.1818,-0.7305,8.9819,5.0276,5.0276,11.7228
2026-06-15 16:31:28.200,Chong,right,11.683,701,,,,,,,-0.1500,-0.6843,8.9391,5.0244,5.0244,11.7287
2026-06-15 16:31:28.231,Chong,right,11.700,702,,,,,,,-0.0543,-0.7018,8.8846,4.9038,4.9038,11.8617
2026-06-15 16:31:28.262,Chong,right,11.733,704,,,,,,,-0.0475,-0.7157,8.8278,4.9592,4.9592,11.9710
2026-06-15 16:31:28.292,Chong,right,11.767,706,,,,,,,0.0362,-0.6825,8.7926,4.8852,4.8852,12.0020
2026-06-15 16:31:28.323,Chong,right,11.800,708,,,,,,,0.0524,-0.6711,8.7753,4.9494,4.9494,12.0502
2026-06-15 16:31:28.353,Chong,right,11.833,710,,,,,,,0.0700,-0.6674,8.7596,4.9936,4.9936,12.0963
2026-06-15 16:31:28.384,Chong,right,11.867,712,,,,,,,0.1303,-0.6717,8.7303,5.0833,5.0833,12.2832
2026-06-15 16:31:28.415,Chong,right,11.883,713,,,,,,,0.2498,-0.5313,8.6610,4.7800,4.7800,12.1716
2026-06-15 16:31:28.445,Chong,right,11.917,715,,,,,,,1.9212,-0.3675,4.7937,0.0000,0.0000,0.0000
2026-06-15 16:31:28.476,Chong,right,11.950,717,,,,,,,5.5834,-2.0134,11.3360,0.9849,0.9849,0.6073
2026-06-15 16:31:28.507,Chong,right,11.983,719,,,,,,,1.9212,-0.3675,4.7937,0.0000,0.0000,0.0000
2026-06-15 16:31:28.537,Chong,right,12.017,721,,,,,,,0.4645,-0.7741,10.3922,5.0131,5.0131,10.4549
2026-06-15 16:31:28.568,Chong,right,12.050,723,,,,,,,0.4837,-0.7669,9.9111,5.0045,5.0045,11.1054
2026-06-15 16:31:28.599,Chong,right,12.067,724,,,,,,,0.5632,-0.7630,9.4170,4.9684,4.9684,11.9924
2026-06-15 16:31:28.629,Chong,right,12.100,726,,,,,,,0.5810,-0.7645,9.2226,4.9556,4.9556,12.3047
2026-06-15 16:31:28.660,Chong,right,12.133,728,,,,,,,0.6690,-0.7553,8.9633,4.8817,4.8817,12.5642
2026-06-15 16:31:28.691,Chong,right,12.167,730,,,,,,,0.7418,-0.7581,8.8097,4.8595,4.8595,12.6504
2026-06-15 16:31:28.721,Chong,right,12.200,732,,,,,,,0.8163,-0.7654,8.7145,4.8444,4.8444,12.6166
2026-06-15 16:31:28.752,Chong,right,12.233,734,,,,,,,0.8065,-0.7770,8.6257,4.9608,4.9608,12.6754
2026-06-15 16:31:28.782,Chong,right,12.250,735,,,,,,,0.8401,-0.7787,8.5930,4.9818,4.9818,12.6865
2026-06-15 16:31:28.813,Chong,right,12.283,737,,,,,,,0.8806,-0.7898,8.5653,5.0767,5.0767,12.9704
2026-06-15 16:31:28.843,Chong,right,12.317,739,,,,,,,0.9434,-0.8051,8.5634,5.0584,5.0584,13.0933
2026-06-15 16:31:28.874,Chong,right,12.350,741,,,,,,,1.0422,-0.8199,8.5782,4.9916,4.9916,13.1161
2026-06-15 16:31:28.904,Chong,right,12.383,743,,,,,,,1.1409,-0.8180,8.5961,4.9299,4.9299,13.1840
2026-06-15 16:31:28.935,Chong,right,12.417,745,,,,,,,1.1875,-0.8031,8.6105,4.9118,4.9118,13.1966
2026-06-15 16:31:28.965,Chong,right,12.433,746,,,,,,,1.2019,-0.7992,8.6045,4.9011,4.9011,13.2115
2026-06-15 16:31:28.995,Chong,right,12.467,748,,,,,,,1.2641,-0.7983,8.5858,4.9683,4.9683,13.3286
2026-06-15 16:31:29.027,Chong,right,12.500,750,,,,,,,1.2768,-0.8077,8.5742,4.9757,4.9757,13.3675
2026-06-15 16:31:29.057,Chong,right,12.533,752,,,,,,,1.3567,-0.7935,8.5523,4.9592,4.9592,13.3951
2026-06-15 16:31:29.088,Chong,right,12.567,754,,,,,,,1.4183,-0.8213,8.5036,4.9379,4.9379,13.3405
2026-06-15 16:31:29.119,Chong,right,12.600,756,,,,,,,1.4903,-0.8595,8.4450,4.8894,4.8894,13.3613
2026-06-15 16:31:29.149,Chong,right,12.633,758,,,,,,,1.5813,-0.8516,8.4023,4.8067,4.8067,13.3134
2026-06-15 16:31:29.180,Chong,right,12.650,759,,,,,,,1.6186,-0.8427,8.3874,4.7899,4.7899,13.2973
2026-06-15 16:31:29.210,Chong,right,12.683,761,,,,,,,1.6893,-0.8242,8.3791,4.7754,4.7754,13.3290
2026-06-15 16:31:29.240,Chong,right,12.717,763,,,,,,,1.7299,-0.8225,8.4047,4.8596,4.8596,13.6809
2026-06-15 16:31:29.271,Chong,right,12.750,765,,,,,,,1.7476,-0.8205,8.4201,4.8873,4.8873,13.8107
2026-06-15 16:31:29.301,Chong,right,12.783,767,,,,,,,1.8010,-0.8171,8.4162,4.9712,4.9712,14.0745
2026-06-15 16:31:29.332,Chong,right,12.800,768,,,,,,,1.8358,-0.8169,8.4124,4.9379,4.9379,14.0421
2026-06-15 16:31:29.363,Chong,right,12.833,770,,,,,,,1.8694,-0.8299,8.4064,4.9472,4.9472,14.0235
2026-06-15 16:31:29.398,Chong,right,12.867,772,,,,,,,1.9604,-0.8677,8.3832,4.9693,4.9693,14.1212
2026-06-15 16:31:29.428,Chong,right,12.900,774,,,,,,,1.9861,-0.8778,8.3813,4.9696,4.9696,14.2284
2026-06-15 16:31:29.459,Chong,right,12.933,776,,,,,,,2.0324,-0.8934,8.3852,4.9493,4.9493,14.2878
2026-06-15 16:31:29.489,Chong,right,12.967,778,,,,,,,2.1186,-0.9073,8.3850,4.9031,4.9031,14.2795
2026-06-15 16:31:29.520,Chong,right,13.000,780,,,,,,,2.1767,-0.9236,8.3891,4.8989,4.8989,14.2304
2026-06-15 16:31:29.550,Chong,right,13.033,782,,,,,,,2.2437,-0.9371,8.4006,4.8911,4.8911,14.2171
2026-06-15 16:31:29.581,Chong,right,13.050,783,,,,,,,2.2852,-0.9353,8.3941,4.9136,4.9136,14.3249
2026-06-15 16:31:29.611,Chong,right,13.083,785,,,,,,,2.2887,-0.9250,8.3856,4.9341,4.9341,14.3782
2026-06-15 16:31:29.642,Chong,right,13.117,787,,,,,,,2.3276,-0.8959,8.3649,4.9328,4.9328,14.3954
2026-06-15 16:31:29.672,Chong,right,13.150,789,,,,,,,2.3409,-0.8868,8.3578,4.9253,4.9253,14.5001
2026-06-15 16:31:29.703,Chong,right,13.183,791,,,,,,,2.3928,-0.8669,8.3487,4.9038,4.9038,14.4886
2026-06-15 16:31:29.733,Chong,right,13.217,793,,,,,,,2.4356,-0.8664,8.3390,4.8803,4.8803,14.4793
2026-06-15 16:31:29.764,Chong,right,13.233,794,,,,,,,2.4769,-0.8564,8.3300,4.8434,4.8434,14.3866
2026-06-15 16:31:29.794,Chong,right,13.267,796,,,,,,,2.5275,-0.8631,8.3192,4.8164,4.8164,14.2828
2026-06-15 16:31:29.825,Chong,right,13.300,798,,,,,,,2.5643,-0.8813,8.3127,4.8128,4.8128,14.3806
2026-06-15 16:31:29.856,Chong,right,13.333,800,,,,,,,2.5857,-0.8829,8.3183,4.8467,4.8467,14.4310
2026-06-15 16:31:29.886,Chong,right,13.367,802,,,,,,,2.6430,-0.8769,8.3253,4.8247,4.8247,14.4287
2026-06-15 16:31:29.917,Chong,right,13.400,804,,,,,,,2.7025,-0.8954,8.3612,4.7837,4.7837,14.4713
2026-06-15 16:31:29.947,Chong,right,13.417,805,,,,,,,2.7166,-0.9127,8.3763,4.7802,4.7802,14.4715
2026-06-15 16:31:29.978,Chong,right,13.450,807,,,,,,,2.8004,-0.8939,8.4201,4.6672,4.6672,14.3401
2026-06-15 16:31:30.008,Chong,right,13.483,809,,,,,,,2.8042,-0.9093,8.4149,4.7152,4.7152,14.3073
2026-06-15 16:31:30.039,Chong,right,13.517,811,,,,,,,2.8227,-0.9146,8.3869,4.7703,4.7703,14.4568
2026-06-15 16:31:30.070,Chong,right,13.550,813,,,,,,,2.8121,-0.8788,8.3616,4.7855,4.7855,14.5261
2026-06-15 16:31:30.101,Chong,right,13.583,815,,,,,,,2.8110,-0.8198,8.3501,4.7985,4.7985,14.5016
2026-06-15 16:31:30.131,Chong,right,13.600,816,,,,,,,2.8185,-0.7641,8.3547,4.7995,4.7995,14.5430
2026-06-15 16:31:30.162,Chong,right,13.633,818,,,,,,,2.8237,-0.7288,8.3498,4.8061,4.8061,14.5713
2026-06-15 16:31:30.192,Chong,right,13.667,820,,,,,,,2.8113,-0.6766,8.3634,4.8607,4.8607,14.7289
2026-06-15 16:31:30.223,Chong,right,13.700,822,,,,,,,2.8036,-0.6532,8.3722,4.8294,4.8294,14.7309
2026-06-15 16:31:30.254,Chong,right,13.733,824,,,,,,,2.7524,-0.6042,8.3856,4.7990,4.7990,14.6870
2026-06-15 16:31:30.284,Chong,right,13.767,826,,,,,,,2.7022,-0.5706,8.3957,4.7984,4.7984,14.6673
2026-06-15 16:31:30.315,Chong,right,13.783,827,,,,,,,2.6863,-0.5600,8.3982,4.8015,4.8015,14.6054
2026-06-15 16:31:30.345,Chong,right,13.817,829,,,,,,,2.6747,-0.5587,8.4162,4.8335,4.8335,14.6727
2026-06-15 16:31:30.376,Chong,right,13.850,831,,,,,,,2.6645,-0.5705,8.4460,4.7991,4.7991,14.6816
2026-06-15 16:31:30.407,Chong,right,13.883,833,,,,,,,2.6286,-0.5825,8.4811,4.8321,4.8321,14.6443
2026-06-15 16:31:30.437,Chong,right,13.917,835,,,,,,,2.5988,-0.5821,8.4934,4.8356,4.8356,14.6623
2026-06-15 16:31:30.468,Chong,right,13.950,837,,,,,,,2.5825,-0.6021,8.4968,4.8112,4.8112,14.5546
2026-06-15 16:31:30.498,Chong,right,13.967,838,,,,,,,2.6112,-0.6236,8.4952,4.7003,4.7003,14.3266
2026-06-15 16:31:30.529,Chong,right,14.000,840,,,,,,,2.5987,-0.6377,8.4971,4.7042,4.7042,14.3328
2026-06-15 16:31:30.560,Chong,right,14.033,842,,,,,,,2.5981,-0.6743,8.5092,4.6884,4.6884,14.3188
2026-06-15 16:31:30.590,Chong,right,14.067,844,,,,,,,2.6069,-0.6813,8.5320,4.6733,4.6733,14.3466
2026-06-15 16:31:30.621,Chong,right,14.100,846,,,,,,,2.5623,-0.7303,8.5590,4.6780,4.6780,14.2517
2026-06-15 16:31:30.651,Chong,right,14.133,848,,,,,,,2.5270,-0.7876,8.5741,4.6683,4.6683,14.2450
2026-06-15 16:31:30.682,Chong,right,14.150,849,,,,,,,2.4685,-0.8377,8.5705,4.7454,4.7454,14.1820
2026-06-15 16:31:30.712,Chong,right,14.183,851,,,,,,,2.4110,-0.8443,8.5782,4.7259,4.7259,14.0018
2026-06-15 16:31:30.743,Chong,right,14.217,853,,,,,,,2.3748,-0.8595,8.5742,4.7369,4.7369,13.9183
2026-06-15 16:31:30.773,Chong,right,14.250,855,,,,,,,2.3894,-0.8424,8.6009,4.6319,4.6319,13.9479
2026-06-15 16:31:30.804,Chong,right,14.283,857,,,,,,,2.3194,-0.8578,8.5951,4.6909,4.6909,13.7865
2026-06-15 16:31:30.834,Chong,right,14.317,859,,,,,,,2.4038,-0.5664,8.5007,4.2113,4.2113,13.1352
2026-06-15 16:31:30.865,Chong,right,14.333,860,,,,,,,1.9212,-0.3675,4.7937,0.0000,0.0000,0.0000
2026-06-15 16:31:30.895,Chong,right,14.367,862,,,,,,,1.9212,-0.3675,4.7937,0.0000,0.0000,0.0000
2026-06-15 16:31:30.926,Chong,right,14.400,864,,,,,,,1.9212,-0.3675,4.7937,0.0000,0.0000,0.0000
2026-06-15 16:31:30.957,Chong,right,14.433,866,,,,,,,2.2985,0.5008,8.5038,2.0114,2.0114,2.6312
2026-06-15 16:31:30.987,Chong,right,14.467,868,,,,,,,2.3542,0.3248,8.6418,2.2892,2.2892,3.1187
2026-06-15 16:31:31.018,Chong,right,14.500,870,,,,,,,2.3316,-0.3644,8.7854,3.3417,3.3417,8.8002
2026-06-15 16:31:31.048,Chong,right,14.517,871,,,,,,,2.3478,-0.5049,8.8550,3.5809,3.5809,10.3230
2026-06-15 16:31:31.079,Chong,right,14.550,873,,,,,,,2.1383,-0.6884,8.8467,4.2175,4.2175,11.8946
2026-06-15 16:31:31.109,Chong,right,14.583,875,,,,,,,2.0210,-0.7436,8.7806,4.4970,4.4970,12.5681
2026-06-15 16:31:31.140,Chong,right,14.617,877,,,,,,,2.0041,-0.7436,8.7526,4.5203,4.5203,12.7330
2026-06-15 16:31:31.170,Chong,right,14.650,879,,,,,,,1.9828,-0.7424,8.7350,4.5426,4.5426,12.7919
2026-06-15 16:31:31.201,Chong,right,14.683,881,,,,,,,1.8981,-0.7671,8.7049,4.6927,4.6927,12.8274
2026-06-15 16:31:31.232,Chong,right,14.700,882,,,,,,,1.8465,-0.7824,8.6840,4.6896,4.6896,12.7303
2026-06-15 16:31:31.262,Chong,right,14.733,884,,,,,,,1.8089,-0.7814,8.6878,4.6677,4.6677,12.7220
2026-06-15 16:31:31.293,Chong,right,14.783,887,,,,,,,1.7259,-0.7954,8.6832,4.6441,4.6441,12.7737
2026-06-15 16:31:31.323,Chong,right,14.817,889,,,,,,,1.6936,-0.8002,8.6906,4.6379,4.6379,12.8117
2026-06-15 16:31:31.353,Chong,right,14.850,891,,,,,,,1.5649,-0.8052,8.7013,4.7757,4.7757,12.8906
2026-06-15 16:31:31.384,Chong,right,14.883,893,,,,,,,1.5195,-0.7261,8.7321,4.7594,4.7594,12.9374
2026-06-15 16:31:31.415,Chong,right,14.900,894,,,,,,,1.4783,-0.6937,8.7471,4.7699,4.7699,12.9532
2026-06-15 16:31:31.445,Chong,right,14.933,896,,,,,,,1.4464,-0.6900,8.7589,4.7840,4.7840,12.9032
2026-06-15 16:31:31.476,Chong,right,14.967,898,,,,,,,1.4321,-0.6797,8.7659,4.7921,4.7921,12.9228
2026-06-15 16:31:31.506,Chong,right,15.000,900,,,,,,,1.3789,-0.6739,8.7768,4.7607,4.7607,12.9058
2026-06-15 16:31:31.537,Chong,right,15.033,902,,,,,,,1.3319,-0.6809,8.7817,4.7902,4.7902,12.9842
2026-06-15 16:31:31.568,Chong,right,15.067,904,,,,,,,1.3138,-0.6888,8.7808,4.7712,4.7712,12.9623
2026-06-15 16:31:31.598,Chong,right,15.083,905,,,,,,,1.3023,-0.6952,8.7849,4.7805,4.7805,12.9632
2026-06-15 16:31:31.629,Chong,right,15.117,907,,,,,,,1.2963,-0.7033,8.8012,4.8002,4.8002,12.9958
2026-06-15 16:31:31.659,Chong,right,15.150,909,,,,,,,1.2408,-0.6997,8.8301,4.8345,4.8345,13.0219
2026-06-15 16:31:31.690,Chong,right,15.183,911,,,,,,,1.1820,-0.7010,8.8545,4.8692,4.8692,13.0179
2026-06-15 16:31:31.720,Chong,right,15.217,913,,,,,,,1.1266,-0.7157,8.8593,4.8645,4.8645,12.9007
2026-06-15 16:31:31.751,Chong,right,15.250,915,,,,,,,1.0876,-0.7308,8.8375,4.8405,4.8405,12.9029
2026-06-15 16:31:31.781,Chong,right,15.267,916,,,,,,,1.0536,-0.7291,8.8127,4.8314,4.8314,12.8809
2026-06-15 16:31:31.811,Chong,right,15.300,918,,,,,,,1.0393,-0.7174,8.8046,4.8331,4.8331,12.7695
2026-06-15 16:31:31.842,Chong,right,15.333,920,,,,,,,1.0017,-0.7322,8.7830,4.7769,4.7769,12.5779
2026-06-15 16:31:31.873,Chong,right,15.367,922,,,,,,,0.9324,-0.7787,8.7691,4.8039,4.8039,12.7025
2026-06-15 16:31:31.903,Chong,right,15.400,924,,,,,,,0.8790,-0.7982,8.7682,4.8233,4.8233,12.6981
2026-06-15 16:31:31.934,Chong,right,15.417,925,,,,,,,0.8143,-0.8316,8.7832,4.8670,4.8670,12.6327
2026-06-15 16:31:31.964,Chong,right,15.433,926,,,,,,,0.7835,-0.8434,8.7954,4.8789,4.8789,12.7262
2026-06-15 16:31:31.995,Chong,right,15.467,928,,,,,,,0.7246,-0.8579,8.8217,4.9301,4.9301,12.8131
2026-06-15 16:31:32.025,Chong,right,15.500,930,,,,,,,0.6420,-0.8714,8.8372,5.0635,5.0635,12.8665
2026-06-15 16:31:32.056,Chong,right,15.533,932,,,,,,,0.6108,-0.8755,8.8329,5.0946,5.0946,12.8308
2026-06-15 16:31:32.086,Chong,right,15.567,934,,,,,,,0.5682,-0.8880,8.8216,5.0940,5.0940,12.7042
2026-06-15 16:31:32.117,Chong,right,15.600,936,,,,,,,0.5391,-0.9029,8.8083,5.0738,5.0738,12.6765
2026-06-15 16:31:32.150,Chong,right,15.633,938,,,,,,,0.5245,-0.8930,8.8116,5.0651,5.0651,12.7048
2026-06-15 16:31:32.180,Chong,right,15.667,940,,,,,,,0.5258,-0.8705,8.8115,5.0204,5.0204,12.5768
2026-06-15 16:31:32.211,Chong,right,15.700,942,,,,,,,0.5212,-0.8772,8.7964,5.0379,5.0379,12.5099
2026-06-15 16:31:32.241,Chong,right,15.733,944,,,,,,,0.5484,-0.8639,8.7956,4.9592,4.9592,12.5550
2026-06-15 16:31:32.272,Chong,right,15.767,946,,,,,,,0.5690,-0.8570,8.7994,4.9289,4.9289,12.5453
2026-06-15 16:31:32.302,Chong,right,15.800,948,,,,,,,0.5860,-0.8667,8.7773,4.9306,4.9306,12.4645
2026-06-15 16:31:32.333,Chong,right,15.833,950,,,,,,,0.5938,-0.9338,8.7638,4.9157,4.9157,12.4500
2026-06-15 16:31:32.364,Chong,right,15.850,951,,,,,,,0.5875,-0.9626,8.7564,4.9165,4.9165,12.4436
2026-06-15 16:31:32.394,Chong,right,15.883,953,,,,,,,0.5554,-0.9931,8.7472,4.9609,4.9609,12.5163
2026-06-15 16:31:32.425,Chong,right,15.917,955,,,,,,,0.4952,-0.9992,8.7247,5.0565,5.0565,12.5541
2026-06-15 16:31:32.455,Chong,right,15.950,957,,,,,,,0.4899,-0.9393,8.7232,4.9888,4.9888,12.5008
2026-06-15 16:31:32.486,Chong,right,15.983,959,,,,,,,0.4296,-0.9102,8.7259,4.9792,4.9792,12.4753
2026-06-15 16:31:32.517,Chong,right,16.017,961,,,,,,,0.3464,-0.8879,8.7433,4.8970,4.8970,12.1593
2026-06-15 16:31:32.547,Chong,right,16.033,962,,,,,,,0.3165,-0.8773,8.7543,4.8552,4.8552,12.0047
2026-06-15 16:31:32.578,Chong,right,16.067,964,,,,,,,0.2722,-0.8359,8.7651,4.9296,4.9296,12.1068
2026-06-15 16:31:32.608,Chong,right,16.100,966,,,,,,,0.2815,-0.8186,8.7775,4.8803,4.8803,12.0579
2026-06-15 16:31:32.639,Chong,right,16.133,968,,,,,,,0.2496,-0.8146,8.7732,4.9336,4.9336,12.0891
2026-06-15 16:31:32.669,Chong,right,16.167,970,,,,,,,0.2538,-0.7532,8.7713,4.9019,4.9019,12.0582
2026-06-15 16:31:32.701,Chong,right,16.200,972,,,,,,,0.2449,-0.7430,8.7739,4.9016,4.9016,12.0482
2026-06-15 16:31:32.731,Chong,right,16.217,973,,,,,,,0.2455,-0.7532,8.7752,4.9053,4.9053,12.1192
2026-06-15 16:31:32.761,Chong,right,16.250,975,,,,,,,0.2478,-0.7943,8.7742,4.9646,4.9646,12.0958
2026-06-15 16:31:32.792,Chong,right,16.283,977,,,,,,,0.2640,-0.7952,8.7711,5.0070,5.0070,12.1936
2026-06-15 16:31:32.822,Chong,right,16.300,978,,,,,,,0.2768,-0.7984,8.7614,5.0452,5.0452,12.2721
2026-06-15 16:31:32.852,Chong,right,16.333,980,,,,,,,0.3269,-0.7995,8.7251,5.0641,5.0641,12.3011
2026-06-15 16:31:32.883,Chong,right,16.367,982,,,,,,,0.3627,-0.7941,8.6999,5.0081,5.0081,12.3100
2026-06-15 16:31:32.913,Chong,right,16.383,983,,,,,,,0.3877,-0.8101,8.7070,4.9632,4.9632,12.3845
2026-06-15 16:31:32.944,Chong,right,16.417,985,,,,,,,0.4093,-0.8097,8.7173,4.9080,4.9080,12.3652
2026-06-15 16:31:32.974,Chong,right,16.450,987,,,,,,,0.4296,-0.8276,8.7061,4.9186,4.9186,12.3474
2026-06-15 16:31:33.005,Chong,right,16.483,989,,,,,,,0.4458,-0.8595,8.6900,4.9447,4.9447,12.3306
2026-06-15 16:31:33.036,Chong,right,16.517,991,,,,,,,0.4957,-0.9076,8.6561,4.9637,4.9637,12.4961
2026-06-15 16:31:33.066,Chong,right,16.550,993,,,,,,,0.5076,-0.9219,8.6377,4.9986,4.9986,12.6522
2026-06-15 16:31:33.096,Chong,right,16.567,994,,,,,,,0.5162,-0.9176,8.6383,4.9984,4.9984,12.6914
2026-06-15 16:31:33.127,Chong,right,16.600,996,,,,,,,0.5463,-0.9127,8.6301,5.0227,5.0227,12.6514
2026-06-15 16:31:33.157,Chong,right,16.633,998,,,,,,,0.5859,-0.9084,8.6178,5.0477,5.0477,12.6242
2026-06-15 16:31:33.188,Chong,right,16.667,1000,,,,,,,0.6301,-0.9001,8.6117,4.9997,4.9997,12.6392
2026-06-15 16:31:33.218,Chong,right,16.700,1002,,,,,,,0.6465,-0.8705,8.6074,5.0006,5.0006,12.6941
2026-06-15 16:31:33.249,Chong,right,16.717,1003,,,,,,,0.6811,-0.8096,8.5927,4.9859,4.9859,12.7685
2026-06-15 16:31:33.280,Chong,right,16.750,1005,,,,,,,0.7048,-0.8238,8.5883,5.0018,5.0018,12.8937
2026-06-15 16:31:33.310,Chong,right,16.783,1007,,,,,,,0.7120,-0.8936,8.5761,5.0442,5.0442,12.8825
2026-06-15 16:31:33.341,Chong,right,16.817,1009,,,,,,,0.7270,-0.9216,8.5696,5.0497,5.0497,12.8382
2026-06-15 16:31:33.371,Chong,right,16.850,1011,,,,,,,0.7689,-0.9643,8.5519,5.0685,5.0685,12.7647
2026-06-15 16:31:33.402,Chong,right,16.883,1013,,,,,,,0.8118,-0.9908,8.5289,5.0748,5.0748,12.8983
2026-06-15 16:31:33.433,Chong,right,16.917,1015,,,,,,,0.8425,-1.0160,8.5165,5.0752,5.0752,12.9376
2026-06-15 16:31:33.464,Chong,right,16.933,1016,,,,,,,0.9002,-1.0818,8.4966,5.0891,5.0891,13.1436
2026-06-15 16:31:33.494,Chong,right,16.967,1018,,,,,,,0.9571,-1.0924,8.4851,5.0805,5.0805,13.2220
2026-06-15 16:31:33.525,Chong,right,17.000,1020,,,,,,,1.0061,-1.0828,8.4709,5.1001,5.1001,13.2855
2026-06-15 16:31:33.555,Chong,right,17.033,1022,,,,,,,0.9975,-1.0702,8.4581,5.1177,5.1177,13.3184
2026-06-15 16:31:33.587,Chong,right,17.067,1024,,,,,,,0.9874,-1.0637,8.4556,5.1206,5.1206,13.3699
2026-06-15 16:31:33.617,Chong,right,17.100,1026,,,,,,,1.0162,-1.0358,8.4469,5.1369,5.1369,13.4197
2026-06-15 16:31:33.648,Chong,right,17.117,1027,,,,,,,1.0813,-1.0296,8.4290,5.1021,5.1021,13.3829
2026-06-15 16:31:33.679,Chong,right,17.150,1029,,,,,,,1.1425,-1.0448,8.4037,5.1153,5.1153,13.5332
2026-06-15 16:31:33.709,Chong,right,17.183,1031,,,,,,,1.1835,-1.0624,8.3973,5.1033,5.1033,13.5739
2026-06-15 16:31:33.739,Chong,right,17.217,1033,,,,,,,1.2798,-1.1070,8.3930,5.0183,5.0183,13.6667
2026-06-15 16:31:33.770,Chong,right,17.250,1035,,,,,,,1.3094,-1.1253,8.3809,5.0090,5.0090,13.8735
2026-06-15 16:31:33.800,Chong,right,17.283,1037,,,,,,,1.4011,-1.1831,8.3414,4.9590,4.9590,13.8005
2026-06-15 16:31:33.831,Chong,right,17.300,1038,,,,,,,1.6168,-1.1715,8.2987,4.8012,4.8012,14.0281
2026-06-15 16:31:33.861,Chong,right,17.333,1040,,,,,,,1.6877,-1.2106,8.2762,4.8463,4.8463,14.2975
2026-06-15 16:31:33.892,Chong,right,17.367,1042,,,,,,,1.6785,-1.2542,8.2590,4.9170,4.9170,14.2654
2026-06-15 16:31:33.922,Chong,right,17.400,1044,,,,,,,1.6775,-1.3130,8.2462,4.9715,4.9715,14.2152
2026-06-15 16:31:33.952,Chong,right,17.433,1046,,,,,,,1.7242,-1.3426,8.2426,4.9356,4.9356,14.2019
2026-06-15 16:31:33.983,Chong,right,17.467,1048,,,,,,,1.7967,-1.3424,8.2526,4.8440,4.8440,14.2349
2026-06-15 16:31:34.014,Chong,right,17.483,1049,,,,,,,1.8256,-1.3333,8.2516,4.8318,4.8318,14.2160
2026-06-15 16:31:34.044,Chong,right,17.517,1051,,,,,,,1.8856,-1.3268,8.2415,4.8671,4.8671,14.2634
2026-06-15 16:31:34.074,Chong,right,17.550,1053,,,,,,,1.9283,-1.3139,8.2340,4.8970,4.8970,14.3737
2026-06-15 16:31:34.105,Chong,right,17.583,1055,,,,,,,1.9862,-1.2928,8.2239,4.9636,4.9636,14.4406
2026-06-15 16:31:34.135,Chong,right,17.617,1057,,,,,,,2.0431,-1.3214,8.1898,4.9524,4.9524,14.3399
2026-06-15 16:31:34.166,Chong,right,17.633,1058,,,,,,,2.0789,-1.3327,8.1725,4.9536,4.9536,14.3997
2026-06-15 16:31:34.196,Chong,right,17.667,1060,,,,,,,2.1922,-1.3448,8.1276,4.9781,4.9781,14.7732
2026-06-15 16:31:34.227,Chong,right,17.700,1062,,,,,,,2.2565,-1.0670,8.0750,4.5926,4.5926,13.7700
2026-06-15 16:31:34.258,Chong,right,17.733,1064,,,,,,,2.2330,-0.2313,7.9427,3.1218,3.1218,8.7828
2026-06-15 16:31:34.289,Chong,right,17.767,1066,,,,,,,2.2329,-0.2797,7.8357,3.5174,3.5174,10.0017
2026-06-15 16:31:34.319,Chong,right,17.800,1068,,,,,,,2.2271,-0.4492,7.8293,3.9631,3.9631,11.5400
2026-06-15 16:31:34.350,Chong,right,17.833,1070,,,,,,,2.2114,-0.7534,7.8687,4.5270,4.5270,13.4348
2026-06-15 16:31:34.381,Chong,right,17.850,1071,,,,,,,2.1948,-0.8318,7.8945,4.7179,4.7179,13.9500
2026-06-15 16:31:34.412,Chong,right,17.883,1073,,,,,,,2.1854,-0.8838,7.9534,4.8970,4.8970,14.3093
2026-06-15 16:31:34.443,Chong,right,17.917,1075,,,,,,,2.1690,-0.8975,7.9725,4.9677,4.9677,14.4290
2026-06-15 16:31:34.473,Chong,right,17.950,1077,,,,,,,2.2139,-0.8645,8.0549,4.9793,4.9793,14.6539
2026-06-15 16:31:34.503,Chong,right,17.983,1079,,,,,,,2.1993,-0.8598,8.0777,4.9615,4.9615,14.6093
2026-06-15 16:31:34.534,Chong,right,18.017,1081,,,,,,,2.1554,-0.8488,8.0909,5.0347,5.0347,14.5774
2026-06-15 16:31:34.564,Chong,right,18.033,1082,,,,,,,2.0760,-0.6914,8.1055,5.0591,5.0591,14.7432
2026-06-15 16:31:34.595,Chong,right,18.067,1084,,,,,,,2.0471,-0.5824,8.1153,5.0369,5.0369,14.7703
2026-06-15 16:31:34.625,Chong,right,18.100,1086,,,,,,,2.0234,-0.5750,8.1243,5.0405,5.0405,14.8189
2026-06-15 16:31:34.656,Chong,right,18.133,1088,,,,,,,2.0146,-0.5717,8.1538,5.0075,5.0075,14.8625
2026-06-15 16:31:34.686,Chong,right,18.167,1090,,,,,,,1.9753,-0.5590,8.1712,5.0704,5.0704,14.7904
2026-06-15 16:31:34.717,Chong,right,18.200,1092,,,,,,,1.9403,-0.4872,8.1854,5.0699,5.0699,14.8016
2026-06-15 16:31:34.747,Chong,right,18.217,1093,,,,,,,1.9212,-0.3675,4.7937,0.0000,0.0000,0.0000
2026-06-15 16:31:34.778,Chong,right,18.250,1095,,,,,,,1.9212,-0.3675,4.7937,0.0000,0.0000,0.0000
2026-06-15 16:31:34.808,Chong,right,18.283,1097,,,,,,,1.9212,-0.3675,4.7937,0.0000,0.0000,0.0000
2026-06-15 16:31:34.839,Chong,right,18.317,1099,,,,,,,1.9212,-0.3675,4.7937,0.0000,0.0000,0.0000
2026-06-15 16:31:34.869,Chong,right,18.350,1101,,,,,,,1.8709,0.8498,8.0976,3.9436,3.9436,10.3216
2026-06-15 16:31:34.900,Chong,right,18.383,1103,,,,,,,1.8112,0.6371,8.1181,4.3711,4.3711,11.3200
2026-06-15 16:31:34.930,Chong,right,18.400,1104,,,,,,,1.7981,0.5018,8.1281,4.5978,4.5978,12.3235
2026-06-15 16:31:34.961,Chong,right,18.433,1106,,,,,,,1.7590,0.3687,8.1376,4.8405,4.8405,13.2777
2026-06-15 16:31:34.991,Chong,right,18.467,1108,,,,,,,1.7579,0.3379,8.1591,4.8715,4.8715,13.5191
2026-06-15 16:31:35.022,Chong,right,18.500,1110,,,,,,,1.7327,0.3318,8.1856,4.8456,4.8456,13.7007
2026-06-15 16:31:35.053,Chong,right,18.533,1112,,,,,,,1.7065,0.3475,8.2191,4.8621,4.8621,13.5929
2026-06-15 16:31:35.083,Chong,right,18.550,1113,,,,,,,1.6987,0.3753,8.2513,4.8273,4.8273,13.6136
2026-06-15 16:31:35.113,Chong,right,18.583,1115,,,,,,,1.6975,0.3776,8.2624,4.8414,4.8414,13.6189
2026-06-15 16:31:35.144,Chong,right,18.617,1117,,,,,,,1.7057,0.4334,8.2657,4.8693,4.8693,13.6390
2026-06-15 16:31:35.174,Chong,right,18.650,1119,,,,,,,1.7078,0.4949,8.2619,4.8813,4.8813,13.5757
2026-06-15 16:31:35.205,Chong,right,18.683,1121,,,,,,,1.7130,0.5546,8.2658,4.8872,4.8872,13.4530
2026-06-15 16:31:35.235,Chong,right,18.717,1123,,,,,,,1.7015,0.5707,8.2972,4.8608,4.8608,13.6178
2026-06-15 16:31:35.266,Chong,right,18.733,1124,,,,,,,1.6678,0.5867,8.3306,4.8744,4.8744,13.8130
2026-06-15 16:31:35.296,Chong,right,18.767,1126,,,,,,,1.6498,0.6097,8.3626,4.8585,4.8585,13.8712
2026-06-15 16:31:35.327,Chong,right,18.800,1128,,,,,,,1.6396,0.6442,8.3761,4.8898,4.8898,13.8754
2026-06-15 16:31:35.358,Chong,right,18.833,1130,,,,,,,1.6476,0.6573,8.3822,4.8772,4.8772,13.8984
2026-06-15 16:31:35.389,Chong,right,18.867,1132,,,,,,,1.6398,0.6775,8.3789,4.9006,4.9006,13.8812
2026-06-15 16:31:35.419,Chong,right,18.900,1134,,,,,,,1.6471,0.6906,8.3835,4.8836,4.8836,13.8910
2026-06-15 16:31:35.450,Chong,right,18.933,1136,,,,,,,1.6490,0.6830,8.3959,4.8747,4.8747,13.8689
2026-06-15 16:31:35.481,Chong,right,18.950,1137,,,,,,,1.6495,0.6708,8.4059,4.8853,4.8853,13.8319
2026-06-15 16:31:35.512,Chong,right,18.983,1139,,,,,,,1.6817,0.6856,8.4333,4.8637,4.8637,13.7860
2026-06-15 16:31:35.542,Chong,right,19.017,1141,,,,,,,1.6842,0.6779,8.4480,4.8865,4.8865,13.7388
2026-06-15 16:31:35.573,Chong,right,19.050,1143,,,,,,,1.6953,0.6532,8.4680,4.9188,4.9188,13.9181
2026-06-15 16:31:35.603,Chong,right,19.083,1145,,,,,,,1.6867,0.6227,8.4814,4.9474,4.9474,13.9346
2026-06-15 16:31:35.634,Chong,right,19.117,1147,,,,,,,1.6955,0.5985,8.4763,4.9415,4.9415,13.8756
2026-06-15 16:31:35.664,Chong,right,19.133,1148,,,,,,,1.7128,0.5912,8.4772,4.9285,4.9285,13.8295
2026-06-15 16:31:35.695,Chong,right,19.167,1150,,,,,,,1.7217,0.5639,8.4742,4.9271,4.9271,13.7422
2026-06-15 16:31:35.725,Chong,right,19.200,1152,,,,,,,1.7248,0.5254,8.4515,4.9064,4.9064,13.4903
2026-06-15 16:31:35.756,Chong,right,19.233,1154,,,,,,,1.7110,0.4663,8.4334,4.8870,4.8870,13.4874
2026-06-15 16:31:35.787,Chong,right,19.267,1156,,,,,,,1.6865,0.4033,8.4368,4.9087,4.9087,13.5749
2026-06-15 16:31:35.818,Chong,right,19.300,1158,,,,,,,1.6892,0.3770,8.4480,4.8876,4.8876,13.6086
2026-06-15 16:31:35.848,Chong,right,19.317,1159,,,,,,,1.6955,0.2982,8.4797,4.8406,4.8406,13.6529
2026-06-15 16:31:35.879,Chong,right,19.350,1161,,,,,,,1.7739,0.2289,8.4891,4.7573,4.7573,13.2534
2026-06-15 16:31:35.909,Chong,right,19.383,1163,,,,,,,1.7831,0.1177,8.4827,4.7869,4.7869,13.2277
2026-06-15 16:31:35.940,Chong,right,19.417,1165,,,,,,,1.7845,0.0493,8.4820,4.7967,4.7967,13.2951
2026-06-15 16:31:35.971,Chong,right,19.450,1167,,,,,,,1.7924,-0.0989,8.4945,4.7699,4.7699,13.5405
2026-06-15 16:31:36.001,Chong,right,19.483,1169,,,,,,,1.7781,-0.2379,8.5161,4.7527,4.7527,13.6045
2026-06-15 16:31:36.032,Chong,right,19.500,1170,,,,,,,1.7550,-0.2914,8.5193,4.7916,4.7916,13.5926
2026-06-15 16:31:36.062,Chong,right,19.533,1172,,,,,,,1.6904,-0.4060,8.5369,4.8719,4.8719,13.5641
2026-06-15 16:31:36.093,Chong,right,19.567,1174,,,,,,,1.5687,-0.5977,8.5366,4.8161,4.8161,13.3295
2026-06-15 16:31:36.123,Chong,right,19.600,1176,,,,,,,1.5383,-0.6612,8.5337,4.8003,4.8003,13.2455
2026-06-15 16:31:36.154,Chong,right,19.633,1178,,,,,,,1.5069,-0.7446,8.5369,4.7703,4.7703,13.0367
2026-06-15 16:31:36.184,Chong,right,19.667,1180,,,,,,,1.4865,-0.8106,8.5416,4.7549,4.7549,12.9104
2026-06-15 16:31:36.215,Chong,right,19.683,1181,,,,,,,1.5276,-0.8875,8.5524,4.7250,4.7250,12.6498
2026-06-15 16:31:36.245,Chong,right,19.717,1183,,,,,,,1.6334,-0.9372,8.5461,4.6771,4.6771,12.6459
2026-06-15 16:31:36.276,Chong,right,19.750,1185,,,,,,,1.7506,-1.0446,8.5285,4.6300,4.6300,12.5805
2026-06-15 16:31:36.306,Chong,right,19.783,1187,,,,,,,1.7799,-1.1781,8.5296,4.6527,4.6527,12.8370
2026-06-15 16:31:36.337,Chong,right,19.817,1189,,,,,,,1.7692,-1.2652,8.5488,4.7383,4.7383,12.9952
2026-06-15 16:31:36.368,Chong,right,19.850,1191,,,,,,,1.7613,-1.3438,8.5608,4.8037,4.8037,13.0370
2026-06-15 16:31:36.398,Chong,right,19.867,1192,,,,,,,1.7684,-1.4347,8.5742,4.7714,4.7714,12.9661
2026-06-15 16:31:36.429,Chong,right,19.900,1194,,,,,,,1.7824,-1.4787,8.5848,4.7187,4.7187,12.8654
2026-06-15 16:31:36.459,Chong,right,19.933,1196,,,,,,,1.6979,-1.5258,8.6120,4.7105,4.7105,12.7634
2026-06-15 16:31:36.490,Chong,right,19.967,1198,,,,,,,1.5773,-1.5601,8.6412,4.7362,4.7362,12.6855
2026-06-15 16:31:36.520,Chong,right,20.000,1200,,,,,,,1.5236,-1.5785,8.6761,4.7624,4.7624,12.6809
2026-06-15 16:31:36.551,Chong,right,20.033,1202,,,,,,,1.5156,-1.5796,8.6922,4.7586,4.7586,12.6799
2026-06-15 16:31:36.582,Chong,right,20.050,1203,,,,,,,1.5246,-1.5749,8.7059,4.7217,4.7217,12.5601
2026-06-15 16:31:36.612,Chong,right,20.083,1205,,,,,,,1.5340,-1.5957,8.7088,4.7071,4.7071,12.5441
2026-06-15 16:31:36.643,Chong,right,20.117,1207,,,,,,,1.5267,-1.6264,8.7240,4.7251,4.7251,12.6623
2026-06-15 16:31:36.674,Chong,right,20.150,1209,,,,,,,1.5118,-1.6482,8.7332,4.7167,4.7167,12.7298
2026-06-15 16:31:36.704,Chong,right,20.183,1211,,,,,,,1.5011,-1.7079,8.7347,4.7468,4.7468,12.8651
2026-06-15 16:31:36.735,Chong,right,20.217,1213,,,,,,,1.4926,-1.7444,8.7394,4.7540,4.7540,12.9442
2026-06-15 16:31:36.766,Chong,right,20.233,1214,,,,,,,1.5062,-1.8012,8.7492,4.7474,4.7474,12.9726
2026-06-15 16:31:36.796,Chong,right,20.267,1216,,,,,,,1.5322,-1.8469,8.7583,4.7098,4.7098,12.8798
2026-06-15 16:31:36.827,Chong,right,20.300,1218,,,,,,,1.5527,-1.8887,8.7643,4.7259,4.7259,12.9121
2026-06-15 16:31:36.857,Chong,right,20.333,1220,,,,,,,1.5473,-1.9071,8.7696,4.7456,4.7456,12.9827
2026-06-15 16:31:36.888,Chong,right,20.367,1222,,,,,,,1.5448,-1.9478,8.7728,4.7453,4.7453,13.0599
2026-06-15 16:31:36.919,Chong,right,20.400,1224,,,,,,,1.5520,-1.9945,8.7633,4.7591,4.7591,12.9788
2026-06-15 16:31:36.949,Chong,right,20.417,1225,,,,,,,1.5670,-2.0629,8.7461,4.7748,4.7748,13.0331
2026-06-15 16:31:36.980,Chong,right,20.450,1227,,,,,,,1.5556,-2.0888,8.7346,4.8544,4.8544,13.2431
2026-06-15 16:31:37.010,Chong,right,20.483,1229,,,,,,,1.5507,-2.1031,8.7323,4.8858,4.8858,13.2742
2026-06-15 16:31:37.041,Chong,right,20.517,1231,,,,,,,1.5512,-2.1148,8.7331,4.8720,4.8720,13.1921
2026-06-15 16:31:37.071,Chong,right,20.550,1233,,,,,,,1.5445,-2.1536,8.7273,4.8169,4.8169,13.1223
2026-06-15 16:31:37.102,Chong,right,20.583,1235,,,,,,,1.5323,-2.1900,8.7238,4.8488,4.8488,13.1144
2026-06-15 16:31:37.132,Chong,right,20.600,1236,,,,,,,1.5165,-2.2255,8.7151,4.8578,4.8578,13.1912
2026-06-15 16:31:37.162,Chong,right,20.633,1238,,,,,,,1.5227,-2.2555,8.7064,4.8526,4.8526,13.1848
2026-06-15 16:31:37.193,Chong,right,20.667,1240,,,,,,,1.5281,-2.2782,8.7004,4.8429,4.8429,13.1343
2026-06-15 16:31:37.224,Chong,right,20.700,1242,,,,,,,1.5322,-2.3276,8.6927,4.8396,4.8396,13.0998
2026-06-15 16:31:37.254,Chong,right,20.733,1244,,,,,,,1.5148,-2.3583,8.7032,4.8759,4.8759,13.1536
2026-06-15 16:31:37.285,Chong,right,20.767,1246,,,,,,,1.5032,-2.3859,8.7194,4.8692,4.8692,13.1887
2026-06-15 16:31:37.315,Chong,right,20.783,1247,,,,,,,1.4854,-2.4276,8.7385,4.8528,4.8528,13.3429
2026-06-15 16:31:37.345,Chong,right,20.817,1249,,,,,,,1.4988,-2.4550,8.7369,4.8185,4.8185,13.2241
2026-06-15 16:31:37.376,Chong,right,20.850,1251,,,,,,,1.5040,-2.4898,8.7249,4.7805,4.7805,13.1926
2026-06-15 16:31:37.406,Chong,right,20.883,1253,,,,,,,1.4993,-2.5289,8.7173,4.8242,4.8242,13.1136
2026-06-15 16:31:37.437,Chong,right,20.917,1255,,,,,,,1.4901,-2.5316,8.7178,4.8358,4.8358,13.1045
2026-06-15 16:31:37.470,Chong,right,20.950,1257,,,,,,,1.4820,-2.5648,8.7245,4.8807,4.8807,13.0881
2026-06-15 16:31:37.501,Chong,right,20.983,1259,,,,,,,1.4880,-2.5701,8.7280,4.8438,4.8438,13.0631
2026-06-15 16:31:37.531,Chong,right,21.000,1260,,,,,,,1.4979,-2.5713,8.7330,4.7916,4.7916,13.0527
2026-06-15 16:31:37.562,Chong,right,21.033,1262,,,,,,,1.4977,-2.5699,8.7423,4.7596,4.7596,13.0967
2026-06-15 16:31:37.592,Chong,right,21.067,1264,,,,,,,1.4995,-2.5675,8.7469,4.7468,4.7468,13.0586
2026-06-15 16:31:37.623,Chong,right,21.100,1266,,,,,,,1.4716,-2.5562,8.7330,4.8096,4.8096,13.0676
2026-06-15 16:31:37.653,Chong,right,21.133,1268,,,,,,,1.4763,-2.5677,8.7102,4.8321,4.8321,13.1626
2026-06-15 16:31:37.684,Chong,right,21.167,1270,,,,,,,1.4642,-2.5631,8.7049,4.8556,4.8556,13.2768
2026-06-15 16:31:37.715,Chong,right,21.183,1271,,,,,,,1.4630,-2.5714,8.7042,4.8803,4.8803,13.3411
2026-06-15 16:31:37.745,Chong,right,21.217,1273,,,,,,,1.4594,-2.5869,8.7160,4.9199,4.9199,13.4424
2026-06-15 16:31:37.776,Chong,right,21.250,1275,,,,,,,1.4749,-2.6086,8.7211,4.8915,4.8915,13.2139
2026-06-15 16:31:37.806,Chong,right,21.283,1277,,,,,,,1.4766,-2.6049,8.7198,4.8719,4.8719,13.0894
2026-06-15 16:31:37.837,Chong,right,21.317,1279,,,,,,,1.4824,-2.6153,8.7227,4.8044,4.8044,13.0295
2026-06-15 16:31:37.868,Chong,right,21.350,1281,,,,,,,1.4925,-2.6170,8.7189,4.7729,4.7729,12.9234
2026-06-15 16:31:37.898,Chong,right,21.367,1282,,,,,,,1.4891,-2.6190,8.7100,4.7788,4.7788,13.1230
2026-06-15 16:31:37.929,Chong,right,21.400,1284,,,,,,,1.4954,-2.6194,8.7149,4.7899,4.7899,13.1892
2026-06-15 16:31:37.959,Chong,right,21.433,1286,,,,,,,1.5016,-2.5997,8.7276,4.7940,4.7940,13.1738
2026-06-15 16:31:37.990,Chong,right,21.467,1288,,,,,,,1.4744,-2.5758,8.7514,4.8085,4.8085,13.1609
2026-06-15 16:31:38.021,Chong,right,21.500,1290,,,,,,,1.4587,-2.5715,8.7639,4.8134,4.8134,13.2071
2026-06-15 16:31:38.051,Chong,right,21.533,1292,,,,,,,1.4349,-2.5608,8.7789,4.8375,4.8375,13.1768
2026-06-15 16:31:38.082,Chong,right,21.550,1293,,,,,,,1.4338,-2.5598,8.7857,4.8326,4.8326,13.1687
2026-06-15 16:31:38.112,Chong,right,21.583,1295,,,,,,,1.4275,-2.5414,8.7978,4.7867,4.7867,13.1372
2026-06-15 16:31:38.142,Chong,right,21.617,1297,,,,,,,1.4370,-2.5181,8.7936,4.7743,4.7743,13.0967
2026-06-15 16:31:38.173,Chong,right,21.650,1299,,,,,,,1.4448,-2.5074,8.7803,4.7614,4.7614,13.0704
2026-06-15 16:31:38.204,Chong,right,21.683,1301,,,,,,,1.4401,-2.5084,8.7779,4.7656,4.7656,13.0941
2026-06-15 16:31:38.234,Chong,right,21.717,1303,,,,,,,1.4604,-2.5011,8.7798,4.7160,4.7160,13.0570
2026-06-15 16:31:38.265,Chong,right,21.733,1304,,,,,,,1.4579,-2.4946,8.7713,4.7207,4.7207,13.0535
2026-06-15 16:31:38.295,Chong,right,21.767,1306,,,,,,,1.4310,-2.4549,8.7813,4.7893,4.7893,13.1901
2026-06-15 16:31:38.326,Chong,right,21.800,1308,,,,,,,1.4211,-2.4145,8.8058,4.8217,4.8217,13.3103
2026-06-15 16:31:38.357,Chong,right,21.833,1310,,,,,,,1.4055,-2.3998,8.8135,4.8309,4.8309,13.3506
2026-06-15 16:31:38.388,Chong,right,21.867,1312,,,,,,,1.3896,-2.3749,8.8161,4.8596,4.8596,13.3797
2026-06-15 16:31:38.418,Chong,right,21.900,1314,,,,,,,1.4002,-2.3838,8.8090,4.8998,4.8998,13.5097
2026-06-15 16:31:38.449,Chong,right,21.917,1315,,,,,,,1.3646,-2.3028,8.8039,4.8622,4.8622,13.5122
2026-06-15 16:31:38.479,Chong,right,21.950,1317,,,,,,,1.3543,-2.1590,8.8101,4.8523,4.8523,13.3757
2026-06-15 16:31:38.510,Chong,right,21.983,1319,,,,,,,1.3419,-2.1135,8.8179,4.8580,4.8580,13.3655
2026-06-15 16:31:38.541,Chong,right,22.017,1321,,,,,,,1.3488,-2.0439,8.8344,4.8745,4.8745,13.3816
2026-06-15 16:31:38.571,Chong,right,22.050,1323,,,,,,,1.3364,-1.9908,8.8316,4.8958,4.8958,13.4118
2026-06-15 16:31:38.602,Chong,right,22.083,1325,,,,,,,1.3419,-1.9671,8.8242,4.8756,4.8756,13.3703
2026-06-15 16:31:38.633,Chong,right,22.100,1326,,,,,,,1.3362,-1.9512,8.8168,4.8601,4.8601,13.3123
2026-06-15 16:31:38.664,Chong,right,22.133,1328,,,,,,,1.3333,-1.9369,8.8229,4.8925,4.8925,13.3658
2026-06-15 16:31:38.694,Chong,right,22.167,1330,,,,,,,1.3384,-1.9088,8.8367,4.9168,4.9168,13.3977
2026-06-15 16:31:38.725,Chong,right,22.200,1332,,,,,,,1.3536,-1.8866,8.8483,4.9214,4.9214,13.5234
2026-06-15 16:31:38.755,Chong,right,22.233,1334,,,,,,,1.3404,-1.8566,8.8548,4.9334,4.9334,13.5355
2026-06-15 16:31:38.787,Chong,right,22.267,1336,,,,,,,1.3146,-1.8330,8.8610,4.9600,4.9600,13.5686
2026-06-15 16:31:38.817,Chong,right,22.300,1338,,,,,,,1.3127,-1.8142,8.8609,4.9300,4.9300,13.4596
2026-06-15 16:31:38.848,Chong,right,22.317,1339,,,,,,,1.3336,-1.8043,8.8436,4.8932,4.8932,13.3763
2026-06-15 16:31:38.878,Chong,right,22.350,1341,,,,,,,1.3252,-1.8193,8.8209,4.8596,4.8596,13.3336
2026-06-15 16:31:38.909,Chong,right,22.383,1343,,,,,,,1.3253,-1.8257,8.8009,4.7827,4.7827,13.2979
2026-06-15 16:31:38.940,Chong,right,22.417,1345,,,,,,,1.2931,-1.8664,8.7915,4.8094,4.8094,13.4181
2026-06-15 16:31:38.970,Chong,right,22.450,1347,,,,,,,1.3046,-1.8236,8.7843,4.8192,4.8192,13.4640
2026-06-15 16:31:39.001,Chong,right,22.483,1349,,,,,,,1.3003,-1.6761,8.8001,4.8842,4.8842,13.6162
2026-06-15 16:31:39.031,Chong,right,22.500,1350,,,,,,,1.3166,-1.6244,8.8186,4.8736,4.8736,13.4179
2026-06-15 16:31:39.061,Chong,right,22.533,1352,,,,,,,1.3472,-1.5765,8.8428,4.8476,4.8476,13.2377
2026-06-15 16:31:39.092,Chong,right,22.567,1354,,,,,,,1.3144,-1.5566,8.8360,4.9582,4.9582,13.2158
2026-06-15 16:31:39.123,Chong,right,22.600,1356,,,,,,,1.3260,-1.5372,8.8330,4.9457,4.9457,13.2302
2026-06-15 16:31:39.153,Chong,right,22.633,1358,,,,,,,1.3509,-1.5152,8.8330,4.9045,4.9045,13.0820
2026-06-15 16:31:39.184,Chong,right,22.667,1360,,,,,,,1.3771,-1.4862,8.8277,4.8515,4.8515,12.9082
2026-06-15 16:31:39.214,Chong,right,22.683,1361,,,,,,,1.3803,-1.4487,8.8274,4.8189,4.8189,12.8613
2026-06-15 16:31:39.245,Chong,right,22.717,1363,,,,,,,1.3732,-1.4348,8.8339,4.8565,4.8565,12.9230
2026-06-15 16:31:39.275,Chong,right,22.750,1365,,,,,,,1.3671,-1.4081,8.8427,4.8735,4.8735,12.9263
2026-06-15 16:31:39.306,Chong,right,22.783,1367,,,,,,,1.3538,-1.3585,8.8550,4.8974,4.8974,12.9058
2026-06-15 16:31:39.337,Chong,right,22.817,1369,,,,,,,1.3541,-1.3195,8.8578,4.8842,4.8842,12.8781
2026-06-15 16:31:39.367,Chong,right,22.850,1371,,,,,,,1.3729,-1.2716,8.8614,4.8468,4.8468,12.8081
2026-06-15 16:31:39.398,Chong,right,22.867,1372,,,,,,,1.3665,-1.2530,8.8567,4.8730,4.8730,12.7436
2026-06-15 16:31:39.428,Chong,right,22.900,1374,,,,,,,1.3479,-1.2056,8.8371,4.8151,4.8151,12.7215
2026-06-15 16:31:39.458,Chong,right,22.933,1376,,,,,,,1.3352,-1.1761,8.8167,4.8140,4.8140,12.7435
2026-06-15 16:31:39.489,Chong,right,22.967,1378,,,,,,,1.3051,-1.1747,8.8113,4.8314,4.8314,12.7638
2026-06-15 16:31:39.520,Chong,right,23.000,1380,,,,,,,1.3077,-1.1631,8.8287,4.7867,4.7867,12.7989
2026-06-15 16:31:39.550,Chong,right,23.033,1382,,,,,,,1.3148,-1.1540,8.8357,4.7616,4.7616,12.7258
2026-06-15 16:31:39.581,Chong,right,23.050,1383,,,,,,,1.3079,-1.1382,8.8527,4.7340,4.7340,12.8370
2026-06-15 16:31:39.612,Chong,right,23.083,1385,,,,,,,1.3023,-1.1328,8.8661,4.7570,4.7570,12.8771
2026-06-15 16:31:39.642,Chong,right,23.117,1387,,,,,,,1.2974,-1.1354,8.8697,4.8206,4.8206,12.8379
2026-06-15 16:31:39.673,Chong,right,23.150,1389,,,,,,,1.2834,-1.1340,8.8745,4.8962,4.8962,12.8426
2026-06-15 16:31:39.703,Chong,right,23.183,1391,,,,,,,1.2720,-1.1392,8.8813,4.9361,4.9361,12.7823
2026-06-15 16:31:39.734,Chong,right,23.217,1393,,,,,,,1.2420,-1.1747,8.8687,4.9141,4.9141,12.7034
2026-06-15 16:31:39.765,Chong,right,23.233,1394,,,,,,,1.1928,-1.1486,8.8770,4.9069,4.9069,12.6738
2026-06-15 16:31:39.795,Chong,right,23.267,1396,,,,,,,1.1789,-1.1453,8.8896,4.9006,4.9006,12.7554
2026-06-15 16:31:39.826,Chong,right,23.300,1398,,,,,,,1.1908,-1.1737,8.9136,4.8281,4.8281,12.5672
2026-06-15 16:31:39.856,Chong,right,23.333,1400,,,,,,,1.2160,-1.2018,8.9254,4.7639,4.7639,12.3414
2026-06-15 16:31:39.887,Chong,right,23.367,1402,,,,,,,1.2236,-1.2231,8.9285,4.7120,4.7120,12.3855
2026-06-15 16:31:39.917,Chong,right,23.400,1404,,,,,,,1.2224,-1.2206,8.9376,4.7293,4.7293,12.4989
2026-06-15 16:31:39.948,Chong,right,23.417,1405,,,,,,,1.2197,-1.2141,8.9359,4.6836,4.6836,12.5331
2026-06-15 16:31:39.978,Chong,right,23.450,1407,,,,,,,1.2223,-1.1985,8.9225,4.7017,4.7017,12.4795
2026-06-15 16:31:40.009,Chong,right,23.483,1409,,,,,,,1.2546,-1.1678,8.9428,4.6794,4.6794,12.5099
2026-06-15 16:31:40.039,Chong,right,23.517,1411,,,,,,,1.2739,-1.1494,8.9707,4.6427,4.6427,12.5492
2026-06-15 16:31:40.070,Chong,right,23.550,1413,,,,,,,1.2571,-1.1591,8.9795,4.6789,4.6789,12.5676
2026-06-15 16:31:40.100,Chong,right,23.583,1415,,,,,,,1.2692,-1.1420,8.9739,4.6424,4.6424,12.3407
2026-06-15 16:31:40.131,Chong,right,23.600,1416,,,,,,,1.2580,-1.1184,8.9749,4.6571,4.6571,12.2871
2026-06-15 16:31:40.161,Chong,right,23.633,1418,,,,,,,1.2389,-1.1094,8.9715,4.6378,4.6378,12.2678
2026-06-15 16:31:40.192,Chong,right,23.667,1420,,,,,,,1.2312,-1.1114,8.9704,4.7019,4.7019,12.3846
2026-06-15 16:31:40.222,Chong,right,23.700,1422,,,,,,,1.2356,-1.0970,8.9716,4.7729,4.7729,12.4927
2026-06-15 16:31:40.253,Chong,right,23.733,1424,,,,,,,1.2229,-1.0901,8.9658,4.8091,4.8091,12.5358
2026-06-15 16:31:40.284,Chong,right,23.767,1426,,,,,,,1.2052,-1.0720,8.9563,4.8500,4.8500,12.6369
2026-06-15 16:31:40.314,Chong,right,23.783,1427,,,,,,,1.2064,-1.0626,8.9340,4.8336,4.8336,12.5948
2026-06-15 16:31:40.345,Chong,right,23.817,1429,,,,,,,1.2307,-1.0564,8.9177,4.8451,4.8451,12.5532
2026-06-15 16:31:40.375,Chong,right,23.850,1431,,,,,,,1.2364,-1.0658,8.9128,4.8571,4.8571,12.5533
2026-06-15 16:31:40.405,Chong,right,23.883,1433,,,,,,,1.2290,-1.0776,8.9138,4.8679,4.8679,12.5968
2026-06-15 16:31:40.436,Chong,right,23.917,1435,,,,,,,1.2158,-1.0866,8.9288,4.8901,4.8901,12.6678
2026-06-15 16:31:40.467,Chong,right,23.950,1437,,,,,,,1.2095,-1.0805,8.9293,4.8590,4.8590,12.6282
2026-06-15 16:31:40.498,Chong,right,23.967,1438,,,,,,,1.1936,-1.0836,8.9268,4.8709,4.8709,12.6499
2026-06-15 16:31:40.528,Chong,right,24.000,1440,,,,,,,1.1850,-1.0739,8.9250,4.8511,4.8511,12.6648
2026-06-15 16:31:40.559,Chong,right,24.033,1442,,,,,,,1.1827,-1.0689,8.9232,4.8371,4.8371,12.6284
2026-06-15 16:31:40.589,Chong,right,24.067,1444,,,,,,,1.1981,-1.0916,8.9153,4.8305,4.8305,12.5142
2026-06-15 16:31:40.620,Chong,right,24.100,1446,,,,,,,1.1988,-1.0942,8.9091,4.8227,4.8227,12.4995
2026-06-15 16:31:40.651,Chong,right,24.133,1448,,,,,,,1.2146,-1.0921,8.8995,4.8577,4.8577,12.3978
2026-06-15 16:31:40.681,Chong,right,24.150,1449,,,,,,,1.2162,-1.0921,8.8781,4.8241,4.8241,12.2701
2026-06-15 16:31:40.711,Chong,right,24.183,1451,,,,,,,1.2199,-1.1026,8.8440,4.7886,4.7886,12.2020
2026-06-15 16:31:40.742,Chong,right,24.217,1453,,,,,,,1.2092,-1.1055,8.8387,4.8017,4.8017,12.2827
2026-06-15 16:31:40.773,Chong,right,24.250,1455,,,,,,,1.2181,-1.0997,8.8406,4.7438,4.7438,12.2842
2026-06-15 16:31:40.803,Chong,right,24.283,1457,,,,,,,1.2242,-1.0826,8.8570,4.6852,4.6852,12.2705
2026-06-15 16:31:40.834,Chong,right,24.317,1459,,,,,,,1.2442,-1.0897,8.8655,4.6547,4.6547,12.1905
2026-06-15 16:31:40.865,Chong,right,24.333,1460,,,,,,,1.2768,-1.0959,8.8587,4.6471,4.6471,12.0702
2026-06-15 16:31:40.895,Chong,right,24.367,1462,,,,,,,1.2768,-1.0959,8.8587,4.6471,4.6471,12.0702
2026-06-15 16:31:40.926,Chong,right,24.400,1464,,,,,,,1.2925,-1.1049,8.8465,4.6758,4.6758,12.0257
2026-06-15 16:31:40.956,Chong,right,24.433,1466,,,,,,,1.4451,-0.7768,8.7806,3.8669,3.8669,10.3606
2026-06-15 16:31:40.987,Chong,right,24.467,1468,,,,,,,1.9212,-0.3675,4.7937,0.0000,0.0000,0.0000
2026-06-15 16:31:41.018,Chong,right,24.500,1470,,,,,,,1.9212,-0.3675,4.7937,0.0000,0.0000,0.0000
2026-06-15 16:31:41.048,Chong,right,24.517,1471,,,,,,,5.4562,0.1963,10.3957,1.9038,1.9038,2.8859
2026-06-15 16:31:41.079,Chong,right,24.550,1473,,,,,,,1.9212,-0.3675,4.7937,0.0000,0.0000,0.0000
2026-06-15 16:31:41.110,Chong,right,24.583,1475,,,,,,,1.5218,-1.5858,10.1868,4.3136,4.3136,9.9986
2026-06-15 16:31:41.140,Chong,right,24.617,1477,,,,,,,1.4423,-1.6724,9.7155,4.4923,4.4923,10.9488
2026-06-15 16:31:41.171,Chong,right,24.650,1479,,,,,,,1.3887,-1.7131,9.3514,4.6094,4.6094,11.6182
2026-06-15 16:31:41.201,Chong,right,24.683,1481,,,,,,,1.3641,-1.7505,9.1099,4.6724,4.6724,11.8236
2026-06-15 16:31:41.232,Chong,right,24.700,1482,,,,,,,1.3603,-1.7616,9.0241,4.6731,4.6731,11.8342
2026-06-15 16:31:41.263,Chong,right,24.733,1484,,,,,,,1.3147,-1.7751,8.9291,4.7015,4.7015,11.8217
2026-06-15 16:31:41.293,Chong,right,24.767,1486,,,,,,,1.2892,-1.8151,8.8890,4.6828,4.6828,11.9166
2026-06-15 16:31:41.324,Chong,right,24.800,1488,,,,,,,1.2976,-1.8358,8.8787,4.6382,4.6382,11.8577
2026-06-15 16:31:41.355,Chong,right,24.833,1490,,,,,,,1.2928,-1.8864,8.8579,4.6089,4.6089,11.7645
2026-06-15 16:31:41.385,Chong,right,24.867,1492,,,,,,,1.3038,-1.9463,8.8351,4.6092,4.6092,11.6988
2026-06-15 16:31:41.416,Chong,right,24.883,1493,,,,,,,1.3163,-1.9969,8.8231,4.6049,4.6049,11.6805
2026-06-15 16:31:41.446,Chong,right,24.917,1495,,,,,,,1.3216,-2.0243,8.8182,4.6228,4.6228,11.6766
2026-06-15 16:31:41.477,Chong,right,24.950,1497,,,,,,,1.3225,-2.0824,8.8101,4.6451,4.6451,11.6704
2026-06-15 16:31:41.507,Chong,right,24.983,1499,,,,,,,1.3207,-2.1218,8.8037,4.6427,4.6427,11.7192
2026-06-15 16:31:41.538,Chong,right,25.017,1501,,,,,,,1.3167,-2.1203,8.7987,4.6401,4.6401,11.7074
2026-06-15 16:31:41.569,Chong,right,25.050,1503,,,,,,,1.2733,-2.0542,8.7844,4.6309,4.6309,11.8244
2026-06-15 16:31:41.600,Chong,right,25.067,1504,,,,,,,1.2439,-2.0450,8.7796,4.6660,4.6660,11.9634
2026-06-15 16:31:41.630,Chong,right,25.100,1506,,,,,,,1.2527,-2.0596,8.7816,4.7031,4.7031,12.0149
2026-06-15 16:31:41.661,Chong,right,25.133,1508,,,,,,,1.2598,-2.0647,8.7813,4.7118,4.7118,12.0596
2026-06-15 16:31:41.692,Chong,right,25.167,1510,,,,,,,1.2509,-2.0920,8.7975,4.7596,4.7596,12.1456
2026-06-15 16:31:41.722,Chong,right,25.200,1512,,,,,,,1.2453,-2.1523,8.8166,4.7858,4.7858,12.1408
2026-06-15 16:31:41.753,Chong,right,25.233,1514,,,,,,,1.2831,-2.2034,8.8323,4.7417,4.7417,12.1016
2026-06-15 16:31:41.783,Chong,right,25.267,1516,,,,,,,1.3091,-2.2765,8.8306,4.7024,4.7024,11.9735
2026-06-15 16:31:41.814,Chong,right,25.283,1517,,,,,,,1.3258,-2.3146,8.8286,4.6896,4.6896,11.9952
2026-06-15 16:31:41.844,Chong,right,25.317,1519,,,,,,,1.3657,-2.3907,8.8212,4.6842,4.6842,11.8820
2026-06-15 16:31:41.875,Chong,right,25.350,1521,,,,,,,1.3626,-2.4324,8.8303,4.7311,4.7311,12.0169
2026-06-15 16:31:41.905,Chong,right,25.383,1523,,,,,,,1.3877,-2.4443,8.8447,4.6941,4.6941,12.0952
2026-06-15 16:31:41.936,Chong,right,25.417,1525,,,,,,,1.3721,-2.4542,8.8418,4.6850,4.6850,12.0865
2026-06-15 16:31:41.967,Chong,right,25.450,1527,,,,,,,1.3681,-2.5015,8.8169,4.6756,4.6756,12.0469
2026-06-15 16:31:41.997,Chong,right,25.467,1528,,,,,,,1.3546,-2.5239,8.8017,4.6610,4.6610,12.0065
2026-06-15 16:31:42.027,Chong,right,25.500,1530,,,,,,,1.3448,-2.5269,8.8003,4.6688,4.6688,12.0778
2026-06-15 16:31:42.058,Chong,right,25.533,1532,,,,,,,1.3995,-2.5221,8.8232,4.5791,4.5791,12.1485
2026-06-15 16:31:42.088,Chong,right,25.567,1534,,,,,,,1.4512,-2.5415,8.8437,4.5210,4.5210,12.1395
2026-06-15 16:31:42.119,Chong,right,25.600,1536,,,,,,,1.4623,-2.5508,8.8458,4.5097,4.5097,12.0910
2026-06-15 16:31:42.149,Chong,right,25.617,1537,,,,,,,1.4520,-2.5715,8.8417,4.5257,4.5257,12.0258
2026-06-15 16:31:42.180,Chong,right,25.650,1539,,,,,,,1.4344,-2.6088,8.7984,4.5836,4.5836,12.0572
2026-06-15 16:31:42.211,Chong,right,25.683,1541,,,,,,,1.4278,-2.6418,8.7653,4.6481,4.6481,11.9274
2026-06-15 16:31:42.241,Chong,right,25.717,1543,,,,,,,1.4261,-2.6644,8.7533,4.6664,4.6664,11.9190
2026-06-15 16:31:42.272,Chong,right,25.750,1545,,,,,,,1.4224,-2.7122,8.7472,4.6846,4.6846,11.9228
2026-06-15 16:31:42.302,Chong,right,25.783,1547,,,,,,,1.4378,-2.7459,8.7419,4.6730,4.6730,11.9844
2026-06-15 16:31:42.332,Chong,right,25.800,1548,,,,,,,1.4476,-2.7800,8.7329,4.6790,4.6790,11.9769
2026-06-15 16:31:42.363,Chong,right,25.833,1550,,,,,,,1.4574,-2.7976,8.7276,4.6751,4.6751,11.9113
2026-06-15 16:31:42.394,Chong,right,25.867,1552,,,,,,,1.4538,-2.7999,8.7215,4.6894,4.6894,11.9943
2026-06-15 16:31:42.424,Chong,right,25.900,1554,,,,,,,1.4475,-2.8195,8.7238,4.7435,4.7435,12.2448
2026-06-15 16:31:42.454,Chong,right,25.933,1556,,,,,,,1.4555,-2.8331,8.7232,4.7684,4.7684,12.2923
2026-06-15 16:31:42.485,Chong,right,25.967,1558,,,,,,,1.4522,-2.8347,8.7263,4.7982,4.7982,12.3907
2026-06-15 16:31:42.517,Chong,right,26.000,1560,,,,,,,1.4474,-2.8290,8.7306,4.8033,4.8033,12.4022
2026-06-15 16:31:42.548,Chong,right,26.017,1561,,,,,,,1.4336,-2.8216,8.7442,4.8130,4.8130,12.5073
2026-06-15 16:31:42.578,Chong,right,26.050,1563,,,,,,,1.4417,-2.8170,8.7608,4.8069,4.8069,12.4820
2026-06-15 16:31:42.609,Chong,right,26.083,1565,,,,,,,1.4495,-2.8312,8.7761,4.7835,4.7835,12.3917
2026-06-15 16:31:42.639,Chong,right,26.117,1567,,,,,,,1.4412,-2.8539,8.7690,4.7928,4.7928,12.3332
2026-06-15 16:31:42.670,Chong,right,26.150,1569,,,,,,,1.4312,-2.8585,8.7632,4.7786,4.7786,12.3634
2026-06-15 16:31:42.701,Chong,right,26.183,1571,,,,,,,1.4393,-2.8814,8.7582,4.7800,4.7800,12.3078
2026-06-15 16:31:42.731,Chong,right,26.200,1572,,,,,,,1.4383,-2.8883,8.7580,4.7722,4.7722,12.3244
2026-06-15 16:31:42.762,Chong,right,26.233,1574,,,,,,,1.4479,-2.8968,8.7591,4.7541,4.7541,12.2646
2026-06-15 16:31:42.792,Chong,right,26.267,1576,,,,,,,1.4400,-2.9217,8.7538,4.7251,4.7251,12.2164
2026-06-15 16:31:42.823,Chong,right,26.300,1578,,,,,,,1.4334,-2.9256,8.7505,4.7262,4.7262,12.1976
2026-06-15 16:31:42.853,Chong,right,26.333,1580,,,,,,,1.4234,-2.9191,8.7493,4.7073,4.7073,12.1522
2026-06-15 16:31:42.884,Chong,right,26.367,1582,,,,,,,1.4204,-2.8919,8.7524,4.7000,4.7000,12.2055
2026-06-15 16:31:42.914,Chong,right,26.383,1583,,,,,,,1.4261,-2.8712,8.7496,4.6357,4.6357,12.0450
2026-06-15 16:31:42.944,Chong,right,26.417,1585,,,,,,,1.4237,-2.8640,8.7441,4.6229,4.6229,11.9430
2026-06-15 16:31:42.975,Chong,right,26.450,1587,,,,,,,1.4201,-2.8604,8.7377,4.6315,4.6315,11.8185
2026-06-15 16:31:43.006,Chong,right,26.483,1589,,,,,,,1.4310,-2.8531,8.7439,4.6998,4.6998,11.7641
2026-06-15 16:31:43.036,Chong,right,26.517,1591,,,,,,,1.4199,-2.8482,8.7535,4.7300,4.7300,11.8349
2026-06-15 16:31:43.067,Chong,right,26.550,1593,,,,,,,1.4100,-2.8462,8.7748,4.7586,4.7586,11.9528
2026-06-15 16:31:43.098,Chong,right,26.567,1594,,,,,,,1.4158,-2.8377,8.7921,4.7432,4.7432,11.9852
2026-06-15 16:31:43.128,Chong,right,26.600,1596,,,,,,,1.4196,-2.8325,8.8023,4.7372,4.7372,11.9558
2026-06-15 16:31:43.158,Chong,right,26.633,1598,,,,,,,1.4313,-2.8286,8.8099,4.7033,4.7033,11.7758
2026-06-15 16:31:43.189,Chong,right,26.667,1600,,,,,,,1.4392,-2.8184,8.8062,4.6671,4.6671,11.7556
2026-06-15 16:31:43.220,Chong,right,26.700,1602,,,,,,,1.4405,-2.8113,8.8020,4.6539,4.6539,11.7680
2026-06-15 16:31:43.250,Chong,right,26.733,1604,,,,,,,1.4403,-2.7987,8.7947,4.6325,4.6325,11.7301
2026-06-15 16:31:43.281,Chong,right,26.750,1605,,,,,,,1.4321,-2.7836,8.7948,4.6311,4.6311,11.7354
2026-06-15 16:31:43.312,Chong,right,26.783,1607,,,,,,,1.4298,-2.7516,8.7969,4.6612,4.6612,11.7551
2026-06-15 16:31:43.343,Chong,right,26.817,1609,,,,,,,1.4228,-2.7116,8.7911,4.6921,4.6921,11.8373
2026-06-15 16:31:43.373,Chong,right,26.850,1611,,,,,,,1.4107,-2.6663,8.7901,4.6845,4.6845,11.8567
2026-06-15 16:31:43.404,Chong,right,26.883,1613,,,,,,,1.3892,-2.6261,8.7999,4.7049,4.7049,11.9033
2026-06-15 16:31:43.435,Chong,right,26.917,1615,,,,,,,1.3982,-2.6051,8.8063,4.6709,4.6709,11.9003
2026-06-15 16:31:43.466,Chong,right,26.933,1616,,,,,,,1.3936,-2.5557,8.8205,4.6685,4.6685,11.9692
2026-06-15 16:31:43.496,Chong,right,26.967,1618,,,,,,,1.3922,-2.5159,8.8276,4.6685,4.6685,12.0117
2026-06-15 16:31:43.528,Chong,right,27.000,1620,,,,,,,1.3695,-2.4431,8.8400,4.6815,4.6815,12.1811
2026-06-15 16:31:43.559,Chong,right,27.033,1622,,,,,,,1.3561,-2.4116,8.8482,4.6847,4.6847,12.2402
2026-06-15 16:31:43.590,Chong,right,27.067,1624,,,,,,,1.3694,-2.3630,8.8537,4.6433,4.6433,12.1593
2026-06-15 16:31:43.621,Chong,right,27.100,1626,,,,,,,1.3723,-2.3065,8.8524,4.6120,4.6120,12.0366
2026-06-15 16:31:43.651,Chong,right,27.133,1628,,,,,,,1.3626,-2.2168,8.8507,4.6189,4.6189,12.2361
2026-06-15 16:31:43.682,Chong,right,27.150,1629,,,,,,,1.3264,-1.8714,8.8264,4.6751,4.6751,12.3154
2026-06-15 16:31:43.713,Chong,right,27.183,1631,,,,,,,1.2989,-1.7610,8.8104,4.7252,4.7252,12.3286
2026-06-15 16:31:43.743,Chong,right,27.217,1633,,,,,,,1.3493,-1.6215,8.8105,4.6687,4.6687,12.2475
2026-06-15 16:31:43.774,Chong,right,27.250,1635,,,,,,,1.3644,-1.5516,8.8283,4.6394,4.6394,12.2367
2026-06-15 16:31:43.804,Chong,right,27.283,1637,,,,,,,1.3776,-1.5046,8.8532,4.6437,4.6437,12.1710
2026-06-15 16:31:43.835,Chong,right,27.317,1639,,,,,,,1.3824,-1.4811,8.8678,4.6652,4.6652,12.1945
2026-06-15 16:31:43.866,Chong,right,27.333,1640,,,,,,,1.3993,-1.4320,8.8864,4.6312,4.6312,12.1203
2026-06-15 16:31:43.896,Chong,right,27.367,1642,,,,,,,1.4129,-1.4069,8.8966,4.5711,4.5711,12.0041
2026-06-15 16:31:43.927,Chong,right,27.400,1644,,,,,,,1.3989,-1.3600,8.9049,4.5614,4.5614,11.9384
2026-06-15 16:31:43.957,Chong,right,27.433,1646,,,,,,,1.3652,-1.3295,8.9061,4.6428,4.6428,12.0986
2026-06-15 16:31:43.988,Chong,right,27.467,1648,,,,,,,1.3612,-1.2810,8.9075,4.6471,4.6471,12.0841
2026-06-15 16:31:44.018,Chong,right,27.500,1650,,,,,,,1.3694,-1.2230,8.9062,4.6595,4.6595,11.9660
2026-06-15 16:31:44.049,Chong,right,27.517,1651,,,,,,,1.3708,-1.2031,8.8998,4.6204,4.6204,11.8696
2026-06-15 16:31:44.079,Chong,right,27.550,1653,,,,,,,1.3713,-1.1661,8.8665,4.5900,4.5900,11.6629
2026-06-15 16:31:44.110,Chong,right,27.583,1655,,,,,,,1.3674,-1.1381,8.8534,4.6572,4.6572,11.8530
2026-06-15 16:31:44.141,Chong,right,27.617,1657,,,,,,,1.3816,-1.0991,8.8464,4.6685,4.6685,11.9224
2026-06-15 16:31:44.171,Chong,right,27.650,1659,,,,,,,1.3976,-1.0596,8.8514,4.6186,4.6186,12.0018
2026-06-15 16:31:44.202,Chong,right,27.683,1661,,,,,,,1.4095,-1.0422,8.8525,4.5592,4.5592,11.9134
2026-06-15 16:31:44.233,Chong,right,27.700,1662,,,,,,,1.4151,-0.9954,8.8533,4.4907,4.4907,11.8907
2026-06-15 16:31:44.263,Chong,right,27.733,1664,,,,,,,1.4147,-0.9394,8.8703,4.5448,4.5448,12.0238
2026-06-15 16:31:44.294,Chong,right,27.767,1666,,,,,,,1.4223,-0.8985,8.8840,4.5306,4.5306,11.9765
2026-06-15 16:31:44.324,Chong,right,27.800,1668,,,,,,,1.4170,-0.8596,8.8982,4.5354,4.5354,11.7654
2026-06-15 16:31:44.355,Chong,right,27.833,1670,,,,,,,1.4162,-0.8416,8.9080,4.5167,4.5167,11.6945
2026-06-15 16:31:44.385,Chong,right,27.867,1672,,,,,,,1.4218,-0.8128,8.9089,4.4762,4.4762,11.6731
2026-06-15 16:31:44.415,Chong,right,27.883,1673,,,,,,,1.4172,-0.8050,8.9074,4.5050,4.5050,11.6674
2026-06-15 16:31:44.446,Chong,right,27.917,1675,,,,,,,1.4064,-0.7612,8.9018,4.5628,4.5628,11.6237
2026-06-15 16:31:44.477,Chong,right,27.950,1677,,,,,,,1.3974,-0.7460,8.8967,4.5510,4.5510,11.6365
2026-06-15 16:31:44.507,Chong,right,27.983,1679,,,,,,,1.3951,-0.6974,8.8896,4.5429,4.5429,11.5676
2026-06-15 16:31:44.543,Chong,right,28.017,1681,,,,,,,1.3804,-0.6691,8.8992,4.5394,4.5394,11.4099
2026-06-15 16:31:44.573,Chong,right,28.050,1683,,,,,,,1.3713,-0.6298,8.9085,4.5149,4.5149,11.4222
2026-06-15 16:31:44.604,Chong,right,28.083,1685,,,,,,,1.3599,-0.5870,8.9171,4.4977,4.4977,11.4295
2026-06-15 16:31:44.634,Chong,right,28.117,1687,,,,,,,1.3558,-0.5699,8.9137,4.4760,4.4760,11.2547
2026-06-15 16:31:44.665,Chong,right,28.133,1688,,,,,,,1.3284,-0.5532,8.9222,4.5367,4.5367,11.4438
2026-06-15 16:31:44.695,Chong,right,28.167,1690,,,,,,,1.3389,-0.5218,8.9264,4.5475,4.5475,11.3038
2026-06-15 16:31:44.726,Chong,right,28.200,1692,,,,,,,1.3526,-0.4857,8.9227,4.4829,4.4829,11.2304
2026-06-15 16:31:44.756,Chong,right,28.233,1694,,,,,,,1.3567,-0.4756,8.9089,4.4770,4.4770,11.1676
2026-06-15 16:31:44.786,Chong,right,28.267,1696,,,,,,,1.3367,-0.4514,8.9037,4.4889,4.4889,11.2198
2026-06-15 16:31:44.817,Chong,right,28.300,1698,,,,,,,1.3098,-0.3990,8.8885,4.4695,4.4695,11.1670
2026-06-15 16:31:44.848,Chong,right,28.317,1699,,,,,,,1.2764,-0.3644,8.8869,4.4942,4.4942,11.2030
2026-06-15 16:31:44.878,Chong,right,28.350,1701,,,,,,,1.2402,-0.3483,8.8884,4.5605,4.5605,11.1878
2026-06-15 16:31:44.910,Chong,right,28.383,1703,,,,,,,1.2276,-0.3105,8.8801,4.5481,4.5481,11.0968
2026-06-15 16:31:44.941,Chong,right,28.417,1705,,,,,,,1.2221,-0.3074,8.8790,4.5437,4.5437,11.0642
2026-06-15 16:31:44.972,Chong,right,28.450,1707,,,,,,,1.2196,-0.2958,8.8754,4.5267,4.5267,11.0024
2026-06-15 16:31:45.002,Chong,right,28.483,1709,,,,,,,1.2306,-0.2977,8.8779,4.5109,4.5109,10.9939
2026-06-15 16:31:45.033,Chong,right,28.500,1710,,,,,,,1.2390,-0.2968,8.8917,4.4990,4.4990,10.9432
2026-06-15 16:31:45.063,Chong,right,28.533,1712,,,,,,,1.2708,-0.2993,8.9097,4.4288,4.4288,10.8558
2026-06-15 16:31:45.094,Chong,right,28.567,1714,,,,,,,1.2320,-0.3071,8.9051,4.5101,4.5101,10.7915
2026-06-15 16:31:45.124,Chong,right,28.600,1716,,,,,,,1.1731,-0.2579,8.9060,4.5454,4.5454,10.8836
2026-06-15 16:31:45.156,Chong,right,28.633,1718,,,,,,,1.1773,-0.2201,8.9076,4.5329,4.5329,10.7927
2026-06-15 16:31:45.186,Chong,right,28.667,1720,,,,,,,1.1714,-0.1871,8.9103,4.5436,4.5436,10.7627
2026-06-15 16:31:45.217,Chong,right,28.700,1722,,,,,,,1.1812,-0.1726,8.9085,4.5337,4.5337,10.6502
2026-06-15 16:31:45.249,Chong,right,28.717,1723,,,,,,,1.1695,-0.1786,8.9147,4.5541,4.5541,10.6966
2026-06-15 16:31:45.279,Chong,right,28.750,1725,,,,,,,1.1554,-0.1962,8.9261,4.5642,4.5642,10.8300
2026-06-15 16:31:45.309,Chong,right,28.783,1727,,,,,,,1.1506,-0.2111,8.9410,4.5445,4.5445,10.9106
2026-06-15 16:31:45.340,Chong,right,28.817,1729,,,,,,,1.1340,-0.2325,8.9408,4.5799,4.5799,11.0217
2026-06-15 16:31:45.370,Chong,right,28.850,1731,,,,,,,1.1528,-0.2321,8.9331,4.5619,4.5619,10.9780
2026-06-15 16:31:45.401,Chong,right,28.883,1733,,,,,,,1.1576,-0.2375,8.9265,4.5666,4.5666,10.9464
2026-06-15 16:31:45.432,Chong,right,28.900,1734,,,,,,,1.1737,-0.2410,8.9380,4.5299,4.5299,11.0146
2026-06-15 16:31:45.462,Chong,right,28.933,1736,,,,,,,1.1848,-0.2582,8.9485,4.4771,4.4771,11.0342
2026-06-15 16:31:45.492,Chong,right,28.967,1738,,,,,,,1.2053,-0.2552,8.9391,4.4071,4.4071,10.9825
2026-06-15 16:31:45.523,Chong,right,29.000,1740,,,,,,,1.2268,-0.2922,8.9402,4.4123,4.4123,10.9788
2026-06-15 16:31:45.554,Chong,right,29.033,1742,,,,,,,1.2414,-0.3132,8.9429,4.3753,4.3753,10.9707
2026-06-15 16:31:45.584,Chong,right,29.067,1744,,,,,,,1.2294,-0.3290,8.9469,4.4340,4.4340,10.9797
2026-06-15 16:31:45.615,Chong,right,29.083,1745,,,,,,,1.2400,-0.3360,8.9519,4.4513,4.4513,10.9983
2026-06-15 16:31:45.645,Chong,right,29.117,1747,,,,,,,1.2348,-0.3568,8.9513,4.4343,4.4343,11.0532
2026-06-15 16:31:45.676,Chong,right,29.150,1749,,,,,,,1.2251,-0.3664,8.9509,4.4591,4.4591,11.0840
2026-06-15 16:31:45.706,Chong,right,29.183,1751,,,,,,,1.2142,-0.3947,8.9438,4.4664,4.4664,11.1946
2026-06-15 16:31:45.737,Chong,right,29.217,1753,,,,,,,1.1632,-0.4175,8.9443,4.5179,4.5179,11.3227
2026-06-15 16:31:45.768,Chong,right,29.250,1755,,,,,,,1.1370,-0.4586,8.9495,4.6202,4.6202,11.5223
2026-06-15 16:31:45.798,Chong,right,29.267,1756,,,,,,,1.1189,-0.4976,8.9794,4.6892,4.6892,11.7107
2026-06-15 16:31:45.829,Chong,right,29.300,1758,,,,,,,1.1306,-0.5533,9.0045,4.6356,4.6356,11.7447
2026-06-15 16:31:45.859,Chong,right,29.333,1760,,,,,,,1.1412,-0.5810,9.0137,4.6458,4.6458,11.7778
2026-06-15 16:31:45.890,Chong,right,29.367,1762,,,,,,,1.1858,-0.5987,9.0207,4.5560,4.5560,11.6882
2026-06-15 16:31:45.920,Chong,right,29.400,1764,,,,,,,1.1868,-0.6393,9.0194,4.5485,4.5485,11.6169
2026-06-15 16:31:45.951,Chong,right,29.433,1766,,,,,,,1.1745,-0.6825,9.0192,4.6605,4.6605,11.6065
2026-06-15 16:31:45.981,Chong,right,29.450,1767,,,,,,,1.1512,-0.7242,9.0192,4.7282,4.7282,11.6092
2026-06-15 16:31:46.012,Chong,right,29.483,1769,,,,,,,1.1378,-0.7437,9.0266,4.7636,4.7636,11.6527
2026-06-15 16:31:46.043,Chong,right,29.517,1771,,,,,,,1.1279,-0.7612,9.0339,4.7548,4.7548,11.6732
2026-06-15 16:31:46.073,Chong,right,29.550,1773,,,,,,,1.1341,-0.7657,9.0440,4.7358,4.7358,11.6131
2026-06-15 16:31:46.103,Chong,right,29.583,1775,,,,,,,1.1595,-0.7535,9.0221,4.6307,4.6307,11.3515
2026-06-15 16:31:46.134,Chong,right,29.600,1776,,,,,,,1.1704,-0.7630,9.0131,4.6234,4.6234,11.2669
2026-06-15 16:31:46.164,Chong,right,29.633,1778,,,,,,,1.2237,-0.7890,9.0178,4.5126,4.5126,11.2261
2026-06-15 16:31:46.195,Chong,right,29.667,1780,,,,,,,1.2264,-0.8208,9.0281,4.5195,4.5195,11.4669
2026-06-15 16:31:46.225,Chong,right,29.700,1782,,,,,,,1.2280,-0.8361,9.0382,4.4999,4.4999,11.5096
2026-06-15 16:31:46.256,Chong,right,29.733,1784,,,,,,,1.2315,-0.8922,9.0537,4.5255,4.5255,11.5282
2026-06-15 16:31:46.286,Chong,right,29.767,1786,,,,,,,1.2414,-0.9090,9.0610,4.4944,4.4944,11.5698
2026-06-15 16:31:46.317,Chong,right,29.800,1788,,,,,,,1.2507,-0.9520,9.0730,4.4900,4.4900,11.6815
2026-06-15 16:31:46.347,Chong,right,29.817,1789,,,,,,,1.2743,-0.9958,9.0788,4.4673,4.4673,11.6746
2026-06-15 16:31:46.378,Chong,right,29.850,1791,,,,,,,1.2727,-1.0327,9.0757,4.5034,4.5034,11.6458
2026-06-15 16:31:46.408,Chong,right,29.883,1793,,,,,,,1.2756,-1.0448,9.0764,4.5232,4.5232,11.6232
2026-06-15 16:31:46.439,Chong,right,29.917,1795,,,,,,,1.2831,-1.0467,9.0767,4.4977,4.4977,11.5663
2026-06-15 16:31:46.470,Chong,right,29.950,1797,,,,,,,1.2776,-1.0568,9.0737,4.5070,4.5070,11.5951
2026-06-15 16:31:46.500,Chong,right,29.983,1799,,,,,,,1.2957,-1.0708,9.0557,4.4713,4.4713,11.5934
2026-06-15 16:31:46.531,Chong,right,30.000,1800,,,,,,,1.2988,-1.0818,9.0461,4.4797,4.4797,11.5881
2026-06-15 16:31:46.562,Chong,right,30.033,1802,,,,,,,1.3076,-1.1083,9.0306,4.4614,4.4614,11.5584
2026-06-15 16:31:46.593,Chong,right,30.067,1804,,,,,,,1.3129,-1.1474,9.0141,4.5620,4.5620,11.5053
2026-06-15 16:31:46.623,Chong,right,30.100,1806,,,,,,,1.2970,-1.1969,8.9891,4.5954,4.5954,11.6164
2026-06-15 16:31:46.654,Chong,right,30.133,1808,,,,,,,1.2871,-1.2674,8.9737,4.6420,4.6420,11.5904
2026-06-15 16:31:46.684,Chong,right,30.167,1810,,,,,,,1.3237,-1.3322,8.9811,4.5783,4.5783,11.5595
2026-06-15 16:31:46.715,Chong,right,30.183,1811,,,,,,,1.3378,-1.3520,8.9899,4.5633,4.5633,11.5666
2026-06-15 16:31:46.745,Chong,right,30.217,1813,,,,,,,1.3498,-1.4043,9.0046,4.5539,4.5539,11.6819
2026-06-15 16:31:46.776,Chong,right,30.250,1815,,,,,,,1.3421,-1.4176,9.0029,4.5955,4.5955,11.7175
2026-06-15 16:31:46.806,Chong,right,30.283,1817,,,,,,,1.3766,-1.4217,9.0115,4.5088,4.5088,11.7611
2026-06-15 16:31:46.837,Chong,right,30.317,1819,,,,,,,1.3730,-1.4357,9.0104,4.5293,4.5293,11.7434
2026-06-15 16:31:46.868,Chong,right,30.350,1821,,,,,,,1.3704,-1.4455,9.0060,4.5435,4.5435,11.7493
2026-06-15 16:31:46.898,Chong,right,30.367,1822,,,,,,,1.4001,-1.4344,9.0145,4.5492,4.5492,11.6840
2026-06-15 16:31:46.929,Chong,right,30.400,1824,,,,,,,1.3978,-1.4677,9.0052,4.6288,4.6288,11.8073
2026-06-15 16:31:46.959,Chong,right,30.433,1826,,,,,,,1.4005,-1.4946,9.0012,4.6549,4.6549,11.7884
2026-06-15 16:31:46.990,Chong,right,30.467,1828,,,,,,,1.3925,-1.5375,8.9892,4.6830,4.6830,11.7390
2026-06-15 16:31:47.021,Chong,right,30.500,1830,,,,,,,1.3971,-1.5721,8.9863,4.6179,4.6179,11.7356
2026-06-15 16:31:47.051,Chong,right,30.533,1832,,,,,,,1.4041,-1.6242,8.9849,4.6180,4.6180,11.8290
2026-06-15 16:31:47.082,Chong,right,30.550,1833,,,,,,,1.4128,-1.6742,8.9925,4.6311,4.6311,11.8842
2026-06-15 16:31:47.112,Chong,right,30.583,1835,,,,,,,1.4200,-1.6881,8.9883,4.5899,4.5899,11.8894
2026-06-15 16:31:47.143,Chong,right,30.617,1837,,,,,,,1.4273,-1.7162,8.9798,4.5716,4.5716,11.8848
2026-06-15 16:31:47.173,Chong,right,30.650,1839,,,,,,,1.4200,-1.7281,8.9803,4.6246,4.6246,11.9516
2026-06-15 16:31:47.204,Chong,right,30.683,1841,,,,,,,1.4136,-1.7483,8.9749,4.6772,4.6772,11.9940
2026-06-15 16:31:47.234,Chong,right,30.717,1843,,,,,,,1.4293,-1.7608,8.9805,4.6588,4.6588,12.0330
2026-06-15 16:31:47.265,Chong,right,30.733,1844,,,,,,,1.4563,-1.7739,8.9742,4.6054,4.6054,11.8737
2026-06-15 16:31:47.295,Chong,right,30.767,1846,,,,,,,1.4609,-1.7703,8.9754,4.5808,4.5808,11.8837
2026-06-15 16:31:47.326,Chong,right,30.800,1848,,,,,,,1.4416,-1.7667,8.9704,4.6161,4.6161,11.9264
2026-06-15 16:31:47.356,Chong,right,30.833,1850,,,,,,,1.4298,-1.7660,8.9673,4.6321,4.6321,11.8427
2026-06-15 16:31:47.387,Chong,right,30.867,1852,,,,,,,1.4319,-1.7631,8.9577,4.6277,4.6277,11.7399
2026-06-15 16:31:47.417,Chong,right,30.900,1854,,,,,,,1.4319,-1.7631,8.9577,4.6277,4.6277,11.7399
2026-06-15 16:31:47.448,Chong,right,30.917,1855,,,,,,,1.4363,-1.8042,8.9467,4.6002,4.6002,11.6411
2026-06-15 16:31:47.478,Chong,right,30.950,1857,,,,,,,1.4369,-1.8368,8.9438,4.6166,4.6166,11.6684
2026-06-15 16:31:47.509,Chong,right,30.983,1859,,,,,,,1.4443,-1.8386,8.9473,4.6524,4.6524,11.7708
2026-06-15 16:31:47.540,Chong,right,31.017,1861,,,,,,,1.4575,-1.8438,8.9413,4.6114,4.6114,11.7833
2026-06-15 16:31:47.572,Chong,right,31.050,1863,,,,,,,1.4710,-1.8372,8.9213,4.5538,4.5538,11.8445
2026-06-15 16:31:47.603,Chong,right,31.083,1865,,,,,,,1.4641,-1.8259,8.9182,4.5600,4.5600,11.9336
2026-06-15 16:31:47.633,Chong,right,31.117,1867,,,,,,,1.4740,-1.8235,8.9099,4.5553,4.5553,11.9558
2026-06-15 16:31:47.664,Chong,right,31.133,1868,,,,,,,1.4833,-1.8157,8.9056,4.5890,4.5890,11.9599
2026-06-15 16:31:47.694,Chong,right,31.167,1870,,,,,,,1.4458,-1.7873,8.9249,4.6770,4.6770,12.2517
2026-06-15 16:31:47.725,Chong,right,31.200,1872,,,,,,,1.4355,-1.7796,8.9365,4.6982,4.6982,12.3289
2026-06-15 16:31:47.755,Chong,right,31.233,1874,,,,,,,1.4420,-1.7611,8.9530,4.7124,4.7124,12.3025
2026-06-15 16:31:47.786,Chong,right,31.267,1876,,,,,,,1.4436,-1.7354,8.9662,4.7200,4.7200,12.3334
2026-06-15 16:31:47.817,Chong,right,31.283,1877,,,,,,,1.4508,-1.7068,8.9771,4.7128,4.7128,12.3699
2026-06-15 16:31:47.847,Chong,right,31.317,1879,,,,,,,1.4358,-1.7104,8.9779,4.6628,4.6628,12.3314
2026-06-15 16:31:47.877,Chong,right,31.350,1881,,,,,,,1.4306,-1.7182,8.9822,4.6698,4.6698,12.3380
2026-06-15 16:31:47.908,Chong,right,31.383,1883,,,,,,,1.4664,-1.7814,8.9685,4.6444,4.6444,12.1435
2026-06-15 16:31:47.938,Chong,right,31.417,1885,,,,,,,1.4752,-1.8103,8.9612,4.6402,4.6402,12.1263
2026-06-15 16:31:47.969,Chong,right,31.450,1887,,,,,,,1.5045,-1.8829,8.9546,4.6205,4.6205,12.0843
2026-06-15 16:31:48.000,Chong,right,31.467,1888,,,,,,,1.5111,-1.9536,8.9607,4.6061,4.6061,12.0372
2026-06-15 16:31:48.030,Chong,right,31.500,1890,,,,,,,1.4906,-1.9807,8.9650,4.6468,4.6468,12.1074
2026-06-15 16:31:48.060,Chong,right,31.533,1892,,,,,,,1.5381,-1.8880,8.9441,4.5355,4.5355,12.0952
2026-06-15 16:31:48.091,Chong,right,31.567,1894,,,,,,,1.6425,-1.2183,8.8422,3.2114,3.2114,8.1086
2026-06-15 16:31:48.121,Chong,right,31.600,1896,,,,,,,1.6274,-1.3981,8.7649,3.5037,3.5037,8.8815
2026-06-15 16:31:48.152,Chong,right,31.633,1898,,,,,,,1.5710,-1.5647,8.7646,3.8466,3.8466,10.0701
2026-06-15 16:31:48.182,Chong,right,31.650,1899,,,,,,,1.4907,-1.7632,8.7813,4.3385,4.3385,11.3749
2026-06-15 16:31:48.213,Chong,right,31.683,1901,,,,,,,1.4612,-1.8034,8.8064,4.5363,4.5363,11.8393
2026-06-15 16:31:48.243,Chong,right,31.717,1903,,,,,,,1.4580,-1.7984,8.8338,4.6081,4.6081,12.1534
2026-06-15 16:31:48.274,Chong,right,31.750,1905,,,,,,,1.4381,-1.7527,8.8673,4.6408,4.6408,12.2935
2026-06-15 16:31:48.305,Chong,right,31.783,1907,,,,,,,1.4197,-1.7297,8.8819,4.6798,4.6798,12.3758
2026-06-15 16:31:48.335,Chong,right,31.817,1909,,,,,,,1.4192,-1.7026,8.8973,4.7107,4.7107,12.2971
2026-06-15 16:31:48.365,Chong,right,31.833,1910,,,,,,,1.4127,-1.6860,8.9148,4.7175,4.7175,12.3214
2026-06-15 16:31:48.396,Chong,right,31.867,1912,,,,,,,1.4003,-1.6674,8.9162,4.7213,4.7213,12.2364
2026-06-15 16:31:48.426,Chong,right,31.900,1914,,,,,,,1.3822,-1.6316,8.9278,4.7647,4.7647,12.3935
2026-06-15 16:31:48.457,Chong,right,31.933,1916,,,,,,,1.3790,-1.6072,8.9391,4.7883,4.7883,12.4698
2026-06-15 16:31:48.488,Chong,right,31.967,1918,,,,,,,1.3692,-1.5742,8.9490,4.7616,4.7616,12.5370
2026-06-15 16:31:48.519,Chong,right,32.000,1920,,,,,,,1.3828,-1.5330,8.9466,4.7316,4.7316,12.5236
2026-06-15 16:31:48.550,Chong,right,32.017,1921,,,,,,,1.3995,-1.5048,8.9418,4.7391,4.7391,12.5364
2026-06-15 16:31:48.581,Chong,right,32.050,1923,,,,,,,1.4205,-1.4757,8.9463,4.7142,4.7142,12.5894
2026-06-15 16:31:48.611,Chong,right,32.083,1925,,,,,,,1.4412,-1.3065,8.9702,4.7325,4.7325,12.6529
2026-06-15 16:31:48.641,Chong,right,32.117,1927,,,,,,,1.4397,-1.2024,8.9897,4.6987,4.6987,12.7725
2026-06-15 16:31:48.672,Chong,right,32.150,1929,,,,,,,1.4356,-1.1648,8.9921,4.7200,4.7200,12.8171
2026-06-15 16:31:48.702,Chong,right,32.183,1931,,,,,,,1.4728,-1.1071,9.0005,4.7254,4.7254,12.7740
2026-06-15 16:31:48.734,Chong,right,32.217,1933,,,,,,,1.4515,-1.0527,8.9983,4.8300,4.8300,12.7713
2026-06-15 16:31:48.764,Chong,right,32.233,1934,,,,,,,1.4253,-0.9984,8.9943,4.9086,4.9086,12.7723
2026-06-15 16:31:48.795,Chong,right,32.267,1936,,,,,,,1.4251,-0.9804,8.9852,4.8683,4.8683,12.6604
2026-06-15 16:31:48.825,Chong,right,32.300,1938,,,,,,,1.4347,-0.9277,8.9791,4.7612,4.7612,12.7202
2026-06-15 16:31:48.856,Chong,right,32.333,1940,,,,,,,1.4231,-0.9123,8.9897,4.7743,4.7743,12.7169
2026-06-15 16:31:48.886,Chong,right,32.367,1942,,,,,,,1.4266,-0.8792,8.9927,4.8592,4.8592,12.7056
2026-06-15 16:31:48.917,Chong,right,32.400,1944,,,,,,,1.4238,-0.8625,8.9835,4.8825,4.8825,12.6706
2026-06-15 16:31:48.948,Chong,right,32.417,1945,,,,,,,1.4267,-0.8210,8.9814,4.7967,4.7967,12.5316
2026-06-15 16:31:48.978,Chong,right,32.450,1947,,,,,,,1.4162,-0.7939,8.9744,4.8096,4.8096,12.4214
2026-06-15 16:31:49.008,Chong,right,32.483,1949,,,,,,,1.4218,-0.7705,8.9735,4.7641,4.7641,12.4018
2026-06-15 16:31:49.039,Chong,right,32.517,1951,,,,,,,1.4224,-0.7243,8.9650,4.7452,4.7452,12.3605
2026-06-15 16:31:49.069,Chong,right,32.550,1953,,,,,,,1.4015,-0.6847,8.9772,4.7600,4.7600,12.5032
2026-06-15 16:31:49.100,Chong,right,32.567,1954,,,,,,,1.4322,-0.6342,8.9855,4.6877,4.6877,12.4276
2026-06-15 16:31:49.130,Chong,right,32.600,1956,,,,,,,1.4422,-0.6086,8.9926,4.6743,4.6743,12.3426
2026-06-15 16:31:49.161,Chong,right,32.633,1958,,,,,,,1.4580,-0.5801,8.9993,4.6774,4.6774,12.3504
2026-06-15 16:31:49.191,Chong,right,32.667,1960,,,,,,,1.4392,-0.5501,8.9930,4.7184,4.7184,12.3660
2026-06-15 16:31:49.222,Chong,right,32.700,1962,,,,,,,1.4419,-0.5319,8.9910,4.6978,4.6978,12.3068
2026-06-15 16:31:49.252,Chong,right,32.733,1964,,,,,,,1.4268,-0.4775,8.9911,4.6513,4.6513,12.1374
2026-06-15 16:31:49.283,Chong,right,32.750,1965,,,,,,,1.4256,-0.4943,8.9987,4.6431,4.6431,12.2274
2026-06-15 16:31:49.314,Chong,right,32.783,1967,,,,,,,1.4196,-0.4888,9.0011,4.6761,4.6761,12.2862
2026-06-15 16:31:49.344,Chong,right,32.817,1969,,,,,,,1.4315,-0.4818,9.0035,4.6360,4.6360,12.2329
2026-06-15 16:31:49.374,Chong,right,32.850,1971,,,,,,,1.4923,-0.7269,8.9885,4.6868,4.6868,12.2897
2026-06-15 16:31:49.405,Chong,right,32.883,1973,,,,,,,1.5637,-1.0363,8.9456,4.7088,4.7088,12.6351
2026-06-15 16:31:49.436,Chong,right,32.917,1975,,,,,,,1.6413,-1.1497,8.9191,4.7136,4.7136,12.8160
2026-06-15 16:31:49.466,Chong,right,32.933,1976,,,,,,,1.7124,-1.1967,8.9038,4.7416,4.7416,12.8931
2026-06-15 16:31:49.497,Chong,right,32.967,1978,,,,,,,1.7879,-1.2345,8.8926,4.7653,4.7653,12.9979
2026-06-15 16:31:49.527,Chong,right,33.000,1980,,,,,,,1.8245,-1.2574,8.8871,4.7552,4.7552,13.0882
2026-06-15 16:31:49.558,Chong,right,33.033,1982,,,,,,,1.8807,-1.3053,8.8597,4.7481,4.7481,13.1488
2026-06-15 16:31:49.589,Chong,right,33.067,1984,,,,,,,1.9683,-1.3348,8.8300,4.6667,4.6667,13.0672
2026-06-15 16:31:49.619,Chong,right,33.100,1986,,,,,,,2.0023,-1.3395,8.8165,4.6371,4.6371,13.0321
2026-06-15 16:31:49.650,Chong,right,33.117,1987,,,,,,,2.0960,-1.3129,8.8045,4.6556,4.6556,13.0999
2026-06-15 16:31:49.680,Chong,right,33.150,1989,,,,,,,2.1662,-1.3089,8.7982,4.6777,4.6777,13.1859
2026-06-15 16:31:49.711,Chong,right,33.183,1991,,,,,,,2.1895,-1.3058,8.7988,4.6816,4.6816,13.2875
2026-06-15 16:31:49.741,Chong,right,33.217,1993,,,,,,,2.2067,-1.2712,8.8041,4.7208,4.7208,13.5092
2026-06-15 16:31:49.772,Chong,right,33.250,1995,,,,,,,2.2335,-1.2205,8.7854,4.6959,4.6959,13.4837
2026-06-15 16:31:49.803,Chong,right,33.283,1997,,,,,,,2.3035,-1.1698,8.7349,4.6987,4.6987,13.3903
2026-06-15 16:31:49.833,Chong,right,33.300,1998,,,,,,,2.3334,-1.1603,8.7102,4.6819,4.6819,13.3312
2026-06-15 16:31:49.863,Chong,right,33.333,2000,,,,,,,2.3688,-1.1527,8.6730,4.6749,4.6749,13.3635
2026-06-15 16:31:49.894,Chong,right,33.367,2002,,,,,,,2.3708,-1.1283,8.6724,4.7095,4.7095,13.5284
2026-06-15 16:31:49.924,Chong,right,33.400,2004,,,,,,,2.2950,-0.9353,8.6977,4.7432,4.7432,13.7119
2026-06-15 16:31:49.955,Chong,right,33.433,2006,,,,,,,2.2951,-0.8712,8.7105,4.7625,4.7625,13.7443
2026-06-15 16:31:49.985,Chong,right,33.467,2008,,,,,,,2.2989,-0.7845,8.7426,4.7279,4.7279,13.7197
2026-06-15 16:31:50.016,Chong,right,33.483,2009,,,,,,,2.3383,-0.7250,8.7543,4.6335,4.6335,13.6091
2026-06-15 16:31:50.046,Chong,right,33.517,2011,,,,,,,2.3532,-0.6727,8.7631,4.6317,4.6317,13.6096
2026-06-15 16:31:50.077,Chong,right,33.550,2013,,,,,,,2.3550,-0.6615,8.7670,4.6751,4.6751,13.6084
2026-06-15 16:31:50.107,Chong,right,33.583,2015,,,,,,,2.3641,-0.6199,8.7725,4.7154,4.7154,13.6697
2026-06-15 16:31:50.138,Chong,right,33.617,2017,,,,,,,2.3944,-0.5940,8.7537,4.6986,4.6986,13.5078
2026-06-15 16:31:50.168,Chong,right,33.650,2019,,,,,,,2.4277,-0.5588,8.7508,4.7060,4.7060,13.6308
2026-06-15 16:31:50.199,Chong,right,33.667,2020,,,,,,,2.4250,-0.5364,8.7581,4.7153,4.7153,13.7140
2026-06-15 16:31:50.230,Chong,right,33.700,2022,,,,,,,2.4217,-0.5016,8.7733,4.7232,4.7232,13.8730
2026-06-15 16:31:50.260,Chong,right,33.733,2024,,,,,,,2.4234,-0.4813,8.7842,4.7432,4.7432,13.8357
2026-06-15 16:31:50.291,Chong,right,33.767,2026,,,,,,,2.4361,-0.4654,8.7949,4.7456,4.7456,13.8320
2026-06-15 16:31:50.321,Chong,right,33.800,2028,,,,,,,2.4319,-0.4458,8.7928,4.7213,4.7213,13.8726
2026-06-15 16:31:50.352,Chong,right,33.833,2030,,,,,,,2.4304,-0.4528,8.7904,4.7308,4.7308,13.8360
2026-06-15 16:31:50.382,Chong,right,33.850,2031,,,,,,,2.4246,-0.4501,8.7880,4.7226,4.7226,13.8087
2026-06-15 16:31:50.413,Chong,right,33.883,2033,,,,,,,2.4370,-0.4531,8.7904,4.6743,4.6743,13.7954
2026-06-15 16:31:50.443,Chong,right,33.917,2035,,,,,,,2.4115,-0.4290,8.7913,4.6558,4.6558,13.7091
2026-06-15 16:31:50.474,Chong,right,33.950,2037,,,,,,,2.3991,-0.4109,8.7961,4.6459,4.6459,13.6819
2026-06-15 16:31:50.504,Chong,right,33.983,2039,,,,,,,2.3749,-0.3739,8.8026,4.6510,4.6510,13.5783
2026-06-15 16:31:50.535,Chong,right,34.017,2041,,,,,,,2.3145,-0.3705,8.8131,4.6734,4.6734,13.5565
2026-06-15 16:31:50.566,Chong,right,34.033,2042,,,,,,,2.2329,-0.3564,8.8420,4.6969,4.6969,13.4206
2026-06-15 16:31:50.599,Chong,right,34.067,2044,,,,,,,2.1739,-0.3507,8.8967,4.7216,4.7216,13.4127
2026-06-15 16:31:50.629,Chong,right,34.100,2046,,,,,,,2.1416,-0.3456,8.9265,4.7440,4.7440,13.3680
2026-06-15 16:31:50.660,Chong,right,34.133,2048,,,,,,,2.0793,-0.3496,8.9628,4.7774,4.7774,13.4633
2026-06-15 16:31:50.691,Chong,right,34.167,2050,,,,,,,2.0070,-0.3498,8.9950,4.7574,4.7574,13.4183
2026-06-15 16:31:50.722,Chong,right,34.200,2052,,,,,,,1.9505,-0.3327,9.0153,4.7214,4.7214,13.3229
2026-06-15 16:31:50.752,Chong,right,34.233,2054,,,,,,,1.8931,-0.3472,9.0382,4.7110,4.7110,13.3317
2026-06-15 16:31:50.782,Chong,right,34.250,2055,,,,,,,1.8658,-0.3598,9.0510,4.7075,4.7075,13.2789
2026-06-15 16:31:50.813,Chong,right,34.283,2057,,,,,,,1.8612,-0.3696,9.0965,4.6330,4.6330,13.1299
2026-06-15 16:31:50.843,Chong,right,34.317,2059,,,,,,,1.8149,-0.3758,9.1240,4.6308,4.6308,13.0655
2026-06-15 16:31:50.874,Chong,right,34.350,2061,,,,,,,1.7417,-0.3745,9.1355,4.6587,4.6587,13.0480
2026-06-15 16:31:50.905,Chong,right,34.383,2063,,,,,,,1.7281,-0.3657,9.1451,4.5978,4.5978,13.0219
2026-06-15 16:31:50.936,Chong,right,34.417,2065,,,,,,,1.4330,-0.3232,9.1457,4.7332,4.7332,12.9158
2026-06-15 16:31:50.966,Chong,right,34.433,2066,,,,,,,1.2386,-0.2842,9.1510,4.8526,4.8526,12.8053
2026-06-15 16:31:50.996,Chong,right,34.467,2068,,,,,,,1.2677,-0.2293,9.1788,4.7953,4.7953,12.8942
2026-06-15 16:31:51.027,Chong,right,34.500,2070,,,,,,,1.3618,-0.2059,9.1903,4.7749,4.7749,12.9742
2026-06-15 16:31:51.058,Chong,right,34.533,2072,,,,,,,1.4222,-0.1335,9.2231,4.7320,4.7320,13.0342
2026-06-15 16:31:51.089,Chong,right,34.567,2074,,,,,,,1.4353,-0.0970,9.2359,4.6928,4.6928,12.8988
2026-06-15 16:31:51.120,Chong,right,34.600,2076,,,,,,,1.4089,-0.0226,9.2563,4.6352,4.6352,12.6375
2026-06-15 16:31:51.150,Chong,right,34.633,2078,,,,,,,1.3184,0.0124,9.2754,4.6449,4.6449,12.5024
2026-06-15 16:31:51.181,Chong,right,34.650,2079,,,,,,,1.2905,0.0114,9.2817,4.6740,4.6740,12.4268
2026-06-15 16:31:51.211,Chong,right,34.683,2081,,,,,,,1.2572,0.0046,9.2862,4.6809,4.6809,12.3293
2026-06-15 16:31:51.242,Chong,right,34.717,2083,,,,,,,1.1813,-0.0273,9.2983,4.7041,4.7041,12.1825
2026-06-15 16:31:51.272,Chong,right,34.750,2085,,,,,,,1.0997,-0.0651,9.3263,4.7360,4.7360,12.3447
2026-06-15 16:31:51.303,Chong,right,34.783,2087,,,,,,,1.0376,-0.0941,9.3770,4.7406,4.7406,12.4410
2026-06-15 16:31:51.333,Chong,right,34.800,2088,,,,,,,0.9675,-0.0945,9.4110,4.7419,4.7419,12.4551
2026-06-15 16:31:51.364,Chong,right,34.833,2090,,,,,,,0.9477,-0.0864,9.4249,4.7108,4.7108,12.4729
2026-06-15 16:31:51.395,Chong,right,34.867,2092,,,,,,,0.9074,-0.0552,9.4313,4.6599,4.6599,12.2104
2026-06-15 16:31:51.431,Chong,right,34.900,2094,,,,,,,0.8808,-0.0568,9.4258,4.6607,4.6607,12.0594
2026-06-15 16:31:51.461,Chong,right,34.933,2096,,,,,,,0.8392,-0.0336,9.4227,4.6066,4.6066,11.8258
2026-06-15 16:31:51.492,Chong,right,34.967,2098,,,,,,,0.7570,-0.0533,9.4311,4.6427,4.6427,11.9103
2026-06-15 16:31:51.523,Chong,right,35.000,2100,,,,,,,0.5996,-0.0704,9.4507,4.6764,4.6764,11.8814
2026-06-15 16:31:51.553,Chong,right,35.033,2102,,,,,,,0.4298,-0.0834,9.4886,4.6945,4.6945,11.7670
2026-06-15 16:31:51.584,Chong,right,35.067,2104,,,,,,,0.2995,-0.1146,9.5194,4.7236,4.7236,11.7518
2026-06-15 16:31:51.616,Chong,right,35.083,2105,,,,,,,0.2268,-0.1288,9.5373,4.7008,4.7008,11.5658
2026-06-15 16:31:51.646,Chong,right,35.117,2107,,,,,,,0.2033,-0.1456,9.5400,4.6946,4.6946,11.4644
2026-06-15 16:31:51.677,Chong,right,35.150,2109,,,,,,,0.2229,-0.1752,9.5281,4.6746,4.6746,11.4287
2026-06-15 16:31:51.707,Chong,right,35.183,2111,,,,,,,0.1811,-0.2335,9.5399,4.7086,4.7086,11.6896
2026-06-15 16:31:51.738,Chong,right,35.217,2113,,,,,,,0.1135,-0.2784,9.5828,4.7538,4.7538,11.9314
2026-06-15 16:31:51.768,Chong,right,35.250,2115,,,,,,,0.0251,-0.3153,9.6220,4.7272,4.7272,11.8217
2026-06-15 16:31:51.799,Chong,right,35.267,2116,,,,,,,-0.0185,-0.3364,9.6430,4.7072,4.7072,11.7984
2026-06-15 16:31:51.829,Chong,right,35.300,2118,,,,,,,-0.0922,-0.3714,9.6785,4.7270,4.7270,11.7228
2026-06-15 16:31:51.860,Chong,right,35.333,2120,,,,,,,-0.1571,-0.4206,9.6920,4.7421,4.7421,11.5937
2026-06-15 16:31:51.890,Chong,right,35.367,2122,,,,,,,-0.1900,-0.4423,9.7007,4.6889,4.6889,11.4594
2026-06-15 16:31:51.921,Chong,right,35.400,2124,,,,,,,-0.2200,-0.4565,9.7003,4.6824,4.6824,11.3335
2026-06-15 16:31:51.952,Chong,right,35.417,2125,,,,,,,-0.2646,-0.4798,9.6995,4.6726,4.6726,11.1994
2026-06-15 16:31:51.982,Chong,right,35.450,2127,,,,,,,-0.2903,-0.4815,9.7015,4.6512,4.6512,11.1763
2026-06-15 16:31:52.013,Chong,right,35.483,2129,,,,,,,-0.3103,-0.4853,9.7049,4.6938,4.6938,11.2448
2026-06-15 16:31:52.043,Chong,right,35.517,2131,,,,,,,-0.3393,-0.4961,9.7178,4.7447,4.7447,11.3047
2026-06-15 16:31:52.074,Chong,right,35.550,2133,,,,,,,-0.3924,-0.5452,9.7223,4.7824,4.7824,11.2631
2026-06-15 16:31:52.105,Chong,right,35.583,2135,,,,,,,-0.4192,-0.5688,9.7263,4.7985,4.7985,11.2391
2026-06-15 16:31:52.136,Chong,right,35.617,2137,,,,,,,-0.3516,-0.6413,9.7358,4.7522,4.7522,11.2460
2026-06-15 16:31:52.167,Chong,right,35.633,2138,,,,,,,-0.3178,-0.6875,9.7393,4.7460,4.7460,11.2431
2026-06-15 16:31:52.198,Chong,right,35.667,2140,,,,,,,-0.3286,-0.7111,9.7281,4.7689,4.7689,11.2807
2026-06-15 16:31:52.229,Chong,right,35.700,2142,,,,,,,-0.3565,-0.7149,9.7236,4.7394,4.7394,11.2612
2026-06-15 16:31:52.259,Chong,right,35.733,2144,,,,,,,-0.3693,-0.7223,9.7206,4.7301,4.7301,11.2312
2026-06-15 16:31:52.289,Chong,right,35.767,2146,,,,,,,-0.4000,-0.7431,9.7100,4.7603,4.7603,11.2118
2026-06-15 16:31:52.320,Chong,right,35.800,2148,,,,,,,-0.4151,-0.7509,9.6958,4.7689,4.7689,11.1800
2026-06-15 16:31:52.350,Chong,right,35.817,2149,,,,,,,-0.4279,-0.7683,9.6897,4.8088,4.8088,11.2595
2026-06-15 16:31:52.381,Chong,right,35.850,2151,,,,,,,-0.4386,-0.7911,9.6838,4.8365,4.8365,11.3364
2026-06-15 16:31:52.411,Chong,right,35.883,2153,,,,,,,-0.5285,-0.8010,9.6867,4.8738,4.8738,11.4550
2026-06-15 16:31:52.442,Chong,right,35.917,2155,,,,,,,-0.5981,-0.8001,9.7012,4.8903,4.8903,11.3411
2026-06-15 16:31:52.472,Chong,right,35.950,2157,,,,,,,-0.6018,-0.8150,9.7069,4.8455,4.8455,11.2216
2026-06-15 16:31:52.503,Chong,right,35.983,2159,,,,,,,-0.6084,-0.8671,9.7093,4.8442,4.8442,11.2465
2026-06-15 16:31:52.534,Chong,right,36.017,2161,,,,,,,-0.6317,-0.9044,9.7042,4.8668,4.8668,11.2408
2026-06-15 16:31:52.565,Chong,right,36.033,2162,,,,,,,-0.6508,-0.9703,9.6794,4.9131,4.9131,11.1949
2026-06-15 16:31:52.595,Chong,right,36.067,2164,,,,,,,-0.6516,-1.0067,9.6686,4.9051,4.9051,11.1757
2026-06-15 16:31:52.626,Chong,right,36.100,2166,,,,,,,-0.6691,-1.1000,9.6459,4.9536,4.9536,11.1824
2026-06-15 16:31:52.656,Chong,right,36.133,2168,,,,,,,-0.6660,-1.1421,9.6238,4.9224,4.9224,11.1083
2026-06-15 16:31:52.687,Chong,right,36.167,2170,,,,,,,-0.6712,-1.1589,9.6154,4.9269,4.9269,11.1557
2026-06-15 16:31:52.718,Chong,right,36.200,2172,,,,,,,-0.6942,-1.1868,9.5957,5.0013,5.0013,11.2354
2026-06-15 16:31:52.748,Chong,right,36.217,2173,,,,,,,-0.6902,-1.2147,9.5850,5.0296,5.0296,11.2967
2026-06-15 16:31:52.779,Chong,right,36.250,2175,,,,,,,-0.6586,-1.2670,9.5717,5.0009,5.0009,11.2564
2026-06-15 16:31:52.809,Chong,right,36.283,2177,,,,,,,-0.6631,-1.2948,9.5625,5.0088,5.0088,11.3021
2026-06-15 16:31:52.840,Chong,right,36.317,2179,,,,,,,-0.5212,-0.9988,9.4805,4.3598,4.3598,9.8831
2026-06-15 16:31:52.870,Chong,right,36.350,2181,,,,,,,-0.3927,-0.7075,9.4085,3.3264,3.3264,7.2628
2026-06-15 16:31:52.901,Chong,right,36.383,2183,,,,,,,-0.4116,-0.8633,9.4051,3.5794,3.5794,8.0279
2026-06-15 16:31:52.932,Chong,right,36.400,2184,,,,,,,-0.5768,-1.3797,9.4094,4.4107,4.4107,10.1686
2026-06-15 16:31:52.962,Chong,right,36.433,2186,,,,,,,-0.6526,-1.5097,9.4162,4.7499,4.7499,10.9523
2026-06-15 16:31:52.993,Chong,right,36.467,2188,,,,,,,-0.6600,-1.5474,9.4156,4.8143,4.8143,11.0574
2026-06-15 16:31:53.023,Chong,right,36.500,2190,,,,,,,-0.6649,-1.5709,9.4189,4.8638,4.8638,11.1905
2026-06-15 16:31:53.054,Chong,right,36.533,2192,,,,,,,-0.6638,-1.6005,9.4311,4.9085,4.9085,11.3366
2026-06-15 16:31:53.084,Chong,right,36.567,2194,,,,,,,-0.6492,-1.6400,9.4517,4.9623,4.9623,11.5744
2026-06-15 16:31:53.115,Chong,right,36.583,2195,,,,,,,-0.6279,-1.6631,9.4596,4.9681,4.9681,11.5760
2026-06-15 16:31:53.146,Chong,right,36.617,2197,,,,,,,-0.6193,-1.6786,9.4621,4.9809,4.9809,11.5525
2026-06-15 16:31:53.176,Chong,right,36.650,2199,,,,,,,-0.5879,-1.6276,9.4548,4.9627,4.9627,11.4544
2026-06-15 16:31:53.207,Chong,right,36.683,2201,,,,,,,-0.5709,-1.6118,9.4478,4.9794,4.9794,11.4432
2026-06-15 16:31:53.237,Chong,right,36.717,2203,,,,,,,-0.5487,-1.5989,9.4321,5.0067,5.0067,11.4061
2026-06-15 16:31:53.268,Chong,right,36.750,2205,,,,,,,-0.5285,-1.6021,9.4329,5.0511,5.0511,11.6057
2026-06-15 16:31:53.299,Chong,right,36.767,2206,,,,,,,-0.5052,-1.6210,9.4382,5.0813,5.0813,11.7190
2026-06-15 16:31:53.329,Chong,right,36.800,2208,,,,,,,-0.4734,-1.6233,9.4459,5.0583,5.0583,11.7208
2026-06-15 16:31:53.360,Chong,right,36.833,2210,,,,,,,-0.4197,-1.6418,9.4602,5.0488,5.0488,11.7180
2026-06-15 16:31:53.390,Chong,right,36.867,2212,,,,,,,-0.3498,-1.6680,9.4560,5.0364,5.0364,11.7554
2026-06-15 16:31:53.421,Chong,right,36.900,2214,,,,,,,-0.2892,-1.6837,9.4456,4.9805,4.9805,11.7189
2026-06-15 16:31:53.452,Chong,right,36.933,2216,,,,,,,-0.2348,-1.7065,9.4127,4.9226,4.9226,11.6271
2026-06-15 16:31:53.482,Chong,right,36.950,2217,,,,,,,-0.2171,-1.7082,9.4029,4.9392,4.9392,11.6851
2026-06-15 16:31:53.513,Chong,right,36.983,2219,,,,,,,-0.1673,-1.7226,9.3864,4.9549,4.9549,11.7138
2026-06-15 16:31:53.543,Chong,right,37.017,2221,,,,,,,-0.1107,-1.7438,9.3735,5.0043,5.0043,11.7201
2026-06-15 16:31:53.574,Chong,right,37.050,2223,,,,,,,-0.0621,-1.7630,9.3574,4.9854,4.9854,11.6476
2026-06-15 16:31:53.605,Chong,right,37.083,2225,,,,,,,0.1397,-1.6459,9.3149,4.6963,4.6963,11.5350
2026-06-15 16:31:53.639,Chong,right,37.117,2227,,,,,,,0.1956,-1.3418,9.2728,4.0279,4.0279,9.4726
2026-06-15 16:31:53.670,Chong,right,37.150,2229,,,,,,,0.3438,-1.1887,9.1821,3.4789,3.4789,7.8826
2026-06-15 16:31:53.701,Chong,right,37.183,2231,,,,,,,0.5197,-1.4222,9.1808,3.9195,3.9195,9.7862
2026-06-15 16:31:53.732,Chong,right,37.200,2232,,,,,,,0.4925,-1.7565,9.1927,4.4567,4.4567,11.3215
2026-06-15 16:31:53.762,Chong,right,37.233,2234,,,,,,,0.5076,-1.8725,9.1980,4.5712,4.5712,11.7875
2026-06-15 16:31:53.793,Chong,right,37.267,2236,,,,,,,0.5347,-2.0068,9.2088,4.6738,4.6738,12.1292
2026-06-15 16:31:53.823,Chong,right,37.300,2238,,,,,,,0.5730,-2.0521,9.2184,4.7251,4.7251,12.2206
2026-06-15 16:31:53.854,Chong,right,37.333,2240,,,,,,,0.6345,-2.0621,9.2223,4.6855,4.6855,12.0670
2026-06-15 16:31:53.884,Chong,right,37.367,2242,,,,,,,0.6904,-2.0359,9.2320,4.6798,4.6798,12.0086
2026-06-15 16:31:53.915,Chong,right,37.383,2243,,,,,,,0.7143,-2.0267,9.2487,4.7375,4.7375,12.3659
2026-06-15 16:31:53.945,Chong,right,37.417,2245,,,,,,,0.7545,-2.0290,9.2603,4.6848,4.6848,12.3276
2026-06-15 16:31:53.975,Chong,right,37.450,2247,,,,,,,0.7841,-2.0318,9.2559,4.7212,4.7212,12.3395
2026-06-15 16:31:54.006,Chong,right,37.483,2249,,,,,,,0.8462,-2.0317,9.2499,4.7092,4.7092,12.4376
2026-06-15 16:31:54.037,Chong,right,37.517,2251,,,,,,,0.8986,-2.0254,9.2362,4.7565,4.7565,12.5200
2026-06-15 16:31:54.068,Chong,right,37.550,2253,,,,,,,0.9572,-2.0177,9.2190,4.7574,4.7574,12.6605
2026-06-15 16:31:54.098,Chong,right,37.567,2254,,,,,,,0.9823,-2.0208,9.2052,4.7673,4.7673,12.7134
2026-06-15 16:31:54.128,Chong,right,37.600,2256,,,,,,,1.0630,-2.0035,9.1629,4.7785,4.7785,12.7656
2026-06-15 16:31:54.159,Chong,right,37.633,2258,,,,,,,1.9212,-0.3675,4.7937,0.0000,0.0000,0.0000
2026-06-15 16:31:54.190,Chong,right,37.667,2260,,,,,,,1.9212,-0.3675,4.7937,0.0000,0.0000,0.0000
2026-06-15 16:31:54.220,Chong,right,37.700,2262,,,,,,,1.9212,-0.3675,4.7937,0.0000,0.0000,0.0000
2026-06-15 16:31:54.251,Chong,right,37.733,2264,,,,,,,1.9212,-0.3675,4.7937,0.0000,0.0000,0.0000
2026-06-15 16:31:54.281,Chong,right,37.750,2265,,,,,,,1.4502,-1.6983,8.9353,4.5596,4.5596,12.4086
2026-06-15 16:31:54.312,Chong,right,37.783,2267,,,,,,,1.4329,-1.8587,8.9292,4.6590,4.6590,12.8460
2026-06-15 16:31:54.342,Chong,right,37.817,2269,,,,,,,1.4489,-1.9072,8.9341,4.6897,4.6897,12.9049
2026-06-15 16:31:54.373,Chong,right,37.850,2271,,,,,,,1.4635,-1.9355,8.9546,4.7191,4.7191,12.8953
2026-06-15 16:31:54.404,Chong,right,37.883,2273,,,,,,,1.4808,-1.9129,8.9849,4.7014,4.7014,12.9438
2026-06-15 16:31:54.434,Chong,right,37.917,2275,,,,,,,1.5392,-1.8994,8.9980,4.6701,4.6701,12.7298
2026-06-15 16:31:54.465,Chong,right,37.933,2276,,,,,,,1.5880,-1.8747,8.9931,4.6599,4.6599,12.6134
2026-06-15 16:31:54.495,Chong,right,37.967,2278,,,,,,,1.5692,-1.8050,8.9916,4.6769,4.6769,12.5551
2026-06-15 16:31:54.526,Chong,right,38.000,2280,,,,,,,1.5810,-1.7203,8.9837,4.6804,4.6804,12.4591
2026-06-15 16:31:54.556,Chong,right,38.033,2282,,,,,,,1.6089,-1.6738,8.9737,4.7197,4.7197,12.5409
2026-06-15 16:31:54.586,Chong,right,38.067,2284,,,,,,,1.6596,-1.6639,8.9697,4.6908,4.6908,12.5796
2026-06-15 16:31:54.617,Chong,right,38.100,2286,,,,,,,1.6884,-1.6697,8.9732,4.7004,4.7004,12.5749
2026-06-15 16:31:54.652,Chong,right,38.133,2288,,,,,,,1.8156,-1.5823,8.9751,4.5950,4.5950,12.7388
2026-06-15 16:31:54.682,Chong,right,38.150,2289,,,,,,,1.9212,-0.3675,4.7937,0.0000,0.0000,0.0000
2026-06-15 16:31:54.713,Chong,right,38.183,2291,,,,,,,1.9212,-0.3675,4.7937,0.0000,0.0000,0.0000
2026-06-15 16:31:54.743,Chong,right,38.217,2293,,,,,,,1.9212,-0.3675,4.7937,0.0000,0.0000,0.0000
2026-06-15 16:31:54.774,Chong,right,38.250,2295,,,,,,,1.9212,-0.3675,4.7937,0.0000,0.0000,0.0000
2026-06-15 16:31:54.805,Chong,right,38.283,2297,,,,,,,2.0995,-1.2174,8.9435,4.6356,4.6356,13.0663
2026-06-15 16:31:54.835,Chong,right,38.317,2299,,,,,,,2.0709,-1.2711,8.9217,4.7072,4.7072,13.3684
2026-06-15 16:31:54.866,Chong,right,38.333,2300,,,,,,,2.0891,-1.2681,8.8914,4.7191,4.7191,13.4866
2026-06-15 16:31:54.896,Chong,right,38.367,2302,,,,,,,2.1011,-1.2555,8.8744,4.6869,4.6869,13.4770
2026-06-15 16:31:54.927,Chong,right,38.400,2304,,,,,,,2.1400,-1.2364,8.8695,4.7210,4.7210,13.4383
2026-06-15 16:31:54.957,Chong,right,38.433,2306,,,,,,,2.1659,-1.1948,8.8718,4.7211,4.7211,13.4254
2026-06-15 16:31:54.988,Chong,right,38.467,2308,,,,,,,2.1691,-1.1804,8.8735,4.7429,4.7429,13.5680
2026-06-15 16:31:55.019,Chong,right,38.500,2310,,,,,,,2.2230,-1.1439,8.8921,4.7803,4.7803,13.6370
2026-06-15 16:31:55.050,Chong,right,38.517,2311,,,,,,,2.2497,-1.0977,8.9075,4.7938,4.7938,13.8175
2026-06-15 16:31:55.080,Chong,right,38.550,2313,,,,,,,2.2520,-1.0766,8.9239,4.7550,4.7550,13.8184
2026-06-15 16:31:55.111,Chong,right,38.583,2315,,,,,,,2.2500,-1.0249,8.9447,4.7168,4.7168,13.7352
2026-06-15 16:31:55.142,Chong,right,38.617,2317,,,,,,,2.2297,-1.0017,8.9395,4.7211,4.7211,13.8357
2026-06-15 16:31:55.172,Chong,right,38.650,2319,,,,,,,2.2472,-0.9761,8.9450,4.7112,4.7112,13.9038
2026-06-15 16:31:55.202,Chong,right,38.683,2321,,,,,,,2.2516,-0.9545,8.9569,4.7151,4.7151,13.8838
2026-06-15 16:31:55.233,Chong,right,38.700,2322,,,,,,,2.2401,-0.9212,8.9658,4.7354,4.7354,13.9483
2026-06-15 16:31:55.263,Chong,right,38.733,2324,,,,,,,2.2420,-0.9004,8.9745,4.7342,4.7342,13.9825
2026-06-15 16:31:55.294,Chong,right,38.767,2326,,,,,,,2.2381,-0.8750,8.9848,4.7673,4.7673,13.9162
2026-06-15 16:31:55.325,Chong,right,38.800,2328,,,,,,,2.2299,-0.8580,8.9935,4.8133,4.8133,14.1109
2026-06-15 16:31:55.355,Chong,right,38.833,2330,,,,,,,2.2459,-0.8207,9.0080,4.8265,4.8265,14.0983
2026-06-15 16:31:55.386,Chong,right,38.867,2332,,,,,,,2.2468,-0.7885,9.0230,4.8407,4.8407,13.9658
2026-06-15 16:31:55.417,Chong,right,38.883,2333,,,,,,,2.2215,-0.7587,9.0286,4.8323,4.8323,13.8415
2026-06-15 16:31:55.447,Chong,right,38.917,2335,,,,,,,2.1966,-0.7286,9.0303,4.7945,4.7945,13.7856
2026-06-15 16:31:55.478,Chong,right,38.950,2337,,,,,,,2.1838,-0.6922,9.0330,4.7690,4.7690,13.7813
2026-06-15 16:31:55.509,Chong,right,38.983,2339,,,,,,,2.1630,-0.6359,9.0319,4.7018,4.7018,13.5743
2026-06-15 16:31:55.539,Chong,right,39.017,2341,,,,,,,2.1324,-0.5854,9.0367,4.6913,4.6913,13.3291
2026-06-15 16:31:55.570,Chong,right,39.050,2343,,,,,,,2.1437,-0.5190,9.0663,4.5967,4.5967,13.0961
2026-06-15 16:31:55.601,Chong,right,39.083,2345,,,,,,,2.0965,-0.5080,9.0793,4.6433,4.6433,13.1322
2026-06-15 16:31:55.631,Chong,right,39.100,2346,,,,,,,1.9317,-0.4215,9.1186,4.6402,4.6402,13.1025
2026-06-15 16:31:55.662,Chong,right,39.133,2348,,,,,,,1.8536,-0.3586,9.1450,4.6676,4.6676,13.0709
2026-06-15 16:31:55.692,Chong,right,39.167,2350,,,,,,,1.8000,-0.3387,9.1591,4.7079,4.7079,12.9337
2026-06-15 16:31:55.723,Chong,right,39.200,2352,,,,,,,1.7950,-0.3180,9.1726,4.6914,4.6914,12.8937
2026-06-15 16:31:55.753,Chong,right,39.233,2354,,,,,,,1.7393,-0.2950,9.1934,4.6872,4.6872,12.9042
2026-06-15 16:31:55.784,Chong,right,39.267,2356,,,,,,,1.6802,-0.2756,9.2026,4.6767,4.6767,12.8731
2026-06-15 16:31:55.814,Chong,right,39.283,2357,,,,,,,1.6213,-0.2811,9.2205,4.6906,4.6906,12.5144
2026-06-15 16:31:55.845,Chong,right,39.317,2359,,,,,,,1.5966,-0.2873,9.2274,4.6973,4.6973,12.4769
2026-06-15 16:31:55.875,Chong,right,39.350,2361,,,,,,,1.5443,-0.2909,9.2438,4.6476,4.6476,12.2874
2026-06-15 16:31:55.906,Chong,right,39.383,2363,,,,,,,1.5141,-0.2820,9.2646,4.6163,4.6163,12.1936
2026-06-15 16:31:55.936,Chong,right,39.417,2365,,,,,,,1.4840,-0.2924,9.2752,4.6450,4.6450,12.2026
2026-06-15 16:31:55.967,Chong,right,39.433,2366,,,,,,,1.4451,-0.2824,9.2935,4.6572,4.6572,12.1420
2026-06-15 16:31:55.997,Chong,right,39.467,2368,,,,,,,1.3995,-0.3117,9.3149,4.6451,4.6451,12.0242
2026-06-15 16:31:56.027,Chong,right,39.500,2370,,,,,,,1.3499,-0.2889,9.3258,4.6123,4.6123,11.8197
2026-06-15 16:31:56.058,Chong,right,39.533,2372,,,,,,,1.3232,-0.2363,9.3362,4.6048,4.6048,11.8507
2026-06-15 16:31:56.088,Chong,right,39.567,2374,,,,,,,1.2615,-0.1750,9.3407,4.6158,4.6158,11.7110
2026-06-15 16:31:56.119,Chong,right,39.600,2376,,,,,,,1.1968,-0.1529,9.3457,4.5794,4.5794,11.6170
2026-06-15 16:31:56.150,Chong,right,39.617,2377,,,,,,,1.1480,-0.1625,9.3576,4.6386,4.6386,11.7199
2026-06-15 16:31:56.180,Chong,right,39.650,2379,,,,,,,1.1013,-0.1630,9.3874,4.5684,4.5684,11.5574
2026-06-15 16:31:56.211,Chong,right,39.683,2381,,,,,,,1.0517,-0.1782,9.4310,4.5730,4.5730,11.5826
2026-06-15 16:31:56.241,Chong,right,39.717,2383,,,,,,,0.9885,-0.1635,9.4568,4.5538,4.5538,11.4774
2026-06-15 16:31:56.272,Chong,right,39.750,2385,,,,,,,0.9153,-0.1515,9.4624,4.5704,4.5704,11.5412
2026-06-15 16:31:56.303,Chong,right,39.783,2387,,,,,,,0.8754,-0.1519,9.4650,4.6091,4.6091,11.5712
2026-06-15 16:31:56.334,Chong,right,39.817,2389,,,,,,,0.8255,-0.1238,9.4744,4.6462,4.6462,11.5921
2026-06-15 16:31:56.364,Chong,right,39.833,2390,,,,,,,0.7588,-0.0972,9.4812,4.6542,4.6542,11.4798
2026-06-15 16:31:56.395,Chong,right,39.867,2392,,,,,,,0.7321,-0.0952,9.4799,4.6435,4.6435,11.4627
2026-06-15 16:31:56.426,Chong,right,39.900,2394,,,,,,,0.6884,-0.0850,9.4793,4.6272,4.6272,11.5033
2026-06-15 16:31:56.456,Chong,right,39.933,2396,,,,,,,0.6414,-0.0685,9.4865,4.6645,4.6645,11.3848
2026-06-15 16:31:56.487,Chong,right,39.967,2398,,,,,,,0.5992,-0.0517,9.4874,4.6717,4.6717,11.3454
2026-06-15 16:31:56.518,Chong,right,40.000,2400,,,,,,,0.5496,-0.0398,9.4919,4.6510,4.6510,11.4063
2026-06-15 16:31:56.549,Chong,right,40.017,2401,,,,,,,0.4998,-0.0377,9.4970,4.6678,4.6678,11.3887
2026-06-15 16:31:56.580,Chong,right,40.050,2403,,,,,,,0.4746,-0.0391,9.5039,4.6826,4.6826,11.3852
2026-06-15 16:31:56.610,Chong,right,40.083,2405,,,,,,,0.4301,-0.0217,9.5162,4.6136,4.6136,11.4388
2026-06-15 16:31:56.641,Chong,right,40.117,2407,,,,,,,0.3704,-0.0343,9.5216,4.6365,4.6365,11.3423
2026-06-15 16:31:56.673,Chong,right,40.150,2409,,,,,,,0.3420,-0.0413,9.5108,4.6253,4.6253,10.9986
2026-06-15 16:31:56.703,Chong,right,40.183,2411,,,,,,,0.2618,-0.0484,9.4982,4.6781,4.6781,10.9532
2026-06-15 16:31:56.734,Chong,right,40.217,2413,,,,,,,0.2618,-0.0484,9.4982,4.6781,4.6781,10.9532
2026-06-15 16:31:56.764,Chong,right,40.233,2414,,,,,,,0.2291,-0.0067,9.4900,4.6459,4.6459,10.8619
2026-06-15 16:31:56.795,Chong,right,40.267,2416,,,,,,,0.1939,0.0120,9.4883,4.6030,4.6030,10.7676
2026-06-15 16:31:56.825,Chong,right,40.300,2418,,,,,,,0.1144,0.0091,9.5016,4.6474,4.6474,10.7958
2026-06-15 16:31:56.856,Chong,right,40.333,2420,,,,,,,0.0372,-0.0230,9.5231,4.6958,4.6958,10.9416
2026-06-15 16:31:56.886,Chong,right,40.367,2422,,,,,,,-0.0168,-0.0569,9.5549,4.7203,4.7203,11.0602
2026-06-15 16:31:56.916,Chong,right,40.383,2423,,,,,,,-0.0655,-0.0818,9.5620,4.7492,4.7492,11.0288
2026-06-15 16:31:56.947,Chong,right,40.417,2425,,,,,,,-0.1305,-0.1124,9.5604,4.7812,4.7812,10.9815
2026-06-15 16:31:56.977,Chong,right,40.450,2427,,,,,,,-0.1776,-0.1389,9.5616,4.7221,4.7221,10.9525
2026-06-15 16:31:57.008,Chong,right,40.483,2429,,,,,,,-0.1937,-0.1499,9.5608,4.7039,4.7039,10.9305
2026-06-15 16:31:57.038,Chong,right,40.517,2431,,,,,,,-0.2002,-0.1892,9.5650,4.6931,4.6931,10.8553
2026-06-15 16:31:57.069,Chong,right,40.550,2433,,,,,,,-0.2435,-0.2199,9.5748,4.7250,4.7250,10.8611
2026-06-15 16:31:57.099,Chong,right,40.567,2434,,,,,,,-0.2668,-0.2174,9.5865,4.6928,4.6928,10.7157
2026-06-15 16:31:57.130,Chong,right,40.600,2436,,,,,,,-0.2714,-0.2273,9.5785,4.6500,4.6500,10.5862
2026-06-15 16:31:57.160,Chong,right,40.633,2438,,,,,,,-0.3208,-0.2430,9.5437,4.6693,4.6693,10.3889
2026-06-15 16:31:57.191,Chong,right,40.667,2440,,,,,,,-0.3921,-0.3136,9.5370,4.7685,4.7685,10.6763
2026-06-15 16:31:57.222,Chong,right,40.700,2442,,,,,,,-0.4154,-0.3396,9.5412,4.7699,4.7699,10.7289
2026-06-15 16:31:57.252,Chong,right,40.733,2444,,,,,,,-0.4510,-0.3634,9.5603,4.6997,4.6997,10.6666
2026-06-15 16:31:57.283,Chong,right,40.750,2445,,,,,,,-0.4826,-0.3862,9.5818,4.7111,4.7111,10.6298
2026-06-15 16:31:57.314,Chong,right,40.783,2447,,,,,,,-0.5043,-0.4039,9.5898,4.7331,4.7331,10.6124
2026-06-15 16:31:57.344,Chong,right,40.817,2449,,,,,,,-0.4957,-0.4080,9.5815,4.6830,4.6830,10.5743
2026-06-15 16:31:57.374,Chong,right,40.850,2451,,,,,,,-0.5434,-0.4599,9.5743,4.7491,4.7491,10.6671
2026-06-15 16:31:57.405,Chong,right,40.883,2453,,,,,,,-0.5846,-0.5008,9.5773,4.7889,4.7889,10.7588
2026-06-15 16:31:57.435,Chong,right,40.917,2455,,,,,,,-0.6023,-0.5291,9.5847,4.7836,4.7836,10.7140
2026-06-15 16:31:57.466,Chong,right,40.933,2456,,,,,,,-0.6106,-0.5373,9.5885,4.7764,4.7764,10.7284
2026-06-15 16:31:57.496,Chong,right,40.967,2458,,,,,,,-0.6263,-0.5740,9.6023,4.7529,4.7529,10.6268
2026-06-15 16:31:57.527,Chong,right,41.000,2460,,,,,,,-0.6412,-0.6229,9.5923,4.7687,4.7687,10.6537
2026-06-15 16:31:57.557,Chong,right,41.033,2462,,,,,,,-0.6256,-0.6370,9.5999,4.7274,4.7274,10.7085
2026-06-15 16:31:57.588,Chong,right,41.067,2464,,,,,,,-0.6200,-0.6701,9.6180,4.6979,4.6979,10.5604
2026-06-15 16:31:57.619,Chong,right,41.100,2466,,,,,,,-0.6540,-0.6942,9.6238,4.7852,4.7852,10.6714
2026-06-15 16:31:57.649,Chong,right,41.117,2467,,,,,,,-0.6760,-0.7311,9.6316,4.8146,4.8146,10.6080
2026-06-15 16:31:57.679,Chong,right,41.150,2469,,,,,,,-0.6892,-0.7633,9.6555,4.7831,4.7831,10.5483
2026-06-15 16:31:57.710,Chong,right,41.183,2471,,,,,,,-0.6862,-0.8029,9.6711,4.7850,4.7850,10.7567
2026-06-15 16:31:57.740,Chong,right,41.217,2473,,,,,,,-0.6885,-0.8184,9.6752,4.7887,4.7887,10.8070
2026-06-15 16:31:57.771,Chong,right,41.250,2475,,,,,,,-0.7030,-0.8410,9.6747,4.7925,4.7925,10.8978
2026-06-15 16:31:57.802,Chong,right,41.283,2477,,,,,,,-0.6966,-0.8743,9.6679,4.8194,4.8194,10.8589
2026-06-15 16:31:57.832,Chong,right,41.300,2478,,,,,,,-0.6937,-0.8907,9.6608,4.8118,4.8118,10.8471
2026-06-15 16:31:57.863,Chong,right,41.333,2480,,,,,,,-0.6897,-0.9069,9.6550,4.8017,4.8017,10.8147
2026-06-15 16:31:57.894,Chong,right,41.367,2482,,,,,,,-0.6850,-0.9468,9.6310,4.7724,4.7724,10.8468
2026-06-15 16:31:57.924,Chong,right,41.400,2484,,,,,,,-0.6845,-0.9753,9.6277,4.7747,4.7747,10.8899
2026-06-15 16:31:57.955,Chong,right,41.433,2486,,,,,,,-0.6739,-1.0287,9.6246,4.7955,4.7955,10.9465
2026-06-15 16:31:57.986,Chong,right,41.467,2488,,,,,,,-0.6569,-1.0659,9.6198,4.8187,4.8187,11.0483
2026-06-15 16:31:58.017,Chong,right,41.483,2489,,,,,,,-0.6465,-1.1008,9.6198,4.8383,4.8383,11.0673
2026-06-15 16:31:58.047,Chong,right,41.517,2491,,,,,,,-0.6427,-1.1283,9.6177,4.8477,4.8477,10.9922
2026-06-15 16:31:58.078,Chong,right,41.550,2493,,,,,,,-0.6304,-1.1684,9.6171,4.8661,4.8661,11.0399
2026-06-15 16:31:58.109,Chong,right,41.583,2495,,,,,,,-0.6253,-1.2168,9.6075,4.9079,4.9079,11.0801
2026-06-15 16:31:58.139,Chong,right,41.617,2497,,,,,,,-0.6056,-1.2747,9.5849,4.8914,4.8914,10.9406
2026-06-15 16:31:58.170,Chong,right,41.650,2499,,,,,,,-0.5864,-1.3108,9.5583,4.8733,4.8733,10.8751
2026-06-15 16:31:58.201,Chong,right,41.683,2501,,,,,,,-0.5643,-1.3175,9.5529,4.8147,4.8147,10.8777
2026-06-15 16:31:58.232,Chong,right,41.700,2502,,,,,,,-0.5789,-1.3428,9.5530,4.8603,4.8603,11.0098
2026-06-15 16:31:58.262,Chong,right,41.733,2504,,,,,,,-0.5705,-1.3762,9.5708,4.9100,4.9100,11.0647
2026-06-15 16:31:58.293,Chong,right,41.767,2506,,,,,,,-0.5330,-1.3944,9.5737,4.8628,4.8628,11.0743
2026-06-15 16:31:58.323,Chong,right,41.800,2508,,,,,,,-0.5022,-1.4095,9.5713,4.8105,4.8105,11.0082
2026-06-15 16:31:58.354,Chong,right,41.833,2510,,,,,,,-0.4367,-1.4580,9.5678,4.7973,4.7973,11.0879
2026-06-15 16:31:58.384,Chong,right,41.867,2512,,,,,,,-0.4137,-1.5031,9.5636,4.8319,4.8319,11.1937
2026-06-15 16:31:58.415,Chong,right,41.883,2513,,,,,,,-0.3839,-1.5208,9.5664,4.8354,4.8354,11.1690
2026-06-15 16:31:58.445,Chong,right,41.917,2515,,,,,,,-0.3385,-1.5487,9.5628,4.8141,4.8141,11.1902
2026-06-15 16:31:58.476,Chong,right,41.950,2517,,,,,,,-0.3004,-1.5640,9.5604,4.7609,4.7609,11.1871
2026-06-15 16:31:58.506,Chong,right,41.983,2519,,,,,,,-0.2831,-1.5844,9.5486,4.7634,4.7634,11.1220
2026-06-15 16:31:58.537,Chong,right,42.017,2521,,,,,,,-0.2681,-1.6160,9.5363,4.8106,4.8106,11.2162
2026-06-15 16:31:58.568,Chong,right,42.050,2523,,,,,,,-0.2308,-1.6365,9.5348,4.8028,4.8028,11.2304
2026-06-15 16:31:58.598,Chong,right,42.067,2524,,,,,,,-0.2128,-1.6443,9.5345,4.7987,4.7987,11.2007
2026-06-15 16:31:58.629,Chong,right,42.100,2526,,,,,,,-0.1482,-1.6632,9.5373,4.7613,4.7613,11.2050
2026-06-15 16:31:58.659,Chong,right,42.133,2528,,,,,,,-0.0870,-1.6764,9.5356,4.7388,4.7388,11.2595
2026-06-15 16:31:58.690,Chong,right,42.167,2530,,,,,,,-0.0289,-1.6640,9.5389,4.7187,4.7187,11.3934
2026-06-15 16:31:58.721,Chong,right,42.200,2532,,,,,,,-0.0042,-1.6754,9.5386,4.7730,4.7730,11.5206
2026-06-15 16:31:58.752,Chong,right,42.217,2533,,,,,,,0.0368,-1.6897,9.5345,4.7308,4.7308,11.4639
2026-06-15 16:31:58.783,Chong,right,42.250,2535,,,,,,,0.0400,-1.7340,9.5201,4.6881,4.6881,11.2433
2026-06-15 16:31:58.813,Chong,right,42.283,2537,,,,,,,0.0485,-1.7599,9.5056,4.7186,4.7186,11.2747
2026-06-15 16:31:58.844,Chong,right,42.317,2539,,,,,,,0.0897,-1.7674,9.4928,4.6910,4.6910,11.2461
2026-06-15 16:31:58.874,Chong,right,42.350,2541,,,,,,,0.1515,-1.7652,9.4864,4.6397,4.6397,11.2551
2026-06-15 16:31:58.905,Chong,right,42.383,2543,,,,,,,0.2248,-1.7759,9.4851,4.6086,4.6086,11.3678
2026-06-15 16:31:58.935,Chong,right,42.417,2545,,,,,,,0.3332,-1.7765,9.4835,4.6635,4.6635,11.5089
2026-06-15 16:31:58.965,Chong,right,42.433,2546,,,,,,,0.4104,-1.7710,9.4769,4.6480,4.6480,11.5065
2026-06-15 16:31:58.996,Chong,right,42.467,2548,,,,,,,0.4469,-1.7434,9.4797,4.6963,4.6963,11.7006
2026-06-15 16:31:59.027,Chong,right,42.500,2550,,,,,,,0.4516,-1.7494,9.4630,4.7928,4.7928,11.8364
2026-06-15 16:31:59.057,Chong,right,42.533,2552,,,,,,,0.4596,-1.7475,9.4528,4.8250,4.8250,11.9493
2026-06-15 16:31:59.088,Chong,right,42.567,2554,,,,,,,0.4957,-1.7477,9.4422,4.8016,4.8016,11.9898
2026-06-15 16:31:59.118,Chong,right,42.600,2556,,,,,,,0.5653,-1.7577,9.4179,4.7662,4.7662,12.0030
2026-06-15 16:31:59.149,Chong,right,42.617,2557,,,,,,,0.5856,-1.7571,9.4048,4.7903,4.7903,12.0359
2026-06-15 16:31:59.179,Chong,right,42.650,2559,,,,,,,0.6533,-1.7570,9.3793,4.7505,4.7505,12.0208
2026-06-15 16:31:59.209,Chong,right,42.683,2561,,,,,,,0.7366,-1.7665,9.3668,4.7502,4.7502,12.1605
2026-06-15 16:31:59.240,Chong,right,42.717,2563,,,,,,,0.7824,-1.7616,9.3680,4.7250,4.7250,12.1868
2026-06-15 16:31:59.271,Chong,right,42.750,2565,,,,,,,0.8444,-1.7425,9.3772,4.7212,4.7212,12.2704
2026-06-15 16:31:59.302,Chong,right,42.783,2567,,,,,,,0.8922,-1.7166,9.3785,4.7297,4.7297,12.1751
2026-06-15 16:31:59.332,Chong,right,42.800,2568,,,,,,,0.8998,-1.7033,9.3795,4.7608,4.7608,12.1901
2026-06-15 16:31:59.363,Chong,right,42.833,2570,,,,,,,0.9313,-1.6677,9.3769,4.7836,4.7836,12.2909
2026-06-15 16:31:59.394,Chong,right,42.867,2572,,,,,,,0.9899,-1.6197,9.3745,4.7607,4.7607,12.2950
2026-06-15 16:31:59.424,Chong,right,42.900,2574,,,,,,,1.0399,-1.5841,9.3686,4.7570,4.7570,12.3717
2026-06-15 16:31:59.455,Chong,right,42.933,2576,,,,,,,1.0782,-1.5464,9.3674,4.7641,4.7641,12.5405
2026-06-15 16:31:59.486,Chong,right,42.967,2578,,,,,,,1.0939,-1.5326,9.3672,4.7568,4.7568,12.5900
2026-06-15 16:31:59.517,Chong,right,42.983,2579,,,,,,,1.1242,-1.4955,9.3674,4.7246,4.7246,12.5487
2026-06-15 16:31:59.548,Chong,right,43.017,2581,,,,,,,1.1729,-1.4627,9.3713,4.7163,4.7163,12.5977
2026-06-15 16:31:59.578,Chong,right,43.050,2583,,,,,,,1.2076,-1.4530,9.3819,4.7356,4.7356,12.7910
2026-06-15 16:31:59.609,Chong,right,43.083,2585,,,,,,,1.2573,-1.4468,9.3781,4.7261,4.7261,12.8117
2026-06-15 16:31:59.639,Chong,right,43.117,2587,,,,,,,1.2838,-1.4567,9.3684,4.7242,4.7242,12.8442
2026-06-15 16:31:59.670,Chong,right,43.150,2589,,,,,,,1.3364,-1.4798,9.3558,4.7166,4.7166,12.8863
2026-06-15 16:31:59.705,Chong,right,43.183,2591,,,,,,,1.3625,-1.4969,9.3506,4.7161,4.7161,12.9856
2026-06-15 16:31:59.735,Chong,right,43.217,2593,,,,,,,1.3856,-1.4885,9.3611,4.8185,4.8185,13.1355
2026-06-15 16:31:59.766,Chong,right,43.233,2594,,,,,,,1.3557,-1.3384,9.3769,4.8532,4.8532,13.0960
2026-06-15 16:31:59.797,Chong,right,43.267,2596,,,,,,,1.3721,-1.2244,9.3835,4.8071,4.8071,13.1129
2026-06-15 16:31:59.827,Chong,right,43.300,2598,,,,,,,1.3906,-1.1841,9.3811,4.8113,4.8113,13.1110
2026-06-15 16:31:59.857,Chong,right,43.333,2600,,,,,,,1.4381,-1.1238,9.3735,4.8061,4.8061,13.2139
2026-06-15 16:31:59.888,Chong,right,43.367,2602,,,,,,,1.4680,-1.0694,9.3679,4.8187,4.8187,13.2516
2026-06-15 16:31:59.919,Chong,right,43.400,2604,,,,,,,1.4945,-1.0323,9.3637,4.8030,4.8030,13.2393
2026-06-15 16:31:59.949,Chong,right,43.417,2605,,,,,,,1.4961,-1.0126,9.3747,4.8079,4.8079,13.2332
2026-06-15 16:31:59.980,Chong,right,43.450,2607,,,,,,,1.4936,-1.0008,9.3790,4.8141,4.8141,13.2426
2026-06-15 16:32:00.010,Chong,right,43.483,2609,,,,,,,1.5263,-0.9912,9.3858,4.7803,4.7803,13.1300
2026-06-15 16:32:00.041,Chong,right,43.517,2611,,,,,,,1.5475,-0.9702,9.4053,4.7879,4.7879,13.2824
2026-06-15 16:32:00.071,Chong,right,43.550,2613,,,,,,,1.5331,-0.9376,9.4221,4.7965,4.7965,13.2711
2026-06-15 16:32:00.102,Chong,right,43.583,2615,,,,,,,1.5267,-0.8868,9.4209,4.7543,4.7543,13.2130
2026-06-15 16:32:00.132,Chong,right,43.600,2616,,,,,,,1.5524,-0.8613,9.4250,4.7128,4.7128,13.2010
2026-06-15 16:32:00.162,Chong,right,43.633,2618,,,,,,,1.5709,-0.8215,9.4175,4.6818,4.6818,13.1502
2026-06-15 16:32:00.193,Chong,right,43.667,2620,,,,,,,1.6024,-0.7840,9.4213,4.6719,4.6719,13.2559
2026-06-15 16:32:00.224,Chong,right,43.700,2622,,,,,,,1.6284,-0.7238,9.4392,4.6516,4.6516,13.2368
2026-06-15 16:32:00.254,Chong,right,43.733,2624,,,,,,,1.6255,-0.6930,9.4461,4.6951,4.6951,13.2170
2026-06-15 16:32:00.285,Chong,right,43.767,2626,,,,,,,1.6421,-0.6323,9.4508,4.6562,4.6562,13.1575
2026-06-15 16:32:00.316,Chong,right,43.783,2627,,,,,,,1.6613,-0.6200,9.4477,4.6423,4.6423,13.0315
2026-06-15 16:32:00.346,Chong,right,43.817,2629,,,,,,,1.6424,-0.6133,9.4463,4.6615,4.6615,12.8991
2026-06-15 16:32:00.377,Chong,right,43.850,2631,,,,,,,1.6249,-0.5751,9.4483,4.6053,4.6053,12.7936
2026-06-15 16:32:00.407,Chong,right,43.883,2633,,,,,,,1.6542,-0.5100,9.4742,4.5246,4.5246,12.7407
2026-06-15 16:32:00.438,Chong,right,43.917,2635,,,,,,,1.6093,-0.4199,9.4887,4.5618,4.5618,12.7132
2026-06-15 16:32:00.469,Chong,right,43.950,2637,,,,,,,1.5545,-0.3011,9.4794,4.6189,4.6189,12.5997
2026-06-15 16:32:00.499,Chong,right,43.967,2638,,,,,,,1.5432,-0.2418,9.4756,4.6221,4.6221,12.5910
2026-06-15 16:32:00.529,Chong,right,44.000,2640,,,,,,,1.5139,-0.2232,9.4717,4.6164,4.6164,12.5776
2026-06-15 16:32:00.560,Chong,right,44.033,2642,,,,,,,1.4816,-0.2246,9.4700,4.6385,4.6385,12.4693
2026-06-15 16:32:00.591,Chong,right,44.067,2644,,,,,,,1.4621,-0.2256,9.4889,4.6442,4.6442,12.3294
2026-06-15 16:32:00.621,Chong,right,44.100,2646,,,,,,,1.4300,-0.2206,9.4824,4.6671,4.6671,12.3027
2026-06-15 16:32:00.652,Chong,right,44.133,2648,,,,,,,1.4224,-0.2270,9.4718,4.6549,4.6549,12.1620
2026-06-15 16:32:00.682,Chong,right,44.150,2649,,,,,,,1.4208,-0.2198,9.4597,4.6468,4.6468,12.0698
2026-06-15 16:32:00.713,Chong,right,44.183,2651,,,,,,,1.4031,-0.2167,9.4581,4.6735,4.6735,12.1284
2026-06-15 16:32:00.744,Chong,right,44.217,2653,,,,,,,1.3783,-0.2019,9.4543,4.7022,4.7022,12.1576
2026-06-15 16:32:00.774,Chong,right,44.250,2655,,,,,,,1.3619,-0.1893,9.4472,4.6903,4.6903,12.1109
2026-06-15 16:32:00.804,Chong,right,44.283,2657,,,,,,,1.3479,-0.1923,9.4452,4.6910,4.6910,12.0819
2026-06-15 16:32:00.835,Chong,right,44.317,2659,,,,,,,1.3141,-0.1935,9.4467,4.6849,4.6849,12.0976
2026-06-15 16:32:00.866,Chong,right,44.333,2660,,,,,,,1.2574,-0.1810,9.4622,4.6840,4.6840,12.1049
2026-06-15 16:32:00.897,Chong,right,44.367,2662,,,,,,,1.2119,-0.1669,9.4632,4.6590,4.6590,12.0397
2026-06-15 16:32:00.928,Chong,right,44.400,2664,,,,,,,1.1725,-0.1627,9.4675,4.7399,4.7399,12.1517
2026-06-15 16:32:00.958,Chong,right,44.433,2666,,,,,,,1.1507,-0.1489,9.4663,4.7505,4.7505,12.1931
2026-06-15 16:32:00.990,Chong,right,44.467,2668,,,,,,,1.1154,-0.1421,9.4662,4.7144,4.7144,12.1065
2026-06-15 16:32:01.020,Chong,right,44.500,2670,,,,,,,1.1072,-0.1399,9.4653,4.6890,4.6890,12.0513
2026-06-15 16:32:01.051,Chong,right,44.517,2671,,,,,,,1.1071,-0.1393,9.4688,4.6779,4.6779,11.9192
2026-06-15 16:32:01.082,Chong,right,44.550,2673,,,,,,,1.0876,-0.1129,9.4600,4.6689,4.6689,11.9487
2026-06-15 16:32:01.112,Chong,right,44.600,2676,,,,,,,1.0564,-0.0790,9.4367,4.6565,4.6565,12.0269
2026-06-15 16:32:01.143,Chong,right,44.633,2678,,,,,,,1.0361,-0.0897,9.4276,4.6994,4.6994,12.0636
2026-06-15 16:32:01.173,Chong,right,44.667,2680,,,,,,,0.9887,-0.1108,9.4125,4.7424,4.7424,12.0031
2026-06-15 16:32:01.204,Chong,right,44.700,2682,,,,,,,0.9775,-0.1207,9.4071,4.6864,4.6864,11.8854
2026-06-15 16:32:01.235,Chong,right,44.733,2684,,,,,,,0.9362,-0.1327,9.4109,4.7028,4.7028,11.8362
2026-06-15 16:32:01.265,Chong,right,44.750,2685,,,,,,,0.8733,-0.1370,9.4296,4.7045,4.7045,11.9294
2026-06-15 16:32:01.296,Chong,right,44.783,2687,,,,,,,0.8546,-0.1478,9.4308,4.6792,4.6792,11.8506
2026-06-15 16:32:01.326,Chong,right,44.817,2689,,,,,,,1.9212,-0.3675,4.7937,0.0000,0.0000,0.0000
2026-06-15 16:32:01.356,Chong,right,44.850,2691,,,,,,,1.9212,-0.3675,4.7937,0.0000,0.0000,0.0000
2026-06-15 16:32:01.387,Chong,right,44.883,2693,,,,,,,1.9212,-0.3675,4.7937,0.0000,0.0000,0.0000
2026-06-15 16:32:01.417,Chong,right,44.917,2695,,,,,,,1.9212,-0.3675,4.7937,0.0000,0.0000,0.0000
2026-06-15 16:32:01.448,Chong,right,44.933,2696,,,,,,,0.4389,0.1354,9.3940,4.5457,4.5457,11.8362
2026-06-15 16:32:01.478,Chong,right,44.967,2698,,,,,,,0.4201,0.1131,9.4027,4.5889,4.5889,11.7783
2026-06-15 16:32:01.509,Chong,right,45.000,2700,,,,,,,0.3935,0.0826,9.4207,4.6648,4.6648,11.5968
2026-06-15 16:32:01.539,Chong,right,45.033,2702,,,,,,,0.3795,0.0480,9.4563,4.6839,4.6839,11.5681
2026-06-15 16:32:01.571,Chong,right,45.067,2704,,,,,,,0.3369,0.0028,9.5022,4.6561,4.6561,11.4955
2026-06-15 16:32:01.601,Chong,right,45.100,2706,,,,,,,0.3200,-0.0178,9.5180,4.6407,4.6407,11.4048
2026-06-15 16:32:01.632,Chong,right,45.117,2707,,,,,,,0.2908,-0.0367,9.5493,4.6031,4.6031,11.2959
2026-06-15 16:32:01.662,Chong,right,45.150,2709,,,,,,,0.2229,-0.0471,9.5674,4.5736,4.5736,11.2110
2026-06-15 16:32:01.693,Chong,right,45.183,2711,,,,,,,0.1372,-0.0616,9.5859,4.5660,4.5660,11.2077
2026-06-15 16:32:01.724,Chong,right,45.217,2713,,,,,,,0.0714,-0.0636,9.5989,4.5775,4.5775,11.1427
2026-06-15 16:32:01.755,Chong,right,45.250,2715,,,,,,,0.0440,-0.0856,9.6130,4.6118,4.6118,11.1369
2026-06-15 16:32:01.785,Chong,right,45.267,2716,,,,,,,-0.0020,-0.1116,9.6440,4.6719,4.6719,11.0792
2026-06-15 16:32:01.816,Chong,right,45.300,2718,,,,,,,-0.0416,-0.1211,9.6677,4.6656,4.6656,11.0479
2026-06-15 16:32:01.847,Chong,right,45.333,2720,,,,,,,-0.0843,-0.1376,9.6812,4.6573,4.6573,10.8858
2026-06-15 16:32:01.877,Chong,right,45.367,2722,,,,,,,-0.0948,-0.1517,9.6746,4.6296,4.6296,10.5611
2026-06-15 16:32:01.908,Chong,right,45.400,2724,,,,,,,-0.1184,-0.1602,9.6701,4.6326,4.6326,10.5345
2026-06-15 16:32:01.939,Chong,right,45.433,2726,,,,,,,-0.1434,-0.1751,9.6689,4.5576,4.5576,10.4072
2026-06-15 16:32:01.969,Chong,right,45.467,2728,,,,,,,-0.2200,-0.2484,9.6667,4.6158,4.6158,10.6127
2026-06-15 16:32:01.999,Chong,right,45.483,2729,,,,,,,-0.3005,-0.3074,9.6904,4.6861,4.6861,10.7631
2026-06-15 16:32:02.030,Chong,right,45.517,2731,,,,,,,-0.3221,-0.3085,9.7024,4.6889,4.6889,10.7270
2026-06-15 16:32:02.060,Chong,right,45.550,2733,,,,,,,-0.3871,-0.3180,9.7215,4.7702,4.7702,10.7905
2026-06-15 16:32:02.091,Chong,right,45.583,2735,,,,,,,-0.4478,-0.3261,9.7242,4.7870,4.7870,10.7483
2026-06-15 16:32:02.121,Chong,right,45.617,2737,,,,,,,-0.4745,-0.3333,9.7231,4.7927,4.7927,10.7364
2026-06-15 16:32:02.151,Chong,right,45.650,2739,,,,,,,-0.4995,-0.3415,9.7166,4.7919,4.7919,10.8438
2026-06-15 16:32:02.182,Chong,right,45.667,2740,,,,,,,-0.5115,-0.3452,9.7109,4.7995,4.7995,10.8436
2026-06-15 16:32:02.213,Chong,right,45.700,2742,,,,,,,-0.5188,-0.3475,9.6981,4.7892,4.7892,10.8689
2026-06-15 16:32:02.243,Chong,right,45.733,2744,,,,,,,-0.5142,-0.3866,9.6885,4.8078,4.8078,10.9267
2026-06-15 16:32:02.274,Chong,right,45.767,2746,,,,,,,-0.5168,-0.4221,9.6851,4.8213,4.8213,11.0505
2026-06-15 16:32:02.304,Chong,right,45.800,2748,,,,,,,-0.4865,-0.4276,9.6933,4.7786,4.7786,11.2629
2026-06-15 16:32:02.335,Chong,right,45.833,2750,,,,,,,-0.4726,-0.4251,9.7004,4.7613,4.7613,11.3182
2026-06-15 16:32:02.365,Chong,right,45.850,2751,,,,,,,-0.4462,-0.4048,9.6584,4.7397,4.7397,10.6520
2026-06-15 16:32:02.396,Chong,right,45.883,2753,,,,,,,-0.4527,-0.4074,9.6213,4.7767,4.7767,10.5879
2026-06-15 16:32:02.426,Chong,right,45.917,2755,,,,,,,-0.4572,-0.3894,9.6009,4.7461,4.7461,10.5477
2026-06-15 16:32:02.457,Chong,right,45.950,2757,,,,,,,-0.4806,-0.3912,9.5931,4.7528,4.7528,10.6856
2026-06-15 16:32:02.487,Chong,right,45.983,2759,,,,,,,-0.4798,-0.4016,9.5895,4.7669,4.7669,10.7375
2026-06-15 16:32:02.518,Chong,right,46.017,2761,,,,,,,-0.4716,-0.4243,9.5910,4.7508,4.7508,10.8189
2026-06-15 16:32:02.549,Chong,right,46.033,2762,,,,,,,-0.4889,-0.4855,9.6108,4.6972,4.6972,10.8003
2026-06-15 16:32:02.580,Chong,right,46.067,2764,,,,,,,-0.4776,-0.5471,9.6232,4.6593,4.6593,10.6699
2026-06-15 16:32:02.610,Chong,right,46.100,2766,,,,,,,-0.4711,-0.5585,9.6119,4.6303,4.6303,10.5787
2026-06-15 16:32:02.641,Chong,right,46.133,2768,,,,,,,-0.4498,-0.5688,9.5980,4.6084,4.6084,10.4800
2026-06-15 16:32:02.671,Chong,right,46.167,2770,,,,,,,-0.4579,-0.6926,9.5779,4.7113,4.7113,10.7143
2026-06-15 16:32:02.701,Chong,right,46.200,2772,,,,,,,-0.4239,-0.7927,9.5593,4.7851,4.7851,10.9741
2026-06-15 16:32:02.732,Chong,right,46.217,2773,,,,,,,-0.3876,-0.8724,9.5244,4.8196,4.8196,11.1461
2026-06-15 16:32:02.763,Chong,right,46.250,2775,,,,,,,-0.3632,-0.9088,9.5049,4.8256,4.8256,11.1273
2026-06-15 16:32:02.793,Chong,right,46.283,2777,,,,,,,-0.3557,-0.9627,9.4854,4.8453,4.8453,11.3001
2026-06-15 16:32:02.824,Chong,right,46.317,2779,,,,,,,-0.3530,-1.0079,9.4801,4.8860,4.8860,11.3358
2026-06-15 16:32:02.855,Chong,right,46.350,2781,,,,,,,-0.3422,-1.0389,9.4769,4.8964,4.8964,11.3807
2026-06-15 16:32:02.886,Chong,right,46.383,2783,,,,,,,-0.3309,-1.0688,9.4712,4.8549,4.8549,11.2523
2026-06-15 16:32:02.916,Chong,right,46.400,2784,,,,,,,-0.3287,-1.0822,9.4645,4.8422,4.8422,11.1866
2026-06-15 16:32:02.947,Chong,right,46.433,2786,,,,,,,-0.3078,-1.0980,9.4577,4.7962,4.7962,11.0655
2026-06-15 16:32:02.978,Chong,right,46.467,2788,,,,,,,-0.3065,-1.1242,9.4486,4.7689,4.7689,11.0055
2026-06-15 16:32:03.008,Chong,right,46.500,2790,,,,,,,-0.2919,-1.1507,9.4467,4.7447,4.7447,10.9900
2026-06-15 16:32:03.039,Chong,right,46.533,2792,,,,,,,-0.2811,-1.1964,9.4423,4.7785,4.7785,11.0317
2026-06-15 16:32:03.069,Chong,right,46.567,2794,,,,,,,-0.2736,-1.2248,9.4309,4.8091,4.8091,11.0189
2026-06-15 16:32:03.100,Chong,right,46.583,2795,,,,,,,-0.2620,-1.2873,9.4205,4.8767,4.8767,11.2423
2026-06-15 16:32:03.131,Chong,right,46.617,2797,,,,,,,-0.2371,-1.3247,9.4240,4.9019,4.9019,11.3525
2026-06-15 16:32:03.162,Chong,right,46.650,2799,,,,,,,-0.1995,-1.3642,9.4253,4.9001,4.9001,11.4093
2026-06-15 16:32:03.192,Chong,right,46.683,2801,,,,,,,-0.1995,-1.3642,9.4253,4.9001,4.9001,11.4093
2026-06-15 16:32:03.223,Chong,right,46.717,2803,,,,,,,-0.1526,-1.3906,9.4017,4.8591,4.8591,11.2125
2026-06-15 16:32:03.254,Chong,right,46.750,2805,,,,,,,-0.1207,-1.4099,9.3926,4.8500,4.8500,11.2815
2026-06-15 16:32:03.285,Chong,right,46.783,2807,,,,,,,-0.1180,-1.4299,9.3912,4.8634,4.8634,11.3514
2026-06-15 16:32:03.316,Chong,right,46.800,2808,,,,,,,-0.1812,-1.4812,9.3908,4.9575,4.9575,11.4372
2026-06-15 16:32:03.347,Chong,right,46.833,2810,,,,,,,-0.1819,-1.4998,9.3882,4.9817,4.9817,11.5061
2026-06-15 16:32:03.377,Chong,right,46.867,2812,,,,,,,-0.1549,-1.5530,9.3721,5.0314,5.0314,11.5441
2026-06-15 16:32:03.408,Chong,right,46.900,2814,,,,,,,-0.1316,-1.5752,9.3627,5.0290,5.0290,11.5362
2026-06-15 16:32:03.438,Chong,right,46.933,2816,,,,,,,-0.0833,-1.6271,9.3381,5.0281,5.0281,11.6363
2026-06-15 16:32:03.469,Chong,right,46.950,2817,,,,,,,-0.0366,-1.6684,9.3258,5.0132,5.0132,11.7403
2026-06-15 16:32:03.499,Chong,right,46.983,2819,,,,,,,-0.0011,-1.7058,9.3261,5.0206,5.0206,11.9172
2026-06-15 16:32:03.530,Chong,right,47.017,2821,,,,,,,0.0226,-1.7305,9.3328,5.0318,5.0318,12.0141
2026-06-15 16:32:03.560,Chong,right,47.050,2823,,,,,,,0.0405,-1.7356,9.3382,5.0420,5.0420,12.0628
2026-06-15 16:32:03.591,Chong,right,47.083,2825,,,,,,,0.0685,-1.7418,9.3406,5.0753,5.0753,12.2217
2026-06-15 16:32:03.621,Chong,right,47.117,2827,,,,,,,0.1169,-1.7550,9.3369,5.0671,5.0671,12.0659
2026-06-15 16:32:03.652,Chong,right,47.150,2829,,,,,,,0.1419,-1.7596,9.3324,5.0316,5.0316,11.9961
2026-06-15 16:32:03.683,Chong,right,47.167,2830,,,,,,,0.2174,-1.7535,9.3379,4.9562,4.9562,12.0723
2026-06-15 16:32:03.713,Chong,right,47.200,2832,,,,,,,0.2812,-1.7683,9.3229,4.9509,4.9509,12.1026
2026-06-15 16:32:03.744,Chong,right,47.233,2834,,,,,,,0.3070,-1.7716,9.3131,4.9687,4.9687,12.2294
2026-06-15 16:32:03.775,Chong,right,47.267,2836,,,,,,,0.3821,-1.7853,9.3145,4.8835,4.8835,12.2774
2026-06-15 16:32:03.805,Chong,right,47.300,2838,,,,,,,0.4292,-1.8026,9.3196,4.8993,4.8993,12.3561
2026-06-15 16:32:03.836,Chong,right,47.333,2840,,,,,,,0.4660,-1.8039,9.3122,4.8695,4.8695,12.2557
2026-06-15 16:32:03.866,Chong,right,47.350,2841,,,,,,,0.5315,-1.8194,9.3047,4.8336,4.8336,12.2709
2026-06-15 16:32:03.897,Chong,right,47.383,2843,,,,,,,0.5865,-1.8256,9.2928,4.7797,4.7797,12.1458
2026-06-15 16:32:03.927,Chong,right,47.417,2845,,,,,,,0.6034,-1.8278,9.2980,4.8139,4.8139,12.3321
2026-06-15 16:32:03.959,Chong,right,47.450,2847,,,,,,,0.6750,-1.8278,9.3048,4.7949,4.7949,12.3530
2026-06-15 16:32:03.989,Chong,right,47.483,2849,,,,,,,0.6870,-1.8363,9.3036,4.8109,4.8109,12.3804
2026-06-15 16:32:04.020,Chong,right,47.517,2851,,,,,,,0.7197,-1.8407,9.3093,4.8294,4.8294,12.6201
2026-06-15 16:32:04.050,Chong,right,47.533,2852,,,,,,,0.7792,-1.8599,9.2972,4.8088,4.8088,12.6471
2026-06-15 16:32:04.081,Chong,right,47.567,2854,,,,,,,0.8099,-1.8570,9.2874,4.7968,4.7968,12.6648
2026-06-15 16:32:04.112,Chong,right,47.600,2856,,,,,,,0.8434,-1.8114,9.2536,4.9230,4.9230,12.8661
2026-06-15 16:32:04.142,Chong,right,47.633,2858,,,,,,,0.8577,-1.8051,9.2490,4.9295,4.9295,12.9312
2026-06-15 16:32:04.173,Chong,right,47.667,2860,,,,,,,0.9234,-1.8053,9.2490,4.8930,4.8930,13.0051
2026-06-15 16:32:04.203,Chong,right,47.700,2862,,,,,,,0.9722,-1.8065,9.2532,4.8439,4.8439,13.0983
2026-06-15 16:32:04.234,Chong,right,47.717,2863,,,,,,,1.0028,-1.8021,9.2543,4.8464,4.8464,13.1509
2026-06-15 16:32:04.264,Chong,right,47.733,2864,,,,,,,1.0363,-1.7857,9.2545,4.8594,4.8594,13.1068
2026-06-15 16:32:04.295,Chong,right,47.783,2867,,,,,,,1.1027,-1.7465,9.2455,4.8465,4.8465,13.1007
2026-06-15 16:32:04.325,Chong,right,47.817,2869,,,,,,,1.1516,-1.7070,9.2403,4.8327,4.8327,13.2454
2026-06-15 16:32:04.356,Chong,right,47.850,2871,,,,,,,1.1998,-1.6721,9.2366,4.8210,4.8210,13.2639
2026-06-15 16:32:04.386,Chong,right,47.883,2873,,,,,,,1.2589,-1.6419,9.2225,4.8263,4.8263,13.2132
2026-06-15 16:32:04.416,Chong,right,47.900,2874,,,,,,,1.2915,-1.5955,9.2109,4.8465,4.8465,13.3408
2026-06-15 16:32:04.447,Chong,right,47.933,2876,,,,,,,1.3344,-1.5544,9.2033,4.8090,4.8090,13.2978
2026-06-15 16:32:04.477,Chong,right,47.967,2878,,,,,,,1.3512,-1.5330,9.1993,4.8033,4.8033,13.3257
2026-06-15 16:32:04.508,Chong,right,48.000,2880,,,,,,,1.4069,-1.5059,9.2016,4.7835,4.7835,13.3301
2026-06-15 16:32:04.538,Chong,right,48.033,2882,,,,,,,1.4447,-1.4782,9.2039,4.8266,4.8266,13.4755
2026-06-15 16:32:04.569,Chong,right,48.067,2884,,,,,,,1.4733,-1.4598,9.2036,4.8381,4.8381,13.5007
2026-06-15 16:32:04.600,Chong,right,48.083,2885,,,,,,,1.4937,-1.4467,9.2006,4.8351,4.8351,13.4417
2026-06-15 16:32:04.630,Chong,right,48.117,2887,,,,,,,1.5445,-1.4356,9.2074,4.7689,4.7689,13.4256
2026-06-15 16:32:04.661,Chong,right,48.150,2889,,,,,,,1.5674,-1.4133,9.2082,4.7420,4.7420,13.5041
2026-06-15 16:32:04.691,Chong,right,48.183,2891,,,,,,,1.5999,-1.3286,9.2169,4.7562,4.7562,13.5277
2026-06-15 16:32:04.722,Chong,right,48.217,2893,,,,,,,1.5451,-1.2511,9.2251,4.8351,4.8351,13.5941
2026-06-15 16:32:04.756,Chong,right,48.250,2895,,,,,,,1.4975,-1.1311,9.2388,4.9242,4.9242,13.6698
2026-06-15 16:32:04.786,Chong,right,48.283,2897,,,,,,,1.5101,-1.0544,9.2327,4.8700,4.8700,13.5769
2026-06-15 16:32:04.817,Chong,right,48.300,2898,,,,,,,1.5362,-1.0207,9.2202,4.8560,4.8560,13.5205
2026-06-15 16:32:04.847,Chong,right,48.333,2900,,,,,,,1.5760,-0.9898,9.2170,4.8672,4.8672,13.5536
2026-06-15 16:32:04.878,Chong,right,48.367,2902,,,,,,,1.5851,-0.9741,9.2216,4.8898,4.8898,13.6276
2026-06-15 16:32:04.908,Chong,right,48.400,2904,,,,,,,1.5966,-0.9619,9.2288,4.8540,4.8540,13.5981
2026-06-15 16:32:04.939,Chong,right,48.433,2906,,,,,,,1.6161,-0.9534,9.2448,4.8898,4.8898,13.6424
2026-06-15 16:32:04.969,Chong,right,48.467,2908,,,,,,,1.6538,-0.9409,9.2584,4.8750,4.8750,13.6820
2026-06-15 16:32:05.000,Chong,right,48.483,2909,,,,,,,1.6966,-0.9194,9.2539,4.8422,4.8422,13.6580
2026-06-15 16:32:05.030,Chong,right,48.517,2911,,,,,,,1.7033,-0.9161,9.2520,4.8477,4.8477,13.6892
2026-06-15 16:32:05.061,Chong,right,48.550,2913,,,,,,,1.7093,-0.8968,9.2587,4.8450,4.8450,13.8574
2026-06-15 16:32:05.091,Chong,right,48.583,2915,,,,,,,1.7597,-0.8603,9.2591,4.7852,4.7852,13.8915
2026-06-15 16:32:05.121,Chong,right,48.617,2917,,,,,,,1.7472,-0.8379,9.2543,4.8233,4.8233,13.9824
2026-06-15 16:32:05.152,Chong,right,48.650,2919,,,,,,,1.7564,-0.7960,9.2608,4.7982,4.7982,14.0168
2026-06-15 16:32:05.183,Chong,right,48.667,2920,,,,,,,1.7550,-0.7761,9.2718,4.8321,4.8321,14.0809
2026-06-15 16:32:05.214,Chong,right,48.700,2922,,,,,,,1.8139,-0.7181,9.2810,4.7927,4.7927,14.0513
2026-06-15 16:32:05.245,Chong,right,48.733,2924,,,,,,,1.8392,-0.6707,9.2943,4.8225,4.8225,14.0113
2026-06-15 16:32:05.275,Chong,right,48.767,2926,,,,,,,1.8600,-0.6385,9.3100,4.8329,4.8329,14.0076
2026-06-15 16:32:05.306,Chong,right,48.800,2928,,,,,,,1.8222,-0.6396,9.3173,4.9233,4.9233,13.8890
2026-06-15 16:32:05.337,Chong,right,48.817,2929,,,,,,,1.6936,-0.5017,9.3223,4.8382,4.8382,13.8945
2026-06-15 16:32:05.367,Chong,right,48.867,2932,,,,,,,1.3523,-0.0408,9.3223,4.7945,4.7945,13.5037
2026-06-15 16:32:05.398,Chong,right,48.883,2933,,,,,,,1.2610,0.1739,9.3006,4.7150,4.7150,13.1453
2026-06-15 16:32:05.428,Chong,right,48.917,2935,,,,,,,1.2587,0.2397,9.2690,4.6714,4.6714,12.9500
2026-06-15 16:32:05.459,Chong,right,48.950,2937,,,,,,,1.2664,0.2394,9.2578,4.7615,4.7615,12.9724
2026-06-15 16:32:05.489,Chong,right,48.983,2939,,,,,,,1.2874,0.2382,9.2478,4.8134,4.8134,12.9063
2026-06-15 16:32:05.520,Chong,right,49.017,2941,,,,,,,1.3242,0.2193,9.2412,4.8602,4.8602,13.0337
2026-06-15 16:32:05.551,Chong,right,49.033,2942,,,,,,,1.3147,0.0931,9.2564,4.8207,4.8207,13.0264
2026-06-15 16:32:05.581,Chong,right,49.067,2944,,,,,,,1.3259,-0.0278,9.2525,4.7983,4.7983,13.2753
2026-06-15 16:32:05.612,Chong,right,49.100,2946,,,,,,,1.3494,-0.1144,9.2540,4.7882,4.7882,13.2291
2026-06-15 16:32:05.642,Chong,right,49.133,2948,,,,,,,1.3627,-0.1479,9.2597,4.7622,4.7622,13.1819
2026-06-15 16:32:05.673,Chong,right,49.167,2950,,,,,,,1.3698,-0.2542,9.2781,4.8412,4.8412,13.4530
2026-06-15 16:32:05.703,Chong,right,49.200,2952,,,,,,,1.4367,-0.3391,9.2817,4.8184,4.8184,13.2149
2026-06-15 16:32:05.734,Chong,right,49.217,2953,,,,,,,1.4679,-0.4339,9.2758,4.8034,4.8034,13.1650
2026-06-15 16:32:05.767,Chong,right,49.250,2955,,,,,,,1.5134,-0.5076,9.2698,4.7930,4.7930,13.2576
2026-06-15 16:32:05.798,Chong,right,49.283,2957,,,,,,,1.5364,-0.5432,9.2656,4.7592,4.7592,13.2237
2026-06-15 16:32:05.828,Chong,right,49.317,2959,,,,,,,1.5565,-0.6356,9.2680,4.7645,4.7645,13.2301
2026-06-15 16:32:05.859,Chong,right,49.350,2961,,,,,,,1.5699,-0.7077,9.2815,4.7641,4.7641,13.3254
2026-06-15 16:32:05.890,Chong,right,49.383,2963,,,,,,,1.5903,-0.7973,9.3006,4.8324,4.8324,13.3439
2026-06-15 16:32:05.920,Chong,right,49.417,2965,,,,,,,1.6328,-0.8330,9.3177,4.7876,4.7876,13.2644
2026-06-15 16:32:05.951,Chong,right,49.433,2966,,,,,,,1.6258,-0.9132,9.3318,4.8253,4.8253,13.2590
2026-06-15 16:32:05.981,Chong,right,49.467,2968,,,,,,,1.6457,-1.0018,9.3292,4.8120,4.8120,13.2498
2026-06-15 16:32:06.011,Chong,right,49.500,2970,,,,,,,1.6692,-1.0870,9.3282,4.8108,4.8108,13.3311
2026-06-15 16:32:06.041,Chong,right,49.533,2972,,,,,,,1.6958,-1.1206,9.3196,4.7708,4.7708,13.3123
2026-06-15 16:32:06.072,Chong,right,49.567,2974,,,,,,,1.7139,-1.1595,9.3125,4.7504,4.7504,13.2815
2026-06-15 16:32:06.102,Chong,right,49.600,2976,,,,,,,1.7392,-1.2379,9.2938,4.7075,4.7075,13.1920
2026-06-15 16:32:06.133,Chong,right,49.617,2977,,,,,,,1.7270,-1.3339,9.2770,4.7646,4.7646,13.3060
2026-06-15 16:32:06.163,Chong,right,49.650,2979,,,,,,,1.7311,-1.3993,9.2622,4.8074,4.8074,13.5210
2026-06-15 16:32:06.194,Chong,right,49.683,2981,,,,,,,1.7397,-1.4487,9.2611,4.8079,4.8079,13.6242
2026-06-15 16:32:06.225,Chong,right,49.717,2983,,,,,,,1.7501,-1.4727,9.2631,4.8084,4.8084,13.6653
2026-06-15 16:32:06.255,Chong,right,49.750,2985,,,,,,,1.7590,-1.5254,9.2688,4.8120,4.8120,13.7080
2026-06-15 16:32:06.286,Chong,right,49.783,2987,,,,,,,1.7896,-1.5759,9.2778,4.7982,4.7982,13.6892
2026-06-15 16:32:06.317,Chong,right,49.800,2988,,,,,,,1.8071,-1.6067,9.2751,4.8411,4.8411,13.8077
2026-06-15 16:32:06.347,Chong,right,49.833,2990,,,,,,,1.8119,-1.6216,9.2782,4.8449,4.8449,13.7224
2026-06-15 16:32:06.378,Chong,right,49.867,2992,,,,,,,1.7995,-1.6347,9.2862,4.8779,4.8779,13.5736
2026-06-15 16:32:06.409,Chong,right,49.900,2994,,,,,,,1.7953,-1.6498,9.2839,4.8546,4.8546,13.5234
2026-06-15 16:32:06.439,Chong,right,49.933,2996,,,,,,,1.7985,-1.6741,9.2787,4.8637,4.8637,13.4959
2026-06-15 16:32:06.470,Chong,right,49.967,2998,,,,,,,1.8183,-1.7088,9.2811,4.8934,4.8934,13.7331
2026-06-15 16:32:06.501,Chong,right,49.983,2999,,,,,,,1.8357,-1.6942,9.2889,4.8700,4.8700,13.8010
2026-06-15 16:32:06.531,Chong,right,50.017,3001,,,,,,,1.8308,-1.6753,9.2888,4.8854,4.8854,13.8411
2026-06-15 16:32:06.562,Chong,right,50.050,3003,,,,,,,1.8122,-1.6403,9.2894,4.9238,4.9238,13.9150
2026-06-15 16:32:06.592,Chong,right,50.083,3005,,,,,,,1.8039,-1.6197,9.2871,4.9074,4.9074,13.8905
2026-06-15 16:32:06.623,Chong,right,50.117,3007,,,,,,,1.7487,-1.4820,9.2731,4.8283,4.8283,13.7723
2026-06-15 16:32:06.653,Chong,right,50.150,3009,,,,,,,1.6663,-1.3130,9.2783,4.8244,4.8244,13.8581
2026-06-15 16:32:06.684,Chong,right,50.167,3010,,,,,,,1.6415,-1.2678,9.2823,4.8067,4.8067,13.8953
2026-06-15 16:32:06.714,Chong,right,50.200,3012,,,,,,,1.6009,-1.2031,9.2956,4.8120,4.8120,13.8225
2026-06-15 16:32:06.745,Chong,right,50.233,3014,,,,,,,1.5796,-1.1557,9.3189,4.8769,4.8769,13.8684
2026-06-15 16:32:06.775,Chong,right,50.267,3016,,,,,,,1.5797,-1.0983,9.3348,4.8790,4.8790,13.8203
2026-06-15 16:32:06.806,Chong,right,50.300,3018,,,,,,,1.5828,-1.0619,9.3364,4.8781,4.8781,13.8498
2026-06-15 16:32:06.837,Chong,right,50.333,3020,,,,,,,1.5454,-0.9958,9.3394,4.8871,4.8871,13.7862
2026-06-15 16:32:06.867,Chong,right,50.350,3021,,,,,,,1.4959,-0.9353,9.3383,4.9002,4.9002,13.7534
2026-06-15 16:32:06.897,Chong,right,50.383,3023,,,,,,,1.4399,-0.8921,9.3604,4.9575,4.9575,13.8570
2026-06-15 16:32:06.928,Chong,right,50.417,3025,,,,,,,1.4102,-0.8715,9.3770,4.9875,4.9875,13.9172
2026-06-15 16:32:06.959,Chong,right,50.450,3027,,,,,,,1.3433,-0.8251,9.4035,4.9943,4.9943,13.9016
2026-06-15 16:32:06.989,Chong,right,50.483,3029,,,,,,,1.2829,-0.7831,9.4372,5.0472,5.0472,13.8977
2026-06-15 16:32:07.019,Chong,right,50.517,3031,,,,,,,1.2269,-0.7070,9.4627,4.9626,4.9626,13.8092
2026-06-15 16:32:07.050,Chong,right,50.533,3032,,,,,,,1.2319,-0.4685,9.4819,4.9521,4.9521,13.6576
2026-06-15 16:32:07.081,Chong,right,50.567,3034,,,,,,,1.1907,-0.3153,9.4908,4.9053,4.9053,13.4375
2026-06-15 16:32:07.111,Chong,right,50.600,3036,,,,,,,1.1627,-0.2619,9.4909,4.9000,4.9000,13.3456
2026-06-15 16:32:07.142,Chong,right,50.633,3038,,,,,,,1.1068,-0.1851,9.5034,4.9220,4.9220,13.3262
2026-06-15 16:32:07.173,Chong,right,50.667,3040,,,,,,,1.0441,-0.1337,9.5361,4.9453,4.9453,13.2997
2026-06-15 16:32:07.203,Chong,right,50.700,3042,,,,,,,1.0194,-0.1108,9.5475,4.9202,4.9202,13.0819
2026-06-15 16:32:07.234,Chong,right,50.717,3043,,,,,,,0.9833,-0.0406,9.5501,4.8738,4.8738,12.8465
2026-06-15 16:32:07.264,Chong,right,50.750,3045,,,,,,,0.9751,-0.0111,9.5586,4.8731,4.8731,12.8195
2026-06-15 16:32:07.295,Chong,right,50.783,3047,,,,,,,0.9308,0.0376,9.5508,4.8501,4.8501,12.7322
2026-06-15 16:32:07.326,Chong,right,50.817,3049,,,,,,,0.9011,0.0670,9.5433,4.8470,4.8470,12.6703
2026-06-15 16:32:07.356,Chong,right,50.850,3051,,,,,,,0.8761,0.0942,9.5351,4.8467,4.8467,12.6172
2026-06-15 16:32:07.387,Chong,right,50.883,3053,,,,,,,0.8792,0.1521,9.5375,4.7778,4.7778,12.3031
2026-06-15 16:32:07.418,Chong,right,50.900,3054,,,,,,,0.8428,0.1882,9.5463,4.7651,4.7651,12.3079
2026-06-15 16:32:07.453,Chong,right,50.933,3056,,,,,,,0.7800,0.2403,9.5506,4.7347,4.7347,12.2944
2026-06-15 16:32:07.484,Chong,right,50.950,3057,,,,,,,0.7532,0.2613,9.5517,4.7740,4.7740,12.2148
2026-06-15 16:32:07.514,Chong,right,50.983,3059,,,,,,,0.6970,0.2880,9.5617,4.8166,4.8166,12.1852
2026-06-15 16:32:07.545,Chong,right,51.017,3061,,,,,,,0.6874,0.3008,9.5731,4.7905,4.7905,12.1928
2026-06-15 16:32:07.575,Chong,right,51.050,3063,,,,,,,0.6507,0.2966,9.5924,4.7995,4.7995,12.1552
2026-06-15 16:32:07.606,Chong,right,51.083,3065,,,,,,,0.6115,0.3035,9.6032,4.7685,4.7685,11.9881
2026-06-15 16:32:07.636,Chong,right,51.117,3067,,,,,,,0.5761,0.3062,9.6099,4.7823,4.7823,12.0949
2026-06-15 16:32:07.667,Chong,right,51.133,3068,,,,,,,0.5516,0.3075,9.6168,4.7972,4.7972,12.1231
2026-06-15 16:32:07.697,Chong,right,51.167,3070,,,,,,,0.4821,0.2956,9.6400,4.7910,4.7910,12.0872
2026-06-15 16:32:07.728,Chong,right,51.200,3072,,,,,,,0.4618,0.3010,9.6488,4.7831,4.7831,12.0493
2026-06-15 16:32:07.758,Chong,right,51.233,3074,,,,,,,0.4282,0.2974,9.6635,4.7637,4.7637,11.9687
2026-06-15 16:32:07.789,Chong,right,51.267,3076,,,,,,,0.3391,0.2810,9.6483,4.7516,4.7516,11.8997
2026-06-15 16:32:07.820,Chong,right,51.300,3078,,,,,,,0.3223,0.2762,9.6397,4.7417,4.7417,11.8297
2026-06-15 16:32:07.850,Chong,right,51.317,3079,,,,,,,0.2918,0.1992,9.6397,4.7549,4.7549,11.8775
2026-06-15 16:32:07.880,Chong,right,51.350,3081,,,,,,,0.2384,0.1681,9.6421,4.7414,4.7414,11.9085
2026-06-15 16:32:07.911,Chong,right,51.383,3083,,,,,,,0.1556,0.0613,9.6635,4.7831,4.7831,12.0793
2026-06-15 16:32:07.941,Chong,right,51.417,3085,,,,,,,0.1154,-0.0340,9.6586,4.7450,4.7450,11.8860
2026-06-15 16:32:07.972,Chong,right,51.450,3087,,,,,,,0.1020,-0.0853,9.6521,4.7702,4.7702,11.9195
2026-06-15 16:32:08.003,Chong,right,51.483,3089,,,,,,,0.0800,-0.1888,9.6453,4.7889,4.7889,11.7923
2026-06-15 16:32:08.034,Chong,right,51.500,3090,,,,,,,0.0431,-0.2780,9.6573,4.8344,4.8344,11.9240
2026-06-15 16:32:08.064,Chong,right,51.533,3092,,,,,,,0.0324,-0.3521,9.6621,4.8517,4.8517,11.9128
2026-06-15 16:32:08.095,Chong,right,51.567,3094,,,,,,,0.0166,-0.3893,9.6569,4.8695,4.8695,11.9043
2026-06-15 16:32:08.125,Chong,right,51.600,3096,,,,,,,-0.0255,-0.4484,9.6459,4.8700,4.8700,11.9159
2026-06-15 16:32:08.155,Chong,right,51.633,3098,,,,,,,-0.0501,-0.4751,9.6470,4.8827,4.8827,11.8706
2026-06-15 16:32:08.186,Chong,right,51.667,3100,,,,,,,-0.0787,-0.5340,9.6467,4.9290,4.9290,11.8138
2026-06-15 16:32:08.216,Chong,right,51.683,3101,,,,,,,-0.0789,-0.5874,9.6547,4.9246,4.9246,11.8326
2026-06-15 16:32:08.247,Chong,right,51.717,3103,,,,,,,-0.0989,-0.6077,9.6560,4.9099,4.9099,11.8262
2026-06-15 16:32:08.277,Chong,right,51.750,3105,,,,,,,-0.1123,-0.6525,9.6411,4.9151,4.9151,11.7820
2026-06-15 16:32:08.308,Chong,right,51.783,3107,,,,,,,-0.1086,-0.6881,9.6276,4.9093,4.9093,11.7461
2026-06-15 16:32:08.339,Chong,right,51.817,3109,,,,,,,-0.0847,-0.6844,9.6232,4.8474,4.8474,11.6186
2026-06-15 16:32:08.369,Chong,right,51.850,3111,,,,,,,-0.0879,-0.7066,9.6361,4.8411,4.8411,11.8524
2026-06-15 16:32:08.400,Chong,right,51.867,3112,,,,,,,-0.1041,-0.7256,9.6418,4.8517,4.8517,11.8235
2026-06-15 16:32:08.430,Chong,right,51.900,3114,,,,,,,-0.2823,-0.8705,9.6463,4.9606,4.9606,11.8282
2026-06-15 16:32:08.461,Chong,right,51.933,3116,,,,,,,-0.3640,-0.9698,9.6503,5.0063,5.0063,11.6610
2026-06-15 16:32:08.491,Chong,right,51.967,3118,,,,,,,-0.3981,-1.0347,9.6604,5.0028,5.0028,11.6482
2026-06-15 16:32:08.522,Chong,right,52.000,3120,,,,,,,-0.4235,-1.0992,9.6689,4.9954,4.9954,11.6462
2026-06-15 16:32:08.552,Chong,right,52.033,3122,,,,,,,-0.4233,-1.1303,9.6696,4.9902,4.9902,11.5901
2026-06-15 16:32:08.583,Chong,right,52.050,3123,,,,,,,-0.4518,-1.1887,9.6695,4.9780,4.9780,11.4911
2026-06-15 16:32:08.613,Chong,right,52.083,3125,,,,,,,-0.4506,-1.2156,9.6733,4.9573,4.9573,11.4697
2026-06-15 16:32:08.644,Chong,right,52.117,3127,,,,,,,-0.4736,-1.3078,9.6882,4.9339,4.9339,11.4501
2026-06-15 16:32:08.674,Chong,right,52.150,3129,,,,,,,-0.4898,-1.3219,9.6912,4.9520,4.9520,11.4668
2026-06-15 16:32:08.705,Chong,right,52.183,3131,,,,,,,-0.4915,-1.3292,9.7010,4.9273,4.9273,11.5187
2026-06-15 16:32:08.736,Chong,right,52.217,3133,,,,,,,-0.5109,-1.3457,9.7045,4.9590,4.9590,11.4685
2026-06-15 16:32:08.766,Chong,right,52.233,3134,,,,,,,-0.5131,-1.3526,9.6944,4.9554,4.9554,11.3975
2026-06-15 16:32:08.798,Chong,right,52.267,3136,,,,,,,-0.4988,-1.3372,9.6897,4.9491,4.9491,11.5375
2026-06-15 16:32:08.829,Chong,right,52.300,3138,,,,,,,-0.4986,-1.3341,9.6794,4.9831,4.9831,11.5839
2026-06-15 16:32:08.859,Chong,right,52.333,3140,,,,,,,-0.4978,-1.3274,9.6755,4.9898,4.9898,11.5990
2026-06-15 16:32:08.889,Chong,right,52.367,3142,,,,,,,-0.5069,-1.3326,9.6650,5.0101,5.0101,11.4968
2026-06-15 16:32:08.920,Chong,right,52.400,3144,,,,,,,-0.4853,-1.3391,9.6423,4.9490,4.9490,11.2087
2026-06-15 16:32:08.950,Chong,right,52.417,3145,,,,,,,-0.4536,-1.3463,9.6257,4.9521,4.9521,11.2061
2026-06-15 16:32:08.980,Chong,right,52.450,3147,,,,,,,-0.4597,-1.3454,9.6212,4.9995,4.9995,11.2796
2026-06-15 16:32:09.011,Chong,right,52.483,3149,,,,,,,-0.4687,-1.3643,9.6119,4.9918,4.9918,11.2659
2026-06-15 16:32:09.041,Chong,right,52.533,3152,,,,,,,-0.4552,-1.3839,9.5869,4.9644,4.9644,11.2153
2026-06-15 16:32:09.072,Chong,right,52.567,3154,,,,,,,-0.3336,-0.7958,9.5009,3.8526,3.8526,8.5827
2026-06-15 16:32:09.103,Chong,right,52.600,3156,,,,,,,-0.2862,-0.9110,9.4903,4.1575,4.1575,9.6229
2026-06-15 16:32:09.134,Chong,right,52.617,3157,,,,,,,-0.3125,-0.9891,9.4851,4.4157,4.4157,10.2969
2026-06-15 16:32:09.164,Chong,right,52.650,3159,,,,,,,-0.3501,-1.0508,9.4860,4.7736,4.7736,11.1889
2026-06-15 16:32:09.195,Chong,right,52.683,3161,,,,,,,-0.3541,-1.0390,9.4942,4.9527,4.9527,11.6047
2026-06-15 16:32:09.225,Chong,right,52.717,3163,,,,,,,-0.3178,-0.9928,9.5129,5.0252,5.0252,11.7860
2026-06-15 16:32:09.255,Chong,right,52.750,3165,,,,,,,-0.3131,-0.9696,9.5209,5.0399,5.0399,11.7716
2026-06-15 16:32:09.286,Chong,right,52.783,3167,,,,,,,-0.2921,-0.9021,9.5386,5.0429,5.0429,11.7788
2026-06-15 16:32:09.316,Chong,right,52.800,3168,,,,,,,-0.2680,-0.8716,9.5403,5.0351,5.0351,11.8249
2026-06-15 16:32:09.347,Chong,right,52.833,3170,,,,,,,-0.2452,-0.7936,9.5552,5.0913,5.0913,11.9892
2026-06-15 16:32:09.377,Chong,right,52.867,3172,,,,,,,-0.2071,-0.7275,9.5813,5.1089,5.1089,12.0782
2026-06-15 16:32:09.408,Chong,right,52.900,3174,,,,,,,-0.1975,-0.6920,9.5909,5.1381,5.1381,12.1269
2026-06-15 16:32:09.439,Chong,right,52.933,3176,,,,,,,-0.1842,-0.6352,9.6015,5.1937,5.1937,12.3382
2026-06-15 16:32:09.470,Chong,right,52.967,3178,,,,,,,-0.1195,-0.5518,9.5956,5.1057,5.1057,12.4495
2026-06-15 16:32:09.500,Chong,right,52.983,3179,,,,,,,0.1127,0.0462,9.5371,4.6355,4.6355,11.6838
2026-06-15 16:32:09.531,Chong,right,53.017,3181,,,,,,,0.2282,0.4019,9.4668,4.4865,4.4865,11.3338
2026-06-15 16:32:09.562,Chong,right,53.050,3183,,,,,,,0.2296,0.4414,9.4520,4.5428,4.5428,11.7014
2026-06-15 16:32:09.592,Chong,right,53.083,3185,,,,,,,0.1644,0.4372,9.4416,4.7763,4.7763,12.2437
2026-06-15 16:32:09.623,Chong,right,53.117,3187,,,,,,,0.1817,0.4346,9.4581,4.8598,4.8598,12.5086
2026-06-15 16:32:09.653,Chong,right,53.150,3189,,,,,,,0.2080,0.4354,9.4764,4.9443,4.9443,12.6195
2026-06-15 16:32:09.684,Chong,right,53.183,3191,,,,,,,0.2337,0.4348,9.4902,5.0236,5.0236,12.8426
2026-06-15 16:32:09.715,Chong,right,53.200,3192,,,,,,,0.2434,0.4427,9.4887,5.0267,5.0267,12.8263
2026-06-15 16:32:09.745,Chong,right,53.233,3194,,,,,,,0.2621,0.4569,9.4842,5.0298,5.0298,12.8592
2026-06-15 16:32:09.775,Chong,right,53.267,3196,,,,,,,0.3250,0.4635,9.4856,5.0455,5.0455,12.7944
2026-06-15 16:32:09.806,Chong,right,53.300,3198,,,,,,,0.3788,0.4868,9.4914,5.0817,5.0817,12.7865
2026-06-15 16:32:09.837,Chong,right,53.333,3200,,,,,,,0.4317,0.5110,9.4801,5.0915,5.0915,12.8185
2026-06-15 16:32:09.868,Chong,right,53.350,3201,,,,,,,0.4603,0.5215,9.4706,5.0956,5.0956,12.9194
2026-06-15 16:32:09.899,Chong,right,53.383,3203,,,,,,,0.5344,0.5619,9.4665,5.0046,5.0046,12.8971
2026-06-15 16:32:09.929,Chong,right,53.417,3205,,,,,,,0.5511,0.5665,9.4614,4.9979,4.9979,12.8175
2026-06-15 16:32:09.960,Chong,right,53.450,3207,,,,,,,0.5759,0.5705,9.4659,5.0120,5.0120,12.9837
2026-06-15 16:32:09.990,Chong,right,53.483,3209,,,,,,,0.6131,0.5631,9.4770,5.0011,5.0011,13.1083
2026-06-15 16:32:10.021,Chong,right,53.517,3211,,,,,,,0.6290,0.5509,9.4833,5.0102,5.0102,13.1966
2026-06-15 16:32:10.051,Chong,right,53.550,3213,,,,,,,0.6709,0.5656,9.4763,4.9672,4.9672,13.0716
2026-06-15 16:32:10.082,Chong,right,53.567,3214,,,,,,,0.7314,0.5615,9.4602,4.9434,4.9434,12.8703
2026-06-15 16:32:10.112,Chong,right,53.600,3216,,,,,,,0.6984,0.5796,9.4514,4.9803,4.9803,12.7603
2026-06-15 16:32:10.142,Chong,right,53.633,3218,,,,,,,0.7147,0.5949,9.4477,4.9887,4.9887,12.6913
2026-06-15 16:32:10.173,Chong,right,53.667,3220,,,,,,,0.7371,0.5752,9.4437,5.0082,5.0082,12.7284
2026-06-15 16:32:10.204,Chong,right,53.700,3222,,,,,,,0.7808,0.5585,9.4493,4.9272,4.9272,12.7198
2026-06-15 16:32:10.235,Chong,right,53.717,3223,,,,,,,0.8127,0.5133,9.4540,4.8813,4.8813,12.8921
2026-06-15 16:32:10.265,Chong,right,53.750,3225,,,,,,,0.8446,0.4801,9.4332,4.9414,4.9414,12.9935
2026-06-15 16:32:10.296,Chong,right,53.783,3227,,,,,,,0.8789,0.4932,9.4241,4.8759,4.8759,12.9333
2026-06-15 16:32:10.327,Chong,right,53.817,3229,,,,,,,0.9331,0.4477,9.4187,4.8258,4.8258,12.7987
2026-06-15 16:32:10.357,Chong,right,53.850,3231,,,,,,,0.9774,0.4194,9.4086,4.8076,4.8076,12.7565
2026-06-15 16:32:10.388,Chong,right,53.883,3233,,,,,,,1.0123,0.3726,9.4043,4.8309,4.8309,12.7790
2026-06-15 16:32:10.418,Chong,right,53.917,3235,,,,,,,1.0065,0.2855,9.3922,4.8858,4.8858,12.8243
2026-06-15 16:32:10.449,Chong,right,53.933,3236,,,,,,,1.0334,0.2320,9.3906,4.9250,4.9250,12.9295
2026-06-15 16:32:10.479,Chong,right,53.967,3238,,,,,,,1.1066,0.1672,9.3659,4.9323,4.9323,12.8810
2026-06-15 16:32:10.510,Chong,right,54.000,3240,,,,,,,1.1677,0.0623,9.3633,4.8789,4.8789,12.8769
2026-06-15 16:32:10.541,Chong,right,54.033,3242,,,,,,,1.1952,0.0079,9.3675,4.8643,4.8643,12.8321
2026-06-15 16:32:10.571,Chong,right,54.067,3244,,,,,,,1.2095,-0.0458,9.3779,4.8478,4.8478,13.0271
2026-06-15 16:32:10.602,Chong,right,54.100,3246,,,,,,,1.2687,-0.1839,9.3837,4.8544,4.8544,12.9949
2026-06-15 16:32:10.632,Chong,right,54.117,3247,,,,,,,1.2898,-0.2082,9.3840,4.8140,4.8140,13.0168
2026-06-15 16:32:10.663,Chong,right,54.150,3249,,,,,,,1.2786,-0.3842,9.3759,4.7788,4.7788,13.1895
2026-06-15 16:32:10.693,Chong,right,54.183,3251,,,,,,,1.2890,-0.5347,9.3808,4.8322,4.8322,13.2607
2026-06-15 16:32:10.724,Chong,right,54.217,3253,,,,,,,1.2833,-0.5862,9.3928,4.8881,4.8881,13.4187
2026-06-15 16:32:10.755,Chong,right,54.250,3255,,,,,,,1.3442,-0.7005,9.4209,4.8498,4.8498,13.3767
2026-06-15 16:32:10.785,Chong,right,54.283,3257,,,,,,,1.3929,-0.7876,9.4401,4.8472,4.8472,13.4212
2026-06-15 16:32:10.816,Chong,right,54.300,3258,,,,,,,1.4103,-0.8804,9.4404,4.8211,4.8211,13.2848
2026-06-15 16:32:10.847,Chong,right,54.333,3260,,,,,,,1.4505,-0.9686,9.4328,4.8299,4.8299,13.3026
2026-06-15 16:32:10.878,Chong,right,54.367,3262,,,,,,,1.4779,-0.9934,9.4352,4.7964,4.7964,13.3454
2026-06-15 16:32:10.908,Chong,right,54.400,3264,,,,,,,1.4800,-1.0824,9.4398,4.8301,4.8301,13.3662
2026-06-15 16:32:10.939,Chong,right,54.433,3266,,,,,,,1.4842,-1.1482,9.4443,4.8388,4.8388,13.4343
2026-06-15 16:32:10.970,Chong,right,54.467,3268,,,,,,,1.5176,-1.2133,9.4413,4.8086,4.8086,13.3646
2026-06-15 16:32:11.000,Chong,right,54.483,3269,,,,,,,1.5325,-1.2914,9.4419,4.8138,4.8138,13.3657
2026-06-15 16:32:11.031,Chong,right,54.517,3271,,,,,,,1.5507,-1.3282,9.4401,4.8154,4.8154,13.3833
2026-06-15 16:32:11.061,Chong,right,54.550,3273,,,,,,,1.5835,-1.3986,9.4372,4.8316,4.8316,13.3488
2026-06-15 16:32:11.092,Chong,right,54.583,3275,,,,,,,1.6123,-1.4529,9.4296,4.8027,4.8027,13.2061
2026-06-15 16:32:11.122,Chong,right,54.617,3277,,,,,,,1.6161,-1.4816,9.4295,4.8092,4.8092,13.1535
2026-06-15 16:32:11.153,Chong,right,54.650,3279,,,,,,,1.6151,-1.5020,9.4289,4.8090,4.8090,13.1806
2026-06-15 16:32:11.183,Chong,right,54.667,3280,,,,,,,1.6217,-1.5261,9.4288,4.8114,4.8114,13.1173
2026-06-15 16:32:11.213,Chong,right,54.683,3281,,,,,,,1.6134,-1.5746,9.4296,4.8418,4.8418,13.0574
2026-06-15 16:32:11.244,Chong,right,54.717,3283,,,,,,,1.6096,-1.5892,9.4325,4.8201,4.8201,13.1517
2026-06-15 16:32:11.274,Chong,right,54.750,3285,,,,,,,1.6066,-1.6126,9.4443,4.8451,4.8451,13.2414
2026-06-15 16:32:11.305,Chong,right,54.783,3287,,,,,,,1.6099,-1.6441,9.4588,4.8761,4.8761,13.3661
2026-06-15 16:32:11.336,Chong,right,54.817,3289,,,,,,,1.6170,-1.6552,9.4603,4.8873,4.8873,13.4983
2026-06-15 16:32:11.366,Chong,right,54.833,3290,,,,,,,1.6237,-1.6849,9.4517,4.9155,4.9155,13.5275
2026-06-15 16:32:11.397,Chong,right,54.867,3292,,,,,,,1.6227,-1.6949,9.4354,4.9069,4.9069,13.5619
2026-06-15 16:32:11.428,Chong,right,54.900,3294,,,,,,,1.6124,-1.6903,9.4246,4.9148,4.9148,13.6070
2026-06-15 16:32:11.458,Chong,right,54.933,3296,,,,,,,1.6098,-1.6895,9.4198,4.9173,4.9173,13.6013
2026-06-15 16:32:11.489,Chong,right,54.967,3298,,,,,,,1.6195,-1.6714,9.4270,4.9417,4.9417,13.7469
2026-06-15 16:32:11.519,Chong,right,55.000,3300,,,,,,,1.6279,-1.6526,9.4331,4.9486,4.9486,13.6998
2026-06-15 16:32:11.550,Chong,right,55.017,3301,,,,,,,1.6269,-1.6034,9.4401,4.9237,4.9237,13.7438
2026-06-15 16:32:11.580,Chong,right,55.050,3303,,,,,,,1.5936,-1.5562,9.4473,4.9229,4.9229,13.6815
2026-06-15 16:32:11.611,Chong,right,55.083,3305,,,,,,,1.5936,-1.5562,9.4473,4.9229,4.9229,13.6815
2026-06-15 16:32:11.641,Chong,right,55.117,3307,,,,,,,1.5470,-1.5511,9.4362,4.9416,4.9416,13.7612
2026-06-15 16:32:11.672,Chong,right,55.150,3309,,,,,,,1.4859,-1.4105,9.4014,4.9333,4.9333,14.0761
2026-06-15 16:32:11.703,Chong,right,55.183,3311,,,,,,,1.4115,-1.0215,9.3799,4.8959,4.8959,13.9650
2026-06-15 16:32:11.734,Chong,right,55.200,3312,,,,,,,1.3485,-0.7999,9.3699,4.9364,4.9364,13.9465
2026-06-15 16:32:11.764,Chong,right,55.233,3314,,,,,,,1.3013,-0.6703,9.3821,4.9657,4.9657,13.9227
2026-06-15 16:32:11.795,Chong,right,55.267,3316,,,,,,,1.2758,-0.6084,9.3893,4.9208,4.9208,13.8321
2026-06-15 16:32:11.830,Chong,right,55.300,3318,,,,,,,1.2549,-0.5285,9.4238,4.9385,4.9385,13.8162
2026-06-15 16:32:11.860,Chong,right,55.333,3320,,,,,,,1.2293,-0.4808,9.4454,4.9274,4.9274,13.5533
2026-06-15 16:32:11.891,Chong,right,55.367,3322,,,,,,,1.2582,-0.4888,9.4640,4.8698,4.8698,13.3342
2026-06-15 16:32:11.921,Chong,right,55.400,3324,,,,,,,1.3240,-0.6131,9.4794,4.9071,4.9071,13.4825
2026-06-15 16:32:11.951,Chong,right,55.433,3326,,,,,,,1.3591,-0.6316,9.4912,4.8824,4.8824,13.4345
2026-06-15 16:32:11.982,Chong,right,55.450,3327,,,,,,,1.3373,-0.6317,9.4992,4.9132,4.9132,13.4890
2026-06-15 16:32:12.013,Chong,right,55.483,3329,,,,,,,1.3154,-0.6204,9.5053,4.9166,4.9166,13.4379
2026-06-15 16:32:12.043,Chong,right,55.517,3331,,,,,,,1.2605,-0.5804,9.5196,4.9313,4.9313,13.3940
2026-06-15 16:32:12.074,Chong,right,55.550,3333,,,,,,,1.1961,-0.5223,9.5369,4.8914,4.8914,13.2422
2026-06-15 16:32:12.105,Chong,right,55.583,3335,,,,,,,1.1648,-0.4931,9.5400,4.8347,4.8347,13.1892
2026-06-15 16:32:12.136,Chong,right,55.617,3337,,,,,,,1.1183,-0.4316,9.5511,4.8318,4.8318,13.0694
2026-06-15 16:32:12.167,Chong,right,55.633,3338,,,,,,,1.0741,-0.3402,9.5513,4.8072,4.8072,12.9058
2026-06-15 16:32:12.197,Chong,right,55.667,3340,,,,,,,0.9971,-0.2408,9.5554,4.8292,4.8292,13.0454
2026-06-15 16:32:12.227,Chong,right,55.700,3342,,,,,,,0.9079,-0.0823,9.5856,4.7923,4.7923,12.9856
2026-06-15 16:32:12.258,Chong,right,55.733,3344,,,,,,,0.8739,-0.0217,9.5979,4.7682,4.7682,12.9112
2026-06-15 16:32:12.289,Chong,right,55.750,3345,,,,,,,0.8378,0.0952,9.5991,4.7033,4.7033,12.5166
2026-06-15 16:32:12.319,Chong,right,55.800,3348,,,,,,,0.7883,0.1273,9.6032,4.7138,4.7138,12.4727
2026-06-15 16:32:12.350,Chong,right,55.817,3349,,,,,,,0.7213,0.2150,9.6331,4.7619,4.7619,12.0995
2026-06-15 16:32:12.380,Chong,right,55.850,3351,,,,,,,0.6635,0.2270,9.6444,4.7709,4.7709,12.1749
2026-06-15 16:32:12.411,Chong,right,55.883,3353,,,,,,,0.6458,0.2786,9.6605,4.8160,4.8160,12.2940
2026-06-15 16:32:12.441,Chong,right,55.917,3355,,,,,,,0.6320,0.3251,9.6544,4.8322,4.8322,12.1600
2026-06-15 16:32:12.472,Chong,right,55.950,3357,,,,,,,0.5825,0.3634,9.6414,4.8352,4.8352,12.0744
2026-06-15 16:32:12.503,Chong,right,55.983,3359,,,,,,,0.5433,0.3729,9.6648,4.8578,4.8578,12.1307
2026-06-15 16:32:12.533,Chong,right,56.000,3360,,,,,,,0.5068,0.4077,9.6865,4.8115,4.8115,12.0942
2026-06-15 16:32:12.564,Chong,right,56.033,3362,,,,,,,0.4972,0.4163,9.6972,4.8031,4.8031,12.0654
2026-06-15 16:32:12.594,Chong,right,56.067,3364,,,,,,,0.4193,0.4182,9.7256,4.8171,4.8171,12.2010
2026-06-15 16:32:12.625,Chong,right,56.100,3366,,,,,,,0.3485,0.4305,9.7389,4.7985,4.7985,12.2604
2026-06-15 16:32:12.655,Chong,right,56.133,3368,,,,,,,0.3120,0.4469,9.7374,4.7969,4.7969,12.2925
2026-06-15 16:32:12.686,Chong,right,56.167,3370,,,,,,,0.2470,0.4269,9.7436,4.8389,4.8389,12.3713
2026-06-15 16:32:12.717,Chong,right,56.183,3371,,,,,,,0.0230,0.1408,9.7469,4.8716,4.8716,11.9161
2026-06-15 16:32:12.747,Chong,right,56.217,3373,,,,,,,-0.0948,-0.0724,9.7522,4.9354,4.9354,11.7717
2026-06-15 16:32:12.778,Chong,right,56.250,3375,,,,,,,-0.1309,-0.1318,9.7578,4.9551,4.9551,11.7973
2026-06-15 16:32:12.808,Chong,right,56.283,3377,,,,,,,-0.1918,-0.2260,9.7713,4.9619,4.9619,11.7100
2026-06-15 16:32:12.839,Chong,right,56.317,3379,,,,,,,-0.1956,-0.2688,9.7733,4.9206,4.9206,11.5435
2026-06-15 16:32:12.870,Chong,right,56.350,3381,,,,,,,-0.2339,-0.3283,9.7948,4.8717,4.8717,11.6277
2026-06-15 16:32:12.900,Chong,right,56.367,3382,,,,,,,-0.2435,-0.3391,9.8074,4.9377,4.9377,11.8728
2026-06-15 16:32:12.931,Chong,right,56.400,3384,,,,,,,-0.1742,-0.1541,9.8054,4.9172,4.9172,11.7969
2026-06-15 16:32:12.961,Chong,right,56.433,3386,,,,,,,-0.1773,-0.1138,9.8046,4.9450,4.9450,11.7982
2026-06-15 16:32:12.992,Chong,right,56.467,3388,,,,,,,-0.1540,-0.0634,9.7927,4.9307,4.9307,11.5308
2026-06-15 16:32:13.022,Chong,right,56.500,3390,,,,,,,-0.2167,-0.1299,9.8022,5.0141,5.0141,11.9926
2026-06-15 16:32:13.053,Chong,right,56.533,3392,,,,,,,-0.2480,-0.1828,9.8184,5.0388,5.0388,12.2126
2026-06-15 16:32:13.084,Chong,right,56.550,3393,,,,,,,-0.2701,-0.2194,9.8312,5.0244,5.0244,12.3173
2026-06-15 16:32:13.114,Chong,right,56.583,3395,,,,,,,-0.2516,-0.2298,9.8400,4.9562,4.9562,12.0932
2026-06-15 16:32:13.145,Chong,right,56.617,3397,,,,,,,-0.3024,-0.2847,9.8597,4.9764,4.9764,12.1055
2026-06-15 16:32:13.175,Chong,right,56.650,3399,,,,,,,-0.3327,-0.3502,9.8242,4.9572,4.9572,11.9614
2026-06-15 16:32:13.205,Chong,right,56.683,3401,,,,,,,1.9212,-0.3675,4.7937,0.0000,0.0000,0.0000
2026-06-15 16:32:13.236,Chong,right,56.717,3403,,,,,,,1.9212,-0.3675,4.7937,0.0000,0.0000,0.0000
2026-06-15 16:32:13.267,Chong,right,56.733,3404,,,,,,,-0.0668,0.2328,9.6938,2.5179,2.5179,4.8540
2026-06-15 16:32:13.297,Chong,right,56.767,3406,,,,,,,-0.1650,0.1194,9.7638,2.8818,2.8818,5.1941
2026-06-15 16:32:13.328,Chong,right,56.800,3408,,,,,,,-0.2499,-0.4074,9.7993,3.8897,3.8897,8.7411
2026-06-15 16:32:13.358,Chong,right,56.833,3410,,,,,,,-0.4018,-0.7475,9.7831,4.5292,4.5292,10.6171
2026-06-15 16:32:13.389,Chong,right,56.867,3412,,,,,,,-0.4711,-0.8509,9.7639,4.7471,4.7471,11.1664
2026-06-15 16:32:13.419,Chong,right,56.900,3414,,,,,,,-0.5214,-0.9207,9.7446,4.8754,4.8754,11.5287
2026-06-15 16:32:13.450,Chong,right,56.917,3415,,,,,,,-0.5518,-1.0002,9.7261,4.9704,4.9704,11.7943
2026-06-15 16:32:13.481,Chong,right,56.950,3417,,,,,,,-0.5818,-1.0565,9.7206,5.0537,5.0537,11.9371
2026-06-15 16:32:13.511,Chong,right,56.983,3419,,,,,,,-0.5900,-1.1060,9.7233,5.0660,5.0660,11.9254
2026-06-15 16:32:13.542,Chong,right,57.017,3421,,,,,,,-0.6028,-1.1297,9.7265,5.1217,5.1217,12.0071
2026-06-15 16:32:13.573,Chong,right,57.050,3423,,,,,,,-0.6150,-1.1798,9.7327,5.1617,5.1617,12.1250
2026-06-15 16:32:13.603,Chong,right,57.083,3425,,,,,,,-0.6371,-1.2259,9.7384,5.1950,5.1950,12.0982
2026-06-15 16:32:13.634,Chong,right,57.100,3426,,,,,,,-0.6221,-1.2740,9.7470,5.1320,5.1320,12.0304
2026-06-15 16:32:13.664,Chong,right,57.133,3428,,,,,,,-0.6321,-1.3115,9.7464,5.1632,5.1632,11.9471
2026-06-15 16:32:13.695,Chong,right,57.167,3430,,,,,,,-0.6356,-1.3195,9.7489,5.1476,5.1476,11.9293
2026-06-15 16:32:13.725,Chong,right,57.200,3432,,,,,,,-0.6388,-1.3331,9.7521,5.1259,5.1259,11.9390
2026-06-15 16:32:13.756,Chong,right,57.233,3434,,,,,,,-0.6657,-1.3535,9.7577,5.1558,5.1558,11.9770
2026-06-15 16:32:13.786,Chong,right,57.267,3436,,,,,,,-0.6562,-1.3495,9.7684,5.1022,5.1022,11.9587
2026-06-15 16:32:13.817,Chong,right,57.283,3437,,,,,,,-0.6365,-1.3391,9.7887,5.0383,5.0383,11.8367
2026-06-15 16:32:13.849,Chong,right,57.317,3439,,,,,,,-0.6320,-1.3359,9.7957,5.0089,5.0089,11.8373
2026-06-15 16:32:13.880,Chong,right,57.350,3441,,,,,,,-0.6292,-1.3274,9.8075,4.9985,4.9985,11.8292
2026-06-15 16:32:13.910,Chong,right,57.383,3443,,,,,,,-0.6589,-1.3438,9.8050,5.1091,5.1091,11.8727
2026-06-15 16:32:13.940,Chong,right,57.417,3445,,,,,,,-0.6668,-1.3472,9.8004,5.1280,5.1280,11.9025
2026-06-15 16:32:13.971,Chong,right,57.450,3447,,,,,,,-0.6789,-1.3399,9.7918,5.1822,5.1822,11.9847
2026-06-15 16:32:14.002,Chong,right,57.483,3449,,,,,,,-0.6669,-1.3187,9.7693,5.1659,5.1659,12.0017
2026-06-15 16:32:14.032,Chong,right,57.500,3450,,,,,,,-0.6637,-1.2913,9.7657,5.1593,5.1593,12.0853
2026-06-15 16:32:14.063,Chong,right,57.533,3452,,,,,,,-0.6504,-1.2721,9.7666,5.1392,5.1392,12.0172
2026-06-15 16:32:14.094,Chong,right,57.567,3454,,,,,,,-0.6326,-1.2435,9.7642,5.1324,5.1324,11.9000
2026-06-15 16:32:14.124,Chong,right,57.600,3456,,,,,,,-0.6333,-1.2036,9.7641,5.1679,5.1679,11.9199
2026-06-15 16:32:14.155,Chong,right,57.633,3458,,,,,,,-0.6341,-1.1876,9.7620,5.1870,5.1870,11.9207
2026-06-15 16:32:14.186,Chong,right,57.667,3460,,,,,,,-0.5918,-1.1319,9.7376,5.1477,5.1477,11.8659
2026-06-15 16:32:14.216,Chong,right,57.683,3461,,,,,,,-0.5624,-1.0720,9.7268,5.1362,5.1362,11.8277
2026-06-15 16:32:14.247,Chong,right,57.717,3463,,,,,,,-0.5274,-0.7954,9.7323,4.9933,4.9933,11.5907
2026-06-15 16:32:14.277,Chong,right,57.750,3465,,,,,,,-0.4983,-0.5027,9.7488,4.8913,4.8913,11.4397
2026-06-15 16:32:14.307,Chong,right,57.783,3467,,,,,,,-0.4742,-0.4059,9.7565,4.8555,4.8555,11.3455
2026-06-15 16:32:14.338,Chong,right,57.817,3469,,,,,,,-0.4322,-0.2811,9.7501,4.7828,4.7828,11.1962
2026-06-15 16:32:14.368,Chong,right,57.850,3471,,,,,,,-0.4189,-0.2034,9.7584,4.8307,4.8307,11.3055
2026-06-15 16:32:14.399,Chong,right,57.867,3472,,,,,,,-0.4055,-0.1722,9.7617,4.8628,4.8628,11.3995
2026-06-15 16:32:14.429,Chong,right,57.900,3474,,,,,,,-0.3180,-0.1276,9.7674,4.9289,4.9289,11.6832
2026-06-15 16:32:14.460,Chong,right,57.933,3476,,,,,,,-0.2345,-0.1150,9.7569,5.0091,5.0091,11.8647
2026-06-15 16:32:14.491,Chong,right,57.967,3478,,,,,,,-0.2031,-0.0968,9.7512,5.0759,5.0759,12.0916
2026-06-15 16:32:14.521,Chong,right,58.000,3480,,,,,,,-0.1906,-0.0761,9.7474,5.0797,5.0797,12.2453
2026-06-15 16:32:14.552,Chong,right,58.033,3482,,,,,,,-0.1416,-0.0164,9.7515,5.0455,5.0455,12.2365
2026-06-15 16:32:14.583,Chong,right,58.050,3483,,,,,,,-0.0922,0.0326,9.7584,5.0181,5.0181,12.3299
2026-06-15 16:32:14.613,Chong,right,58.083,3485,,,,,,,-0.0601,0.0783,9.7417,5.0239,5.0239,12.3468
2026-06-15 16:32:14.644,Chong,right,58.117,3487,,,,,,,-0.0294,0.1554,9.7053,5.0320,5.0320,12.4034
2026-06-15 16:32:14.674,Chong,right,58.150,3489,,,,,,,0.0415,0.2480,9.6653,5.0810,5.0810,12.4096
2026-06-15 16:32:14.705,Chong,right,58.183,3491,,,,,,,0.0897,0.2984,9.6521,5.0895,5.0895,12.3596
2026-06-15 16:32:14.736,Chong,right,58.217,3493,,,,,,,0.1670,0.4081,9.6110,5.0304,5.0304,12.1103
2026-06-15 16:32:14.766,Chong,right,58.233,3494,,,,,,,0.1968,0.4278,9.6020,5.0194,5.0194,12.1540
2026-06-15 16:32:14.797,Chong,right,58.267,3496,,,,,,,0.2082,0.5762,9.5816,5.0192,5.0192,12.3383
2026-06-15 16:32:14.827,Chong,right,58.300,3498,,,,,,,0.2238,0.8401,9.5291,5.0251,5.0251,12.0151
2026-06-15 16:32:14.860,Chong,right,58.333,3500,,,,,,,0.2538,0.9310,9.4998,5.0464,5.0464,11.9924
2026-06-15 16:32:14.890,Chong,right,58.367,3502,,,,,,,0.2675,0.9610,9.4907,5.0633,5.0633,11.9610
2026-06-15 16:32:14.920,Chong,right,58.400,3504,,,,,,,0.2912,0.9788,9.4869,5.0577,5.0577,12.1462
2026-06-15 16:32:14.951,Chong,right,58.433,3506,,,,,,,0.3423,0.9878,9.4837,5.0547,5.0547,12.2144
2026-06-15 16:32:14.982,Chong,right,58.450,3507,,,,,,,0.3889,0.9978,9.4904,5.0452,5.0452,12.2020
2026-06-15 16:32:15.012,Chong,right,58.483,3509,,,,,,,0.4084,0.9933,9.4971,5.0348,5.0348,12.3503
2026-06-15 16:32:15.042,Chong,right,58.517,3511,,,,,,,0.4672,1.0063,9.4977,5.0624,5.0624,12.3367
2026-06-15 16:32:15.073,Chong,right,58.550,3513,,,,,,,0.4883,0.9485,9.4923,5.0689,5.0689,12.3534
2026-06-15 16:32:15.103,Chong,right,58.583,3515,,,,,,,0.5416,0.9059,9.4846,5.0873,5.0873,12.3743
2026-06-15 16:32:15.134,Chong,right,58.600,3516,,,,,,,0.5839,0.8656,9.4733,5.0904,5.0904,12.4424
2026-06-15 16:32:15.165,Chong,right,58.633,3518,,,,,,,0.6486,0.8481,9.4739,4.9962,4.9962,12.4058
2026-06-15 16:32:15.196,Chong,right,58.667,3520,,,,,,,0.6947,0.8392,9.4786,4.9607,4.9607,12.3572
2026-06-15 16:32:15.226,Chong,right,58.700,3522,,,,,,,0.7174,0.7935,9.4843,5.0058,5.0058,12.5767
2026-06-15 16:32:15.257,Chong,right,58.733,3524,,,,,,,0.7660,0.7430,9.4940,5.0169,5.0169,12.7671
2026-06-15 16:32:15.288,Chong,right,58.767,3526,,,,,,,0.7742,0.7131,9.4970,5.0750,5.0750,12.8869
2026-06-15 16:32:15.318,Chong,right,58.800,3528,,,,,,,0.8041,0.6859,9.5033,5.0871,5.0871,12.9800
2026-06-15 16:32:15.349,Chong,right,58.817,3529,,,,,,,0.8255,0.6150,9.5119,5.1092,5.1092,13.2566
2026-06-15 16:32:15.379,Chong,right,58.850,3531,,,,,,,1.0780,0.2859,9.4957,5.0488,5.0488,13.5103
2026-06-15 16:32:15.410,Chong,right,58.883,3533,,,,,,,1.2886,0.0011,9.4696,4.9518,4.9518,13.5971
2026-06-15 16:32:15.441,Chong,right,58.917,3535,,,,,,,1.3876,-0.1376,9.4648,4.9229,4.9229,13.8234
2026-06-15 16:32:15.471,Chong,right,58.950,3537,,,,,,,1.4195,-0.1886,9.4669,4.9315,4.9315,13.9150
2026-06-15 16:32:15.502,Chong,right,58.983,3539,,,,,,,1.4666,-0.2815,9.4812,5.0226,5.0226,14.0921
2026-06-15 16:32:15.533,Chong,right,59.000,3540,,,,,,,1.4878,-0.3100,9.4883,5.0192,5.0192,14.1686
2026-06-15 16:32:15.563,Chong,right,59.033,3542,,,,,,,1.5475,-0.3987,9.5059,5.0010,5.0010,14.3240
2026-06-15 16:32:15.594,Chong,right,59.067,3544,,,,,,,1.4077,-0.2881,9.5051,4.9964,4.9964,14.1940
2026-06-15 16:32:15.624,Chong,right,59.100,3546,,,,,,,1.2499,-0.1067,9.5150,4.9883,4.9883,13.8903
2026-06-15 16:32:15.655,Chong,right,59.133,3548,,,,,,,1.2392,-0.0454,9.5131,4.9101,4.9101,13.6634
2026-06-15 16:32:15.685,Chong,right,59.150,3549,,,,,,,1.2796,-0.0894,9.5177,4.9095,4.9095,13.6169
2026-06-15 16:32:15.716,Chong,right,59.183,3551,,,,,,,1.3172,-0.1739,9.5299,4.9297,4.9297,13.5935
2026-06-15 16:32:15.747,Chong,right,59.217,3553,,,,,,,1.3440,-0.1881,9.5362,4.8728,4.8728,13.5452
2026-06-15 16:32:15.777,Chong,right,59.250,3555,,,,,,,1.4013,-0.2420,9.5407,4.8321,4.8321,13.4149
2026-06-15 16:32:15.808,Chong,right,59.283,3557,,,,,,,1.4349,-0.3176,9.5506,4.8272,4.8272,13.5149
2026-06-15 16:32:15.839,Chong,right,59.317,3559,,,,,,,1.4826,-0.4311,9.5717,4.8761,4.8761,13.6609
2026-06-15 16:32:15.871,Chong,right,59.350,3561,,,,,,,1.4957,-0.4998,9.5850,4.8907,4.8907,13.6677
2026-06-15 16:32:15.902,Chong,right,59.383,3563,,,,,,,1.5202,-0.5563,9.5915,4.8724,4.8724,13.6288
2026-06-15 16:32:15.933,Chong,right,59.400,3564,,,,,,,1.5470,-0.6961,9.5803,4.8698,4.8698,13.4465
2026-06-15 16:32:15.963,Chong,right,59.433,3566,,,,,,,1.5410,-0.7224,9.5765,4.9134,4.9134,13.5839
2026-06-15 16:32:15.994,Chong,right,59.467,3568,,,,,,,1.5491,-0.7714,9.5755,4.9188,4.9188,13.6234
2026-06-15 16:32:16.024,Chong,right,59.500,3570,,,,,,,1.5712,-0.8058,9.5757,4.8232,4.8232,13.7360
2026-06-15 16:32:16.055,Chong,right,59.533,3572,,,,,,,1.5768,-0.8731,9.5657,4.8078,4.8078,13.7638
2026-06-15 16:32:16.085,Chong,right,59.567,3574,,,,,,,1.6002,-0.8942,9.5665,4.7855,4.7855,13.8086
2026-06-15 16:32:16.116,Chong,right,59.583,3575,,,,,,,1.5926,-0.9399,9.5538,4.8794,4.8794,13.8364
2026-06-15 16:32:16.146,Chong,right,59.617,3577,,,,,,,1.5818,-0.9725,9.5530,4.9559,4.9559,13.9366
2026-06-15 16:32:16.177,Chong,right,59.650,3579,,,,,,,1.6122,-1.0052,9.5434,4.9570,4.9570,13.8246
2026-06-15 16:32:16.208,Chong,right,59.683,3581,,,,,,,1.6251,-1.0233,9.5386,4.9571,4.9571,13.7789
2026-06-15 16:32:16.238,Chong,right,59.717,3583,,,,,,,1.6460,-1.0537,9.5399,4.9470,4.9470,13.7466
2026-06-15 16:32:16.269,Chong,right,59.750,3585,,,,,,,1.6538,-1.0742,9.5502,4.9654,4.9654,13.8532
2026-06-15 16:32:16.300,Chong,right,59.767,3586,,,,,,,1.6622,-1.0906,9.5572,4.9687,4.9687,13.9524
2026-06-15 16:32:16.330,Chong,right,59.800,3588,,,,,,,1.6543,-1.1019,9.5603,4.9731,4.9731,13.9945
2026-06-15 16:32:16.361,Chong,right,59.833,3590,,,,,,,1.6538,-1.1286,9.5567,4.9396,4.9396,13.9652
2026-06-15 16:32:16.391,Chong,right,59.867,3592,,,,,,,1.6542,-1.1610,9.5521,4.9129,4.9129,14.0176
2026-06-15 16:32:16.422,Chong,right,59.900,3594,,,,,,,1.6460,-1.1537,9.5484,4.9358,4.9358,14.1918
2026-06-15 16:32:16.452,Chong,right,59.933,3596,,,,,,,1.6432,-1.1571,9.5422,4.9735,4.9735,14.1867
2026-06-15 16:32:16.483,Chong,right,59.950,3597,,,,,,,1.6432,-1.1571,9.5422,4.9735,4.9735,14.1867
2026-06-15 16:32:16.514,Chong,right,59.983,3599,,,,,,,1.6468,-1.1505,9.5439,4.9139,4.9139,13.9512
2026-06-15 16:32:16.544,Chong,right,60.017,3601,,,,,,,1.6482,-1.1406,9.5477,4.9084,4.9084,13.8722
2026-06-15 16:32:16.575,Chong,right,60.050,3603,,,,,,,1.6479,-1.1156,9.5512,4.8867,4.8867,13.8398
2026-06-15 16:32:16.605,Chong,right,60.083,3605,,,,,,,1.6368,-1.0718,9.5583,4.8013,4.8013,13.7358
2026-06-15 16:32:16.636,Chong,right,60.117,3607,,,,,,,1.5784,-0.8871,9.5312,4.8818,4.8818,13.8870
2026-06-15 16:32:16.667,Chong,right,60.133,3608,,,,,,,1.4182,-0.4729,9.5124,4.9732,4.9732,14.0540
2026-06-15 16:32:16.698,Chong,right,60.167,3610,,,,,,,1.3603,-0.3085,9.5086,4.9576,4.9576,13.9934
2026-06-15 16:32:16.728,Chong,right,60.200,3612,,,,,,,1.3398,-0.1726,9.5123,4.9532,4.9532,13.7710
2026-06-15 16:32:16.759,Chong,right,60.233,3614,,,,,,,1.4025,-0.2052,9.5232,4.8819,4.8819,13.6678
2026-06-15 16:32:16.789,Chong,right,60.267,3616,,,,,,,1.4468,-0.3076,9.5211,4.8711,4.8711,13.5455
2026-06-15 16:32:16.820,Chong,right,60.300,3618,,,,,,,1.4640,-0.4077,9.5388,4.9522,4.9522,13.8059
2026-06-15 16:32:16.851,Chong,right,60.317,3619,,,,,,,1.4811,-0.4063,9.5591,4.9743,4.9743,13.7925
2026-06-15 16:32:16.882,Chong,right,60.350,3621,,,,,,,1.5061,-0.3572,9.5768,4.8978,4.8978,13.4258
2026-06-15 16:32:16.912,Chong,right,60.383,3623,,,,,,,1.4985,-0.3222,9.5873,4.8836,4.8836,13.5205
2026-06-15 16:32:16.943,Chong,right,60.417,3625,,,,,,,1.4771,-0.3039,9.5928,4.8996,4.8996,13.5283
2026-06-15 16:32:16.973,Chong,right,60.450,3627,,,,,,,1.4361,-0.2628,9.6042,4.8885,4.8885,13.4588
2026-06-15 16:32:17.004,Chong,right,60.483,3629,,,,,,,1.3980,-0.2298,9.6096,4.8815,4.8815,13.3576
2026-06-15 16:32:17.035,Chong,right,60.517,3631,,,,,,,1.3374,-0.1846,9.6106,4.9304,4.9304,13.5252
2026-06-15 16:32:17.066,Chong,right,60.533,3632,,,,,,,1.2886,-0.1421,9.6108,4.9335,4.9335,13.4459
2026-06-15 16:32:17.097,Chong,right,60.567,3634,,,,,,,1.2315,-0.0007,9.6095,4.8950,4.8950,13.3842
2026-06-15 16:32:17.127,Chong,right,60.600,3636,,,,,,,1.1644,0.1818,9.6048,4.8500,4.8500,13.0863
2026-06-15 16:32:17.158,Chong,right,60.633,3638,,,,,,,1.1152,0.3058,9.5994,4.8492,4.8492,13.0025
2026-06-15 16:32:17.189,Chong,right,60.667,3640,,,,,,,1.0329,0.4742,9.6195,4.8332,4.8332,12.7871
2026-06-15 16:32:17.219,Chong,right,60.700,3642,,,,,,,0.9665,0.5343,9.6482,4.8350,4.8350,12.8686
2026-06-15 16:32:17.250,Chong,right,60.717,3643,,,,,,,0.9362,0.5942,9.6639,4.8062,4.8062,12.7139
2026-06-15 16:32:17.280,Chong,right,60.750,3645,,,,,,,0.9156,0.6170,9.6703,4.7876,4.7876,12.6408
2026-06-15 16:32:17.311,Chong,right,60.783,3647,,,,,,,0.9256,0.6185,9.6748,4.7651,4.7651,12.5809
2026-06-15 16:32:17.341,Chong,right,60.817,3649,,,,,,,0.8769,0.5877,9.6884,4.8371,4.8371,12.9667
2026-06-15 16:32:17.371,Chong,right,60.850,3651,,,,,,,0.8637,0.5813,9.7038,4.8555,4.8555,13.0371
2026-06-15 16:32:17.402,Chong,right,60.883,3653,,,,,,,0.8445,0.5827,9.7354,4.8465,4.8465,13.0682
2026-06-15 16:32:17.433,Chong,right,60.900,3654,,,,,,,0.8233,0.5912,9.7507,4.8090,4.8090,12.8733
2026-06-15 16:32:17.463,Chong,right,60.933,3656,,,,,,,0.8070,0.5851,9.7471,4.8375,4.8375,12.6302
2026-06-15 16:32:17.494,Chong,right,60.967,3658,,,,,,,0.8021,0.5895,9.7381,4.8122,4.8122,12.4653
2026-06-15 16:32:17.524,Chong,right,61.000,3660,,,,,,,0.7561,0.5809,9.7318,4.8469,4.8469,12.3612
2026-06-15 16:32:17.555,Chong,right,61.033,3662,,,,,,,0.6318,0.6178,9.7402,4.8712,4.8712,12.3428
2026-06-15 16:32:17.585,Chong,right,61.050,3663,,,,,,,0.5580,0.6672,9.7410,4.8875,4.8875,12.2404
2026-06-15 16:32:17.616,Chong,right,61.083,3665,,,,,,,0.4780,0.6977,9.7311,4.9222,4.9222,12.3134
2026-06-15 16:32:17.647,Chong,right,61.117,3667,,,,,,,0.4522,0.6974,9.7276,4.9302,4.9302,12.3267
2026-06-15 16:32:17.677,Chong,right,61.150,3669,,,,,,,0.4008,0.7064,9.7139,4.9418,4.9418,12.2451
2026-06-15 16:32:17.708,Chong,right,61.183,3671,,,,,,,0.3658,0.7117,9.7119,4.9039,4.9039,12.1964
2026-06-15 16:32:17.738,Chong,right,61.217,3673,,,,,,,0.2943,0.6475,9.7334,4.9219,4.9219,12.1942
2026-06-15 16:32:17.769,Chong,right,61.250,3675,,,,,,,0.2356,0.6195,9.7452,4.9543,4.9543,12.2169
2026-06-15 16:32:17.800,Chong,right,61.267,3676,,,,,,,0.1701,0.5794,9.7519,4.9225,4.9225,12.0732
2026-06-15 16:32:17.830,Chong,right,61.300,3678,,,,,,,0.0921,0.5138,9.7708,4.8775,4.8775,12.1892
2026-06-15 16:32:17.861,Chong,right,61.333,3680,,,,,,,0.0370,0.4020,9.7771,4.8923,4.8923,12.1340
2026-06-15 16:32:17.891,Chong,right,61.367,3682,,,,,,,-0.1017,0.0676,9.7924,5.0008,5.0008,12.2824
2026-06-15 16:32:17.922,Chong,right,61.400,3684,,,,,,,-0.1761,-0.1098,9.8142,5.0833,5.0833,12.2512
2026-06-15 16:32:17.952,Chong,right,61.433,3686,,,,,,,-0.2213,-0.2135,9.8278,5.1310,5.1310,12.2289
2026-06-15 16:32:17.983,Chong,right,61.450,3687,,,,,,,-0.2572,-0.2898,9.8378,5.1517,5.1517,12.3689
2026-06-15 16:32:18.013,Chong,right,61.483,3689,,,,,,,-0.2641,-0.3143,9.8486,5.1566,5.1566,12.3930
2026-06-15 16:32:18.044,Chong,right,61.517,3691,,,,,,,-0.2840,-0.3766,9.8650,5.1427,5.1427,12.2651
2026-06-15 16:32:18.075,Chong,right,61.550,3693,,,,,,,-0.3209,-0.4200,9.8692,5.1099,5.1099,11.9027
2026-06-15 16:32:18.105,Chong,right,61.583,3695,,,,,,,-0.3090,-0.3745,9.8727,5.1056,5.1056,11.9373
2026-06-15 16:32:18.135,Chong,right,61.617,3697,,,,,,,-0.2985,-0.2855,9.8805,5.0739,5.0739,11.8542
2026-06-15 16:32:18.166,Chong,right,61.633,3698,,,,,,,-0.3051,-0.2794,9.8783,5.0551,5.0551,11.8759
2026-06-15 16:32:18.197,Chong,right,61.667,3700,,,,,,,-0.3448,-0.3354,9.8859,5.0969,5.0969,11.9996
2026-06-15 16:32:18.228,Chong,right,61.700,3702,,,,,,,-0.3779,-0.4188,9.8885,5.0651,5.0651,12.0832
2026-06-15 16:32:18.258,Chong,right,61.733,3704,,,,,,,-0.3968,-0.4609,9.8872,5.0695,5.0695,12.0957
2026-06-15 16:32:18.289,Chong,right,61.767,3706,,,,,,,-0.4036,-0.5327,9.8824,5.0335,5.0335,11.8965
2026-06-15 16:32:18.319,Chong,right,61.800,3708,,,,,,,-0.4275,-0.6098,9.8816,5.0402,5.0402,11.7740
2026-06-15 16:32:18.350,Chong,right,61.817,3709,,,,,,,-0.4418,-0.6463,9.8794,5.0785,5.0785,11.7808
2026-06-15 16:32:18.381,Chong,right,61.850,3711,,,,,,,-0.4635,-0.6787,9.8768,5.1160,5.1160,11.8629
2026-06-15 16:32:18.412,Chong,right,61.883,3713,,,,,,,-0.4916,-0.7445,9.8703,5.1383,5.1383,11.8457
2026-06-15 16:32:18.442,Chong,right,61.917,3715,,,,,,,-0.5357,-0.8139,9.8728,5.1730,5.1730,11.9534
2026-06-15 16:32:18.472,Chong,right,61.950,3717,,,,,,,-0.5634,-0.8751,9.8757,5.1653,5.1653,12.0522
2026-06-15 16:32:18.503,Chong,right,61.983,3719,,,,,,,-0.5699,-0.9295,9.8742,5.0991,5.0991,11.8485
2026-06-15 16:32:18.534,Chong,right,62.000,3720,,,,,,,-0.5882,-0.9919,9.8684,5.1268,5.1268,11.8573
2026-06-15 16:32:18.564,Chong,right,62.033,3722,,,,,,,-0.6136,-1.0350,9.8575,5.1389,5.1389,11.8270
2026-06-15 16:32:18.595,Chong,right,62.067,3724,,,,,,,-0.6237,-1.0577,9.8524,5.1320,5.1320,11.7557
2026-06-15 16:32:18.625,Chong,right,62.100,3726,,,,,,,-0.6473,-1.1019,9.8455,5.1340,5.1340,11.7212
2026-06-15 16:32:18.656,Chong,right,62.133,3728,,,,,,,-0.6355,-1.1563,9.8546,5.1255,5.1255,11.7222
2026-06-15 16:32:18.687,Chong,right,62.167,3730,,,,,,,-0.6394,-1.1867,9.8724,5.1060,5.1060,11.7348
2026-06-15 16:32:18.717,Chong,right,62.183,3731,,,,,,,-0.6179,-1.1925,9.8886,5.0364,5.0364,11.6982
2026-06-15 16:32:18.748,Chong,right,62.217,3733,,,,,,,-0.6544,-1.2188,9.9049,5.0936,5.0936,11.6879
2026-06-15 16:32:18.778,Chong,right,62.250,3735,,,,,,,-0.6687,-1.2399,9.9037,5.1215,5.1215,11.6537
2026-06-15 16:32:18.809,Chong,right,62.283,3737,,,,,,,-0.6648,-1.2365,9.8941,5.1476,5.1476,11.6722
2026-06-15 16:32:18.839,Chong,right,62.317,3739,,,,,,,-0.6468,-1.2315,9.8761,5.1225,5.1225,11.6578
2026-06-15 16:32:18.870,Chong,right,62.350,3741,,,,,,,-0.6476,-1.2278,9.8586,5.0976,5.0976,11.6994
2026-06-15 16:32:18.906,Chong,right,62.383,3743,,,,,,,-0.6483,-1.2228,9.8518,5.0953,5.0953,11.7145
2026-06-15 16:32:18.936,Chong,right,62.417,3745,,,,,,,-0.7052,-1.2220,9.8525,5.1358,5.1358,11.7607
2026-06-15 16:32:18.967,Chong,right,62.433,3746,,,,,,,-0.7171,-1.2142,9.8598,5.1344,5.1344,11.7353
2026-06-15 16:32:18.998,Chong,right,62.467,3748,,,,,,,-0.7570,-1.1989,9.8684,5.1882,5.1882,11.7446
2026-06-15 16:32:19.028,Chong,right,62.500,3750,,,,,,,-0.7413,-1.1922,9.8523,5.1760,5.1760,11.6872
2026-06-15 16:32:19.059,Chong,right,62.533,3752,,,,,,,-0.7252,-1.1902,9.8376,5.1460,5.1460,11.6257
2026-06-15 16:32:19.089,Chong,right,62.567,3754,,,,,,,-0.5714,-1.0813,9.7813,4.8305,4.8305,11.4056
2026-06-15 16:32:19.120,Chong,right,62.600,3756,,,,,,,-0.4307,-0.7046,9.7385,4.1806,4.1806,9.7950
2026-06-15 16:32:19.151,Chong,right,62.633,3758,,,,,,,-0.3936,-0.7621,9.7379,4.3616,4.3616,10.5739
2026-06-15 16:32:19.182,Chong,right,62.650,3759,,,,,,,-0.5066,-0.8439,9.7402,4.7592,4.7592,11.3682
2026-06-15 16:32:19.213,Chong,right,62.683,3761,,,,,,,-0.5380,-0.8578,9.7469,4.8898,4.8898,11.6086
2026-06-15 16:32:19.243,Chong,right,62.717,3763,,,,,,,-0.5718,-0.8559,9.7689,5.0329,5.0329,11.8025
2026-06-15 16:32:19.274,Chong,right,62.750,3765,,,,,,,-0.5845,-0.8173,9.7808,5.1074,5.1074,11.7590
2026-06-15 16:32:19.304,Chong,right,62.783,3767,,,,,,,-0.5604,-0.7579,9.7872,5.0610,5.0610,11.8414
2026-06-15 16:32:19.335,Chong,right,62.817,3769,,,,,,,-0.5264,-0.7027,9.7838,5.0772,5.0772,11.9616
2026-06-15 16:32:19.365,Chong,right,62.833,3770,,,,,,,-0.5151,-0.6782,9.7844,5.0916,5.0916,11.9951
2026-06-15 16:32:19.396,Chong,right,62.867,3772,,,,,,,-0.4788,-0.6416,9.7801,5.0858,5.0858,12.0159
2026-06-15 16:32:19.426,Chong,right,62.900,3774,,,,,,,-0.4361,-0.6082,9.7656,5.0556,5.0556,11.9510
2026-06-15 16:32:19.457,Chong,right,62.933,3776,,,,,,,-0.4272,-0.5832,9.7607,5.0711,5.0711,11.9936
2026-06-15 16:32:19.487,Chong,right,62.967,3778,,,,,,,-0.4036,-0.5642,9.7634,5.0831,5.0831,11.9896
2026-06-15 16:32:19.518,Chong,right,62.983,3779,,,,,,,-0.2270,-0.3183,9.7635,5.1270,5.1270,12.2818
2026-06-15 16:32:19.548,Chong,right,63.017,3781,,,,,,,-0.1678,-0.2667,9.7649,5.1211,5.1211,12.2799
2026-06-15 16:32:19.579,Chong,right,63.050,3783,,,,,,,-0.0975,-0.1863,9.7749,5.1021,5.1021,12.2669
2026-06-15 16:32:19.609,Chong,right,63.083,3785,,,,,,,-0.0584,-0.1180,9.7685,5.0829,5.0829,12.3099
2026-06-15 16:32:19.640,Chong,right,63.117,3787,,,,,,,-0.0459,-0.0987,9.7643,5.1006,5.1006,12.3584
2026-06-15 16:32:19.671,Chong,right,63.150,3789,,,,,,,0.0012,-0.0445,9.7702,5.0878,5.0878,12.3324
2026-06-15 16:32:19.702,Chong,right,63.183,3791,,,,,,,0.0448,0.0162,9.7652,5.0535,5.0535,12.3921
2026-06-15 16:32:19.732,Chong,right,63.200,3792,,,,,,,-0.0031,0.2291,9.7504,5.0131,5.0131,12.3360
2026-06-15 16:32:19.763,Chong,right,63.233,3794,,,,,,,0.0359,0.4080,9.7185,4.9083,4.9083,11.8880
2026-06-15 16:32:19.793,Chong,right,63.267,3796,,,,,,,0.0849,0.4640,9.7011,4.8807,4.8807,11.8155
2026-06-15 16:32:19.824,Chong,right,63.300,3798,,,,,,,0.1641,0.5302,9.6758,4.8571,4.8571,11.8434
2026-06-15 16:32:19.854,Chong,right,63.333,3800,,,,,,,0.2291,0.5721,9.6663,4.8342,4.8342,11.8842
2026-06-15 16:32:19.885,Chong,right,63.367,3802,,,,,,,0.3036,0.6081,9.6676,4.8136,4.8136,11.9666
2026-06-15 16:32:19.916,Chong,right,63.383,3803,,,,,,,0.3714,0.6356,9.6720,4.8084,4.8084,12.0880
2026-06-15 16:32:19.947,Chong,right,63.417,3805,,,,,,,0.4034,0.6528,9.6716,4.8019,4.8019,12.0774
2026-06-15 16:32:19.978,Chong,right,63.450,3807,,,,,,,0.3647,0.7732,9.6665,4.8423,4.8423,12.3230
2026-06-15 16:32:20.008,Chong,right,63.483,3809,,,,,,,0.3850,0.8424,9.6591,4.8331,4.8331,12.3084
2026-06-15 16:32:20.039,Chong,right,63.517,3811,,,,,,,0.4377,0.8813,9.6327,4.9206,4.9206,12.2350
2026-06-15 16:32:20.070,Chong,right,63.550,3813,,,,,,,0.4766,0.8995,9.6171,4.9540,4.9540,12.2505
2026-06-15 16:32:20.100,Chong,right,63.567,3814,,,,,,,0.5017,0.8904,9.6178,4.9427,4.9427,12.4432
2026-06-15 16:32:20.131,Chong,right,63.600,3816,,,,,,,0.5332,0.8832,9.6203,4.9382,4.9382,12.4863
2026-06-15 16:32:20.161,Chong,right,63.633,3818,,,,,,,0.5955,0.8539,9.6257,4.9356,4.9356,12.5014
2026-06-15 16:32:20.192,Chong,right,63.667,3820,,,,,,,0.6460,0.8073,9.6449,4.9186,4.9186,12.6027
2026-06-15 16:32:20.222,Chong,right,63.700,3822,,,,,,,0.7023,0.7871,9.6509,4.8888,4.8888,12.5940
2026-06-15 16:32:20.253,Chong,right,63.733,3824,,,,,,,0.7764,0.7642,9.6447,4.9214,4.9214,12.5955
2026-06-15 16:32:20.284,Chong,right,63.750,3825,,,,,,,0.8145,0.7578,9.6358,4.9224,4.9224,12.6435
2026-06-15 16:32:20.314,Chong,right,63.783,3827,,,,,,,0.8712,0.7371,9.6118,4.9556,4.9556,12.7341
2026-06-15 16:32:20.345,Chong,right,63.817,3829,,,,,,,0.9116,0.7185,9.5920,4.9420,4.9420,12.8381
2026-06-15 16:32:20.376,Chong,right,63.850,3831,,,,,,,0.9530,0.6519,9.5803,4.9350,4.9350,12.8797
2026-06-15 16:32:20.407,Chong,right,63.883,3833,,,,,,,0.9999,0.6278,9.5839,4.8649,4.8649,12.8531
2026-06-15 16:32:20.437,Chong,right,63.917,3835,,,,,,,1.0676,0.5350,9.5849,4.8186,4.8186,13.0293
2026-06-15 16:32:20.468,Chong,right,63.950,3837,,,,,,,1.1207,0.4699,9.5828,4.8290,4.8290,13.1860
2026-06-15 16:32:20.499,Chong,right,63.967,3838,,,,,,,1.1778,0.4096,9.5855,4.7940,4.7940,13.0957
2026-06-15 16:32:20.529,Chong,right,64.000,3840,,,,,,,1.1976,0.3700,9.5852,4.8191,4.8191,13.0960
2026-06-15 16:32:20.560,Chong,right,64.033,3842,,,,,,,1.2189,0.2780,9.5840,4.8265,4.8265,13.2009
2026-06-15 16:32:20.591,Chong,right,64.067,3844,,,,,,,1.2410,0.2270,9.5829,4.8423,4.8423,13.1946
2026-06-15 16:32:20.621,Chong,right,64.100,3846,,,,,,,1.2894,0.1473,9.5831,4.8559,4.8559,13.4014
2026-06-15 16:32:20.652,Chong,right,64.133,3848,,,,,,,1.2345,0.0882,9.5766,4.8776,4.8776,13.4197
2026-06-15 16:32:20.682,Chong,right,64.150,3849,,,,,,,1.2060,-0.0147,9.5773,4.8338,4.8338,13.4112
2026-06-15 16:32:20.713,Chong,right,64.183,3851,,,,,,,1.2075,-0.0368,9.5741,4.8055,4.8055,13.3076
2026-06-15 16:32:20.744,Chong,right,64.217,3853,,,,,,,1.2286,-0.0866,9.5792,4.8011,4.8011,13.3813
2026-06-15 16:32:20.774,Chong,right,64.250,3855,,,,,,,1.2163,-0.1791,9.5708,4.8859,4.8859,13.5356
2026-06-15 16:32:20.804,Chong,right,64.283,3857,,,,,,,1.2693,-0.2675,9.5616,4.8477,4.8477,13.3988
2026-06-15 16:32:20.835,Chong,right,64.317,3859,,,,,,,1.3307,-0.3706,9.5598,4.7674,4.7674,13.4717
2026-06-15 16:32:20.866,Chong,right,64.333,3860,,,,,,,1.3512,-0.4011,9.5601,4.7698,4.7698,13.5021
2026-06-15 16:32:20.896,Chong,right,64.367,3862,,,,,,,1.3987,-0.4621,9.5520,4.7285,4.7285,13.3409
2026-06-15 16:32:20.928,Chong,right,64.400,3864,,,,,,,1.4140,-0.5369,9.5583,4.7808,4.7808,13.4042
2026-06-15 16:32:20.959,Chong,right,64.433,3866,,,,,,,1.4263,-0.6095,9.5733,4.8276,4.8276,13.4170
2026-06-15 16:32:20.990,Chong,right,64.467,3868,,,,,,,1.4379,-0.6591,9.5830,4.8314,4.8314,13.3549
2026-06-15 16:32:21.020,Chong,right,64.500,3870,,,,,,,1.4421,-0.6861,9.5896,4.8562,4.8562,13.4269
2026-06-15 16:32:21.051,Chong,right,64.533,3872,,,,,,,1.4623,-0.7187,9.5962,4.8413,4.8413,13.3689
2026-06-15 16:32:21.082,Chong,right,64.550,3873,,,,,,,1.5041,-0.7635,9.5991,4.7703,4.7703,13.3677
2026-06-15 16:32:21.112,Chong,right,64.583,3875,,,,,,,1.5828,-0.8433,9.5926,4.8249,4.8249,13.4899
2026-06-15 16:32:21.143,Chong,right,64.617,3877,,,,,,,1.6254,-0.8862,9.5912,4.8542,4.8542,13.5953
2026-06-15 16:32:21.174,Chong,right,64.650,3879,,,,,,,1.6254,-0.8862,9.5912,4.8542,4.8542,13.5953
2026-06-15 16:32:21.204,Chong,right,64.683,3881,,,,,,,1.6618,-0.9197,9.5930,4.9240,4.9240,13.6405
2026-06-15 16:32:21.235,Chong,right,64.717,3883,,,,,,,1.6768,-0.9433,9.6004,4.9571,4.9571,13.7263
2026-06-15 16:32:21.266,Chong,right,64.733,3884,,,,,,,1.6651,-0.9698,9.6059,4.9619,4.9619,13.6783
2026-06-15 16:32:21.296,Chong,right,64.767,3886,,,,,,,1.6780,-0.9816,9.6088,4.8996,4.8996,13.7618
2026-06-15 16:32:21.327,Chong,right,64.800,3888,,,,,,,1.6844,-0.9832,9.6167,4.8252,4.8252,13.6840
2026-06-15 16:32:21.357,Chong,right,64.833,3890,,,,,,,1.6851,-0.9894,9.6148,4.8262,4.8262,13.5974
2026-06-15 16:32:21.388,Chong,right,64.867,3892,,,,,,,1.6742,-0.9849,9.6155,4.8142,4.8142,13.5784
2026-06-15 16:32:21.418,Chong,right,64.917,3895,,,,,,,1.6789,-0.9736,9.6227,4.7483,4.7483,13.5812
2026-06-15 16:32:21.449,Chong,right,64.933,3896,,,,,,,1.6671,-0.9552,9.6191,4.7705,4.7705,13.5591
2026-06-15 16:32:21.479,Chong,right,64.967,3898,,,,,,,1.6563,-0.9496,9.6053,4.7820,4.7820,13.5127
2026-06-15 16:32:21.510,Chong,right,65.000,3900,,,,,,,1.6486,-0.9481,9.5919,4.7749,4.7749,13.4475
2026-06-15 16:32:21.540,Chong,right,65.033,3902,,,,,,,1.6495,-0.9412,9.5777,4.7689,4.7689,13.4071
2026-06-15 16:32:21.571,Chong,right,65.067,3904,,,,,,,1.6208,-0.9337,9.5631,4.8358,4.8358,13.6164
2026-06-15 16:32:21.602,Chong,right,65.100,3906,,,,,,,1.6081,-0.9277,9.5637,4.8943,4.8943,13.7531
2026-06-15 16:32:21.633,Chong,right,65.117,3907,,,,,,,1.6041,-0.8941,9.5798,4.8747,4.8747,13.8224
2026-06-15 16:32:21.664,Chong,right,65.150,3909,,,,,,,1.6077,-0.8517,9.5816,4.8269,4.8269,13.7423
2026-06-15 16:32:21.694,Chong,right,65.183,3911,,,,,,,1.6065,-0.8482,9.5795,4.8270,4.8270,13.6334
2026-06-15 16:32:21.724,Chong,right,65.217,3913,,,,,,,1.5943,-0.8217,9.5756,4.7769,4.7769,13.5973
2026-06-15 16:32:21.755,Chong,right,65.250,3915,,,,,,,1.5418,-0.7466,9.5838,4.7596,4.7596,13.7717
2026-06-15 16:32:21.786,Chong,right,65.283,3917,,,,,,,1.5169,-0.6966,9.5869,4.7445,4.7445,13.5986
2026-06-15 16:32:21.816,Chong,right,65.300,3918,,,,,,,1.5032,-0.6558,9.6017,4.7887,4.7887,13.5826
2026-06-15 16:32:21.847,Chong,right,65.333,3920,,,,,,,1.4566,-0.5957,9.6136,4.8140,4.8140,13.6464
2026-06-15 16:32:21.877,Chong,right,65.367,3922,,,,,,,1.3733,-0.3945,9.6324,4.7824,4.7824,13.5985
2026-06-15 16:32:21.907,Chong,right,65.400,3924,,,,,,,1.3411,-0.3001,9.6503,4.8536,4.8536,13.6788
2026-06-15 16:32:21.940,Chong,right,65.433,3926,,,,,,,1.3327,-0.2659,9.6601,4.8925,4.8925,13.7645
2026-06-15 16:32:21.971,Chong,right,65.467,3928,,,,,,,1.2845,-0.2067,9.6725,4.9412,4.9412,13.7081
2026-06-15 16:32:22.001,Chong,right,65.500,3930,,,,,,,1.2498,-0.1751,9.6702,4.9624,4.9624,13.6465
2026-06-15 16:32:22.032,Chong,right,65.517,3931,,,,,,,1.2011,-0.1412,9.6702,4.9784,4.9784,13.6541
2026-06-15 16:32:22.063,Chong,right,65.550,3933,,,,,,,1.1808,-0.1262,9.6718,4.9868,4.9868,13.6526
2026-06-15 16:32:22.093,Chong,right,65.583,3935,,,,,,,1.1672,-0.0805,9.6593,4.9249,4.9249,13.3146
2026-06-15 16:32:22.124,Chong,right,65.617,3937,,,,,,,1.1487,-0.0584,9.6500,4.8792,4.8792,13.1404
2026-06-15 16:32:22.154,Chong,right,65.650,3939,,,,,,,1.1180,0.0462,9.6251,4.8470,4.8470,13.1314
2026-06-15 16:32:22.185,Chong,right,65.683,3941,,,,,,,1.0924,0.0768,9.6288,4.8458,4.8458,13.2219
2026-06-15 16:32:22.215,Chong,right,65.700,3942,,,,,,,1.0668,0.1469,9.6529,4.7682,4.7682,13.3139
2026-06-15 16:32:22.245,Chong,right,65.733,3944,,,,,,,1.0044,0.1617,9.6647,4.8300,4.8300,13.2857
2026-06-15 16:32:22.276,Chong,right,65.767,3946,,,,,,,0.9747,0.1692,9.6733,4.8422,4.8422,13.2714
2026-06-15 16:32:22.306,Chong,right,65.800,3948,,,,,,,0.9531,0.1625,9.6705,4.8392,4.8392,13.1793
2026-06-15 16:32:22.337,Chong,right,65.833,3950,,,,,,,0.8991,0.1716,9.6795,4.8710,4.8710,13.2027
2026-06-15 16:32:22.368,Chong,right,65.850,3951,,,,,,,0.8601,0.1633,9.6920,4.8984,4.8984,13.1570
2026-06-15 16:32:22.398,Chong,right,65.883,3953,,,,,,,0.7607,0.2723,9.6943,4.8781,4.8781,13.2860
2026-06-15 16:32:22.429,Chong,right,65.917,3955,,,,,,,0.7217,0.3142,9.6956,4.8865,4.8865,13.3035
2026-06-15 16:32:22.460,Chong,right,65.950,3957,,,,,,,0.6855,0.3462,9.7043,4.9171,4.9171,13.2536
2026-06-15 16:32:22.490,Chong,right,65.983,3959,,,,,,,0.6479,0.3553,9.6987,4.9152,4.9152,13.2582
2026-06-15 16:32:22.521,Chong,right,66.017,3961,,,,,,,0.6222,0.3695,9.6864,4.9037,4.9037,13.0920
2026-06-15 16:32:22.551,Chong,right,66.033,3962,,,,,,,0.6382,0.5728,9.6297,4.6354,4.6354,12.4831
2026-06-15 16:32:22.582,Chong,right,66.067,3964,,,,,,,1.9212,-0.3675,4.7937,0.0000,0.0000,0.0000
2026-06-15 16:32:22.612,Chong,right,66.100,3966,,,,,,,6.0647,-1.4081,11.1478,0.8859,0.8859,0.4346
2026-06-15 16:32:22.643,Chong,right,66.133,3968,,,,,,,3.0329,-0.1009,10.6381,2.2884,2.2884,4.5599
2026-06-15 16:32:22.673,Chong,right,66.167,3970,,,,,,,1.5998,0.2197,10.1959,3.5331,3.5331,8.4770
2026-06-15 16:32:22.704,Chong,right,66.200,3972,,,,,,,0.9282,0.2116,9.9352,4.2089,4.2089,10.8100
2026-06-15 16:32:22.735,Chong,right,66.217,3973,,,,,,,0.5963,0.1994,9.7883,4.5388,4.5388,11.6393
2026-06-15 16:32:22.765,Chong,right,66.250,3975,,,,,,,0.5072,0.1838,9.7468,4.6657,4.6657,11.8492
2026-06-15 16:32:22.795,Chong,right,66.283,3977,,,,,,,0.3871,0.1605,9.6931,4.8610,4.8610,12.0146
2026-06-15 16:32:22.826,Chong,right,66.317,3979,,,,,,,0.2884,0.1320,9.6664,4.9603,4.9603,12.2883
2026-06-15 16:32:22.856,Chong,right,66.350,3981,,,,,,,0.2309,0.2579,9.6338,4.9825,4.9825,11.9501
2026-06-15 16:32:22.887,Chong,right,66.383,3983,,,,,,,0.2064,0.2843,9.6177,4.9903,4.9903,11.9049
2026-06-15 16:32:22.918,Chong,right,66.400,3984,,,,,,,0.1795,0.3096,9.5913,4.9800,4.9800,11.7919
2026-06-15 16:32:22.949,Chong,right,66.433,3986,,,,,,,0.1495,0.2994,9.5816,4.9798,4.9798,11.7677
2026-06-15 16:32:22.979,Chong,right,66.467,3988,,,,,,,0.1220,0.2670,9.5868,4.9637,4.9637,11.7472
2026-06-15 16:32:23.009,Chong,right,66.500,3990,,,,,,,0.0883,0.2095,9.6156,5.0500,5.0500,11.8984
2026-06-15 16:32:23.040,Chong,right,66.533,3992,,,,,,,0.0905,0.1756,9.6309,5.0591,5.0591,11.8739
2026-06-15 16:32:23.071,Chong,right,66.567,3994,,,,,,,0.1031,0.1085,9.6651,4.9453,4.9453,11.8229
2026-06-15 16:32:23.101,Chong,right,66.583,3995,,,,,,,0.0612,0.0206,9.7129,4.9628,4.9628,12.0341
2026-06-15 16:32:23.132,Chong,right,66.617,3997,,,,,,,0.0230,-0.0235,9.7339,5.0131,5.0131,12.1096
2026-06-15 16:32:23.162,Chong,right,66.650,3999,,,,,,,-0.0144,-0.1207,9.7643,4.9821,4.9821,11.9818
2026-06-15 16:32:23.193,Chong,right,66.683,4001,,,,,,,-0.0432,-0.2003,9.7737,4.9446,4.9446,11.9913
2026-06-15 16:32:23.223,Chong,right,66.717,4003,,,,,,,-0.0929,-0.2918,9.7789,4.9441,4.9441,12.0902
2026-06-15 16:32:23.254,Chong,right,66.750,4005,,,,,,,-0.0653,-0.3168,9.7693,4.9817,4.9817,12.1261
2026-06-15 16:32:23.285,Chong,right,66.783,4007,,,,,,,0.0987,-0.3584,9.7657,4.9677,4.9677,12.3409
2026-06-15 16:32:23.315,Chong,right,66.800,4008,,,,,,,0.4532,-0.3821,9.7544,4.9205,4.9205,12.6433
2026-06-15 16:32:23.346,Chong,right,66.833,4010,,,,,,,0.5478,-0.3818,9.7491,4.9195,4.9195,12.7385
2026-06-15 16:32:23.377,Chong,right,66.867,4012,,,,,,,0.6420,-0.3991,9.7486,4.9432,4.9432,12.9396
2026-06-15 16:32:23.407,Chong,right,66.900,4014,,,,,,,0.7070,-0.3908,9.7625,4.9028,4.9028,13.0244
2026-06-15 16:32:23.438,Chong,right,66.933,4016,,,,,,,0.7332,-0.3833,9.7711,4.9052,4.9052,12.9925
2026-06-15 16:32:23.468,Chong,right,66.950,4017,,,,,,,0.7580,-0.3731,9.7659,4.8660,4.8660,12.8302
2026-06-15 16:32:23.499,Chong,right,66.983,4019,,,,,,,0.7899,-0.3411,9.7514,4.7984,4.7984,12.7710
2026-06-15 16:32:23.530,Chong,right,67.017,4021,,,,,,,0.7770,-0.3079,9.7540,4.7911,4.7911,12.8426
2026-06-15 16:32:23.560,Chong,right,67.050,4023,,,,,,,0.7846,-0.2992,9.7558,4.7473,4.7473,12.7445
2026-06-15 16:32:23.591,Chong,right,67.083,4025,,,,,,,0.7755,-0.2867,9.7535,4.7363,4.7363,12.7626
2026-06-15 16:32:23.622,Chong,right,67.117,4027,,,,,,,0.7367,-0.2748,9.7466,4.7794,4.7794,12.8099
2026-06-15 16:32:23.654,Chong,right,67.133,4028,,,,,,,0.7054,-0.2410,9.7577,4.7870,4.7870,12.7859
2026-06-15 16:32:23.684,Chong,right,67.167,4030,,,,,,,0.6932,-0.2175,9.7677,4.7626,4.7626,12.6982
2026-06-15 16:32:23.714,Chong,right,67.200,4032,,,,,,,0.6899,-0.2131,9.7730,4.7974,4.7974,12.7236
2026-06-15 16:32:23.745,Chong,right,67.233,4034,,,,,,,0.6752,-0.1823,9.7710,4.8564,4.8564,12.7891
