timestamp,username,active_eye,playback_time_s,video_frame,left_x,left_y,left_z,left_w_mm,left_h_mm,left_area_mm2,right_x,right_y,right_z,right_w_mm,right_h_mm,right_area_mm2
2026-06-15 16:27:00.474,Ashton3,right,4.267,256,,,,,,,2.3757,0.4695,2.4513,3.1736,3.1736,6.6860
2026-06-15 16:27:00.505,Ashton3,right,4.267,256,,,,,,,2.3911,0.4780,2.4588,3.1501,3.1501,6.6344
2026-06-15 16:27:00.536,Ashton3,right,4.267,256,,,,,,,2.3994,0.4907,2.4723,3.1571,3.1571,6.7342
2026-06-15 16:27:00.567,Ashton3,right,4.267,256,,,,,,,2.4291,0.5303,2.5164,3.1095,3.1095,6.8393
2026-06-15 16:27:00.598,Ashton3,right,4.267,256,,,,,,,2.4571,0.5424,2.5682,3.1255,3.1255,6.8702
2026-06-15 16:27:00.628,Ashton3,right,4.267,256,,,,,,,2.4678,0.5731,2.6257,3.1654,3.1654,7.0125
2026-06-15 16:27:00.659,Ashton3,right,4.267,256,,,,,,,2.4784,0.5653,2.6700,3.1970,3.1970,7.1159
2026-06-15 16:27:00.690,Ashton3,right,4.267,256,,,,,,,2.4548,0.5668,2.6944,3.2359,3.2359,7.2734
2026-06-15 16:27:00.721,Ashton3,right,4.267,256,,,,,,,2.4572,0.5800,2.7135,3.2634,3.2634,7.2839
2026-06-15 16:27:00.751,Ashton3,right,4.267,256,,,,,,,2.4409,0.6337,2.7427,3.3178,3.3178,7.4002
2026-06-15 16:27:00.782,Ashton3,right,0.000,-1,,,,,,,2.4111,0.6757,2.7696,3.3558,3.3558,7.4764
2026-06-15 16:27:00.812,Ashton3,right,0.033,2,,,,,,,2.4154,0.7071,2.7653,3.3344,3.3344,7.3724
2026-06-15 16:27:00.843,Ashton3,right,0.050,3,,,,,,,2.4185,0.7114,2.7598,3.3358,3.3358,7.3361
2026-06-15 16:27:00.874,Ashton3,right,0.083,5,,,,,,,2.4482,0.7291,2.7407,3.2879,3.2879,7.0850
2026-06-15 16:27:00.904,Ashton3,right,0.100,6,,,,,,,2.4603,0.7370,2.7329,3.2397,3.2397,6.7596
2026-06-15 16:27:00.935,Ashton3,right,0.133,8,,,,,,,2.4397,0.7466,2.7521,3.1652,3.1652,6.5309
2026-06-15 16:27:00.965,Ashton3,right,0.167,10,,,,,,,2.4198,0.7759,2.8133,3.0675,3.0675,6.3537
2026-06-15 16:27:00.996,Ashton3,right,0.200,12,,,,,,,2.4078,0.7811,2.8461,3.0550,3.0550,6.2635
2026-06-15 16:27:01.026,Ashton3,right,0.233,14,,,,,,,2.3955,0.7701,2.8931,3.0312,3.0312,6.1501
2026-06-15 16:27:01.057,Ashton3,right,0.267,16,,,,,,,2.3800,0.7315,2.9003,3.0171,3.0171,6.0649
2026-06-15 16:27:01.087,Ashton3,right,0.283,17,,,,,,,2.0186,0.6320,2.8865,3.0291,3.0291,5.7103
2026-06-15 16:27:01.118,Ashton3,right,0.317,19,,,,,,,1.6450,0.5805,2.8870,3.1092,3.1092,5.6584
2026-06-15 16:27:01.148,Ashton3,right,0.350,21,,,,,,,1.4743,0.5715,2.8771,3.1518,3.1518,5.6769
2026-06-15 16:27:01.179,Ashton3,right,0.383,23,,,,,,,1.3944,0.5624,2.8530,3.1536,3.1536,5.6940
2026-06-15 16:27:01.210,Ashton3,right,0.417,25,,,,,,,1.3681,0.5545,2.8370,3.1406,3.1406,5.7117
2026-06-15 16:27:01.241,Ashton3,right,0.450,27,,,,,,,1.3720,0.5115,2.7679,3.1441,3.1441,5.6551
2026-06-15 16:27:01.271,Ashton3,right,0.467,28,,,,,,,1.3658,0.4691,2.7057,3.1492,3.1492,5.6216
2026-06-15 16:27:01.302,Ashton3,right,0.500,30,,,,,,,1.3722,0.4505,2.6854,3.1562,3.1562,5.6301
2026-06-15 16:27:01.332,Ashton3,right,0.533,32,,,,,,,1.3479,0.4337,2.6673,3.2107,3.2107,5.8223
2026-06-15 16:27:01.362,Ashton3,right,0.567,34,,,,,,,1.3282,0.4256,2.6756,3.2439,3.2439,5.9183
2026-06-15 16:27:01.393,Ashton3,right,0.600,36,,,,,,,1.2990,0.4492,2.6880,3.2959,3.2959,6.0595
2026-06-15 16:27:01.423,Ashton3,right,0.633,38,,,,,,,1.2696,0.4436,2.7029,3.3072,3.3072,6.1742
2026-06-15 16:27:01.454,Ashton3,right,0.650,39,,,,,,,1.2381,0.4129,2.7115,3.3284,3.3284,6.2491
2026-06-15 16:27:01.484,Ashton3,right,0.683,41,,,,,,,1.2398,0.4190,2.7063,3.3614,3.3614,6.2773
2026-06-15 16:27:01.516,Ashton3,right,0.717,43,,,,,,,1.2522,0.4186,2.7047,3.3886,3.3886,6.3123
2026-06-15 16:27:01.547,Ashton3,right,0.750,45,,,,,,,1.2666,0.4180,2.7000,3.3911,3.3911,6.3584
2026-06-15 16:27:01.578,Ashton3,right,0.783,47,,,,,,,1.3001,0.4193,2.6751,3.3526,3.3526,6.3496
2026-06-15 16:27:01.608,Ashton3,right,0.817,49,,,,,,,1.2957,0.4002,2.6650,3.3946,3.3946,6.4571
2026-06-15 16:27:01.639,Ashton3,right,0.850,51,,,,,,,1.3051,0.3827,2.6486,3.4490,3.4490,6.5896
2026-06-15 16:27:01.670,Ashton3,right,0.867,52,,,,,,,1.3358,0.3678,2.6249,3.3947,3.3947,6.4341
2026-06-15 16:27:01.700,Ashton3,right,0.900,54,,,,,,,1.3449,0.3229,2.6002,3.3429,3.3429,6.4061
2026-06-15 16:27:01.731,Ashton3,right,0.933,56,,,,,,,1.3567,0.2581,2.5905,3.2870,3.2870,6.2371
2026-06-15 16:27:01.762,Ashton3,right,0.967,58,,,,,,,1.3816,0.1520,2.5778,3.3178,3.3178,6.3297
2026-06-15 16:27:01.792,Ashton3,right,1.000,60,,,,,,,1.4144,0.0751,2.5581,3.3772,3.3772,6.4344
2026-06-15 16:27:01.823,Ashton3,right,1.033,62,,,,,,,1.4193,0.0348,2.5530,3.4438,3.4438,6.6558
2026-06-15 16:27:01.853,Ashton3,right,1.050,63,,,,,,,1.5019,-0.0210,2.5146,3.4107,3.4107,6.6601
2026-06-15 16:27:01.884,Ashton3,right,1.083,65,,,,,,,1.6030,-0.0505,2.4493,3.3950,3.3950,6.7583
2026-06-15 16:27:01.914,Ashton3,right,1.117,67,,,,,,,1.6893,-0.0539,2.4005,3.3394,3.3394,6.8136
2026-06-15 16:27:01.945,Ashton3,right,1.150,69,,,,,,,1.6991,-0.0637,2.3793,3.3504,3.3504,6.8599
2026-06-15 16:27:01.976,Ashton3,right,1.183,71,,,,,,,1.7398,-0.0835,2.3504,3.3366,3.3366,7.0341
2026-06-15 16:27:02.007,Ashton3,right,1.217,73,,,,,,,1.7688,-0.1324,2.2919,3.3341,3.3341,7.1137
2026-06-15 16:27:02.037,Ashton3,right,1.233,74,,,,,,,1.7596,-0.1213,2.2259,3.3864,3.3864,7.1458
2026-06-15 16:27:02.068,Ashton3,right,1.267,76,,,,,,,1.7666,-0.0127,2.1907,3.3302,3.3302,7.1399
2026-06-15 16:27:02.099,Ashton3,right,1.300,78,,,,,,,1.7423,0.0128,2.1809,3.3757,3.3757,7.2145
2026-06-15 16:27:02.129,Ashton3,right,1.333,80,,,,,,,1.5450,0.0823,2.1672,3.4035,3.4035,7.1242
2026-06-15 16:27:02.160,Ashton3,right,1.367,82,,,,,,,1.3616,0.1537,2.2030,3.3746,3.3746,6.9500
2026-06-15 16:27:02.190,Ashton3,right,1.400,84,,,,,,,1.2860,0.1720,2.2378,3.4023,3.4023,6.9623
2026-06-15 16:27:02.221,Ashton3,right,1.417,85,,,,,,,1.1851,0.1425,2.2685,3.4402,3.4402,6.9376
2026-06-15 16:27:02.252,Ashton3,right,1.450,87,,,,,,,1.0675,0.1643,2.2875,3.5366,3.5366,6.9841
2026-06-15 16:27:02.282,Ashton3,right,1.483,89,,,,,,,0.9852,0.1850,2.3378,3.5528,3.5528,7.1929
2026-06-15 16:27:02.313,Ashton3,right,1.517,91,,,,,,,0.9772,0.1869,2.3599,3.4998,3.4998,7.0093
2026-06-15 16:27:02.344,Ashton3,right,1.550,93,,,,,,,0.9386,0.1978,2.3678,3.4507,3.4507,6.7296
2026-06-15 16:27:02.374,Ashton3,right,1.583,95,,,,,,,0.8924,0.1932,2.3742,3.4602,3.4602,6.7913
2026-06-15 16:27:02.405,Ashton3,right,1.600,96,,,,,,,0.8362,0.1914,2.3906,3.4553,3.4553,6.9096
2026-06-15 16:27:02.436,Ashton3,right,1.633,98,,,,,,,0.7493,0.1996,2.3956,3.5045,3.5045,7.0135
2026-06-15 16:27:02.466,Ashton3,right,1.667,100,,,,,,,0.7083,0.2222,2.4076,3.5435,3.5435,7.1574
2026-06-15 16:27:02.497,Ashton3,right,1.700,102,,,,,,,0.6393,0.2704,2.4354,3.6173,3.6173,7.2810
2026-06-15 16:27:02.528,Ashton3,right,1.733,104,,,,,,,0.6144,0.2760,2.4487,3.5974,3.5974,7.3646
2026-06-15 16:27:02.559,Ashton3,right,1.767,106,,,,,,,0.8177,0.2605,2.4504,3.6030,3.6030,7.4221
2026-06-15 16:27:02.590,Ashton3,right,1.800,108,,,,,,,0.9766,0.2406,2.4300,3.6203,3.6203,7.4817
2026-06-15 16:27:02.621,Ashton3,right,1.817,109,,,,,,,1.2507,0.2269,2.3644,3.5725,3.5725,7.4105
2026-06-15 16:27:02.652,Ashton3,right,1.850,111,,,,,,,1.4494,0.2337,2.3065,3.5947,3.5947,7.5573
2026-06-15 16:27:02.682,Ashton3,right,1.883,113,,,,,,,1.6043,0.2194,2.2860,3.5883,3.5883,7.8250
2026-06-15 16:27:02.713,Ashton3,right,1.917,115,,,,,,,1.6944,0.2121,2.2733,3.5893,3.5893,7.8809
2026-06-15 16:27:02.743,Ashton3,right,1.950,117,,,,,,,1.8926,0.1624,2.2461,3.5978,3.5978,8.0785
2026-06-15 16:27:02.774,Ashton3,right,1.983,119,,,,,,,1.9941,0.1423,2.2307,3.5913,3.5913,8.1422
2026-06-15 16:27:02.805,Ashton3,right,2.000,120,,,,,,,2.1429,0.1073,2.1938,3.5796,3.5796,8.2970
2026-06-15 16:27:02.835,Ashton3,right,2.033,122,,,,,,,2.2291,0.1096,2.1699,3.5934,3.5934,8.5349
2026-06-15 16:27:02.866,Ashton3,right,2.067,124,,,,,,,2.3049,0.1405,2.1691,3.5750,3.5750,8.8166
2026-06-15 16:27:02.896,Ashton3,right,2.100,126,,,,,,,2.3528,0.1515,2.1679,3.5910,3.5910,8.8810
2026-06-15 16:27:02.927,Ashton3,right,2.133,128,,,,,,,2.4320,0.2114,2.1613,3.5767,3.5767,8.9467
2026-06-15 16:27:02.957,Ashton3,right,2.167,130,,,,,,,2.4965,0.2660,2.1767,3.5752,3.5752,8.8376
2026-06-15 16:27:02.988,Ashton3,right,2.183,131,,,,,,,2.5430,0.2818,2.1984,3.5965,3.5965,8.9752
2026-06-15 16:27:03.018,Ashton3,right,2.217,133,,,,,,,2.5477,0.3060,2.2061,3.6218,3.6218,8.9951
2026-06-15 16:27:03.049,Ashton3,right,2.250,135,,,,,,,2.5338,0.3206,2.2125,3.6182,3.6182,9.0428
2026-06-15 16:27:03.080,Ashton3,right,2.283,137,,,,,,,2.4821,0.3430,2.1981,3.5848,3.5848,8.9375
2026-06-15 16:27:03.110,Ashton3,right,2.317,139,,,,,,,2.4078,0.3831,2.1982,3.6294,3.6294,8.9132
2026-06-15 16:27:03.141,Ashton3,right,2.350,141,,,,,,,2.2377,0.3650,2.2160,3.6583,3.6583,8.9574
2026-06-15 16:27:03.172,Ashton3,right,2.383,143,,,,,,,2.1434,0.3227,2.2226,3.6540,3.6540,8.6831
2026-06-15 16:27:03.203,Ashton3,right,2.400,144,,,,,,,2.0957,0.3130,2.2243,3.6543,3.6543,8.6746
2026-06-15 16:27:03.233,Ashton3,right,2.433,146,,,,,,,2.0361,0.3072,2.2353,3.6538,3.6538,8.5675
2026-06-15 16:27:03.264,Ashton3,right,2.467,148,,,,,,,1.9387,0.3073,2.2601,3.7243,3.7243,8.6791
2026-06-15 16:27:03.294,Ashton3,right,2.500,150,,,,,,,1.9162,0.3057,2.2729,3.6896,3.6896,8.6173
2026-06-15 16:27:03.325,Ashton3,right,2.533,152,,,,,,,1.8685,0.3050,2.2920,3.6080,3.6080,8.4615
2026-06-15 16:27:03.356,Ashton3,right,2.567,154,,,,,,,1.7727,0.2956,2.3143,3.6449,3.6449,8.4257
2026-06-15 16:27:03.386,Ashton3,right,2.583,155,,,,,,,1.7296,0.3042,2.3211,3.6311,3.6311,8.3628
2026-06-15 16:27:03.417,Ashton3,right,2.617,157,,,,,,,1.6502,0.3290,2.3255,3.6470,3.6470,8.2452
2026-06-15 16:27:03.447,Ashton3,right,2.650,159,,,,,,,1.6006,0.3585,2.3255,3.6149,3.6149,8.1246
2026-06-15 16:27:03.477,Ashton3,right,2.683,161,,,,,,,1.5796,0.3823,2.3198,3.6056,3.6056,7.9403
2026-06-15 16:27:03.508,Ashton3,right,2.717,163,,,,,,,1.5547,0.4049,2.2942,3.5539,3.5539,7.6595
2026-06-15 16:27:03.541,Ashton3,right,2.750,165,,,,,,,1.5250,0.4209,2.2736,3.5517,3.5517,7.5987
2026-06-15 16:27:03.571,Ashton3,right,2.767,166,,,,,,,1.5061,0.4166,2.2703,3.5574,3.5574,7.6351
2026-06-15 16:27:03.602,Ashton3,right,2.800,168,,,,,,,1.4714,0.4281,2.2962,3.6905,3.6905,7.9872
2026-06-15 16:27:03.632,Ashton3,right,2.833,170,,,,,,,1.7081,0.4043,2.3130,3.7059,3.7059,8.3082
2026-06-15 16:27:03.663,Ashton3,right,2.867,172,,,,,,,1.8802,0.3977,2.3194,3.7164,3.7164,8.5427
2026-06-15 16:27:03.693,Ashton3,right,2.900,174,,,,,,,1.9853,0.3713,2.3364,3.7670,3.7670,8.7811
2026-06-15 16:27:03.724,Ashton3,right,2.933,176,,,,,,,2.0557,0.3534,2.3377,3.7610,3.7610,8.8811
2026-06-15 16:27:03.754,Ashton3,right,2.950,177,,,,,,,2.1349,0.3267,2.3217,3.6810,3.6810,8.6957
2026-06-15 16:27:03.785,Ashton3,right,2.983,179,,,,,,,2.1555,0.3207,2.3093,3.6823,3.6823,8.6944
2026-06-15 16:27:03.816,Ashton3,right,3.017,181,,,,,,,2.1791,0.3257,2.2867,3.6066,3.6066,8.7135
2026-06-15 16:27:03.846,Ashton3,right,3.050,183,,,,,,,2.1987,0.3181,2.2813,3.6017,3.6017,8.7504
2026-06-15 16:27:03.877,Ashton3,right,3.083,185,,,,,,,2.2115,0.3175,2.2707,3.5708,3.5708,8.8245
2026-06-15 16:27:03.907,Ashton3,right,3.117,187,,,,,,,2.2235,0.2990,2.2676,3.5912,3.5912,8.7889
2026-06-15 16:27:03.938,Ashton3,right,3.133,188,,,,,,,2.2609,0.2945,2.2685,3.6453,3.6453,8.8558
2026-06-15 16:27:03.968,Ashton3,right,3.167,190,,,,,,,2.2565,0.2963,2.2641,3.6249,3.6249,8.8825
2026-06-15 16:27:03.999,Ashton3,right,3.200,192,,,,,,,2.2675,0.2983,2.2584,3.6381,3.6381,8.9072
2026-06-15 16:27:04.029,Ashton3,right,3.233,194,,,,,,,2.2750,0.3008,2.2506,3.6405,3.6405,8.9644
2026-06-15 16:27:04.060,Ashton3,right,3.267,196,,,,,,,2.3148,0.2562,2.2513,3.6760,3.6760,9.0299
2026-06-15 16:27:04.091,Ashton3,right,3.300,198,,,,,,,2.3095,0.2544,2.2472,3.6762,3.6762,9.1198
2026-06-15 16:27:04.121,Ashton3,right,3.317,199,,,,,,,2.3283,0.2552,2.2386,3.7466,3.7466,9.3813
2026-06-15 16:27:04.152,Ashton3,right,3.350,201,,,,,,,2.3632,0.2555,2.2261,3.7214,3.7214,9.3652
2026-06-15 16:27:04.182,Ashton3,right,3.383,203,,,,,,,2.3658,0.2656,2.2196,3.7714,3.7714,9.4333
2026-06-15 16:27:04.212,Ashton3,right,3.417,205,,,,,,,2.3727,0.2631,2.2175,3.7590,3.7590,9.5063
2026-06-15 16:27:04.243,Ashton3,right,3.450,207,,,,,,,2.3857,0.2477,2.2270,3.7972,3.7972,9.6346
2026-06-15 16:27:04.274,Ashton3,right,3.483,209,,,,,,,2.3962,0.2577,2.2328,3.7957,3.7957,9.7158
2026-06-15 16:27:04.305,Ashton3,right,3.500,210,,,,,,,2.4102,0.2609,2.2257,3.7943,3.7943,9.5933
2026-06-15 16:27:04.335,Ashton3,right,3.533,212,,,,,,,2.4370,0.3082,2.2180,3.8111,3.8111,9.7356
2026-06-15 16:27:04.366,Ashton3,right,3.567,214,,,,,,,2.4549,0.3518,2.2219,3.8671,3.8671,9.8729
2026-06-15 16:27:04.396,Ashton3,right,3.600,216,,,,,,,2.4704,0.3786,2.2285,3.8911,3.8911,9.9555
2026-06-15 16:27:04.427,Ashton3,right,3.633,218,,,,,,,2.5211,0.4051,2.2083,3.8209,3.8209,9.7226
2026-06-15 16:27:04.458,Ashton3,right,3.667,220,,,,,,,2.5331,0.4450,2.1562,3.7232,3.7232,9.7358
2026-06-15 16:27:04.488,Ashton3,right,3.683,221,,,,,,,2.5345,0.4326,2.1357,3.7197,3.7197,9.7521
2026-06-15 16:27:04.519,Ashton3,right,3.717,223,,,,,,,2.5118,0.4432,2.1036,3.7071,3.7071,9.8177
2026-06-15 16:27:04.550,Ashton3,right,3.750,225,,,,,,,2.4889,0.4381,2.0894,3.6840,3.6840,9.7968
2026-06-15 16:27:04.580,Ashton3,right,3.783,227,,,,,,,2.4742,0.4289,2.0858,3.6898,3.6898,9.7447
2026-06-15 16:27:04.611,Ashton3,right,3.817,229,,,,,,,2.4531,0.4257,2.0789,3.7402,3.7402,9.9291
2026-06-15 16:27:04.641,Ashton3,right,3.850,231,,,,,,,2.4743,0.4196,2.0797,3.7149,3.7149,9.8830
2026-06-15 16:27:04.672,Ashton3,right,3.883,233,,,,,,,2.4797,0.4016,2.0967,3.7486,3.7486,9.9494
2026-06-15 16:27:04.703,Ashton3,right,3.900,234,,,,,,,2.4809,0.4045,2.0966,3.7139,3.7139,9.8716
2026-06-15 16:27:04.733,Ashton3,right,3.933,236,,,,,,,2.4638,0.3996,2.0988,3.7845,3.7845,10.1505
2026-06-15 16:27:04.764,Ashton3,right,3.967,238,,,,,,,2.4377,0.3904,2.1075,3.8840,3.8840,10.3638
2026-06-15 16:27:04.795,Ashton3,right,4.000,240,,,,,,,2.4000,0.4041,2.1114,3.8742,3.8742,10.3584
2026-06-15 16:27:04.825,Ashton3,right,4.033,242,,,,,,,2.3635,0.4177,2.1152,3.8422,3.8422,10.2542
2026-06-15 16:27:04.856,Ashton3,right,4.067,244,,,,,,,2.3721,0.4208,2.1121,3.8140,3.8140,10.1368
2026-06-15 16:27:04.886,Ashton3,right,4.083,245,,,,,,,2.3844,0.4186,2.1150,3.8137,3.8137,10.0636
2026-06-15 16:27:04.917,Ashton3,right,4.117,247,,,,,,,2.3366,0.4497,2.1167,3.7508,3.7508,9.8956
2026-06-15 16:27:04.947,Ashton3,right,4.150,249,,,,,,,2.3290,0.4558,2.0941,3.6318,3.6318,9.5289
2026-06-15 16:27:04.978,Ashton3,right,4.183,251,,,,,,,2.3531,0.4470,2.0692,3.6437,3.6437,9.2726
2026-06-15 16:27:05.009,Ashton3,right,4.217,253,,,,,,,2.3343,0.4546,2.0352,3.6474,3.6474,9.1360
2026-06-15 16:27:05.040,Ashton3,right,4.250,255,,,,,,,2.3277,0.4609,2.0240,3.6251,3.6251,9.1151
2026-06-15 16:27:05.070,Ashton3,right,4.267,256,,,,,,,2.2866,0.4719,2.0371,3.7341,3.7341,9.2394
2026-06-15 16:27:05.101,Ashton3,right,4.300,258,,,,,,,2.2813,0.4865,2.0737,3.8126,3.8126,9.2941
2026-06-15 16:27:05.132,Ashton3,right,4.333,260,,,,,,,2.2606,0.5066,2.1092,3.8473,3.8473,9.3386
2026-06-15 16:27:05.163,Ashton3,right,4.367,262,,,,,,,2.2785,0.4967,2.1192,3.8108,3.8108,9.2423
2026-06-15 16:27:05.193,Ashton3,right,4.400,264,,,,,,,2.2013,0.5217,2.0960,3.7082,3.7082,9.1156
2026-06-15 16:27:05.224,Ashton3,right,4.433,266,,,,,,,2.1534,0.4894,2.0725,3.6425,3.6425,9.0922
2026-06-15 16:27:05.255,Ashton3,right,4.450,267,,,,,,,2.1014,0.4782,2.0474,3.6322,3.6322,9.0253
2026-06-15 16:27:05.285,Ashton3,right,4.483,269,,,,,,,2.0752,0.4450,2.0765,3.6837,3.6837,9.0457
2026-06-15 16:27:05.316,Ashton3,right,4.517,271,,,,,,,2.0607,0.4273,2.1010,3.6958,3.6958,8.9987
2026-06-15 16:27:05.347,Ashton3,right,4.550,273,,,,,,,2.0254,0.4238,2.1632,3.7209,3.7209,9.0782
2026-06-15 16:27:05.377,Ashton3,right,4.583,275,,,,,,,2.0187,0.4248,2.1891,3.6953,3.6953,8.8840
2026-06-15 16:27:05.408,Ashton3,right,4.617,277,,,,,,,1.9986,0.4291,2.1975,3.6809,3.6809,8.7204
2026-06-15 16:27:05.438,Ashton3,right,4.633,278,,,,,,,1.9736,0.4318,2.2103,3.7190,3.7190,8.7849
2026-06-15 16:27:05.468,Ashton3,right,4.667,280,,,,,,,1.9495,0.4492,2.2382,3.7207,3.7207,8.7066
2026-06-15 16:27:05.499,Ashton3,right,4.700,282,,,,,,,1.8819,0.4426,2.2663,3.7172,3.7172,8.5875
2026-06-15 16:27:05.530,Ashton3,right,4.733,284,,,,,,,1.8603,0.4481,2.2826,3.6895,3.6895,8.5250
2026-06-15 16:27:05.562,Ashton3,right,4.767,286,,,,,,,1.7866,0.4404,2.3243,3.7122,3.7122,8.5495
2026-06-15 16:27:05.593,Ashton3,right,4.800,288,,,,,,,1.7376,0.4669,2.3610,3.6952,3.6952,8.4980
2026-06-15 16:27:05.624,Ashton3,right,4.833,290,,,,,,,1.6864,0.4935,2.3892,3.6414,3.6414,8.4250
2026-06-15 16:27:05.654,Ashton3,right,4.850,291,,,,,,,1.6344,0.4689,2.3998,3.6483,3.6483,8.3209
2026-06-15 16:27:05.685,Ashton3,right,4.883,293,,,,,,,1.6232,0.4686,2.4031,3.6530,3.6530,8.3267
2026-06-15 16:27:05.715,Ashton3,right,4.917,295,,,,,,,1.6122,0.4338,2.4089,3.6190,3.6190,8.1843
2026-06-15 16:27:05.746,Ashton3,right,4.950,297,,,,,,,1.5477,0.3868,2.4455,3.7024,3.7024,8.3336
2026-06-15 16:27:05.777,Ashton3,right,4.983,299,,,,,,,1.5244,0.3697,2.4690,3.6966,3.6966,8.3148
2026-06-15 16:27:05.807,Ashton3,right,5.017,301,,,,,,,1.5581,0.3302,2.4873,3.6526,3.6526,8.1603
2026-06-15 16:27:05.838,Ashton3,right,5.033,302,,,,,,,1.5493,0.3349,2.4949,3.7239,3.7239,8.3549
2026-06-15 16:27:05.868,Ashton3,right,5.067,304,,,,,,,1.5818,0.3263,2.4861,3.6580,3.6580,8.1838
2026-06-15 16:27:05.899,Ashton3,right,5.100,306,,,,,,,1.5718,0.3217,2.4782,3.6483,3.6483,8.1604
2026-06-15 16:27:05.929,Ashton3,right,5.133,308,,,,,,,1.5010,0.2692,2.4840,3.6210,3.6210,8.0701
2026-06-15 16:27:05.960,Ashton3,right,5.167,310,,,,,,,1.4018,0.2235,2.5090,3.6563,3.6563,7.9525
2026-06-15 16:27:05.990,Ashton3,right,5.200,312,,,,,,,1.3267,0.2263,2.5330,3.6479,3.6479,7.9599
2026-06-15 16:27:06.021,Ashton3,right,5.217,313,,,,,,,1.3002,0.2451,2.5458,3.6102,3.6102,7.8677
2026-06-15 16:27:06.051,Ashton3,right,5.250,315,,,,,,,1.2385,0.2790,2.5622,3.6340,3.6340,7.8159
2026-06-15 16:27:06.082,Ashton3,right,5.283,317,,,,,,,1.1565,0.3000,2.5751,3.7161,3.7161,7.8988
2026-06-15 16:27:06.113,Ashton3,right,5.317,319,,,,,,,1.1445,0.2882,2.5647,3.6748,3.6748,7.7068
2026-06-15 16:27:06.144,Ashton3,right,5.350,321,,,,,,,1.0961,0.2745,2.5580,3.6976,3.6976,7.7526
2026-06-15 16:27:06.174,Ashton3,right,5.383,323,,,,,,,1.0696,0.2758,2.5598,3.7019,3.7019,7.7365
2026-06-15 16:27:06.205,Ashton3,right,5.400,324,,,,,,,1.0309,0.2582,2.5580,3.6906,3.6906,7.6468
2026-06-15 16:27:06.235,Ashton3,right,5.433,326,,,,,,,1.0199,0.2502,2.5618,3.6630,3.6630,7.6311
2026-06-15 16:27:06.265,Ashton3,right,5.467,328,,,,,,,0.9861,0.2349,2.5589,3.6266,3.6266,7.4901
2026-06-15 16:27:06.296,Ashton3,right,5.500,330,,,,,,,0.9536,0.2252,2.5541,3.6229,3.6229,7.5391
2026-06-15 16:27:06.327,Ashton3,right,5.533,332,,,,,,,0.9096,0.2097,2.5759,3.6494,3.6494,7.6490
2026-06-15 16:27:06.358,Ashton3,right,5.567,334,,,,,,,0.8673,0.1575,2.5947,3.6606,3.6606,7.5900
2026-06-15 16:27:06.389,Ashton3,right,5.583,335,,,,,,,0.8213,0.1749,2.6154,3.6733,3.6733,7.6582
2026-06-15 16:27:06.419,Ashton3,right,5.617,337,,,,,,,0.8072,0.1871,2.6259,3.6326,3.6326,7.6061
2026-06-15 16:27:06.450,Ashton3,right,5.650,339,,,,,,,0.7470,0.1767,2.6348,3.7029,3.7029,7.6603
2026-06-15 16:27:06.480,Ashton3,right,5.683,341,,,,,,,0.6843,0.1630,2.6273,3.7943,3.7943,7.6555
2026-06-15 16:27:06.511,Ashton3,right,5.717,343,,,,,,,0.6698,0.1643,2.6211,3.8027,3.8027,7.6889
2026-06-15 16:27:06.542,Ashton3,right,5.750,345,,,,,,,0.6618,0.1823,2.6139,3.8332,3.8332,7.7663
2026-06-15 16:27:06.573,Ashton3,right,5.783,347,,,,,,,0.6961,0.2445,2.6102,3.6851,3.6851,7.6723
2026-06-15 16:27:06.604,Ashton3,right,5.800,348,,,,,,,0.6801,0.2577,2.6135,3.7152,3.7152,7.6982
2026-06-15 16:27:06.634,Ashton3,right,5.833,350,,,,,,,0.6582,0.2541,2.6014,3.7876,3.7876,7.7409
2026-06-15 16:27:06.665,Ashton3,right,5.867,352,,,,,,,0.6452,0.2628,2.5984,3.7842,3.7842,7.9442
2026-06-15 16:27:06.696,Ashton3,right,5.900,354,,,,,,,0.6265,0.2721,2.6108,3.7818,3.7818,8.1041
2026-06-15 16:27:06.726,Ashton3,right,5.933,356,,,,,,,0.6059,0.2948,2.6180,3.7732,3.7732,8.1545
2026-06-15 16:27:06.757,Ashton3,right,5.967,358,,,,,,,0.5801,0.3063,2.6179,3.7653,3.7653,8.1522
2026-06-15 16:27:06.788,Ashton3,right,5.983,359,,,,,,,0.5631,0.3178,2.6144,3.7581,3.7581,8.1091
2026-06-15 16:27:06.818,Ashton3,right,6.017,361,,,,,,,0.5400,0.3308,2.6170,3.7611,3.7611,8.1580
2026-06-15 16:27:06.848,Ashton3,right,6.050,363,,,,,,,0.5029,0.3430,2.6249,3.7995,3.7995,8.2985
2026-06-15 16:27:06.879,Ashton3,right,6.083,365,,,,,,,0.4954,0.3505,2.6291,3.8281,3.8281,8.4397
2026-06-15 16:27:06.909,Ashton3,right,6.117,367,,,,,,,0.5000,0.3534,2.6286,3.8436,3.8436,8.5028
2026-06-15 16:27:06.940,Ashton3,right,6.150,369,,,,,,,0.5037,0.3673,2.6276,3.8485,3.8485,8.4555
2026-06-15 16:27:06.971,Ashton3,right,6.167,370,,,,,,,0.5070,0.3773,2.6417,3.8637,3.8637,8.4471
2026-06-15 16:27:07.001,Ashton3,right,6.200,372,,,,,,,0.5156,0.3795,2.6498,3.8469,3.8469,8.4959
2026-06-15 16:27:07.032,Ashton3,right,6.233,374,,,,,,,0.4987,0.3568,2.6463,3.8914,3.8914,8.4992
2026-06-15 16:27:07.062,Ashton3,right,6.267,376,,,,,,,0.4727,0.3244,2.6105,3.9679,3.9679,8.5735
2026-06-15 16:27:07.093,Ashton3,right,6.300,378,,,,,,,0.4652,0.3044,2.5980,3.9557,3.9557,8.5532
2026-06-15 16:27:07.124,Ashton3,right,6.333,380,,,,,,,0.4501,0.2891,2.5869,3.9550,3.9550,8.5337
2026-06-15 16:27:07.155,Ashton3,right,6.350,381,,,,,,,0.4309,0.2847,2.5668,4.0260,4.0260,8.6648
2026-06-15 16:27:07.185,Ashton3,right,6.383,383,,,,,,,0.4899,0.2573,2.5850,3.9182,3.9182,8.7392
2026-06-15 16:27:07.215,Ashton3,right,6.417,385,,,,,,,0.5103,0.2521,2.5963,3.8899,3.8899,8.7335
2026-06-15 16:27:07.246,Ashton3,right,6.450,387,,,,,,,0.5415,0.2611,2.6142,3.8826,3.8826,8.7429
2026-06-15 16:27:07.276,Ashton3,right,6.483,389,,,,,,,0.5616,0.3097,2.6050,3.8276,3.8276,8.5660
2026-06-15 16:27:07.307,Ashton3,right,6.517,391,,,,,,,0.5603,0.3461,2.5811,3.8036,3.8036,8.5456
2026-06-15 16:27:07.338,Ashton3,right,6.533,392,,,,,,,0.6181,0.3925,2.5435,3.7356,3.7356,8.3183
2026-06-15 16:27:07.368,Ashton3,right,6.567,394,,,,,,,0.6201,0.4246,2.5494,3.7771,3.7771,8.4996
2026-06-15 16:27:07.399,Ashton3,right,6.600,396,,,,,,,0.6330,0.4427,2.5753,3.8440,3.8440,8.7188
2026-06-15 16:27:07.429,Ashton3,right,6.633,398,,,,,,,0.6633,0.4577,2.5990,3.8901,3.8901,8.7731
2026-06-15 16:27:07.460,Ashton3,right,6.667,400,,,,,,,0.6741,0.4505,2.5980,3.9119,3.9119,8.8687
2026-06-15 16:27:07.490,Ashton3,right,6.700,402,,,,,,,0.6972,0.4425,2.5986,3.8966,3.8966,8.8779
2026-06-15 16:27:07.521,Ashton3,right,6.717,403,,,,,,,0.7029,0.4406,2.5879,3.9030,3.9030,8.9561
2026-06-15 16:27:07.552,Ashton3,right,6.750,405,,,,,,,0.6953,0.4322,2.5681,3.9195,3.9195,8.9992
2026-06-15 16:27:07.583,Ashton3,right,6.783,407,,,,,,,0.6873,0.4244,2.5413,3.9584,3.9584,9.0626
2026-06-15 16:27:07.613,Ashton3,right,6.817,409,,,,,,,0.7272,0.4176,2.5244,3.8970,3.8970,9.1216
2026-06-15 16:27:07.644,Ashton3,right,6.850,411,,,,,,,0.7642,0.4162,2.5074,3.8813,3.8813,9.1306
2026-06-15 16:27:07.674,Ashton3,right,6.883,413,,,,,,,0.7861,0.3981,2.5039,3.9065,3.9065,9.2548
2026-06-15 16:27:07.705,Ashton3,right,6.900,414,,,,,,,0.8171,0.4009,2.4959,3.8973,3.8973,9.2564
2026-06-15 16:27:07.736,Ashton3,right,6.933,416,,,,,,,0.8807,0.4408,2.4873,3.8674,3.8674,9.1969
2026-06-15 16:27:07.767,Ashton3,right,6.967,418,,,,,,,0.9236,0.5007,2.4631,3.9062,3.9062,9.2323
2026-06-15 16:27:07.797,Ashton3,right,7.000,420,,,,,,,0.9260,0.4922,2.4578,3.9012,3.9012,9.2778
2026-06-15 16:27:07.828,Ashton3,right,7.033,422,,,,,,,0.9163,0.5153,2.4337,3.9336,3.9336,9.1813
2026-06-15 16:27:07.858,Ashton3,right,7.067,424,,,,,,,0.9254,0.5601,2.4121,3.9909,3.9909,9.3430
2026-06-15 16:27:07.888,Ashton3,right,7.083,425,,,,,,,0.9453,0.5713,2.3952,4.0109,4.0109,9.3046
2026-06-15 16:27:07.919,Ashton3,right,7.117,427,,,,,,,0.9782,0.5929,2.3595,4.0449,4.0449,9.3095
2026-06-15 16:27:07.950,Ashton3,right,7.150,429,,,,,,,1.0445,0.6321,2.3324,4.0979,4.0979,9.3030
2026-06-15 16:27:07.981,Ashton3,right,7.183,431,,,,,,,1.1142,0.6301,2.3218,4.0398,4.0398,9.3440
2026-06-15 16:27:08.011,Ashton3,right,7.217,433,,,,,,,1.1486,0.6073,2.3527,3.9955,3.9955,9.5346
2026-06-15 16:27:08.042,Ashton3,right,7.250,435,,,,,,,1.1665,0.5881,2.3611,3.9764,3.9764,9.5441
2026-06-15 16:27:08.073,Ashton3,right,7.283,437,,,,,,,1.2205,0.5682,2.3614,3.9774,3.9774,9.5312
2026-06-15 16:27:08.103,Ashton3,right,7.300,438,,,,,,,1.2561,0.5636,2.3346,4.0063,4.0063,9.5641
2026-06-15 16:27:08.134,Ashton3,right,7.333,440,,,,,,,1.2960,0.5256,2.3264,4.0168,4.0168,9.7538
2026-06-15 16:27:08.165,Ashton3,right,7.367,442,,,,,,,1.3104,0.5079,2.3218,4.0288,4.0288,9.7821
2026-06-15 16:27:08.195,Ashton3,right,7.400,444,,,,,,,1.3507,0.4851,2.3135,4.0136,4.0136,9.8102
2026-06-15 16:27:08.226,Ashton3,right,7.433,446,,,,,,,1.4464,0.5144,2.2761,3.9328,3.9328,9.3256
2026-06-15 16:27:08.257,Ashton3,right,7.467,448,,,,,,,1.4982,0.5347,2.2310,3.8940,3.8940,9.0233
2026-06-15 16:27:08.287,Ashton3,right,7.483,449,,,,,,,1.5586,0.5582,2.1985,3.9305,3.9305,9.0567
2026-06-15 16:27:08.318,Ashton3,right,7.517,451,,,,,,,1.5926,0.5786,2.1820,3.9147,3.9147,9.0788
2026-06-15 16:27:08.348,Ashton3,right,7.550,453,,,,,,,1.6461,0.5987,2.1472,3.9666,3.9666,9.3954
2026-06-15 16:27:08.379,Ashton3,right,7.583,455,,,,,,,1.7191,0.6317,2.1248,3.9873,3.9873,9.6316
2026-06-15 16:27:08.410,Ashton3,right,7.617,457,,,,,,,1.7690,0.6553,2.1097,3.9234,3.9234,9.5707
2026-06-15 16:27:08.440,Ashton3,right,7.650,459,,,,,,,1.8247,0.6879,2.0949,3.9625,3.9625,9.8887
2026-06-15 16:27:08.471,Ashton3,right,7.667,460,,,,,,,1.8564,0.6973,2.0984,3.9650,3.9650,10.0791
2026-06-15 16:27:08.502,Ashton3,right,7.700,462,,,,,,,1.8836,0.6859,2.0931,3.9537,3.9537,10.2366
2026-06-15 16:27:08.532,Ashton3,right,7.733,464,,,,,,,1.9332,0.6849,2.0891,3.8693,3.8693,10.0140
2026-06-15 16:27:08.563,Ashton3,right,7.767,466,,,,,,,1.9859,0.6847,2.0734,3.8909,3.8909,9.8246
2026-06-15 16:27:08.593,Ashton3,right,7.800,468,,,,,,,2.0427,0.6607,2.0761,3.8065,3.8065,9.7302
2026-06-15 16:27:08.624,Ashton3,right,7.833,470,,,,,,,2.0866,0.6352,2.0918,3.7911,3.7911,9.6704
2026-06-15 16:27:08.655,Ashton3,right,7.850,471,,,,,,,2.0913,0.6140,2.0933,3.8055,3.8055,9.6632
2026-06-15 16:27:08.686,Ashton3,right,7.883,473,,,,,,,2.1111,0.6037,2.0857,3.8512,3.8512,9.7643
2026-06-15 16:27:08.716,Ashton3,right,7.917,475,,,,,,,2.1264,0.6184,2.0738,3.8050,3.8050,9.9035
2026-06-15 16:27:08.746,Ashton3,right,7.950,477,,,,,,,2.1628,0.6051,2.0642,3.9156,3.9156,10.0642
2026-06-15 16:27:08.777,Ashton3,right,7.983,479,,,,,,,2.1690,0.6126,2.0600,3.9379,3.9379,10.1312
2026-06-15 16:27:08.807,Ashton3,right,8.000,480,,,,,,,2.2211,0.6204,2.0689,3.9514,3.9514,10.2176
2026-06-15 16:27:08.838,Ashton3,right,8.033,482,,,,,,,2.2342,0.6424,2.0788,3.9037,3.9037,10.2446
2026-06-15 16:27:08.868,Ashton3,right,8.067,484,,,,,,,2.2593,0.6418,2.0751,3.8942,3.8942,10.1971
2026-06-15 16:27:08.899,Ashton3,right,8.100,486,,,,,,,2.2818,0.6504,2.0627,3.9250,3.9250,10.4221
2026-06-15 16:27:08.929,Ashton3,right,8.133,488,,,,,,,2.3065,0.6430,2.0564,3.9129,3.9129,10.4623
2026-06-15 16:27:08.959,Ashton3,right,8.167,490,,,,,,,2.3372,0.6547,2.0424,3.9207,3.9207,10.5218
2026-06-15 16:27:08.990,Ashton3,right,8.200,492,,,,,,,2.3556,0.6502,2.0231,3.9023,3.9023,10.5476
2026-06-15 16:27:09.021,Ashton3,right,8.217,493,,,,,,,2.3605,0.6648,2.0133,3.8955,3.8955,10.5557
2026-06-15 16:27:09.051,Ashton3,right,8.250,495,,,,,,,2.3654,0.6687,2.0068,3.9270,3.9270,10.7063
2026-06-15 16:27:09.082,Ashton3,right,8.283,497,,,,,,,2.4029,0.6855,1.9980,3.8192,3.8192,10.6122
2026-06-15 16:27:09.112,Ashton3,right,8.317,499,,,,,,,2.4560,0.6660,2.0084,3.8631,3.8631,10.5688
2026-06-15 16:27:09.143,Ashton3,right,8.350,501,,,,,,,2.4661,0.6578,2.0210,3.9079,3.9079,10.7313
2026-06-15 16:27:09.173,Ashton3,right,8.383,503,,,,,,,2.4531,0.6645,2.0319,3.8675,3.8675,10.8118
2026-06-15 16:27:09.204,Ashton3,right,8.400,504,,,,,,,2.4974,0.6537,2.0718,3.8505,3.8505,10.8150
2026-06-15 16:27:09.234,Ashton3,right,8.433,506,,,,,,,2.4934,0.6555,2.0868,3.8660,3.8660,10.8504
2026-06-15 16:27:09.265,Ashton3,right,8.467,508,,,,,,,2.5295,0.6545,2.1106,3.8257,3.8257,10.7818
2026-06-15 16:27:09.295,Ashton3,right,8.500,510,,,,,,,2.5298,0.6439,2.1023,3.8029,3.8029,10.7534
2026-06-15 16:27:09.326,Ashton3,right,8.533,512,,,,,,,2.5196,0.6265,2.0764,3.8018,3.8018,10.6819
2026-06-15 16:27:09.356,Ashton3,right,8.567,514,,,,,,,2.5214,0.6393,2.0615,3.8023,3.8023,10.7306
2026-06-15 16:27:09.387,Ashton3,right,8.583,515,,,,,,,2.5455,0.6277,2.0352,3.8345,3.8345,10.7200
2026-06-15 16:27:09.417,Ashton3,right,8.617,517,,,,,,,2.5578,0.6384,2.0323,3.8616,3.8616,10.7143
2026-06-15 16:27:09.448,Ashton3,right,8.650,519,,,,,,,2.5485,0.6229,2.0277,3.8785,3.8785,10.7913
2026-06-15 16:27:09.478,Ashton3,right,8.683,521,,,,,,,2.5405,0.6515,2.0283,3.8607,3.8607,10.7002
2026-06-15 16:27:09.509,Ashton3,right,8.717,523,,,,,,,2.5399,0.6537,2.0329,3.8809,3.8809,10.5985
2026-06-15 16:27:09.540,Ashton3,right,8.750,525,,,,,,,2.5452,0.6629,2.0289,3.9167,3.9167,10.6012
2026-06-15 16:27:09.571,Ashton3,right,8.767,526,,,,,,,2.5453,0.6672,2.0255,3.9240,3.9240,10.6442
2026-06-15 16:27:09.601,Ashton3,right,8.800,528,,,,,,,2.5574,0.6449,2.0202,3.9120,3.9120,10.5967
2026-06-15 16:27:09.632,Ashton3,right,8.833,530,,,,,,,2.5613,0.6387,2.0280,3.8309,3.8309,10.3658
2026-06-15 16:27:09.663,Ashton3,right,8.867,532,,,,,,,2.5197,0.6489,2.0490,3.8569,3.8569,10.4309
2026-06-15 16:27:09.693,Ashton3,right,8.900,534,,,,,,,2.5055,0.6443,2.0570,3.8211,3.8211,10.3234
2026-06-15 16:27:09.724,Ashton3,right,8.933,536,,,,,,,2.5149,0.6549,2.0715,3.8141,3.8141,10.2018
2026-06-15 16:27:09.755,Ashton3,right,8.950,537,,,,,,,2.5080,0.6644,2.0830,3.8183,3.8183,10.2640
2026-06-15 16:27:09.785,Ashton3,right,8.983,539,,,,,,,2.5014,0.6565,2.0941,3.8263,3.8263,10.1473
2026-06-15 16:27:09.816,Ashton3,right,9.017,541,,,,,,,2.4752,0.6432,2.1194,3.7280,3.7280,9.9183
2026-06-15 16:27:09.846,Ashton3,right,9.050,543,,,,,,,2.4392,0.6388,2.1228,3.6847,3.6847,9.7098
2026-06-15 16:27:09.877,Ashton3,right,9.083,545,,,,,,,2.3779,0.6377,2.1139,3.6691,3.6691,9.5051
2026-06-15 16:27:09.907,Ashton3,right,9.117,547,,,,,,,2.3403,0.6429,2.1201,3.6899,3.6899,9.5667
2026-06-15 16:27:09.938,Ashton3,right,9.133,548,,,,,,,2.2987,0.6587,2.1259,3.6645,3.6645,9.4375
2026-06-15 16:27:09.969,Ashton3,right,9.167,550,,,,,,,2.2534,0.6852,2.1280,3.6471,3.6471,9.2334
2026-06-15 16:27:09.999,Ashton3,right,9.200,552,,,,,,,2.2002,0.6744,2.1361,3.6011,3.6011,9.1074
2026-06-15 16:27:10.030,Ashton3,right,9.233,554,,,,,,,2.1851,0.6588,2.1365,3.5793,3.5793,9.0156
2026-06-15 16:27:10.060,Ashton3,right,9.267,556,,,,,,,2.1719,0.6572,2.1511,3.5649,3.5649,8.9239
2026-06-15 16:27:10.091,Ashton3,right,9.300,558,,,,,,,2.1725,0.6564,2.1668,3.5486,3.5486,8.7893
2026-06-15 16:27:10.122,Ashton3,right,9.317,559,,,,,,,2.1743,0.6420,2.1775,3.5560,3.5560,8.7297
2026-06-15 16:27:10.153,Ashton3,right,9.350,561,,,,,,,2.1399,0.6089,2.1996,3.6050,3.6050,8.6188
2026-06-15 16:27:10.183,Ashton3,right,9.383,563,,,,,,,2.1204,0.5913,2.2100,3.6028,3.6028,8.5655
2026-06-15 16:27:10.214,Ashton3,right,9.417,565,,,,,,,2.0751,0.5606,2.2191,3.5797,3.5797,8.4457
2026-06-15 16:27:10.244,Ashton3,right,9.450,567,,,,,,,2.0577,0.5665,2.2188,3.5655,3.5655,8.3334
2026-06-15 16:27:10.274,Ashton3,right,9.483,569,,,,,,,2.0300,0.5818,2.2196,3.5116,3.5116,8.1445
2026-06-15 16:27:10.305,Ashton3,right,9.500,570,,,,,,,1.9914,0.5896,2.2401,3.5417,3.5417,8.0706
2026-06-15 16:27:10.335,Ashton3,right,9.533,572,,,,,,,1.9863,0.5970,2.2444,3.5282,3.5282,7.9540
2026-06-15 16:27:10.366,Ashton3,right,9.567,574,,,,,,,1.9499,0.6087,2.2721,3.5545,3.5545,8.0640
2026-06-15 16:27:10.396,Ashton3,right,9.600,576,,,,,,,1.9350,0.6130,2.2832,3.5160,3.5160,7.9828
2026-06-15 16:27:10.427,Ashton3,right,9.633,578,,,,,,,1.8986,0.6065,2.2937,3.5646,3.5646,8.0551
2026-06-15 16:27:10.458,Ashton3,right,9.667,580,,,,,,,1.8805,0.6200,2.2998,3.5565,3.5565,8.0024
2026-06-15 16:27:10.488,Ashton3,right,9.683,581,,,,,,,1.8716,0.6282,2.2975,3.5189,3.5189,7.9268
2026-06-15 16:27:10.519,Ashton3,right,9.717,583,,,,,,,1.8242,0.6190,2.2914,3.4886,3.4886,7.7525
2026-06-15 16:27:10.549,Ashton3,right,9.750,585,,,,,,,1.8033,0.6162,2.2910,3.4870,3.4870,7.7500
2026-06-15 16:27:10.580,Ashton3,right,9.783,587,,,,,,,1.7652,0.5945,2.2871,3.5083,3.5083,7.7690
2026-06-15 16:27:10.611,Ashton3,right,9.817,589,,,,,,,1.7613,0.5938,2.2893,3.4945,3.4945,7.7803
2026-06-15 16:27:10.643,Ashton3,right,9.850,591,,,,,,,1.7143,0.5675,2.2898,3.5707,3.5707,7.9125
2026-06-15 16:27:10.673,Ashton3,right,9.883,593,,,,,,,1.6750,0.5418,2.2899,3.6024,3.6024,7.9517
2026-06-15 16:27:10.704,Ashton3,right,9.900,594,,,,,,,1.6354,0.5092,2.2917,3.5836,3.5836,7.7719
2026-06-15 16:27:10.734,Ashton3,right,9.933,596,,,,,,,1.6182,0.5009,2.2893,3.5653,3.5653,7.7175
2026-06-15 16:27:10.765,Ashton3,right,9.967,598,,,,,,,1.5625,0.4800,2.2933,3.5621,3.5621,7.7758
2026-06-15 16:27:10.795,Ashton3,right,10.000,600,,,,,,,1.5275,0.4677,2.2992,3.5368,3.5368,7.7854
2026-06-15 16:27:10.826,Ashton3,right,10.033,602,,,,,,,1.4914,0.4719,2.2859,3.5549,3.5549,7.7390
2026-06-15 16:27:10.856,Ashton3,right,10.067,604,,,,,,,1.4567,0.4720,2.2910,3.5589,3.5589,7.7345
2026-06-15 16:27:10.887,Ashton3,right,10.083,605,,,,,,,1.4215,0.4727,2.3138,3.5431,3.5431,7.6988
2026-06-15 16:27:10.917,Ashton3,right,10.117,607,,,,,,,1.3990,0.4732,2.3385,3.4644,3.4644,7.5185
2026-06-15 16:27:10.948,Ashton3,right,10.150,609,,,,,,,1.3573,0.4660,2.3473,3.4913,3.4913,7.4583
2026-06-15 16:27:10.978,Ashton3,right,10.183,611,,,,,,,1.2888,0.4612,2.3592,3.5367,3.5367,7.6202
2026-06-15 16:27:11.009,Ashton3,right,10.217,613,,,,,,,1.2456,0.4474,2.3743,3.5830,3.5830,7.6961
2026-06-15 16:27:11.040,Ashton3,right,10.250,615,,,,,,,1.2136,0.4363,2.3887,3.6060,3.6060,7.7562
2026-06-15 16:27:11.070,Ashton3,right,10.267,616,,,,,,,1.1574,0.4360,2.4135,3.6041,3.6041,7.6619
2026-06-15 16:27:11.101,Ashton3,right,10.300,618,,,,,,,1.1285,0.4587,2.4103,3.5266,3.5266,7.4308
2026-06-15 16:27:11.131,Ashton3,right,10.333,620,,,,,,,1.0445,0.4838,2.4023,3.5747,3.5747,7.3925
2026-06-15 16:27:11.162,Ashton3,right,10.367,622,,,,,,,1.0093,0.5004,2.4084,3.5942,3.5942,7.4622
2026-06-15 16:27:11.193,Ashton3,right,10.400,624,,,,,,,0.9764,0.5063,2.4133,3.6454,3.6454,7.5716
2026-06-15 16:27:11.224,Ashton3,right,10.433,626,,,,,,,0.9366,0.5100,2.4161,3.6896,3.6896,7.6728
2026-06-15 16:27:11.254,Ashton3,right,10.450,627,,,,,,,0.9659,0.4905,2.4239,3.5716,3.5716,7.5813
2026-06-15 16:27:11.285,Ashton3,right,10.483,629,,,,,,,0.9343,0.4555,2.4380,3.5324,3.5324,7.5149
2026-06-15 16:27:11.316,Ashton3,right,10.517,631,,,,,,,0.9227,0.4367,2.4380,3.5225,3.5225,7.4105
2026-06-15 16:27:11.346,Ashton3,right,10.550,633,,,,,,,0.9061,0.4127,2.4334,3.5060,3.5060,7.3031
2026-06-15 16:27:11.377,Ashton3,right,10.583,635,,,,,,,0.8928,0.3845,2.4395,3.4609,3.4609,7.3194
2026-06-15 16:27:11.408,Ashton3,right,10.617,637,,,,,,,0.8485,0.3658,2.4424,3.5045,3.5045,7.3236
2026-06-15 16:27:11.439,Ashton3,right,10.633,638,,,,,,,0.8239,0.3514,2.4470,3.5287,3.5287,7.4260
2026-06-15 16:27:11.469,Ashton3,right,10.667,640,,,,,,,0.8231,0.3544,2.4439,3.5228,3.5228,7.4249
2026-06-15 16:27:11.500,Ashton3,right,10.700,642,,,,,,,0.7166,0.3581,2.4694,3.6814,3.6814,7.6752
2026-06-15 16:27:11.531,Ashton3,right,10.733,644,,,,,,,0.6592,0.3864,2.5016,3.7571,3.7571,7.7714
2026-06-15 16:27:11.562,Ashton3,right,10.767,646,,,,,,,0.6139,0.4283,2.5203,3.7717,3.7717,7.8873
2026-06-15 16:27:11.592,Ashton3,right,10.800,648,,,,,,,0.5944,0.4533,2.5256,3.7921,3.7921,7.8477
2026-06-15 16:27:11.626,Ashton3,right,10.833,650,,,,,,,0.5818,0.4811,2.5670,3.7467,3.7467,7.8017
2026-06-15 16:27:11.657,Ashton3,right,10.867,652,,,,,,,0.5763,0.4895,2.6200,3.7177,3.7177,7.7912
2026-06-15 16:27:11.687,Ashton3,right,10.883,653,,,,,,,0.6084,0.4789,2.6478,3.6036,3.6036,7.6072
2026-06-15 16:27:11.718,Ashton3,right,10.917,655,,,,,,,0.5904,0.4649,2.6470,3.6251,3.6251,7.6508
2026-06-15 16:27:11.749,Ashton3,right,10.950,657,,,,,,,0.5737,0.4390,2.6360,3.6298,3.6298,7.6133
2026-06-15 16:27:11.779,Ashton3,right,10.983,659,,,,,,,0.5604,0.4251,2.6137,3.6137,3.6137,7.6707
2026-06-15 16:27:11.809,Ashton3,right,11.017,661,,,,,,,0.5702,0.4313,2.6001,3.6191,3.6191,7.7074
2026-06-15 16:27:11.840,Ashton3,right,11.050,663,,,,,,,0.5840,0.4342,2.5992,3.6091,3.6091,7.8778
2026-06-15 16:27:11.871,Ashton3,right,11.067,664,,,,,,,0.5914,0.4301,2.6055,3.6026,3.6026,8.0083
2026-06-15 16:27:11.901,Ashton3,right,11.100,666,,,,,,,0.5792,0.4586,2.6126,3.6156,3.6156,7.9759
2026-06-15 16:27:11.932,Ashton3,right,11.133,668,,,,,,,0.5648,0.4675,2.6076,3.6242,3.6242,7.8889
2026-06-15 16:27:11.963,Ashton3,right,11.167,670,,,,,,,0.5449,0.5042,2.5994,3.6619,3.6619,7.8061
2026-06-15 16:27:11.993,Ashton3,right,11.200,672,,,,,,,0.5207,0.5344,2.6093,3.7106,3.7106,7.8745
2026-06-15 16:27:12.024,Ashton3,right,11.233,674,,,,,,,0.5557,0.5614,2.5938,3.6742,3.6742,7.8930
2026-06-15 16:27:12.055,Ashton3,right,11.250,675,,,,,,,0.5848,0.5843,2.5711,3.6152,3.6152,7.8513
2026-06-15 16:27:12.088,Ashton3,right,11.283,677,,,,,,,0.5824,0.5863,2.5637,3.6168,3.6168,7.9236
2026-06-15 16:27:12.118,Ashton3,right,11.317,679,,,,,,,0.5626,0.5985,2.5520,3.6390,3.6390,7.9791
2026-06-15 16:27:12.149,Ashton3,right,11.350,681,,,,,,,0.5383,0.5961,2.5719,3.7118,3.7118,8.1642
2026-06-15 16:27:12.179,Ashton3,right,11.383,683,,,,,,,0.5375,0.5948,2.5811,3.7196,3.7196,8.1273
2026-06-15 16:27:12.209,Ashton3,right,11.417,685,,,,,,,0.5368,0.5872,2.5967,3.7315,3.7315,8.1117
2026-06-15 16:27:12.240,Ashton3,right,11.450,687,,,,,,,0.5258,0.5969,2.6072,3.7609,3.7609,8.0927
2026-06-15 16:27:12.271,Ashton3,right,11.467,688,,,,,,,0.5215,0.5853,2.6077,3.7796,3.7796,8.1313
2026-06-15 16:27:12.301,Ashton3,right,11.500,690,,,,,,,0.5297,0.5787,2.6093,3.7517,3.7517,8.1405
2026-06-15 16:27:12.332,Ashton3,right,11.533,692,,,,,,,0.5252,0.5591,2.6101,3.7968,3.7968,8.2196
2026-06-15 16:27:12.362,Ashton3,right,11.567,694,,,,,,,0.5182,0.5578,2.5990,3.8627,3.8627,8.3561
2026-06-15 16:27:12.393,Ashton3,right,11.600,696,,,,,,,0.5182,0.5601,2.5892,3.8870,3.8870,8.3289
2026-06-15 16:27:12.424,Ashton3,right,11.633,698,,,,,,,0.5171,0.5684,2.5888,3.8993,3.8993,8.3097
2026-06-15 16:27:12.454,Ashton3,right,11.650,699,,,,,,,0.5477,0.5784,2.5689,3.8290,3.8290,8.1466
2026-06-15 16:27:12.485,Ashton3,right,11.683,701,,,,,,,0.5814,0.5866,2.5541,3.7838,3.7838,8.1175
2026-06-15 16:27:12.516,Ashton3,right,11.717,703,,,,,,,0.5987,0.5908,2.5478,3.7678,3.7678,8.1115
2026-06-15 16:27:12.546,Ashton3,right,11.750,705,,,,,,,0.6369,0.6249,2.5331,3.7640,3.7640,8.1432
2026-06-15 16:27:12.577,Ashton3,right,11.783,707,,,,,,,0.6808,0.6137,2.5129,3.7711,3.7711,8.1471
2026-06-15 16:27:12.608,Ashton3,right,11.817,709,,,,,,,0.7312,0.6109,2.4968,3.8010,3.8010,8.2763
2026-06-15 16:27:12.638,Ashton3,right,11.833,710,,,,,,,0.7635,0.6145,2.4918,3.7939,3.7939,8.4506
2026-06-15 16:27:12.669,Ashton3,right,11.867,712,,,,,,,0.7652,0.6039,2.4987,3.8072,3.8072,8.5644
2026-06-15 16:27:12.699,Ashton3,right,11.900,714,,,,,,,0.7648,0.5929,2.5171,3.8137,3.8137,8.6222
2026-06-15 16:27:12.730,Ashton3,right,11.933,716,,,,,,,0.7630,0.5981,2.5325,3.8330,3.8330,8.7272
2026-06-15 16:27:12.760,Ashton3,right,11.967,718,,,,,,,0.7595,0.6077,2.5196,3.8466,3.8466,8.4077
2026-06-15 16:27:12.791,Ashton3,right,12.000,720,,,,,,,0.7939,0.6305,2.4885,3.8419,3.8419,8.2620
2026-06-15 16:27:12.822,Ashton3,right,12.017,721,,,,,,,0.7832,0.6452,2.4795,3.9072,3.9072,8.2063
2026-06-15 16:27:12.852,Ashton3,right,12.050,723,,,,,,,0.8452,0.7049,2.4686,3.8813,3.8813,8.2599
2026-06-15 16:27:12.883,Ashton3,right,12.083,725,,,,,,,0.8574,0.7653,2.4213,3.9453,3.9453,8.3160
2026-06-15 16:27:12.914,Ashton3,right,12.117,727,,,,,,,0.8770,0.7616,2.4097,3.9790,3.9790,8.4035
2026-06-15 16:27:12.944,Ashton3,right,12.150,729,,,,,,,0.9019,0.7588,2.4115,3.9451,3.9451,8.3543
2026-06-15 16:27:12.975,Ashton3,right,12.183,731,,,,,,,0.9325,0.7535,2.4193,3.8954,3.8954,8.2853
2026-06-15 16:27:13.006,Ashton3,right,12.200,732,,,,,,,0.9528,0.7508,2.4067,3.8876,3.8876,8.2831
2026-06-15 16:27:13.037,Ashton3,right,12.233,734,,,,,,,0.9766,0.7113,2.4119,3.9099,3.9099,8.2967
2026-06-15 16:27:13.067,Ashton3,right,12.267,736,,,,,,,0.9766,0.7113,2.4119,3.9099,3.9099,8.2967
2026-06-15 16:27:13.098,Ashton3,right,12.300,738,,,,,,,0.9557,0.6774,2.4436,3.9657,3.9657,8.5773
2026-06-15 16:27:13.128,Ashton3,right,12.333,740,,,,,,,0.9595,0.6660,2.4747,3.9848,3.9848,8.7036
2026-06-15 16:27:13.159,Ashton3,right,12.367,742,,,,,,,0.9977,0.6691,2.4793,3.9627,3.9627,8.7482
2026-06-15 16:27:13.190,Ashton3,right,12.400,744,,,,,,,1.0422,0.6685,2.4682,3.8901,3.8901,8.5881
2026-06-15 16:27:13.220,Ashton3,right,12.417,745,,,,,,,1.1438,0.6624,2.4313,3.8068,3.8068,8.3947
2026-06-15 16:27:13.250,Ashton3,right,12.450,747,,,,,,,1.1485,0.6574,2.4140,3.8488,3.8488,8.4441
2026-06-15 16:27:13.281,Ashton3,right,12.483,749,,,,,,,1.1958,0.6778,2.3904,3.8511,3.8511,8.3948
2026-06-15 16:27:13.312,Ashton3,right,12.517,751,,,,,,,1.2623,0.6799,2.3861,3.7794,3.7794,8.1995
2026-06-15 16:27:13.342,Ashton3,right,12.550,753,,,,,,,1.2821,0.6464,2.4047,3.7723,3.7723,8.0979
2026-06-15 16:27:13.373,Ashton3,right,12.583,755,,,,,,,1.2803,0.6340,2.4212,3.7689,3.7689,8.1005
2026-06-15 16:27:13.403,Ashton3,right,12.600,756,,,,,,,1.2552,0.5660,2.4750,3.8051,3.8051,8.4016
2026-06-15 16:27:13.434,Ashton3,right,12.633,758,,,,,,,1.2774,0.5158,2.5060,3.8645,3.8645,8.6751
2026-06-15 16:27:13.465,Ashton3,right,12.667,760,,,,,,,1.3245,0.5133,2.5180,3.8532,3.8532,8.7917
2026-06-15 16:27:13.495,Ashton3,right,12.700,762,,,,,,,1.3683,0.5364,2.5115,3.8141,3.8141,8.6687
2026-06-15 16:27:13.526,Ashton3,right,12.733,764,,,,,,,1.4428,0.5414,2.5000,3.8150,3.8150,8.5705
2026-06-15 16:27:13.557,Ashton3,right,12.767,766,,,,,,,1.4962,0.5402,2.4890,3.8262,3.8262,8.5631
2026-06-15 16:27:13.588,Ashton3,right,12.783,767,,,,,,,1.5172,0.5481,2.4829,3.8044,3.8044,8.5108
2026-06-15 16:27:13.618,Ashton3,right,12.817,769,,,,,,,1.5611,0.6032,2.4934,3.7617,3.7617,8.6608
2026-06-15 16:27:13.649,Ashton3,right,12.850,771,,,,,,,1.6053,0.6472,2.5255,3.7407,3.7407,8.7916
2026-06-15 16:27:13.680,Ashton3,right,12.883,773,,,,,,,1.6600,0.6442,2.5453,3.7885,3.7885,8.9366
2026-06-15 16:27:13.711,Ashton3,right,12.917,775,,,,,,,1.6803,0.6320,2.5436,3.8046,3.8046,9.0392
2026-06-15 16:27:13.742,Ashton3,right,12.950,777,,,,,,,1.7248,0.6288,2.5313,3.7614,3.7614,9.0286
2026-06-15 16:27:13.773,Ashton3,right,12.983,779,,,,,,,1.7411,0.6017,2.5385,3.7587,3.7587,9.1502
2026-06-15 16:27:13.803,Ashton3,right,13.000,780,,,,,,,1.7880,0.5633,2.5327,3.7320,3.7320,9.2696
2026-06-15 16:27:13.833,Ashton3,right,13.033,782,,,,,,,1.7974,0.5364,2.5163,3.7700,3.7700,9.1029
2026-06-15 16:27:13.864,Ashton3,right,13.067,784,,,,,,,1.8079,0.5121,2.4977,3.8245,3.8245,9.1784
2026-06-15 16:27:13.894,Ashton3,right,13.100,786,,,,,,,1.8614,0.4982,2.4839,3.7811,3.7811,9.2524
2026-06-15 16:27:13.925,Ashton3,right,13.133,788,,,,,,,1.8747,0.4812,2.4776,3.7652,3.7652,9.2341
2026-06-15 16:27:13.956,Ashton3,right,13.167,790,,,,,,,1.9046,0.4964,2.4598,3.7609,3.7609,9.3296
2026-06-15 16:27:13.986,Ashton3,right,13.183,791,,,,,,,1.9111,0.5053,2.4494,3.7754,3.7754,9.4234
2026-06-15 16:27:14.017,Ashton3,right,13.217,793,,,,,,,1.9344,0.5167,2.4274,3.7639,3.7639,9.3091
2026-06-15 16:27:14.047,Ashton3,right,13.250,795,,,,,,,1.9632,0.5245,2.4023,3.7368,3.7368,9.3240
2026-06-15 16:27:14.078,Ashton3,right,13.283,797,,,,,,,1.9793,0.5325,2.3870,3.7346,3.7346,9.3624
2026-06-15 16:27:14.109,Ashton3,right,13.317,799,,,,,,,1.9906,0.5470,2.3832,3.7678,3.7678,9.4510
2026-06-15 16:27:14.140,Ashton3,right,13.350,801,,,,,,,1.9233,0.5444,2.3890,3.7951,3.7951,9.4086
2026-06-15 16:27:14.170,Ashton3,right,13.367,802,,,,,,,1.9086,0.5439,2.3903,3.8029,3.8029,9.3851
2026-06-15 16:27:14.200,Ashton3,right,13.400,804,,,,,,,1.8980,0.5454,2.3942,3.8268,3.8268,9.4071
2026-06-15 16:27:14.231,Ashton3,right,13.433,806,,,,,,,1.8932,0.5221,2.3915,3.8077,3.8077,9.3029
2026-06-15 16:27:14.262,Ashton3,right,13.467,808,,,,,,,1.9683,0.4683,2.3789,3.8176,3.8176,9.5686
2026-06-15 16:27:14.292,Ashton3,right,13.500,810,,,,,,,2.0176,0.4579,2.3760,3.7967,3.7967,9.5384
2026-06-15 16:27:14.323,Ashton3,right,13.533,812,,,,,,,2.0628,0.4634,2.3666,3.7550,3.7550,9.5363
2026-06-15 16:27:14.354,Ashton3,right,13.550,813,,,,,,,2.0851,0.4616,2.3599,3.7060,3.7060,9.4874
2026-06-15 16:27:14.384,Ashton3,right,13.583,815,,,,,,,2.1160,0.4430,2.3518,3.6999,3.6999,9.5942
2026-06-15 16:27:14.415,Ashton3,right,13.617,817,,,,,,,2.1604,0.4331,2.3457,3.7234,3.7234,9.6482
2026-06-15 16:27:14.446,Ashton3,right,13.650,819,,,,,,,2.1695,0.4342,2.3447,3.7359,3.7359,9.5753
2026-06-15 16:27:14.476,Ashton3,right,13.683,821,,,,,,,2.1658,0.4360,2.3376,3.7476,3.7476,9.5807
2026-06-15 16:27:14.507,Ashton3,right,13.700,822,,,,,,,2.1579,0.4542,2.3338,3.7216,3.7216,9.6817
2026-06-15 16:27:14.537,Ashton3,right,13.733,824,,,,,,,2.1716,0.4715,2.3421,3.7366,3.7366,9.7331
2026-06-15 16:27:14.568,Ashton3,right,13.767,826,,,,,,,2.1786,0.4808,2.3427,3.7367,3.7367,9.6696
2026-06-15 16:27:14.598,Ashton3,right,13.800,828,,,,,,,2.1759,0.5028,2.3372,3.7569,3.7569,9.7074
2026-06-15 16:27:14.629,Ashton3,right,13.833,830,,,,,,,2.1825,0.5101,2.3339,3.7854,3.7854,9.7076
2026-06-15 16:27:14.662,Ashton3,right,13.867,832,,,,,,,2.1826,0.5202,2.3185,3.7715,3.7715,9.7268
2026-06-15 16:27:14.693,Ashton3,right,13.900,834,,,,,,,2.1655,0.5279,2.3042,3.7869,3.7869,9.7784
2026-06-15 16:27:14.723,Ashton3,right,13.933,836,,,,,,,2.1661,0.5243,2.3008,3.8109,3.8109,9.7918
2026-06-15 16:27:14.754,Ashton3,right,13.950,837,,,,,,,2.1630,0.5171,2.2929,3.8163,3.8163,9.8253
2026-06-15 16:27:14.784,Ashton3,right,13.983,839,,,,,,,2.1593,0.4883,2.2783,3.7873,3.7873,9.8817
2026-06-15 16:27:14.815,Ashton3,right,14.017,841,,,,,,,2.1671,0.4713,2.2528,3.7705,3.7705,9.8144
2026-06-15 16:27:14.845,Ashton3,right,14.050,843,,,,,,,2.1700,0.4615,2.2337,3.7604,3.7604,9.7622
2026-06-15 16:27:14.876,Ashton3,right,14.083,845,,,,,,,2.1684,0.4567,2.2119,3.7633,3.7633,9.7457
2026-06-15 16:27:14.906,Ashton3,right,14.117,847,,,,,,,2.1580,0.4384,2.1929,3.8724,3.8724,9.8723
2026-06-15 16:27:14.937,Ashton3,right,14.133,848,,,,,,,2.1447,0.4250,2.1732,3.8893,3.8893,9.9483
2026-06-15 16:27:14.967,Ashton3,right,14.167,850,,,,,,,2.1283,0.4261,2.1695,3.8854,3.8854,10.0001
2026-06-15 16:27:14.997,Ashton3,right,14.200,852,,,,,,,2.1127,0.4472,2.1765,3.8795,3.8795,10.0399
2026-06-15 16:27:15.028,Ashton3,right,14.233,854,,,,,,,2.0959,0.4656,2.1849,3.8696,3.8696,9.9792
2026-06-15 16:27:15.059,Ashton3,right,14.267,856,,,,,,,2.0904,0.4806,2.1899,3.8716,3.8716,10.0258
2026-06-15 16:27:15.090,Ashton3,right,14.300,858,,,,,,,2.0622,0.5184,2.2084,3.9001,3.9001,10.1133
2026-06-15 16:27:15.120,Ashton3,right,14.317,859,,,,,,,2.0480,0.5313,2.2161,3.8969,3.8969,10.1400
2026-06-15 16:27:15.150,Ashton3,right,14.350,861,,,,,,,1.7754,0.8951,2.2714,3.2905,3.2905,7.5020
2026-06-15 16:27:15.181,Ashton3,right,14.383,863,,,,,,,2.2987,0.1450,2.6888,0.0000,0.0000,0.0000
2026-06-15 16:27:15.212,Ashton3,right,14.417,865,,,,,,,2.2987,0.1450,2.6888,0.0000,0.0000,0.0000
2026-06-15 16:27:15.242,Ashton3,right,14.450,867,,,,,,,2.2987,0.1450,2.6888,0.0000,0.0000,0.0000
2026-06-15 16:27:15.273,Ashton3,right,14.467,868,,,,,,,2.2987,0.1450,2.6888,0.0000,0.0000,0.0000
2026-06-15 16:27:15.304,Ashton3,right,14.500,870,,,,,,,0.7916,1.1848,2.5805,1.4698,1.4698,0.1189
2026-06-15 16:27:15.334,Ashton3,right,14.533,872,,,,,,,1.2506,0.8544,2.4114,2.4001,2.4001,3.3229
2026-06-15 16:27:15.365,Ashton3,right,14.567,874,,,,,,,1.5919,0.5558,2.1114,3.1945,3.1945,6.2999
2026-06-15 16:27:15.395,Ashton3,right,14.600,876,,,,,,,1.7046,0.4011,1.9775,3.4541,3.4541,7.4912
2026-06-15 16:27:15.426,Ashton3,right,14.633,878,,,,,,,1.8228,0.2209,1.7362,3.7161,3.7161,8.9521
2026-06-15 16:27:15.456,Ashton3,right,14.667,880,,,,,,,1.8439,0.1421,1.5438,3.7633,3.7633,9.7072
2026-06-15 16:27:15.487,Ashton3,right,14.683,881,,,,,,,1.8889,0.1158,1.4097,3.8147,3.8147,10.0235
2026-06-15 16:27:15.517,Ashton3,right,14.717,883,,,,,,,1.9410,0.1215,1.3508,3.8472,3.8472,10.0881
2026-06-15 16:27:15.548,Ashton3,right,14.750,885,,,,,,,1.9867,0.0932,1.2421,3.9399,3.9399,10.3352
2026-06-15 16:27:15.578,Ashton3,right,14.783,887,,,,,,,1.9582,0.0755,1.1277,3.9313,3.9313,10.4841
2026-06-15 16:27:15.609,Ashton3,right,14.817,889,,,,,,,1.8975,0.0844,0.9956,3.9872,3.9872,10.6736
2026-06-15 16:27:15.640,Ashton3,right,14.850,891,,,,,,,1.8089,0.1105,0.8373,4.0652,4.0652,10.7963
2026-06-15 16:27:15.673,Ashton3,right,14.883,893,,,,,,,1.7884,0.1168,0.7323,4.0269,4.0269,10.6812
2026-06-15 16:27:15.703,Ashton3,right,14.900,894,,,,,,,1.7315,0.1290,0.5122,4.0349,4.0349,10.7103
2026-06-15 16:27:15.734,Ashton3,right,14.933,896,,,,,,,1.6416,0.1525,0.2889,4.1049,4.1049,10.7689
2026-06-15 16:27:15.764,Ashton3,right,14.967,898,,,,,,,1.6156,0.1669,0.1563,4.0624,4.0624,10.7789
2026-06-15 16:27:15.795,Ashton3,right,15.000,900,,,,,,,1.6209,0.1860,-0.1244,4.0606,4.0606,10.6789
2026-06-15 16:27:15.826,Ashton3,right,15.033,902,,,,,,,1.6541,0.1824,-0.3913,4.0313,4.0313,11.0598
2026-06-15 16:27:15.857,Ashton3,right,15.067,904,,,,,,,1.6664,0.2045,-0.6224,4.1074,4.1074,11.1906
2026-06-15 16:27:15.888,Ashton3,right,15.083,905,,,,,,,1.6632,0.2413,-0.7600,4.1144,4.1144,11.1292
2026-06-15 16:27:15.918,Ashton3,right,15.117,907,,,,,,,1.6426,0.2645,-0.7919,4.0313,4.0313,11.0788
2026-06-15 16:27:15.949,Ashton3,right,15.150,909,,,,,,,1.5569,0.3176,-0.7808,4.0555,4.0555,11.0567
2026-06-15 16:27:15.979,Ashton3,right,15.183,911,,,,,,,1.5385,0.4028,-0.6894,4.0046,4.0046,11.0167
2026-06-15 16:27:16.010,Ashton3,right,15.217,913,,,,,,,1.4885,0.4491,-0.5533,4.0381,4.0381,10.7904
2026-06-15 16:27:16.041,Ashton3,right,15.250,915,,,,,,,1.4674,0.4395,-0.4709,3.9927,3.9927,10.5841
2026-06-15 16:27:16.072,Ashton3,right,15.267,916,,,,,,,1.3802,0.4281,-0.2879,3.9517,3.9517,10.2514
2026-06-15 16:27:16.102,Ashton3,right,15.300,918,,,,,,,1.2999,0.4067,-0.2088,3.9768,3.9768,10.2601
2026-06-15 16:27:16.132,Ashton3,right,15.333,920,,,,,,,1.1847,0.4119,-0.0522,3.9242,3.9242,10.1540
2026-06-15 16:27:16.163,Ashton3,right,15.367,922,,,,,,,1.1161,0.4456,0.1481,3.8973,3.8973,10.1681
2026-06-15 16:27:16.193,Ashton3,right,15.400,924,,,,,,,1.0690,0.4791,0.3249,3.8871,3.8871,9.9804
2026-06-15 16:27:16.224,Ashton3,right,15.433,926,,,,,,,1.0302,0.4994,0.4643,3.8693,3.8693,9.7081
2026-06-15 16:27:16.255,Ashton3,right,15.450,927,,,,,,,1.0009,0.4960,0.5069,3.8698,3.8698,9.5759
2026-06-15 16:27:16.285,Ashton3,right,15.483,929,,,,,,,0.9607,0.5050,0.5501,3.8234,3.8234,9.2429
2026-06-15 16:27:16.316,Ashton3,right,15.517,931,,,,,,,0.9179,0.5491,0.5750,3.7026,3.7026,8.7278
2026-06-15 16:27:16.346,Ashton3,right,15.550,933,,,,,,,0.9135,0.5521,0.5847,3.6845,3.6845,8.5886
2026-06-15 16:27:16.377,Ashton3,right,15.583,935,,,,,,,0.8577,0.5524,0.5761,3.7356,3.7356,8.4225
2026-06-15 16:27:16.407,Ashton3,right,15.617,937,,,,,,,0.8215,0.5352,0.5798,3.8203,3.8203,8.4479
2026-06-15 16:27:16.438,Ashton3,right,15.633,938,,,,,,,0.7472,0.5843,0.6083,3.7474,3.7474,7.9905
2026-06-15 16:27:16.468,Ashton3,right,15.667,940,,,,,,,0.7087,0.5944,0.6736,3.6898,3.6898,7.8813
2026-06-15 16:27:16.499,Ashton3,right,15.700,942,,,,,,,0.6851,0.5993,0.7087,3.6807,3.6807,7.9016
2026-06-15 16:27:16.529,Ashton3,right,15.733,944,,,,,,,0.6731,0.5943,0.7823,3.6324,3.6324,7.8905
2026-06-15 16:27:16.560,Ashton3,right,15.767,946,,,,,,,0.6525,0.5693,0.8272,3.6842,3.6842,8.1138
2026-06-15 16:27:16.591,Ashton3,right,15.800,948,,,,,,,0.6470,0.5101,0.8523,3.7219,3.7219,8.2581
2026-06-15 16:27:16.621,Ashton3,right,15.817,949,,,,,,,0.6051,0.4550,0.8660,3.7332,3.7332,8.4428
2026-06-15 16:27:16.652,Ashton3,right,15.850,951,,,,,,,0.5860,0.4307,0.8792,3.7834,3.7834,8.4864
2026-06-15 16:27:16.685,Ashton3,right,15.883,953,,,,,,,0.5744,0.4192,0.8866,3.7956,3.7956,8.4973
2026-06-15 16:27:16.716,Ashton3,right,15.917,955,,,,,,,0.5526,0.3850,0.9003,3.8335,3.8335,8.6377
2026-06-15 16:27:16.746,Ashton3,right,15.950,957,,,,,,,0.5419,0.3689,0.9166,3.8552,3.8552,8.6974
2026-06-15 16:27:16.777,Ashton3,right,15.983,959,,,,,,,0.5550,0.3870,0.9293,3.7904,3.7904,8.4693
2026-06-15 16:27:16.808,Ashton3,right,16.017,961,,,,,,,0.5674,0.3803,0.9471,3.7833,3.7833,8.5759
2026-06-15 16:27:16.838,Ashton3,right,16.033,962,,,,,,,0.5626,0.3824,0.9588,3.7792,3.7792,8.6188
2026-06-15 16:27:16.869,Ashton3,right,16.067,964,,,,,,,0.5366,0.3966,0.9828,3.7689,3.7689,8.6232
2026-06-15 16:27:16.899,Ashton3,right,16.100,966,,,,,,,0.5191,0.4000,1.0424,3.7963,3.7963,8.8131
2026-06-15 16:27:16.930,Ashton3,right,16.133,968,,,,,,,0.5067,0.4037,1.0708,3.8282,3.8282,8.7243
2026-06-15 16:27:16.960,Ashton3,right,16.167,970,,,,,,,0.5047,0.4005,1.1125,3.8242,3.8242,8.5864
2026-06-15 16:27:16.991,Ashton3,right,16.200,972,,,,,,,0.4952,0.3803,1.1320,3.8382,3.8382,8.7672
2026-06-15 16:27:17.022,Ashton3,right,16.217,973,,,,,,,0.4868,0.3736,1.1330,3.8441,3.8441,8.8943
2026-06-15 16:27:17.053,Ashton3,right,16.250,975,,,,,,,0.4870,0.3522,1.1241,3.9018,3.9018,9.1074
2026-06-15 16:27:17.083,Ashton3,right,16.283,977,,,,,,,0.4944,0.3606,1.1077,3.9161,3.9161,8.8933
2026-06-15 16:27:17.113,Ashton3,right,16.317,979,,,,,,,0.5003,0.3486,1.0591,3.9691,3.9691,8.6301
2026-06-15 16:27:17.144,Ashton3,right,16.350,981,,,,,,,0.4997,0.3255,1.0227,3.9730,3.9730,8.6059
2026-06-15 16:27:17.175,Ashton3,right,16.383,983,,,,,,,0.4898,0.2961,1.0114,3.9585,3.9585,8.7127
2026-06-15 16:27:17.205,Ashton3,right,16.400,984,,,,,,,0.5486,0.3137,1.0414,3.8479,3.8479,8.5328
2026-06-15 16:27:17.236,Ashton3,right,16.433,986,,,,,,,0.6054,0.3313,1.0554,3.8999,3.8999,8.5624
2026-06-15 16:27:17.266,Ashton3,right,16.467,988,,,,,,,0.6873,0.3527,1.0655,3.9713,3.9713,8.6749
2026-06-15 16:27:17.297,Ashton3,right,16.500,990,,,,,,,0.7236,0.3742,1.0919,3.9426,3.9426,8.7648
2026-06-15 16:27:17.327,Ashton3,right,16.533,992,,,,,,,0.7401,0.3588,1.1066,3.9403,3.9403,9.0196
2026-06-15 16:27:17.358,Ashton3,right,16.567,994,,,,,,,0.7736,0.3577,1.1159,3.9308,3.9308,9.1187
2026-06-15 16:27:17.388,Ashton3,right,16.583,995,,,,,,,0.7736,0.3577,1.1159,3.9308,3.9308,9.1187
2026-06-15 16:27:17.419,Ashton3,right,16.617,997,,,,,,,0.6669,0.3771,1.1215,3.8902,3.8902,8.8304
2026-06-15 16:27:17.449,Ashton3,right,16.650,999,,,,,,,0.6355,0.3807,1.1306,3.8854,3.8854,8.9652
2026-06-15 16:27:17.479,Ashton3,right,16.683,1001,,,,,,,0.6322,0.3781,1.1254,3.8949,3.8949,9.1517
2026-06-15 16:27:17.510,Ashton3,right,16.717,1003,,,,,,,0.6182,0.3743,1.1278,3.9003,3.9003,9.1589
2026-06-15 16:27:17.540,Ashton3,right,16.750,1005,,,,,,,0.6204,0.3740,1.1494,3.9016,3.9016,9.2368
2026-06-15 16:27:17.571,Ashton3,right,16.767,1006,,,,,,,0.6503,0.3907,1.1618,3.9426,3.9426,9.4399
2026-06-15 16:27:17.601,Ashton3,right,16.800,1008,,,,,,,0.7581,0.3961,1.1360,4.0322,4.0322,9.6201
2026-06-15 16:27:17.632,Ashton3,right,16.833,1010,,,,,,,0.8419,0.3967,1.0933,4.0397,4.0397,9.8308
2026-06-15 16:27:17.663,Ashton3,right,16.867,1012,,,,,,,0.8648,0.3823,1.0809,4.0505,4.0505,9.9414
2026-06-15 16:27:17.696,Ashton3,right,16.900,1014,,,,,,,0.9091,0.3685,1.0760,4.0657,4.0657,10.1554
2026-06-15 16:27:17.726,Ashton3,right,16.933,1016,,,,,,,0.9415,0.3794,1.0872,4.0721,4.0721,10.1008
2026-06-15 16:27:17.757,Ashton3,right,16.967,1018,,,,,,,0.9878,0.3893,1.0953,4.1186,4.1186,10.0233
2026-06-15 16:27:17.788,Ashton3,right,16.983,1019,,,,,,,1.0206,0.4008,1.0905,4.1722,4.1722,9.9243
2026-06-15 16:27:17.819,Ashton3,right,17.017,1021,,,,,,,1.0417,0.4128,1.0764,4.2001,4.2001,9.8034
2026-06-15 16:27:17.850,Ashton3,right,17.050,1023,,,,,,,1.0677,0.4385,1.0372,4.1831,4.1831,9.6675
2026-06-15 16:27:17.880,Ashton3,right,17.083,1025,,,,,,,1.0776,0.4340,1.0071,4.2003,4.2003,9.6810
2026-06-15 16:27:17.911,Ashton3,right,17.117,1027,,,,,,,1.0501,0.4314,0.9794,4.2638,4.2638,9.8837
2026-06-15 16:27:17.941,Ashton3,right,17.150,1029,,,,,,,0.9582,0.4166,1.0047,4.1424,4.1424,9.7523
2026-06-15 16:27:17.972,Ashton3,right,17.167,1030,,,,,,,0.9412,0.4226,1.0219,4.1566,4.1566,9.8357
2026-06-15 16:27:18.003,Ashton3,right,17.200,1032,,,,,,,0.9254,0.4446,1.0547,4.1391,4.1391,9.8108
2026-06-15 16:27:18.033,Ashton3,right,17.233,1034,,,,,,,0.9505,0.4425,1.0773,4.1788,4.1788,9.8814
2026-06-15 16:27:18.064,Ashton3,right,17.267,1036,,,,,,,1.1686,0.4207,1.0446,4.1845,4.1845,9.9629
2026-06-15 16:27:18.094,Ashton3,right,17.300,1038,,,,,,,1.2489,0.4057,1.0177,4.1931,4.1931,10.0050
2026-06-15 16:27:18.125,Ashton3,right,17.333,1040,,,,,,,1.3270,0.3900,0.9681,4.1799,4.1799,10.1288
2026-06-15 16:27:18.156,Ashton3,right,17.350,1041,,,,,,,1.3730,0.4051,0.9612,4.1394,4.1394,10.1875
2026-06-15 16:27:18.186,Ashton3,right,17.383,1043,,,,,,,1.4202,0.4361,0.9682,4.0882,4.0882,10.1568
2026-06-15 16:27:18.216,Ashton3,right,17.417,1045,,,,,,,1.4559,0.4518,0.9741,4.0790,4.0790,10.2164
2026-06-15 16:27:18.247,Ashton3,right,17.450,1047,,,,,,,1.4956,0.4684,0.9624,3.9723,3.9723,9.9850
2026-06-15 16:27:18.277,Ashton3,right,17.483,1049,,,,,,,1.5466,0.4790,0.9512,3.9055,3.9055,9.8166
2026-06-15 16:27:18.308,Ashton3,right,17.517,1051,,,,,,,1.6282,0.4880,0.9343,3.8354,3.8354,9.4918
2026-06-15 16:27:18.339,Ashton3,right,17.533,1052,,,,,,,1.6789,0.4860,0.9061,3.8603,3.8603,9.3832
2026-06-15 16:27:18.369,Ashton3,right,17.567,1054,,,,,,,1.7148,0.4778,0.9028,3.8979,3.8979,9.3298
2026-06-15 16:27:18.399,Ashton3,right,17.600,1056,,,,,,,1.7889,0.4626,0.8980,3.8904,3.8904,9.3051
2026-06-15 16:27:18.430,Ashton3,right,17.633,1058,,,,,,,1.8085,0.4683,0.8943,3.9078,3.9078,9.2779
2026-06-15 16:27:18.460,Ashton3,right,17.667,1060,,,,,,,1.8309,0.4392,0.9099,3.9082,3.9082,9.4087
2026-06-15 16:27:18.491,Ashton3,right,17.700,1062,,,,,,,1.9359,0.4695,0.9235,3.7139,3.7139,9.3141
2026-06-15 16:27:18.522,Ashton3,right,17.717,1063,,,,,,,1.9384,0.4418,0.9208,3.7550,3.7550,9.2915
2026-06-15 16:27:18.553,Ashton3,right,17.750,1065,,,,,,,1.9975,0.4454,0.9057,3.6747,3.6747,9.0844
2026-06-15 16:27:18.583,Ashton3,right,17.783,1067,,,,,,,2.0112,0.4942,0.8617,3.5984,3.5984,8.6317
2026-06-15 16:27:18.614,Ashton3,right,17.817,1069,,,,,,,2.0357,0.4766,0.8542,3.6200,3.6200,8.7773
2026-06-15 16:27:18.644,Ashton3,right,17.850,1071,,,,,,,2.0317,0.4894,0.8432,3.5610,3.5610,8.9065
2026-06-15 16:27:18.675,Ashton3,right,17.883,1073,,,,,,,2.0271,0.4723,0.8336,3.6653,3.6653,8.9754
2026-06-15 16:27:18.706,Ashton3,right,17.917,1075,,,,,,,1.9384,0.6455,0.8208,3.6669,3.6669,8.7983
2026-06-15 16:27:18.736,Ashton3,right,17.933,1076,,,,,,,1.9329,0.7432,0.8098,3.6109,3.6109,8.7885
2026-06-15 16:27:18.767,Ashton3,right,17.967,1078,,,,,,,1.8796,0.7579,0.8036,3.6658,3.6658,9.0072
2026-06-15 16:27:18.797,Ashton3,right,18.000,1080,,,,,,,1.8441,0.8017,0.8111,3.7345,3.7345,9.1356
2026-06-15 16:27:18.828,Ashton3,right,18.033,1082,,,,,,,1.8425,0.8850,0.8273,3.6698,3.6698,8.9266
2026-06-15 16:27:18.858,Ashton3,right,18.067,1084,,,,,,,1.8295,0.9622,0.8477,3.7393,3.7393,8.6959
2026-06-15 16:27:18.889,Ashton3,right,18.100,1086,,,,,,,1.7058,1.3181,0.9254,3.3798,3.3798,6.7336
2026-06-15 16:27:18.920,Ashton3,right,18.117,1087,,,,,,,1.5257,1.5083,1.0301,3.1900,3.1900,5.8130
2026-06-15 16:27:18.951,Ashton3,right,18.150,1089,,,,,,,1.4756,1.5478,1.0656,3.1730,3.1730,5.5505
2026-06-15 16:27:18.981,Ashton3,right,18.183,1091,,,,,,,1.4219,1.4912,1.0893,3.2415,3.2415,5.6560
2026-06-15 16:27:19.012,Ashton3,right,18.217,1093,,,,,,,1.4915,1.4924,1.0726,3.2664,3.2664,5.5688
2026-06-15 16:27:19.043,Ashton3,right,18.250,1095,,,,,,,1.6632,1.5244,1.0299,3.2668,3.2668,5.6781
2026-06-15 16:27:19.074,Ashton3,right,18.283,1097,,,,,,,1.7335,1.5415,1.0071,3.3291,3.3291,5.9136
2026-06-15 16:27:19.105,Ashton3,right,18.300,1098,,,,,,,1.7169,1.5619,0.9964,3.3636,3.3636,6.0810
2026-06-15 16:27:19.135,Ashton3,right,18.333,1100,,,,,,,1.7236,1.5809,0.9907,3.4075,3.4075,6.2767
2026-06-15 16:27:19.166,Ashton3,right,18.367,1102,,,,,,,1.6963,1.5911,0.9833,3.3478,3.3478,5.9863
2026-06-15 16:27:19.196,Ashton3,right,18.400,1104,,,,,,,1.6886,1.6199,0.9959,3.2835,3.2835,5.7187
2026-06-15 16:27:19.227,Ashton3,right,18.433,1106,,,,,,,1.7014,1.5968,1.0309,3.3606,3.3606,5.7840
2026-06-15 16:27:19.257,Ashton3,right,18.467,1108,,,,,,,1.7126,1.6113,1.0478,3.3252,3.3252,5.7203
2026-06-15 16:27:19.288,Ashton3,right,18.483,1109,,,,,,,1.6416,1.6828,1.1143,3.2064,3.2064,5.5568
2026-06-15 16:27:19.319,Ashton3,right,18.517,1111,,,,,,,2.2987,0.1450,2.6888,0.0000,0.0000,0.0000
2026-06-15 16:27:19.349,Ashton3,right,18.550,1113,,,,,,,2.2987,0.1450,2.6888,0.0000,0.0000,0.0000
2026-06-15 16:27:19.379,Ashton3,right,18.583,1115,,,,,,,10.8489,1.9331,4.5442,0.4226,0.4226,0.1017
2026-06-15 16:27:19.410,Ashton3,right,18.617,1117,,,,,,,2.2987,0.1450,2.6888,0.0000,0.0000,0.0000
2026-06-15 16:27:19.441,Ashton3,right,18.650,1119,,,,,,,2.2987,0.1450,2.6888,0.0000,0.0000,0.0000
2026-06-15 16:27:19.471,Ashton3,right,18.667,1120,,,,,,,2.2987,0.1450,2.6888,0.0000,0.0000,0.0000
2026-06-15 16:27:19.502,Ashton3,right,18.700,1122,,,,,,,2.2987,0.1450,2.6888,0.0000,0.0000,0.0000
2026-06-15 16:27:19.533,Ashton3,right,18.733,1124,,,,,,,7.6874,3.1039,5.9641,1.5107,1.5107,2.3970
2026-06-15 16:27:19.563,Ashton3,right,18.767,1126,,,,,,,2.2987,0.1450,2.6888,0.0000,0.0000,0.0000
2026-06-15 16:27:19.593,Ashton3,right,18.800,1128,,,,,,,2.2987,0.1450,2.6888,0.0000,0.0000,0.0000
2026-06-15 16:27:19.624,Ashton3,right,18.833,1130,,,,,,,6.9345,2.7097,4.1086,0.9874,0.9874,0.7081
2026-06-15 16:27:19.655,Ashton3,right,18.850,1131,,,,,,,5.7293,2.6844,1.6478,1.5434,1.5434,0.7974
2026-06-15 16:27:19.685,Ashton3,right,18.883,1133,,,,,,,5.3946,2.5958,0.5509,1.7078,1.7078,0.8165
2026-06-15 16:27:19.716,Ashton3,right,18.917,1135,,,,,,,3.3374,2.3936,0.1307,2.0072,2.0072,1.8568
2026-06-15 16:27:19.747,Ashton3,right,18.950,1137,,,,,,,2.2728,2.1704,0.4518,2.3724,2.3724,3.3140
2026-06-15 16:27:19.777,Ashton3,right,18.983,1139,,,,,,,1.8201,2.0628,0.8296,2.5895,2.5895,4.5117
2026-06-15 16:27:19.808,Ashton3,right,19.017,1141,,,,,,,1.6760,1.9891,0.9895,2.6858,2.6858,5.0298
2026-06-15 16:27:19.838,Ashton3,right,19.033,1142,,,,,,,1.5555,1.9368,1.2305,2.7950,2.7950,5.2699
2026-06-15 16:27:19.869,Ashton3,right,19.067,1144,,,,,,,1.5854,1.9421,1.3136,2.8573,2.8573,5.1568
2026-06-15 16:27:19.900,Ashton3,right,19.100,1146,,,,,,,1.6798,1.9281,1.3209,2.9459,2.9459,4.9336
2026-06-15 16:27:19.931,Ashton3,right,19.133,1148,,,,,,,1.7063,1.9080,1.2890,3.0172,3.0172,4.9854
2026-06-15 16:27:19.962,Ashton3,right,19.167,1150,,,,,,,1.8019,1.7804,1.2009,3.2182,3.2182,5.5312
2026-06-15 16:27:19.992,Ashton3,right,19.200,1152,,,,,,,1.8370,1.6669,1.0983,3.3777,3.3777,6.4163
2026-06-15 16:27:20.023,Ashton3,right,19.233,1154,,,,,,,1.8315,1.6318,1.0409,3.4546,3.4546,6.9415
2026-06-15 16:27:20.054,Ashton3,right,19.250,1155,,,,,,,1.9031,1.5404,0.9259,3.5227,3.5227,7.7350
2026-06-15 16:27:20.084,Ashton3,right,19.283,1157,,,,,,,1.9266,1.4740,0.9076,3.5480,3.5480,7.9503
2026-06-15 16:27:20.114,Ashton3,right,19.317,1159,,,,,,,1.9047,1.4179,0.9055,3.5355,3.5355,8.3199
2026-06-15 16:27:20.145,Ashton3,right,19.350,1161,,,,,,,1.9213,1.3585,0.9177,3.5822,3.5822,8.5193
2026-06-15 16:27:20.176,Ashton3,right,19.383,1163,,,,,,,2.2987,0.1450,2.6888,0.0000,0.0000,0.0000
2026-06-15 16:27:20.206,Ashton3,right,19.417,1165,,,,,,,2.2987,0.1450,2.6888,0.0000,0.0000,0.0000
2026-06-15 16:27:20.237,Ashton3,right,19.433,1166,,,,,,,2.2987,0.1450,2.6888,0.0000,0.0000,0.0000
2026-06-15 16:27:20.267,Ashton3,right,19.467,1168,,,,,,,2.2987,0.1450,2.6888,0.0000,0.0000,0.0000
2026-06-15 16:27:20.298,Ashton3,right,19.500,1170,,,,,,,1.9020,1.4894,1.1964,2.3306,2.3306,3.2808
2026-06-15 16:27:20.329,Ashton3,right,19.533,1172,,,,,,,1.9957,1.2638,1.2103,2.6503,2.6503,4.6744
2026-06-15 16:27:20.359,Ashton3,right,19.567,1174,,,,,,,2.0210,1.0436,1.1476,3.0034,3.0034,6.0717
2026-06-15 16:27:20.390,Ashton3,right,19.600,1176,,,,,,,1.9486,0.8667,1.0468,3.2869,3.2869,7.2159
2026-06-15 16:27:20.421,Ashton3,right,19.617,1177,,,,,,,1.9096,0.7935,1.0056,3.4179,3.4179,7.5435
2026-06-15 16:27:20.451,Ashton3,right,19.650,1179,,,,,,,1.8575,0.6915,0.9582,3.5450,3.5450,7.9879
2026-06-15 16:27:20.482,Ashton3,right,19.683,1181,,,,,,,1.8546,0.6152,0.9451,3.4896,3.4896,8.0637
2026-06-15 16:27:20.512,Ashton3,right,19.717,1183,,,,,,,1.8415,0.5584,0.9624,3.5281,3.5281,8.0059
2026-06-15 16:27:20.543,Ashton3,right,19.750,1185,,,,,,,1.8462,0.5474,0.9739,3.5273,3.5273,8.0042
2026-06-15 16:27:20.573,Ashton3,right,19.783,1187,,,,,,,1.7551,0.5906,0.9748,3.4707,3.4707,7.7860
2026-06-15 16:27:20.604,Ashton3,right,19.800,1188,,,,,,,1.7111,0.5955,0.9726,3.4675,3.4675,7.7641
2026-06-15 16:27:20.634,Ashton3,right,19.833,1190,,,,,,,1.7048,0.5895,0.9632,3.4675,3.4675,7.7012
2026-06-15 16:27:20.665,Ashton3,right,19.867,1192,,,,,,,1.7355,0.5961,0.9494,3.4662,3.4662,7.6970
2026-06-15 16:27:20.696,Ashton3,right,19.900,1194,,,,,,,1.7366,0.5690,0.9351,3.4730,3.4730,7.9190
2026-06-15 16:27:20.728,Ashton3,right,19.933,1196,,,,,,,1.7724,0.5286,0.9440,3.3773,3.3773,8.0530
2026-06-15 16:27:20.759,Ashton3,right,19.967,1198,,,,,,,1.7360,0.4845,0.9158,3.4067,3.4067,8.0062
2026-06-15 16:27:20.790,Ashton3,right,20.000,1200,,,,,,,1.7188,0.4332,0.8877,3.5023,3.5023,8.0069
2026-06-15 16:27:20.820,Ashton3,right,20.017,1201,,,,,,,1.7099,0.4104,0.8754,3.5849,3.5849,8.1340
2026-06-15 16:27:20.851,Ashton3,right,20.050,1203,,,,,,,1.7072,0.3645,0.8615,3.6721,3.6721,8.2123
2026-06-15 16:27:20.881,Ashton3,right,20.083,1205,,,,,,,1.7340,0.3274,0.8539,3.6662,3.6662,8.1265
2026-06-15 16:27:20.913,Ashton3,right,20.117,1207,,,,,,,1.7631,0.2951,0.8721,3.5852,3.5852,7.9892
2026-06-15 16:27:20.943,Ashton3,right,20.150,1209,,,,,,,1.7603,0.2783,0.8795,3.5687,3.5687,7.9079
2026-06-15 16:27:20.974,Ashton3,right,20.183,1211,,,,,,,1.7786,0.2336,0.8980,3.4789,3.4789,7.7106
2026-06-15 16:27:21.004,Ashton3,right,20.200,1212,,,,,,,1.7241,0.2074,0.8927,3.5284,3.5284,7.6300
2026-06-15 16:27:21.034,Ashton3,right,20.233,1214,,,,,,,1.7209,0.2016,0.8950,3.5390,3.5390,7.6072
2026-06-15 16:27:21.065,Ashton3,right,20.267,1216,,,,,,,1.7304,0.1871,0.8868,3.4959,3.4959,7.4294
2026-06-15 16:27:21.095,Ashton3,right,20.300,1218,,,,,,,1.7245,0.1515,0.8905,3.4960,3.4960,7.4584
2026-06-15 16:27:21.126,Ashton3,right,20.333,1220,,,,,,,1.7209,0.1023,0.8863,3.5103,3.5103,7.4674
2026-06-15 16:27:21.156,Ashton3,right,20.367,1222,,,,,,,1.7332,0.0679,0.8932,3.5337,3.5337,7.4961
2026-06-15 16:27:21.187,Ashton3,right,20.383,1223,,,,,,,1.7366,0.0499,0.9025,3.5411,3.5411,7.5171
2026-06-15 16:27:21.217,Ashton3,right,20.417,1225,,,,,,,1.7574,0.0175,0.9274,3.5020,3.5020,7.5554
2026-06-15 16:27:21.248,Ashton3,right,20.450,1227,,,,,,,1.7582,0.0069,0.9335,3.4835,3.4835,7.5941
2026-06-15 16:27:21.278,Ashton3,right,20.483,1229,,,,,,,1.7379,-0.0343,0.9306,3.5202,3.5202,7.4939
2026-06-15 16:27:21.309,Ashton3,right,20.517,1231,,,,,,,1.7151,-0.0695,0.9283,3.5144,3.5144,7.5958
2026-06-15 16:27:21.339,Ashton3,right,20.550,1233,,,,,,,1.6979,-0.0987,0.9284,3.5203,3.5203,7.5250
2026-06-15 16:27:21.370,Ashton3,right,20.567,1234,,,,,,,1.7011,-0.1159,0.9369,3.5351,3.5351,7.5052
2026-06-15 16:27:21.400,Ashton3,right,20.600,1236,,,,,,,1.6895,-0.1432,0.9579,3.5145,3.5145,7.4714
2026-06-15 16:27:21.431,Ashton3,right,20.633,1238,,,,,,,1.7161,-0.1830,0.9802,3.4413,3.4413,7.3425
2026-06-15 16:27:21.462,Ashton3,right,20.667,1240,,,,,,,1.7196,-0.2048,0.9930,3.4786,3.4786,7.3922
2026-06-15 16:27:21.493,Ashton3,right,20.700,1242,,,,,,,1.7264,-0.2254,0.9948,3.4900,3.4900,7.3895
2026-06-15 16:27:21.523,Ashton3,right,20.733,1244,,,,,,,1.7314,-0.2338,1.0000,3.4336,3.4336,7.1632
2026-06-15 16:27:21.554,Ashton3,right,20.750,1245,,,,,,,1.6949,-0.2232,1.0352,3.4448,3.4448,7.2796
2026-06-15 16:27:21.585,Ashton3,right,20.783,1247,,,,,,,1.6524,-0.2133,1.0783,3.4267,3.4267,7.2682
2026-06-15 16:27:21.615,Ashton3,right,20.817,1249,,,,,,,1.6430,-0.2143,1.1031,3.4123,3.4123,7.2063
2026-06-15 16:27:21.646,Ashton3,right,20.850,1251,,,,,,,1.6008,-0.2167,1.1316,3.4170,3.4170,7.1632
2026-06-15 16:27:21.676,Ashton3,right,20.883,1253,,,,,,,1.5803,-0.2259,1.1540,3.4455,3.4455,7.2474
2026-06-15 16:27:21.707,Ashton3,right,20.917,1255,,,,,,,1.5791,-0.2432,1.1792,3.4502,3.4502,7.2675
2026-06-15 16:27:21.741,Ashton3,right,20.950,1257,,,,,,,1.5799,-0.2492,1.1871,3.4730,3.4730,7.2743
2026-06-15 16:27:21.771,Ashton3,right,20.967,1258,,,,,,,1.5831,-0.2537,1.1959,3.4880,3.4880,7.2757
2026-06-15 16:27:21.802,Ashton3,right,21.000,1260,,,,,,,1.6093,-0.2536,1.1944,3.4715,3.4715,7.1374
2026-06-15 16:27:21.832,Ashton3,right,21.033,1262,,,,,,,1.6119,-0.2571,1.1876,3.4630,3.4630,7.1398
2026-06-15 16:27:21.863,Ashton3,right,21.067,1264,,,,,,,1.5881,-0.2710,1.1406,3.4384,3.4384,7.1689
2026-06-15 16:27:21.894,Ashton3,right,21.100,1266,,,,,,,1.5657,-0.2668,1.0641,3.3461,3.3461,7.0472
2026-06-15 16:27:21.924,Ashton3,right,21.133,1268,,,,,,,1.5657,-0.2668,1.0641,3.3461,3.3461,7.0472
2026-06-15 16:27:21.955,Ashton3,right,21.150,1269,,,,,,,1.5142,-0.2023,0.9746,3.3663,3.3663,7.1299
2026-06-15 16:27:21.985,Ashton3,right,21.183,1271,,,,,,,1.5036,-0.0963,0.8564,3.3005,3.3005,6.9977
2026-06-15 16:27:22.016,Ashton3,right,21.217,1273,,,,,,,1.5401,0.0450,0.7255,3.2862,3.2862,7.0095
2026-06-15 16:27:22.046,Ashton3,right,21.250,1275,,,,,,,1.5561,0.1085,0.6486,3.2515,3.2515,6.9540
2026-06-15 16:27:22.076,Ashton3,right,21.283,1277,,,,,,,1.5538,0.1820,0.4786,3.2741,3.2741,6.9811
2026-06-15 16:27:22.107,Ashton3,right,21.317,1279,,,,,,,1.5340,0.2083,0.3287,3.3331,3.3331,7.0603
2026-06-15 16:27:22.138,Ashton3,right,21.333,1280,,,,,,,1.5068,0.2018,0.2811,3.3590,3.3590,7.1457
2026-06-15 16:27:22.169,Ashton3,right,21.367,1282,,,,,,,1.4252,0.2710,0.2527,3.4074,3.4074,7.3085
2026-06-15 16:27:22.199,Ashton3,right,21.400,1284,,,,,,,1.3552,0.3540,0.3287,3.4262,3.4262,7.3465
2026-06-15 16:27:22.230,Ashton3,right,21.433,1286,,,,,,,1.3123,0.4045,0.4491,3.4367,3.4367,7.3349
2026-06-15 16:27:22.260,Ashton3,right,21.467,1288,,,,,,,1.3602,0.3360,0.5562,3.4434,3.4434,7.3957
2026-06-15 16:27:22.291,Ashton3,right,21.500,1290,,,,,,,1.4200,0.1345,0.6150,3.4672,3.4672,7.5390
2026-06-15 16:27:22.321,Ashton3,right,21.517,1291,,,,,,,1.4395,-0.0031,0.6211,3.5076,3.5076,7.5808
2026-06-15 16:27:22.351,Ashton3,right,21.550,1293,,,,,,,1.5132,-0.2641,0.5923,3.4968,3.4968,7.6131
2026-06-15 16:27:22.382,Ashton3,right,21.583,1295,,,,,,,1.5439,-0.4345,0.5891,3.4897,3.4897,7.7214
2026-06-15 16:27:22.412,Ashton3,right,21.617,1297,,,,,,,1.5628,-0.6137,0.5919,3.5101,3.5101,7.7092
2026-06-15 16:27:22.443,Ashton3,right,21.650,1299,,,,,,,1.5694,-0.7374,0.5814,3.5050,3.5050,7.6209
2026-06-15 16:27:22.474,Ashton3,right,21.683,1301,,,,,,,1.5276,-1.0977,0.5031,3.4975,3.4975,7.6167
2026-06-15 16:27:22.505,Ashton3,right,21.700,1302,,,,,,,1.4828,-1.5429,0.3228,3.4880,3.4880,7.4395
2026-06-15 16:27:22.536,Ashton3,right,21.733,1304,,,,,,,1.3917,-1.9409,0.0893,3.4762,3.4762,7.6051
2026-06-15 16:27:22.566,Ashton3,right,21.767,1306,,,,,,,1.3580,-2.1200,-0.0166,3.4184,3.4184,7.5691
2026-06-15 16:27:22.597,Ashton3,right,21.800,1308,,,,,,,1.2645,-2.2909,-0.1875,3.4409,3.4409,7.7263
2026-06-15 16:27:22.627,Ashton3,right,21.833,1310,,,,,,,1.1914,-2.2209,-0.2431,3.4728,3.4728,7.9391
2026-06-15 16:27:22.658,Ashton3,right,21.867,1312,,,,,,,1.1726,-2.0269,-0.1873,3.4642,3.4642,7.7219
2026-06-15 16:27:22.689,Ashton3,right,21.883,1313,,,,,,,1.2135,-1.8252,-0.0599,3.5138,3.5138,7.7327
2026-06-15 16:27:22.719,Ashton3,right,21.917,1315,,,,,,,1.2644,-1.7621,-0.0012,3.5376,3.5376,7.7347
2026-06-15 16:27:22.755,Ashton3,right,21.950,1317,,,,,,,1.3543,-1.6909,0.0884,3.5194,3.5194,7.8096
2026-06-15 16:27:22.785,Ashton3,right,21.983,1319,,,,,,,1.4463,-1.6473,0.1381,3.5506,3.5506,8.2091
2026-06-15 16:27:22.816,Ashton3,right,22.017,1321,,,,,,,1.5435,-1.5383,0.1915,3.5652,3.5652,8.4393
2026-06-15 16:27:22.846,Ashton3,right,22.050,1323,,,,,,,1.5649,-1.4377,0.2416,3.5520,3.5520,8.4909
2026-06-15 16:27:22.877,Ashton3,right,22.083,1325,,,,,,,1.5723,-1.4052,0.2783,3.4572,3.4572,8.2605
2026-06-15 16:27:22.908,Ashton3,right,22.117,1327,,,,,,,1.5708,-1.3502,0.3202,3.4448,3.4448,8.1540
2026-06-15 16:27:22.939,Ashton3,right,22.133,1328,,,,,,,1.5403,-1.2271,0.4350,3.4566,3.4566,8.1395
2026-06-15 16:27:22.969,Ashton3,right,22.167,1330,,,,,,,1.5082,-1.0737,0.5809,3.5150,3.5150,8.2435
2026-06-15 16:27:23.000,Ashton3,right,22.200,1332,,,,,,,1.4816,-0.8577,0.7360,3.5193,3.5193,8.2474
2026-06-15 16:27:23.031,Ashton3,right,22.233,1334,,,,,,,1.4753,-0.6101,0.9338,3.5086,3.5086,8.1212
2026-06-15 16:27:23.061,Ashton3,right,22.267,1336,,,,,,,1.4382,-0.3731,1.1435,3.6080,3.6080,8.2310
2026-06-15 16:27:23.092,Ashton3,right,22.300,1338,,,,,,,1.4236,-0.2768,1.2356,3.5971,3.5971,8.1566
2026-06-15 16:27:23.122,Ashton3,right,22.317,1339,,,,,,,1.3881,-0.1013,1.3580,3.5760,3.5760,8.2030
2026-06-15 16:27:23.153,Ashton3,right,22.350,1341,,,,,,,1.3426,0.0402,1.4082,3.6270,3.6270,8.1673
2026-06-15 16:27:23.183,Ashton3,right,22.383,1343,,,,,,,1.3513,0.1143,1.4248,3.5796,3.5796,8.1348
2026-06-15 16:27:23.214,Ashton3,right,22.417,1345,,,,,,,1.3847,0.2489,1.4575,3.5595,3.5595,8.0532
2026-06-15 16:27:23.244,Ashton3,right,22.450,1347,,,,,,,1.4006,0.3582,1.4822,3.5737,3.5737,8.2594
2026-06-15 16:27:23.275,Ashton3,right,22.483,1349,,,,,,,1.3981,0.4376,1.4920,3.6196,3.6196,8.2921
2026-06-15 16:27:23.306,Ashton3,right,22.517,1351,,,,,,,1.3893,0.4621,1.5002,3.6540,3.6540,8.3406
2026-06-15 16:27:23.336,Ashton3,right,22.533,1352,,,,,,,1.3423,0.5112,1.5387,3.7368,3.7368,8.5439
2026-06-15 16:27:23.367,Ashton3,right,22.567,1354,,,,,,,1.3551,0.7189,1.5327,3.4725,3.4725,6.7734
2026-06-15 16:27:23.397,Ashton3,right,22.600,1356,,,,,,,1.3609,0.7770,1.5246,3.3966,3.3966,5.9960
2026-06-15 16:27:23.428,Ashton3,right,22.633,1358,,,,,,,1.3766,0.7143,1.5342,3.4444,3.4444,5.8573
2026-06-15 16:27:23.458,Ashton3,right,22.667,1360,,,,,,,1.4015,0.6726,1.5283,3.4730,3.4730,5.9167
2026-06-15 16:27:23.489,Ashton3,right,22.683,1361,,,,,,,1.4488,0.5331,1.5076,3.6282,3.6282,6.7935
2026-06-15 16:27:23.519,Ashton3,right,22.717,1363,,,,,,,1.4908,0.4855,1.5015,3.7062,3.7062,7.1820
2026-06-15 16:27:23.550,Ashton3,right,22.750,1365,,,,,,,1.4895,0.4859,1.5048,3.7549,3.7549,7.3964
2026-06-15 16:27:23.580,Ashton3,right,22.783,1367,,,,,,,1.4669,0.4905,1.5139,3.8352,3.8352,7.7476
2026-06-15 16:27:23.611,Ashton3,right,22.817,1369,,,,,,,1.4334,0.4850,1.5386,3.8070,3.8070,7.9062
2026-06-15 16:27:23.642,Ashton3,right,22.850,1371,,,,,,,1.3696,0.5322,1.5524,3.8582,3.8582,8.0443
2026-06-15 16:27:23.672,Ashton3,right,22.867,1372,,,,,,,1.3491,0.5772,1.5707,3.8415,3.8415,8.0421
2026-06-15 16:27:23.703,Ashton3,right,22.900,1374,,,,,,,1.3122,0.7105,1.5898,3.8412,3.8412,7.8631
2026-06-15 16:27:23.733,Ashton3,right,22.933,1376,,,,,,,1.2991,0.8474,1.6299,3.8261,3.8261,7.7670
2026-06-15 16:27:23.767,Ashton3,right,22.967,1378,,,,,,,1.3151,0.9714,1.6653,3.7276,3.7276,7.3287
2026-06-15 16:27:23.797,Ashton3,right,23.000,1380,,,,,,,1.3186,1.0056,1.6784,3.7287,3.7287,7.1928
2026-06-15 16:27:23.828,Ashton3,right,23.033,1382,,,,,,,1.2941,1.0695,1.6530,3.6506,3.6506,6.6025
2026-06-15 16:27:23.858,Ashton3,right,23.067,1384,,,,,,,1.2845,1.0767,1.6420,3.5783,3.5783,6.4386
2026-06-15 16:27:23.889,Ashton3,right,23.083,1385,,,,,,,1.2649,1.0725,1.6232,3.5090,3.5090,6.3302
2026-06-15 16:27:23.920,Ashton3,right,23.117,1387,,,,,,,1.2533,1.0634,1.6240,3.5200,3.5200,6.3856
2026-06-15 16:27:23.951,Ashton3,right,23.150,1389,,,,,,,1.2390,1.0487,1.6271,3.5117,3.5117,6.2833
2026-06-15 16:27:23.981,Ashton3,right,23.183,1391,,,,,,,1.2075,1.1520,1.6661,3.2709,3.2709,5.6282
2026-06-15 16:27:24.012,Ashton3,right,23.217,1393,,,,,,,1.1697,1.2119,1.7263,3.1371,3.1371,5.1806
2026-06-15 16:27:24.042,Ashton3,right,23.250,1395,,,,,,,1.0951,1.2487,1.7757,2.9814,2.9814,4.7385
2026-06-15 16:27:24.073,Ashton3,right,23.267,1396,,,,,,,1.0394,1.1858,1.8125,2.8275,2.8275,4.1678
2026-06-15 16:27:24.103,Ashton3,right,23.300,1398,,,,,,,1.0151,1.1029,1.8110,2.7520,2.7520,3.7470
2026-06-15 16:27:24.134,Ashton3,right,23.333,1400,,,,,,,1.0834,1.0901,1.7952,2.6710,2.6710,3.6204
2026-06-15 16:27:24.164,Ashton3,right,23.367,1402,,,,,,,1.1548,1.0858,1.7625,2.6988,2.6988,3.5540
2026-06-15 16:27:24.195,Ashton3,right,23.400,1404,,,,,,,1.1889,1.1226,1.6951,2.7348,2.7348,3.7682
2026-06-15 16:27:24.226,Ashton3,right,23.433,1406,,,,,,,1.2198,1.2329,1.6490,2.6917,2.6917,3.6640
2026-06-15 16:27:24.256,Ashton3,right,23.450,1407,,,,,,,1.1927,1.2798,1.6740,2.7422,2.7422,3.9296
2026-06-15 16:27:24.286,Ashton3,right,23.483,1409,,,,,,,1.1482,1.3460,1.7218,2.6805,2.6805,3.7923
2026-06-15 16:27:24.317,Ashton3,right,23.517,1411,,,,,,,1.1350,1.3812,1.7877,2.7661,2.7661,3.9703
2026-06-15 16:27:24.348,Ashton3,right,23.550,1413,,,,,,,1.1988,1.3780,1.7991,2.8209,2.8209,4.0784
2026-06-15 16:27:24.378,Ashton3,right,23.583,1415,,,,,,,1.2562,1.2647,1.7936,3.0068,3.0068,4.6720
2026-06-15 16:27:24.409,Ashton3,right,23.617,1417,,,,,,,1.2711,1.2582,1.7806,2.9614,2.9614,4.5072
2026-06-15 16:27:24.440,Ashton3,right,23.633,1418,,,,,,,1.2533,1.2280,1.7495,2.9662,2.9662,4.4290
2026-06-15 16:27:24.470,Ashton3,right,23.667,1420,,,,,,,1.3017,1.1996,1.7241,3.0293,3.0293,4.5637
2026-06-15 16:27:24.501,Ashton3,right,23.700,1422,,,,,,,1.2982,1.1479,1.7046,3.1700,3.1700,5.4445
2026-06-15 16:27:24.531,Ashton3,right,23.733,1424,,,,,,,1.3118,1.1956,1.7075,3.1009,3.1009,5.1882
2026-06-15 16:27:24.562,Ashton3,right,23.767,1426,,,,,,,1.2779,1.2747,1.7396,3.1251,3.1251,4.9680
2026-06-15 16:27:24.593,Ashton3,right,23.800,1428,,,,,,,1.2200,1.2772,1.7795,3.1147,3.1147,5.1420
2026-06-15 16:27:24.624,Ashton3,right,23.833,1430,,,,,,,1.2192,1.2837,1.7836,3.1231,3.1231,5.0992
2026-06-15 16:27:24.655,Ashton3,right,23.850,1431,,,,,,,1.1934,1.2820,1.7900,3.1029,3.1029,4.8896
2026-06-15 16:27:24.685,Ashton3,right,23.883,1433,,,,,,,1.2282,1.2845,1.7823,3.0797,3.0797,4.8344
2026-06-15 16:27:24.716,Ashton3,right,23.917,1435,,,,,,,1.1801,1.2381,1.7861,3.0956,3.0956,5.2941
2026-06-15 16:27:24.746,Ashton3,right,23.950,1437,,,,,,,1.1795,1.2045,1.7864,3.1144,3.1144,5.3042
2026-06-15 16:27:24.779,Ashton3,right,23.983,1439,,,,,,,1.1622,1.0971,1.8013,3.2465,3.2465,5.6496
2026-06-15 16:27:24.810,Ashton3,right,24.017,1441,,,,,,,1.2420,1.0950,1.7990,3.1374,3.1374,5.0203
2026-06-15 16:27:24.841,Ashton3,right,24.050,1443,,,,,,,1.2003,1.0434,1.8251,3.1513,3.1513,5.1495
2026-06-15 16:27:24.871,Ashton3,right,24.067,1444,,,,,,,1.1837,1.0369,1.8468,3.1430,3.1430,5.1631
2026-06-15 16:27:24.902,Ashton3,right,24.100,1446,,,,,,,1.2260,1.0147,1.8402,3.2188,3.2188,5.1606
2026-06-15 16:27:24.932,Ashton3,right,24.133,1448,,,,,,,1.2545,0.9843,1.8288,3.2207,3.2207,5.0121
2026-06-15 16:27:24.963,Ashton3,right,24.167,1450,,,,,,,1.3002,0.9063,1.7971,3.3341,3.3341,5.3583
2026-06-15 16:27:24.994,Ashton3,right,24.200,1452,,,,,,,1.2926,0.9050,1.7899,3.2917,3.2917,5.3459
2026-06-15 16:27:25.024,Ashton3,right,24.233,1454,,,,,,,1.2820,0.9438,1.7703,3.2158,3.2158,5.1756
2026-06-15 16:27:25.055,Ashton3,right,24.250,1455,,,,,,,1.2437,0.8796,1.7978,3.2059,3.2059,5.5605
2026-06-15 16:27:25.085,Ashton3,right,24.283,1457,,,,,,,1.3300,0.9102,1.7544,3.1508,3.1508,5.1048
2026-06-15 16:27:25.116,Ashton3,right,24.317,1459,,,,,,,1.3710,0.9164,1.7289,3.1354,3.1354,4.8797
2026-06-15 16:27:25.147,Ashton3,right,24.350,1461,,,,,,,1.3842,0.9344,1.6865,3.1131,3.1131,4.6659
2026-06-15 16:27:25.177,Ashton3,right,24.383,1463,,,,,,,1.3672,0.9725,1.6666,3.1204,3.1204,4.5538
2026-06-15 16:27:25.208,Ashton3,right,24.417,1465,,,,,,,1.4125,0.9654,1.6246,3.1702,3.1702,4.8473
2026-06-15 16:27:25.238,Ashton3,right,24.433,1466,,,,,,,1.4463,0.9036,1.6001,3.1184,3.1184,4.8674
2026-06-15 16:27:25.269,Ashton3,right,24.467,1468,,,,,,,1.4512,0.8763,1.5978,3.1129,3.1129,4.8491
2026-06-15 16:27:25.299,Ashton3,right,24.500,1470,,,,,,,1.4628,0.8349,1.5929,3.0945,3.0945,4.7797
2026-06-15 16:27:25.330,Ashton3,right,24.533,1472,,,,,,,1.4947,0.6758,1.5405,3.3039,3.3039,5.2469
2026-06-15 16:27:25.360,Ashton3,right,24.567,1474,,,,,,,1.5081,0.5334,1.4597,3.3833,3.3833,5.4255
2026-06-15 16:27:25.390,Ashton3,right,24.600,1476,,,,,,,1.4990,0.3638,1.4232,3.4040,3.4040,5.8723
2026-06-15 16:27:25.420,Ashton3,right,24.617,1477,,,,,,,1.5057,0.2594,1.4333,3.4562,3.4562,6.5109
2026-06-15 16:27:25.451,Ashton3,right,24.650,1479,,,,,,,1.5273,0.0499,1.4524,3.6987,3.6987,7.2042
2026-06-15 16:27:25.482,Ashton3,right,24.683,1481,,,,,,,1.5080,-0.0821,1.4843,3.8274,3.8274,7.7845
2026-06-15 16:27:25.513,Ashton3,right,24.717,1483,,,,,,,1.4993,-0.1934,1.5177,3.8790,3.8790,8.1841
2026-06-15 16:27:25.543,Ashton3,right,24.750,1485,,,,,,,1.4693,-0.2791,1.5465,3.9506,3.9506,8.5404
2026-06-15 16:27:25.574,Ashton3,right,24.783,1487,,,,,,,1.4926,-0.3186,1.5514,3.8742,3.8742,8.6494
2026-06-15 16:27:25.604,Ashton3,right,24.800,1488,,,,,,,1.4920,-0.3723,1.5461,3.8569,3.8569,8.9250
2026-06-15 16:27:25.635,Ashton3,right,24.833,1490,,,,,,,1.4928,-0.3889,1.5364,3.8259,3.8259,9.0329
2026-06-15 16:27:25.666,Ashton3,right,24.867,1492,,,,,,,1.5444,-0.3708,1.5719,3.8873,3.8873,9.1288
2026-06-15 16:27:25.696,Ashton3,right,24.900,1494,,,,,,,1.5442,-0.3634,1.5835,3.8845,3.8845,9.2458
2026-06-15 16:27:25.727,Ashton3,right,24.933,1496,,,,,,,1.5366,-0.3349,1.6212,3.9039,3.9039,9.4840
2026-06-15 16:27:25.758,Ashton3,right,24.967,1498,,,,,,,1.5441,-0.3063,1.6494,3.9479,3.9479,9.4414
2026-06-15 16:27:25.788,Ashton3,right,24.983,1499,,,,,,,1.5705,-0.2934,1.6832,3.8950,3.8950,9.4359
2026-06-15 16:27:25.819,Ashton3,right,25.017,1501,,,,,,,1.6105,-0.3203,1.6994,3.8283,3.8283,9.3140
2026-06-15 16:27:25.849,Ashton3,right,25.050,1503,,,,,,,1.6620,-0.3835,1.7219,3.8109,3.8109,9.2509
2026-06-15 16:27:25.880,Ashton3,right,25.083,1505,,,,,,,1.7303,-0.4723,1.6760,3.7643,3.7643,9.0763
2026-06-15 16:27:25.911,Ashton3,right,25.117,1507,,,,,,,1.7505,-0.5061,1.6196,3.7491,3.7491,9.0204
2026-06-15 16:27:25.942,Ashton3,right,25.150,1509,,,,,,,1.7485,-0.4880,1.6047,3.7453,3.7453,9.0006
2026-06-15 16:27:25.973,Ashton3,right,25.167,1510,,,,,,,1.7353,-0.4635,1.5773,3.7917,3.7917,9.0148
2026-06-15 16:27:26.003,Ashton3,right,25.200,1512,,,,,,,1.7137,-0.4486,1.5940,3.8062,3.8062,8.9706
2026-06-15 16:27:26.034,Ashton3,right,25.233,1514,,,,,,,1.6604,-0.4484,1.6427,3.7391,3.7391,8.7741
2026-06-15 16:27:26.065,Ashton3,right,25.267,1516,,,,,,,1.5897,-0.4842,1.6642,3.7439,3.7439,8.6957
2026-06-15 16:27:26.095,Ashton3,right,25.300,1518,,,,,,,1.5517,-0.5024,1.6704,3.7763,3.7763,8.6559
2026-06-15 16:27:26.126,Ashton3,right,25.333,1520,,,,,,,1.4849,-0.5538,1.6913,3.8487,3.8487,8.7559
2026-06-15 16:27:26.157,Ashton3,right,25.367,1522,,,,,,,1.4602,-0.5900,1.7379,3.8223,3.8223,8.7740
2026-06-15 16:27:26.187,Ashton3,right,25.383,1523,,,,,,,1.4491,-0.6630,1.8039,3.7743,3.7743,8.8217
2026-06-15 16:27:26.218,Ashton3,right,25.417,1525,,,,,,,1.4518,-0.6933,1.8254,3.7703,3.7703,8.8131
2026-06-15 16:27:26.249,Ashton3,right,25.450,1527,,,,,,,1.4488,-0.7195,1.8408,3.7578,3.7578,8.7793
2026-06-15 16:27:26.279,Ashton3,right,25.483,1529,,,,,,,1.4677,-0.7761,1.8422,3.7216,3.7216,8.4466
2026-06-15 16:27:26.310,Ashton3,right,25.517,1531,,,,,,,1.4891,-0.8368,1.8189,3.6967,3.6967,8.2276
2026-06-15 16:27:26.341,Ashton3,right,25.550,1533,,,,,,,1.5011,-0.8697,1.7930,3.6950,3.6950,8.1575
2026-06-15 16:27:26.371,Ashton3,right,25.567,1534,,,,,,,1.5097,-0.8883,1.7870,3.7409,3.7409,8.4475
2026-06-15 16:27:26.401,Ashton3,right,25.600,1536,,,,,,,1.5290,-0.9280,1.7678,3.7769,3.7769,8.5246
2026-06-15 16:27:26.432,Ashton3,right,25.633,1538,,,,,,,1.5500,-0.9643,1.7598,3.7732,3.7732,8.4945
2026-06-15 16:27:26.462,Ashton3,right,25.667,1540,,,,,,,1.5482,-0.9962,1.7810,3.7587,3.7587,8.5393
2026-06-15 16:27:26.493,Ashton3,right,25.700,1542,,,,,,,1.5220,-0.9963,1.7925,3.7650,3.7650,8.6064
2026-06-15 16:27:26.523,Ashton3,right,25.733,1544,,,,,,,1.4912,-0.9889,1.8090,3.7666,3.7666,8.6928
2026-06-15 16:27:26.554,Ashton3,right,25.750,1545,,,,,,,1.4662,-0.9888,1.8126,3.7677,3.7677,8.6896
2026-06-15 16:27:26.584,Ashton3,right,25.783,1547,,,,,,,1.4733,-1.0075,1.8107,3.7323,3.7323,8.5061
2026-06-15 16:27:26.615,Ashton3,right,25.817,1549,,,,,,,1.4968,-1.0480,1.8096,3.6839,3.6839,8.2686
2026-06-15 16:27:26.645,Ashton3,right,25.850,1551,,,,,,,1.4951,-1.0865,1.7897,3.6578,3.6578,8.1398
2026-06-15 16:27:26.676,Ashton3,right,25.883,1553,,,,,,,1.4814,-1.1068,1.7742,3.6671,3.6671,8.0818
2026-06-15 16:27:26.706,Ashton3,right,25.917,1555,,,,,,,1.4685,-1.0896,1.7781,3.6478,3.6478,8.2278
2026-06-15 16:27:26.737,Ashton3,right,25.933,1556,,,,,,,1.4614,-1.0461,1.7924,3.6412,3.6412,8.2173
2026-06-15 16:27:26.768,Ashton3,right,25.967,1558,,,,,,,1.4681,-1.0355,1.7971,3.6441,3.6441,8.2327
2026-06-15 16:27:26.799,Ashton3,right,26.000,1560,,,,,,,1.4702,-1.0007,1.8001,3.6185,3.6185,8.2035
2026-06-15 16:27:26.829,Ashton3,right,26.033,1562,,,,,,,1.4487,-0.9766,1.8093,3.6992,3.6992,8.3532
2026-06-15 16:27:26.860,Ashton3,right,26.067,1564,,,,,,,1.4211,-0.9586,1.8130,3.7299,3.7299,8.4058
2026-06-15 16:27:26.891,Ashton3,right,26.100,1566,,,,,,,1.4342,-0.9548,1.7978,3.7140,3.7140,8.3848
2026-06-15 16:27:26.921,Ashton3,right,26.117,1567,,,,,,,1.4440,-0.9446,1.7553,3.6799,3.6799,8.2687
2026-06-15 16:27:26.952,Ashton3,right,26.150,1569,,,,,,,1.4292,-0.9252,1.7192,3.6666,3.6666,8.1884
2026-06-15 16:27:26.982,Ashton3,right,26.183,1571,,,,,,,1.4255,-0.9394,1.7039,3.6791,3.6791,8.2314
2026-06-15 16:27:27.012,Ashton3,right,26.217,1573,,,,,,,1.4309,-0.9902,1.7089,3.6342,3.6342,8.2592
2026-06-15 16:27:27.043,Ashton3,right,26.250,1575,,,,,,,1.4611,-1.0167,1.7154,3.6391,3.6391,8.4008
2026-06-15 16:27:27.074,Ashton3,right,26.283,1577,,,,,,,1.5068,-1.0422,1.7105,3.6026,3.6026,8.2883
2026-06-15 16:27:27.104,Ashton3,right,26.300,1578,,,,,,,1.6497,-1.0431,1.6616,3.6152,3.6152,8.2620
2026-06-15 16:27:27.135,Ashton3,right,26.333,1580,,,,,,,1.7026,-1.0743,1.6059,3.6883,3.6883,8.4897
2026-06-15 16:27:27.165,Ashton3,right,26.367,1582,,,,,,,1.6439,-1.0468,1.5732,3.7573,3.7573,8.5845
2026-06-15 16:27:27.196,Ashton3,right,26.400,1584,,,,,,,1.5815,-1.0095,1.5662,3.7337,3.7337,8.5016
2026-06-15 16:27:27.227,Ashton3,right,26.433,1586,,,,,,,1.5112,-0.9423,1.5445,3.7398,3.7398,8.4313
2026-06-15 16:27:27.257,Ashton3,right,26.467,1588,,,,,,,1.4845,-0.8471,1.5406,3.7507,3.7507,8.4810
2026-06-15 16:27:27.288,Ashton3,right,26.483,1589,,,,,,,1.4804,-0.7949,1.5589,3.7530,3.7530,8.6295
2026-06-15 16:27:27.319,Ashton3,right,26.517,1591,,,,,,,1.4723,-0.7909,1.5688,3.7605,3.7605,8.6570
2026-06-15 16:27:27.350,Ashton3,right,26.550,1593,,,,,,,1.4919,-0.7867,1.5565,3.7501,3.7501,8.6844
2026-06-15 16:27:27.380,Ashton3,right,26.583,1595,,,,,,,1.5101,-0.7574,1.5530,3.7415,3.7415,8.7585
2026-06-15 16:27:27.411,Ashton3,right,26.617,1597,,,,,,,1.5195,-0.7067,1.5708,3.7699,3.7699,8.7317
2026-06-15 16:27:27.441,Ashton3,right,26.650,1599,,,,,,,1.4993,-0.6797,1.5985,3.7516,3.7516,8.7824
2026-06-15 16:27:27.472,Ashton3,right,26.667,1600,,,,,,,1.4948,-0.6593,1.6102,3.7449,3.7449,8.6675
2026-06-15 16:27:27.502,Ashton3,right,26.700,1602,,,,,,,1.4963,-0.6359,1.6235,3.7563,3.7563,8.6187
2026-06-15 16:27:27.533,Ashton3,right,26.733,1604,,,,,,,1.4621,-0.5878,1.6760,3.7610,3.7610,8.7657
2026-06-15 16:27:27.564,Ashton3,right,26.767,1606,,,,,,,1.4773,-0.6175,1.7014,3.7758,3.7758,8.7558
2026-06-15 16:27:27.594,Ashton3,right,26.800,1608,,,,,,,1.5098,-0.6930,1.7048,3.7725,3.7725,9.0385
2026-06-15 16:27:27.625,Ashton3,right,26.833,1610,,,,,,,1.5452,-0.7188,1.7018,3.7912,3.7912,9.0168
2026-06-15 16:27:27.655,Ashton3,right,26.850,1611,,,,,,,1.5941,-0.7762,1.6808,3.7886,3.7886,9.1148
2026-06-15 16:27:27.686,Ashton3,right,26.883,1613,,,,,,,1.6185,-0.8385,1.6500,3.7773,3.7773,9.2631
2026-06-15 16:27:27.716,Ashton3,right,26.917,1615,,,,,,,1.6148,-0.8510,1.6385,3.7982,3.7982,9.2936
2026-06-15 16:27:27.747,Ashton3,right,26.950,1617,,,,,,,1.5742,-0.8726,1.6500,3.8555,3.8555,9.2990
2026-06-15 16:27:27.777,Ashton3,right,26.983,1619,,,,,,,1.5633,-0.8742,1.6508,3.9011,3.9011,9.2062
2026-06-15 16:27:27.809,Ashton3,right,27.017,1621,,,,,,,1.5486,-0.7998,1.6598,3.9000,3.9000,9.3817
2026-06-15 16:27:27.841,Ashton3,right,27.050,1623,,,,,,,1.6481,-0.6038,1.6298,3.8950,3.8950,9.5257
2026-06-15 16:27:27.871,Ashton3,right,27.067,1624,,,,,,,1.6803,-0.4835,1.6134,3.8397,3.8397,9.5545
2026-06-15 16:27:27.902,Ashton3,right,27.100,1626,,,,,,,1.6823,-0.3746,1.6026,3.8172,3.8172,9.6067
2026-06-15 16:27:27.933,Ashton3,right,27.133,1628,,,,,,,1.6643,-0.2412,1.6039,3.8118,3.8118,9.6800
2026-06-15 16:27:27.963,Ashton3,right,27.167,1630,,,,,,,1.6593,-0.1719,1.5955,3.8511,3.8511,9.6443
2026-06-15 16:27:27.993,Ashton3,right,27.200,1632,,,,,,,1.6807,-0.1309,1.5636,3.8478,3.8478,9.5873
2026-06-15 16:27:28.024,Ashton3,right,27.233,1634,,,,,,,1.6248,-0.1106,1.5594,3.8450,3.8450,9.6406
2026-06-15 16:27:28.055,Ashton3,right,27.250,1635,,,,,,,1.5077,-0.0487,1.5440,3.9196,3.9196,9.6844
2026-06-15 16:27:28.086,Ashton3,right,27.283,1637,,,,,,,1.5091,-0.0234,1.5325,3.9286,3.9286,9.7876
2026-06-15 16:27:28.116,Ashton3,right,27.317,1639,,,,,,,1.5673,0.0110,1.4821,3.8988,3.8988,9.7547
2026-06-15 16:27:28.147,Ashton3,right,27.350,1641,,,,,,,1.5684,0.0447,1.4625,3.8972,3.8972,9.8267
2026-06-15 16:27:28.177,Ashton3,right,27.383,1643,,,,,,,1.5330,0.0681,1.4543,3.9694,3.9694,9.9985
2026-06-15 16:27:28.208,Ashton3,right,27.417,1645,,,,,,,1.4747,0.0820,1.4753,4.0254,4.0254,10.2685
2026-06-15 16:27:28.239,Ashton3,right,27.433,1646,,,,,,,1.4461,0.0796,1.5076,4.0269,4.0269,10.2330
2026-06-15 16:27:28.269,Ashton3,right,27.467,1648,,,,,,,1.4642,0.0885,1.5110,4.0368,4.0368,10.0293
2026-06-15 16:27:28.300,Ashton3,right,27.500,1650,,,,,,,1.4920,0.1208,1.5074,3.9911,3.9911,9.7591
2026-06-15 16:27:28.330,Ashton3,right,27.533,1652,,,,,,,1.5124,0.1830,1.5412,3.8854,3.8854,9.5309
2026-06-15 16:27:28.361,Ashton3,right,27.567,1654,,,,,,,1.4960,0.2119,1.5824,3.9384,3.9384,9.6494
2026-06-15 16:27:28.391,Ashton3,right,27.600,1656,,,,,,,1.5347,0.2098,1.6080,3.9157,3.9157,9.4517
2026-06-15 16:27:28.423,Ashton3,right,27.633,1658,,,,,,,1.5528,0.2076,1.6244,3.8899,3.8899,9.4071
2026-06-15 16:27:28.454,Ashton3,right,27.650,1659,,,,,,,1.5368,0.2255,1.6477,3.9293,3.9293,9.4593
2026-06-15 16:27:28.484,Ashton3,right,27.683,1661,,,,,,,1.5585,0.3087,1.6675,3.8489,3.8489,9.0589
2026-06-15 16:27:28.514,Ashton3,right,27.717,1663,,,,,,,1.5482,0.3207,1.6721,3.8239,3.8239,8.7982
2026-06-15 16:27:28.545,Ashton3,right,27.750,1665,,,,,,,1.6124,0.3434,1.6735,3.7852,3.7852,8.7615
2026-06-15 16:27:28.575,Ashton3,right,27.783,1667,,,,,,,1.6131,0.3650,1.6903,3.8211,3.8211,8.8743
2026-06-15 16:27:28.606,Ashton3,right,27.800,1668,,,,,,,1.5797,0.3971,1.7055,3.9257,3.9257,8.9732
2026-06-15 16:27:28.637,Ashton3,right,27.833,1670,,,,,,,1.5977,0.4351,1.6953,3.9418,3.9418,8.9286
2026-06-15 16:27:28.667,Ashton3,right,27.867,1672,,,,,,,1.6011,0.4643,1.6929,3.9608,3.9608,8.8400
2026-06-15 16:27:28.698,Ashton3,right,27.900,1674,,,,,,,1.5944,0.5191,1.6936,3.9090,3.9090,8.7266
2026-06-15 16:27:28.728,Ashton3,right,27.933,1676,,,,,,,1.5819,0.5350,1.7284,3.9373,3.9373,9.0166
2026-06-15 16:27:28.759,Ashton3,right,27.967,1678,,,,,,,1.6051,0.6009,1.7455,3.8803,3.8803,8.7794
2026-06-15 16:27:28.790,Ashton3,right,28.000,1680,,,,,,,1.6505,0.6429,1.7349,3.8675,3.8675,8.4058
2026-06-15 16:27:28.820,Ashton3,right,28.017,1681,,,,,,,1.6653,0.6669,1.7262,3.8611,3.8611,8.2509
2026-06-15 16:27:28.851,Ashton3,right,28.050,1683,,,,,,,1.6498,0.6717,1.7269,3.8389,3.8389,8.2648
2026-06-15 16:27:28.882,Ashton3,right,28.083,1685,,,,,,,1.5923,0.6628,1.7615,3.8024,3.8024,8.4253
2026-06-15 16:27:28.912,Ashton3,right,28.117,1687,,,,,,,1.6005,0.6619,1.7915,3.7432,3.7432,8.1291
2026-06-15 16:27:28.943,Ashton3,right,28.150,1689,,,,,,,1.5606,0.6523,1.8288,3.7228,3.7228,8.0164
2026-06-15 16:27:28.973,Ashton3,right,28.183,1691,,,,,,,1.5484,0.6499,1.8448,3.7138,3.7138,7.9854
2026-06-15 16:27:29.004,Ashton3,right,28.200,1692,,,,,,,1.5494,0.6808,1.8539,3.6902,3.6902,7.6283
2026-06-15 16:27:29.034,Ashton3,right,28.233,1694,,,,,,,1.5691,0.7358,1.8507,3.6665,3.6665,7.4278
2026-06-15 16:27:29.065,Ashton3,right,28.267,1696,,,,,,,1.5769,0.8467,1.8618,3.5523,3.5523,6.9040
2026-06-15 16:27:29.095,Ashton3,right,28.300,1698,,,,,,,1.6008,0.9237,1.8560,3.5108,3.5108,6.5837
2026-06-15 16:27:29.126,Ashton3,right,28.333,1700,,,,,,,1.5782,0.9476,1.8428,3.5306,3.5306,6.4471
2026-06-15 16:27:29.157,Ashton3,right,28.367,1702,,,,,,,1.5533,0.9627,1.8133,3.5576,3.5576,6.4170
2026-06-15 16:27:29.187,Ashton3,right,28.383,1703,,,,,,,1.5403,0.9698,1.8212,3.5512,3.5512,6.4654
2026-06-15 16:27:29.217,Ashton3,right,28.417,1705,,,,,,,1.5909,0.9438,1.7957,3.5683,3.5683,6.7887
2026-06-15 16:27:29.248,Ashton3,right,28.450,1707,,,,,,,1.6362,0.9148,1.7784,3.5201,3.5201,6.5726
2026-06-15 16:27:29.278,Ashton3,right,28.483,1709,,,,,,,1.6503,0.8816,1.7606,3.5178,3.5178,6.5835
2026-06-15 16:27:29.309,Ashton3,right,28.517,1711,,,,,,,1.6637,0.8443,1.7461,3.4677,3.4677,6.2666
2026-06-15 16:27:29.340,Ashton3,right,28.550,1713,,,,,,,1.6456,0.7995,1.7495,3.5191,3.5191,6.3826
2026-06-15 16:27:29.371,Ashton3,right,28.567,1714,,,,,,,1.6448,0.8158,1.7504,3.4443,3.4443,6.0345
2026-06-15 16:27:29.401,Ashton3,right,28.600,1716,,,,,,,1.6332,0.8163,1.7553,3.4275,3.4275,5.9380
2026-06-15 16:27:29.431,Ashton3,right,28.633,1718,,,,,,,1.6151,0.7884,1.7653,3.4448,3.4448,6.2331
2026-06-15 16:27:29.462,Ashton3,right,28.667,1720,,,,,,,1.5984,0.8416,1.7842,3.3643,3.3643,5.8476
2026-06-15 16:27:29.493,Ashton3,right,28.700,1722,,,,,,,1.6127,0.8941,1.7881,3.3094,3.3094,5.6230
2026-06-15 16:27:29.523,Ashton3,right,28.733,1724,,,,,,,1.6454,0.9586,1.7873,3.2536,3.2536,5.2865
2026-06-15 16:27:29.554,Ashton3,right,28.750,1725,,,,,,,1.6832,1.0159,1.7665,3.2330,3.2330,5.0238
2026-06-15 16:27:29.584,Ashton3,right,28.783,1727,,,,,,,1.6830,1.0554,1.7630,3.2057,3.2057,4.9442
2026-06-15 16:27:29.615,Ashton3,right,28.817,1729,,,,,,,1.6939,1.0919,1.7663,3.1948,3.1948,4.8897
2026-06-15 16:27:29.645,Ashton3,right,28.850,1731,,,,,,,1.6770,1.0988,1.7527,3.1694,3.1694,4.7591
2026-06-15 16:27:29.676,Ashton3,right,28.883,1733,,,,,,,1.6472,1.0979,1.7333,3.1707,3.1707,4.7269
2026-06-15 16:27:29.707,Ashton3,right,28.900,1734,,,,,,,1.6350,1.0976,1.7228,3.1939,3.1939,4.7665
2026-06-15 16:27:29.737,Ashton3,right,28.933,1736,,,,,,,1.6175,1.0671,1.7047,3.2188,3.2188,4.7954
2026-06-15 16:27:29.768,Ashton3,right,28.967,1738,,,,,,,1.6338,1.0643,1.6921,3.1624,3.1624,4.7116
2026-06-15 16:27:29.798,Ashton3,right,29.000,1740,,,,,,,1.6343,1.0591,1.7051,3.1955,3.1955,4.7855
2026-06-15 16:27:29.829,Ashton3,right,29.033,1742,,,,,,,1.6246,1.0435,1.7164,3.2475,3.2475,4.9642
2026-06-15 16:27:29.860,Ashton3,right,29.067,1744,,,,,,,1.5928,1.0009,1.7535,3.2607,3.2607,5.0760
2026-06-15 16:27:29.891,Ashton3,right,29.100,1746,,,,,,,1.5800,0.9140,1.7917,3.3179,3.3179,5.2728
2026-06-15 16:27:29.922,Ashton3,right,29.117,1747,,,,,,,1.5907,0.8785,1.8172,3.3322,3.3322,5.3532
2026-06-15 16:27:29.952,Ashton3,right,29.150,1749,,,,,,,1.5920,0.8969,1.8182,3.2643,3.2643,5.2288
2026-06-15 16:27:29.983,Ashton3,right,29.183,1751,,,,,,,1.5757,0.8773,1.8494,3.2040,3.2040,5.0642
2026-06-15 16:27:30.014,Ashton3,right,29.217,1753,,,,,,,1.5709,0.8724,1.8579,3.1945,3.1945,5.0307
2026-06-15 16:27:30.044,Ashton3,right,29.250,1755,,,,,,,1.5649,0.8150,1.8784,3.2424,3.2424,5.1418
2026-06-15 16:27:30.075,Ashton3,right,29.283,1757,,,,,,,1.5881,0.7246,1.8851,3.3353,3.3353,5.4107
2026-06-15 16:27:30.105,Ashton3,right,29.300,1758,,,,,,,1.6011,0.6662,1.8894,3.2946,3.2946,5.3799
2026-06-15 16:27:30.136,Ashton3,right,29.333,1760,,,,,,,1.6043,0.6503,1.8887,3.2974,3.2974,5.3903
2026-06-15 16:27:30.166,Ashton3,right,29.367,1762,,,,,,,1.5874,0.6189,1.8884,3.3690,3.3690,5.5666
2026-06-15 16:27:30.197,Ashton3,right,29.400,1764,,,,,,,1.5898,0.6124,1.8754,3.3997,3.3997,5.5154
2026-06-15 16:27:30.227,Ashton3,right,29.433,1766,,,,,,,1.5849,0.6021,1.8654,3.3977,3.3977,5.4387
2026-06-15 16:27:30.258,Ashton3,right,29.467,1768,,,,,,,1.5624,0.3930,-0.8134,3.3808,3.3808,5.5046
2026-06-15 16:27:30.288,Ashton3,right,29.483,1769,,,,,,,1.5724,0.4879,1.8678,3.4499,3.4499,5.6778
2026-06-15 16:27:30.319,Ashton3,right,29.517,1771,,,,,,,1.6243,0.3909,1.8189,3.4210,3.4210,5.6881
2026-06-15 16:27:30.349,Ashton3,right,29.550,1773,,,,,,,1.6352,0.2887,1.7651,3.4453,3.4453,5.9519
2026-06-15 16:27:30.380,Ashton3,right,29.583,1775,,,,,,,1.6411,0.2435,1.7229,3.4404,3.4404,6.0914
2026-06-15 16:27:30.411,Ashton3,right,29.617,1777,,,,,,,1.6568,0.2424,1.7015,3.4505,3.4505,6.1707
2026-06-15 16:27:30.442,Ashton3,right,29.650,1779,,,,,,,1.6877,0.2680,1.6763,3.4482,3.4482,6.3752
2026-06-15 16:27:30.473,Ashton3,right,29.667,1780,,,,,,,1.6792,0.3061,1.6888,3.4659,3.4659,6.4709
2026-06-15 16:27:30.503,Ashton3,right,29.700,1782,,,,,,,1.6712,0.3164,1.7045,3.4922,3.4922,6.4977
2026-06-15 16:27:30.534,Ashton3,right,29.733,1784,,,,,,,1.6785,0.2865,1.7389,3.5556,3.5556,6.8176
2026-06-15 16:27:30.564,Ashton3,right,29.767,1786,,,,,,,1.6736,0.2867,1.7829,3.5540,3.5540,7.2014
2026-06-15 16:27:30.595,Ashton3,right,29.800,1788,,,,,,,1.6640,0.3470,1.8148,3.5972,3.5972,7.3630
2026-06-15 16:27:30.625,Ashton3,right,29.833,1790,,,,,,,1.6446,0.3858,1.8385,3.6488,3.6488,7.3073
2026-06-15 16:27:30.656,Ashton3,right,29.850,1791,,,,,,,1.6249,0.3802,1.8544,3.6444,3.6444,7.2558
2026-06-15 16:27:30.686,Ashton3,right,29.883,1793,,,,,,,1.5862,0.3236,1.8895,3.6929,3.6929,7.4533
2026-06-15 16:27:30.717,Ashton3,right,29.917,1795,,,,,,,1.5550,0.2884,1.9359,3.7325,3.7325,7.7923
2026-06-15 16:27:30.747,Ashton3,right,29.950,1797,,,,,,,1.5768,0.2550,1.9518,3.7431,3.7431,8.0075
2026-06-15 16:27:30.778,Ashton3,right,29.983,1799,,,,,,,1.5602,0.2222,1.9714,3.7623,3.7623,8.3063
2026-06-15 16:27:30.808,Ashton3,right,30.017,1801,,,,,,,1.5453,0.1455,2.0095,3.8608,3.8608,8.6338
2026-06-15 16:27:30.841,Ashton3,right,30.050,1803,,,,,,,1.5504,0.0716,2.0146,3.9032,3.9032,8.7500
2026-06-15 16:27:30.872,Ashton3,right,30.067,1804,,,,,,,1.6044,0.0357,1.9848,3.8442,3.8442,8.5826
2026-06-15 16:27:30.902,Ashton3,right,30.100,1806,,,,,,,1.6630,-0.0362,1.9140,3.7219,3.7219,8.3153
2026-06-15 16:27:30.933,Ashton3,right,30.133,1808,,,,,,,1.6721,-0.0528,1.8733,3.7151,3.7151,8.2807
2026-06-15 16:27:30.963,Ashton3,right,30.167,1810,,,,,,,1.6747,-0.0451,1.7875,3.6967,3.6967,8.3100
2026-06-15 16:27:30.994,Ashton3,right,30.200,1812,,,,,,,1.6851,-0.0243,1.7643,3.6948,3.6948,8.4216
2026-06-15 16:27:31.025,Ashton3,right,30.233,1814,,,,,,,1.7053,0.0131,1.7229,3.7068,3.7068,8.3018
2026-06-15 16:27:31.056,Ashton3,right,30.250,1815,,,,,,,1.6625,0.0161,1.6922,3.7471,3.7471,8.4778
2026-06-15 16:27:31.086,Ashton3,right,30.283,1817,,,,,,,1.6709,-0.0266,1.6770,3.7562,3.7562,8.4153
2026-06-15 16:27:31.117,Ashton3,right,30.317,1819,,,,,,,1.6857,-0.0128,1.6689,3.6891,3.6891,8.2313
2026-06-15 16:27:31.147,Ashton3,right,30.350,1821,,,,,,,1.7180,-0.0336,1.6387,3.6966,3.6966,8.3357
2026-06-15 16:27:31.178,Ashton3,right,30.383,1823,,,,,,,1.7528,-0.0822,1.6083,3.7113,3.7113,8.4682
2026-06-15 16:27:31.209,Ashton3,right,30.417,1825,,,,,,,1.7797,-0.1662,1.5628,3.6845,3.6845,8.6064
2026-06-15 16:27:31.239,Ashton3,right,30.433,1826,,,,,,,1.7563,-0.2688,1.5339,3.6828,3.6828,8.6331
2026-06-15 16:27:31.270,Ashton3,right,30.467,1828,,,,,,,1.7159,-0.3310,1.5632,3.6879,3.6879,8.7663
2026-06-15 16:27:31.301,Ashton3,right,30.500,1830,,,,,,,1.6942,-0.3639,1.5921,3.7030,3.7030,8.8550
2026-06-15 16:27:31.331,Ashton3,right,30.533,1832,,,,,,,1.6874,-0.4452,1.6215,3.7276,3.7276,8.9987
2026-06-15 16:27:31.362,Ashton3,right,30.567,1834,,,,,,,1.6986,-0.4841,1.6471,3.7934,3.7934,8.9687
2026-06-15 16:27:31.392,Ashton3,right,30.600,1836,,,,,,,1.7272,-0.5165,1.6655,3.8095,3.8095,9.0016
2026-06-15 16:27:31.423,Ashton3,right,30.617,1837,,,,,,,1.7326,-0.5431,1.6695,3.8151,3.8151,9.0939
2026-06-15 16:27:31.454,Ashton3,right,30.650,1839,,,,,,,1.7429,-0.5795,1.6636,3.7622,3.7622,8.9726
2026-06-15 16:27:31.485,Ashton3,right,30.683,1841,,,,,,,1.7516,-0.6243,1.6505,3.7722,3.7722,8.9923
2026-06-15 16:27:31.515,Ashton3,right,30.717,1843,,,,,,,1.7536,-0.6483,1.6377,3.7801,3.7801,8.9633
2026-06-15 16:27:31.545,Ashton3,right,30.750,1845,,,,,,,1.8077,-0.7059,1.5819,3.6844,3.6844,8.6111
2026-06-15 16:27:31.576,Ashton3,right,30.783,1847,,,,,,,1.8068,-0.7632,1.5363,3.6541,3.6541,8.5279
2026-06-15 16:27:31.606,Ashton3,right,30.800,1848,,,,,,,1.8160,-0.8025,1.5170,3.6345,3.6345,8.4719
2026-06-15 16:27:31.637,Ashton3,right,30.833,1850,,,,,,,1.7988,-0.8843,1.4967,3.6518,3.6518,8.5493
2026-06-15 16:27:31.667,Ashton3,right,30.867,1852,,,,,,,1.8034,-0.9046,1.5116,3.6769,3.6769,8.6048
2026-06-15 16:27:31.698,Ashton3,right,30.900,1854,,,,,,,1.7566,-0.9580,1.5281,3.7002,3.7002,8.6762
2026-06-15 16:27:31.728,Ashton3,right,30.933,1856,,,,,,,1.7344,-0.9537,1.5409,3.7335,3.7335,8.8070
2026-06-15 16:27:31.759,Ashton3,right,30.967,1858,,,,,,,1.6863,-0.9566,1.5623,3.7919,3.7919,8.8184
2026-06-15 16:27:31.789,Ashton3,right,30.983,1859,,,,,,,1.6768,-0.9682,1.5534,3.7596,3.7596,8.8471
2026-06-15 16:27:31.820,Ashton3,right,31.017,1861,,,,,,,1.6731,-0.9641,1.5582,3.7786,3.7786,8.8511
2026-06-15 16:27:31.853,Ashton3,right,31.050,1863,,,,,,,1.6896,-0.9996,1.5628,3.7741,3.7741,8.8379
2026-06-15 16:27:31.883,Ashton3,right,31.083,1865,,,,,,,1.7106,-1.0391,1.5618,3.7299,3.7299,8.7692
2026-06-15 16:27:31.914,Ashton3,right,31.117,1867,,,,,,,1.7418,-1.0346,1.5523,3.7540,3.7540,8.7460
2026-06-15 16:27:31.944,Ashton3,right,31.150,1869,,,,,,,1.7391,-1.0371,1.5421,3.8122,3.8122,8.9231
2026-06-15 16:27:31.975,Ashton3,right,31.183,1871,,,,,,,1.7056,-1.0526,1.5497,3.8909,3.8909,9.2346
2026-06-15 16:27:32.005,Ashton3,right,31.200,1872,,,,,,,1.6851,-1.0473,1.5579,3.9011,3.9011,9.2733
2026-06-15 16:27:32.036,Ashton3,right,31.233,1874,,,,,,,1.6566,-1.0250,1.5793,3.9143,3.9143,9.2940
2026-06-15 16:27:32.066,Ashton3,right,31.267,1876,,,,,,,1.6872,-1.0322,1.5776,3.8660,3.8660,9.0650
2026-06-15 16:27:32.097,Ashton3,right,31.300,1878,,,,,,,1.6949,-1.0068,1.5751,3.8893,3.8893,9.0243
2026-06-15 16:27:32.127,Ashton3,right,31.333,1880,,,,,,,1.6753,-0.9857,1.5790,3.9077,3.9077,9.1125
2026-06-15 16:27:32.158,Ashton3,right,31.367,1882,,,,,,,1.6573,-0.9621,1.5881,3.9405,3.9405,9.2001
2026-06-15 16:27:32.188,Ashton3,right,31.383,1883,,,,,,,1.6552,-0.9498,1.5945,3.9296,3.9296,9.1628
2026-06-15 16:27:32.219,Ashton3,right,31.417,1885,,,,,,,1.6757,-0.9215,1.5779,3.8953,3.8953,9.0706
2026-06-15 16:27:32.249,Ashton3,right,31.450,1887,,,,,,,1.7296,-0.9119,1.5517,3.8761,3.8761,9.2399
2026-06-15 16:27:32.280,Ashton3,right,31.483,1889,,,,,,,1.7593,-0.9135,1.5471,3.9309,3.9309,9.4280
2026-06-15 16:27:32.311,Ashton3,right,31.517,1891,,,,,,,1.7659,-0.9129,1.5530,3.9515,3.9515,9.4887
2026-06-15 16:27:32.341,Ashton3,right,31.550,1893,,,,,,,1.7495,-0.9069,1.5528,3.9507,3.9507,9.5099
2026-06-15 16:27:32.372,Ashton3,right,31.567,1894,,,,,,,1.6940,-0.8990,1.5752,3.9909,3.9909,9.5265
2026-06-15 16:27:32.403,Ashton3,right,31.600,1896,,,,,,,1.6349,-0.8959,1.5950,4.0313,4.0313,9.6427
2026-06-15 16:27:32.434,Ashton3,right,31.633,1898,,,,,,,1.6166,-0.8924,1.6017,4.0434,4.0434,9.6568
2026-06-15 16:27:32.465,Ashton3,right,31.667,1900,,,,,,,1.6010,-0.8810,1.6039,4.0515,4.0515,9.7120
2026-06-15 16:27:32.495,Ashton3,right,31.700,1902,,,,,,,1.6197,-0.8651,1.5965,4.0146,4.0146,9.6814
2026-06-15 16:27:32.525,Ashton3,right,31.733,1904,,,,,,,1.6531,-0.8410,1.5856,4.0076,4.0076,9.6081
2026-06-15 16:27:32.556,Ashton3,right,31.750,1905,,,,,,,1.6741,-0.7912,1.5722,3.9969,3.9969,9.6354
2026-06-15 16:27:32.587,Ashton3,right,31.783,1907,,,,,,,1.6686,-0.7684,1.5690,3.9901,3.9901,9.6886
2026-06-15 16:27:32.617,Ashton3,right,31.817,1909,,,,,,,1.6623,-0.7140,1.5710,4.0350,4.0350,9.7641
2026-06-15 16:27:32.648,Ashton3,right,31.850,1911,,,,,,,1.6660,-0.6372,1.5967,4.0839,4.0839,9.7413
2026-06-15 16:27:32.678,Ashton3,right,31.883,1913,,,,,,,1.6656,-0.6100,1.6233,4.0875,4.0875,9.9139
2026-06-15 16:27:32.709,Ashton3,right,31.917,1915,,,,,,,1.6668,-0.6097,1.6264,4.0951,4.0951,10.0295
2026-06-15 16:27:32.740,Ashton3,right,31.933,1916,,,,,,,1.6558,-0.5693,1.6278,4.0799,4.0799,10.0245
2026-06-15 16:27:32.770,Ashton3,right,31.967,1918,,,,,,,1.6702,-0.5429,1.6333,4.0789,4.0789,9.9904
2026-06-15 16:27:32.801,Ashton3,right,32.000,1920,,,,,,,1.6738,-0.5058,1.6420,4.0787,4.0787,9.9287
2026-06-15 16:27:32.832,Ashton3,right,32.033,1922,,,,,,,1.6807,-0.4871,1.6593,4.0644,4.0644,9.9786
2026-06-15 16:27:32.863,Ashton3,right,32.067,1924,,,,,,,1.6933,-0.4589,1.6545,4.0532,4.0532,9.8602
2026-06-15 16:27:32.893,Ashton3,right,32.100,1926,,,,,,,1.7157,-0.4109,1.6344,4.0317,4.0317,9.7204
2026-06-15 16:27:32.924,Ashton3,right,32.133,1928,,,,,,,1.7432,-0.3293,1.5921,3.9240,3.9240,9.3083
2026-06-15 16:27:32.955,Ashton3,right,32.150,1929,,,,,,,1.7460,-0.2735,1.5668,3.9130,3.9130,9.2182
2026-06-15 16:27:32.985,Ashton3,right,32.183,1931,,,,,,,1.7574,-0.2480,1.5497,3.8726,3.8726,9.1000
2026-06-15 16:27:33.015,Ashton3,right,32.217,1933,,,,,,,1.7544,-0.2312,1.5464,3.8741,3.8741,9.0552
2026-06-15 16:27:33.046,Ashton3,right,32.250,1935,,,,,,,1.7396,-0.1872,1.5289,3.8966,3.8966,9.0069
2026-06-15 16:27:33.077,Ashton3,right,32.283,1937,,,,,,,1.7200,-0.1482,1.5239,3.9405,3.9405,9.0502
2026-06-15 16:27:33.108,Ashton3,right,32.317,1939,,,,,,,1.7116,-0.1317,1.4983,3.9701,3.9701,9.0152
2026-06-15 16:27:33.138,Ashton3,right,32.333,1940,,,,,,,1.6880,-0.0783,1.5245,3.9909,3.9909,9.3760
2026-06-15 16:27:33.169,Ashton3,right,32.367,1942,,,,,,,1.7307,-0.0416,1.5376,3.9992,3.9992,9.3201
2026-06-15 16:27:33.199,Ashton3,right,32.400,1944,,,,,,,1.7429,-0.0218,1.5383,4.0102,4.0102,9.3085
2026-06-15 16:27:33.230,Ashton3,right,32.433,1946,,,,,,,1.7083,0.0785,1.5502,3.9822,3.9822,9.2317
2026-06-15 16:27:33.260,Ashton3,right,32.467,1948,,,,,,,1.6929,0.1399,1.5678,3.9293,3.9293,9.1478
2026-06-15 16:27:33.291,Ashton3,right,32.500,1950,,,,,,,1.6337,0.2256,1.6022,3.8495,3.8495,8.8544
2026-06-15 16:27:33.322,Ashton3,right,32.517,1951,,,,,,,1.6484,0.2379,1.6185,3.8143,3.8143,8.6705
2026-06-15 16:27:33.353,Ashton3,right,32.550,1953,,,,,,,1.6052,0.2775,1.6077,3.7210,3.7210,8.6337
2026-06-15 16:27:33.383,Ashton3,right,32.583,1955,,,,,,,1.5710,0.3233,1.6029,3.7813,3.7813,8.8166
2026-06-15 16:27:33.414,Ashton3,right,32.617,1957,,,,,,,1.5451,0.3418,1.6331,3.8109,3.8109,9.0625
2026-06-15 16:27:33.445,Ashton3,right,32.650,1959,,,,,,,1.5381,0.3622,1.6508,3.8172,3.8172,9.1174
2026-06-15 16:27:33.476,Ashton3,right,32.683,1961,,,,,,,1.5758,0.3633,1.6820,3.8792,3.8792,9.3171
2026-06-15 16:27:33.507,Ashton3,right,32.700,1962,,,,,,,1.5743,0.3659,1.7111,3.9379,3.9379,9.4661
2026-06-15 16:27:33.537,Ashton3,right,32.733,1964,,,,,,,1.6251,0.3940,1.7541,3.9633,3.9633,9.1109
2026-06-15 16:27:33.568,Ashton3,right,32.767,1966,,,,,,,1.7042,0.4745,1.7489,3.7671,3.7671,8.3312
2026-06-15 16:27:33.598,Ashton3,right,32.800,1968,,,,,,,1.7480,0.4963,1.7336,3.7452,3.7452,8.0581
2026-06-15 16:27:33.628,Ashton3,right,32.833,1970,,,,,,,1.7866,0.5181,1.7067,3.7052,3.7052,7.7034
2026-06-15 16:27:33.659,Ashton3,right,32.867,1972,,,,,,,1.6799,0.4304,1.7302,3.7634,3.7634,8.4145
2026-06-15 16:27:33.689,Ashton3,right,32.883,1973,,,,,,,1.6715,0.3983,1.7449,3.7757,3.7757,8.6180
2026-06-15 16:27:33.719,Ashton3,right,32.917,1975,,,,,,,1.7674,0.1675,1.6821,3.6030,3.6030,7.9921
2026-06-15 16:27:33.750,Ashton3,right,32.950,1977,,,,,,,1.8649,-0.0726,1.6537,3.6383,3.6383,8.0366
2026-06-15 16:27:33.781,Ashton3,right,32.983,1979,,,,,,,2.0111,-0.3500,1.5888,3.7209,3.7209,8.2455
2026-06-15 16:27:33.811,Ashton3,right,33.017,1981,,,,,,,2.1028,-0.4762,1.5463,3.7853,3.7853,8.4740
2026-06-15 16:27:33.842,Ashton3,right,33.050,1983,,,,,,,2.1744,-0.5033,1.5330,3.7592,3.7592,8.5154
2026-06-15 16:27:33.873,Ashton3,right,33.067,1984,,,,,,,2.1936,-0.4812,1.5590,3.7890,3.7890,8.7740
2026-06-15 16:27:33.904,Ashton3,right,33.100,1986,,,,,,,2.1798,-0.4702,1.5799,3.7576,3.7576,8.7336
2026-06-15 16:27:33.934,Ashton3,right,33.133,1988,,,,,,,2.1591,-0.4757,1.5797,3.7517,3.7517,8.7648
2026-06-15 16:27:33.965,Ashton3,right,33.167,1990,,,,,,,2.1575,-0.4620,1.5792,3.7392,3.7392,8.6929
2026-06-15 16:27:33.996,Ashton3,right,33.200,1992,,,,,,,2.1939,-0.4450,1.5379,3.6697,3.6697,8.3234
2026-06-15 16:27:34.026,Ashton3,right,33.233,1994,,,,,,,2.2195,-0.4053,1.4971,3.6187,3.6187,8.2306
2026-06-15 16:27:34.057,Ashton3,right,33.267,1996,,,,,,,2.2778,-0.3593,1.5057,3.7285,3.7285,8.5140
2026-06-15 16:27:34.088,Ashton3,right,33.283,1997,,,,,,,2.2679,-0.3140,1.5223,3.7238,3.7238,8.6416
2026-06-15 16:27:34.118,Ashton3,right,33.317,1999,,,,,,,2.2921,-0.2641,1.5660,3.7599,3.7599,8.8431
2026-06-15 16:27:34.148,Ashton3,right,33.350,2001,,,,,,,2.3487,-0.2465,1.6046,3.8072,3.8072,9.0875
2026-06-15 16:27:34.179,Ashton3,right,33.383,2003,,,,,,,2.3967,-0.2275,1.5890,3.7567,3.7567,8.8214
2026-06-15 16:27:34.209,Ashton3,right,33.417,2005,,,,,,,2.4666,-0.2247,1.5778,3.7523,3.7523,8.6548
2026-06-15 16:27:34.240,Ashton3,right,33.433,2006,,,,,,,2.4764,-0.1923,1.5625,3.6734,3.6734,8.7195
2026-06-15 16:27:34.270,Ashton3,right,33.467,2008,,,,,,,2.4807,-0.1232,1.5440,3.7245,3.7245,8.8147
2026-06-15 16:27:34.300,Ashton3,right,33.500,2010,,,,,,,2.4510,-0.0321,1.5151,3.7216,3.7216,8.8542
2026-06-15 16:27:34.331,Ashton3,right,33.533,2012,,,,,,,2.4890,-0.0292,1.5024,3.6715,3.6715,9.0101
2026-06-15 16:27:34.361,Ashton3,right,33.567,2014,,,,,,,2.4574,-0.0132,1.5084,3.7533,3.7533,9.2255
2026-06-15 16:27:34.392,Ashton3,right,33.600,2016,,,,,,,2.4888,0.0322,1.5006,3.7655,3.7655,8.8637
2026-06-15 16:27:34.422,Ashton3,right,33.617,2017,,,,,,,2.4744,0.0428,1.4997,3.8194,3.8194,9.1879
2026-06-15 16:27:34.453,Ashton3,right,33.650,2019,,,,,,,2.4892,0.1164,1.5222,3.8139,3.8139,9.0785
2026-06-15 16:27:34.484,Ashton3,right,33.683,2021,,,,,,,2.4565,0.1533,1.5377,3.8038,3.8038,9.2448
2026-06-15 16:27:34.514,Ashton3,right,33.717,2023,,,,,,,2.4630,0.1704,1.5372,3.7290,3.7290,9.1570
2026-06-15 16:27:34.545,Ashton3,right,33.750,2025,,,,,,,2.5011,0.2402,1.5236,3.7738,3.7738,9.0286
2026-06-15 16:27:34.576,Ashton3,right,33.783,2027,,,,,,,2.4922,0.3141,1.5450,3.7831,3.7831,9.0881
2026-06-15 16:27:34.607,Ashton3,right,33.800,2028,,,,,,,2.4889,0.3860,1.5379,3.7792,3.7792,9.0436
2026-06-15 16:27:34.637,Ashton3,right,33.833,2030,,,,,,,2.4783,0.4448,1.5333,3.7549,3.7549,8.9725
2026-06-15 16:27:34.668,Ashton3,right,33.867,2032,,,,,,,2.4728,0.5368,1.5185,3.7134,3.7134,8.6333
2026-06-15 16:27:34.699,Ashton3,right,33.900,2034,,,,,,,2.4838,0.5867,1.4858,3.6927,3.6927,8.3940
2026-06-15 16:27:34.729,Ashton3,right,33.933,2036,,,,,,,2.5178,0.6386,1.4467,3.6999,3.6999,8.2113
2026-06-15 16:27:34.760,Ashton3,right,33.967,2038,,,,,,,2.4774,0.6886,1.4092,3.6403,3.6403,8.1974
2026-06-15 16:27:34.791,Ashton3,right,34.000,2040,,,,,,,2.4639,0.7098,1.4318,3.6693,3.6693,8.4211
2026-06-15 16:27:34.821,Ashton3,right,34.017,2041,,,,,,,2.4733,0.7083,1.4222,3.7478,3.7478,8.6421
2026-06-15 16:27:34.852,Ashton3,right,34.050,2043,,,,,,,2.4427,0.7854,1.4584,3.6646,3.6646,8.8617
2026-06-15 16:27:34.883,Ashton3,right,34.083,2045,,,,,,,2.4541,0.8257,1.4618,3.6486,3.6486,8.4926
2026-06-15 16:27:34.913,Ashton3,right,34.117,2047,,,,,,,2.4350,0.8258,1.4645,3.6409,3.6409,8.4291
2026-06-15 16:27:34.944,Ashton3,right,34.150,2049,,,,,,,2.4233,0.8362,1.5077,3.6641,3.6641,8.3748
2026-06-15 16:27:34.975,Ashton3,right,34.183,2051,,,,,,,2.3929,0.8706,1.5448,3.7499,3.7499,8.3871
2026-06-15 16:27:35.006,Ashton3,right,34.200,2052,,,,,,,2.3512,0.9238,1.5666,3.6987,3.6987,8.0454
2026-06-15 16:27:35.036,Ashton3,right,34.233,2054,,,,,,,2.3271,0.9480,1.5744,3.7040,3.7040,8.0150
2026-06-15 16:27:35.067,Ashton3,right,34.267,2056,,,,,,,2.3171,0.9757,1.5742,3.6663,3.6663,7.8064
2026-06-15 16:27:35.097,Ashton3,right,34.300,2058,,,,,,,2.2743,1.0096,1.5797,3.6395,3.6395,7.4336
2026-06-15 16:27:35.128,Ashton3,right,34.333,2060,,,,,,,2.2319,1.0342,1.5822,3.6815,3.6815,7.4070
2026-06-15 16:27:35.158,Ashton3,right,34.367,2062,,,,,,,2.2405,1.0748,1.5907,3.7479,3.7479,7.5253
2026-06-15 16:27:35.189,Ashton3,right,34.383,2063,,,,,,,2.2300,1.1142,1.6037,3.7806,3.7806,7.5965
2026-06-15 16:27:35.220,Ashton3,right,34.417,2065,,,,,,,2.2484,1.1392,1.6052,3.7309,3.7309,7.5229
2026-06-15 16:27:35.250,Ashton3,right,34.450,2067,,,,,,,2.2155,1.2411,1.5833,3.5448,3.5448,7.1442
2026-06-15 16:27:35.281,Ashton3,right,34.483,2069,,,,,,,2.2193,1.2475,1.5816,3.5622,3.5622,7.1252
2026-06-15 16:27:35.311,Ashton3,right,34.517,2071,,,,,,,2.1905,1.2364,1.5924,3.4929,3.4929,6.8814
2026-06-15 16:27:35.342,Ashton3,right,34.550,2073,,,,,,,2.1240,1.1400,1.5963,3.5752,3.5752,7.2757
2026-06-15 16:27:35.372,Ashton3,right,34.567,2074,,,,,,,2.0588,1.0926,1.5937,3.6139,3.6139,7.1808
2026-06-15 16:27:35.403,Ashton3,right,34.600,2076,,,,,,,2.0393,1.0583,1.5927,3.6480,3.6480,7.3141
2026-06-15 16:27:35.433,Ashton3,right,34.633,2078,,,,,,,1.9816,1.0690,1.6198,3.6129,3.6129,6.9173
2026-06-15 16:27:35.464,Ashton3,right,34.667,2080,,,,,,,1.9033,1.0635,1.6827,3.5072,3.5072,6.8152
2026-06-15 16:27:35.494,Ashton3,right,34.700,2082,,,,,,,1.8000,1.0312,1.7593,3.5359,3.5359,6.9604
2026-06-15 16:27:35.525,Ashton3,right,34.733,2084,,,,,,,1.7338,1.0844,1.8535,3.4706,3.4706,6.6135
2026-06-15 16:27:35.556,Ashton3,right,34.750,2085,,,,,,,1.6617,1.1931,1.9109,3.4331,3.4331,6.1655
2026-06-15 16:27:35.586,Ashton3,right,34.783,2087,,,,,,,1.6219,1.2334,1.9401,3.4401,3.4401,6.1904
2026-06-15 16:27:35.616,Ashton3,right,34.817,2089,,,,,,,1.5594,1.2622,2.0006,3.4284,3.4284,6.1030
2026-06-15 16:27:35.647,Ashton3,right,34.850,2091,,,,,,,1.5221,1.2699,2.0256,3.4644,3.4644,6.2937
2026-06-15 16:27:35.678,Ashton3,right,34.883,2093,,,,,,,1.4995,1.2823,2.0330,3.4735,3.4735,6.3387
2026-06-15 16:27:35.708,Ashton3,right,34.917,2095,,,,,,,1.4391,1.2915,2.0513,3.4944,3.4944,6.5563
2026-06-15 16:27:35.739,Ashton3,right,34.933,2096,,,,,,,1.4054,1.2858,2.0737,3.5142,3.5142,6.6704
2026-06-15 16:27:35.769,Ashton3,right,34.967,2098,,,,,,,1.3426,1.2505,2.1019,3.5581,3.5581,6.8536
2026-06-15 16:27:35.799,Ashton3,right,35.000,2100,,,,,,,1.2811,1.2296,2.1416,3.5784,3.5784,6.8321
2026-06-15 16:27:35.830,Ashton3,right,35.033,2102,,,,,,,1.2554,1.2234,2.1515,3.6051,3.6051,6.8453
2026-06-15 16:27:35.861,Ashton3,right,35.067,2104,,,,,,,1.1819,1.1831,2.1652,3.6713,3.6713,7.1343
2026-06-15 16:27:35.892,Ashton3,right,35.100,2106,,,,,,,1.1179,1.1302,2.1976,3.7710,3.7710,7.6287
2026-06-15 16:27:35.922,Ashton3,right,35.117,2107,,,,,,,1.0773,1.1499,2.2415,3.7579,3.7579,7.4904
2026-06-15 16:27:35.953,Ashton3,right,35.150,2109,,,,,,,1.0413,1.1797,2.2660,3.7815,3.7815,7.3999
2026-06-15 16:27:35.983,Ashton3,right,35.183,2111,,,,,,,0.9837,1.2800,2.3080,3.6204,3.6204,6.7308
2026-06-15 16:27:36.014,Ashton3,right,35.217,2113,,,,,,,0.9539,1.3169,2.3378,3.5897,3.5897,6.5478
2026-06-15 16:27:36.045,Ashton3,right,35.250,2115,,,,,,,0.9315,1.3233,2.3587,3.5971,3.5971,6.5990
2026-06-15 16:27:36.076,Ashton3,right,35.283,2117,,,,,,,0.8033,1.2828,2.4133,3.6034,3.6034,6.8647
2026-06-15 16:27:36.106,Ashton3,right,35.300,2118,,,,,,,0.7426,1.2333,2.4661,3.6711,3.6711,7.2036
2026-06-15 16:27:36.137,Ashton3,right,35.333,2120,,,,,,,0.7169,1.2544,2.5138,3.6452,3.6452,7.1904
2026-06-15 16:27:36.167,Ashton3,right,35.367,2122,,,,,,,0.7059,1.2471,2.5293,3.7238,3.7238,7.3062
2026-06-15 16:27:36.198,Ashton3,right,35.400,2124,,,,,,,0.6946,1.2672,2.5511,3.7417,3.7417,7.4391
2026-06-15 16:27:36.229,Ashton3,right,35.433,2126,,,,,,,0.6720,1.2767,2.5677,3.7799,3.7799,7.5839
2026-06-15 16:27:36.259,Ashton3,right,35.467,2128,,,,,,,0.6302,1.3087,2.5977,3.7652,3.7652,7.4201
2026-06-15 16:27:36.290,Ashton3,right,35.483,2129,,,,,,,0.6028,1.3344,2.6162,3.7633,3.7633,7.3538
2026-06-15 16:27:36.320,Ashton3,right,35.517,2131,,,,,,,0.5935,1.3611,2.6308,3.7572,3.7572,7.2912
2026-06-15 16:27:36.351,Ashton3,right,35.550,2133,,,,,,,0.5486,1.3873,2.6596,3.7313,3.7313,7.1290
2026-06-15 16:27:36.381,Ashton3,right,35.583,2135,,,,,,,0.5283,1.3827,2.6699,3.7343,3.7343,7.2469
2026-06-15 16:27:36.412,Ashton3,right,35.617,2137,,,,,,,0.4855,1.3903,2.6760,3.7203,3.7203,7.1207
2026-06-15 16:27:36.443,Ashton3,right,35.650,2139,,,,,,,0.4493,1.3739,2.6868,3.7196,3.7196,7.2402
2026-06-15 16:27:36.474,Ashton3,right,35.683,2141,,,,,,,0.3486,1.3165,2.7185,3.7664,3.7664,7.5264
2026-06-15 16:27:36.504,Ashton3,right,35.700,2142,,,,,,,0.2535,1.2535,2.7693,3.7651,3.7651,7.7792
2026-06-15 16:27:36.535,Ashton3,right,35.733,2144,,,,,,,0.1978,1.1796,2.8018,3.8184,3.8184,8.0069
2026-06-15 16:27:36.565,Ashton3,right,35.767,2146,,,,,,,0.1813,1.1590,2.7980,3.8205,3.8205,7.9444
2026-06-15 16:27:36.596,Ashton3,right,35.800,2148,,,,,,,0.1281,1.0987,2.8130,3.7769,3.7769,8.0146
2026-06-15 16:27:36.627,Ashton3,right,35.833,2150,,,,,,,0.1608,1.0453,2.8208,3.7985,3.7985,8.0616
2026-06-15 16:27:36.657,Ashton3,right,35.867,2152,,,,,,,0.1538,1.0169,2.8378,3.7508,3.7508,7.9696
2026-06-15 16:27:36.688,Ashton3,right,35.883,2153,,,,,,,0.0986,1.0058,2.8786,3.6734,3.6734,7.7670
2026-06-15 16:27:36.719,Ashton3,right,35.917,2155,,,,,,,0.0721,1.0116,2.8827,3.6942,3.6942,7.7504
2026-06-15 16:27:36.749,Ashton3,right,35.950,2157,,,,,,,-0.0943,0.9901,2.8569,3.8483,3.8483,8.0167
2026-06-15 16:27:36.780,Ashton3,right,35.983,2159,,,,,,,-0.0195,0.9581,2.8164,3.9239,3.9239,8.3978
2026-06-15 16:27:36.810,Ashton3,right,36.017,2161,,,,,,,0.0634,0.9539,2.7742,3.9395,3.9395,8.5160
2026-06-15 16:27:36.840,Ashton3,right,36.050,2163,,,,,,,0.2051,0.8531,2.6455,4.0667,4.0667,9.0512
2026-06-15 16:27:36.871,Ashton3,right,36.067,2164,,,,,,,0.2223,0.8352,2.6170,4.1020,4.1020,9.1077
2026-06-15 16:27:36.902,Ashton3,right,36.100,2166,,,,,,,0.2506,0.8166,2.5737,4.1010,4.1010,9.0220
2026-06-15 16:27:36.933,Ashton3,right,36.133,2168,,,,,,,0.2660,0.7747,2.5480,4.0954,4.0954,8.8197
2026-06-15 16:27:36.963,Ashton3,right,36.167,2170,,,,,,,0.2555,0.7271,2.5397,4.0835,4.0835,8.8176
2026-06-15 16:27:36.994,Ashton3,right,36.200,2172,,,,,,,0.2547,0.7032,2.5369,4.0753,4.0753,8.9001
2026-06-15 16:27:37.025,Ashton3,right,36.217,2173,,,,,,,0.2595,0.6639,2.5447,4.1062,4.1062,9.0131
2026-06-15 16:27:37.055,Ashton3,right,36.250,2175,,,,,,,0.2681,0.6287,2.5422,4.0849,4.0849,8.9192
2026-06-15 16:27:37.086,Ashton3,right,36.283,2177,,,,,,,0.2741,0.5978,2.5381,4.0854,4.0854,9.0100
2026-06-15 16:27:37.117,Ashton3,right,36.317,2179,,,,,,,0.2794,0.5803,2.5318,4.1005,4.1005,9.0981
2026-06-15 16:27:37.147,Ashton3,right,36.350,2181,,,,,,,0.3129,0.5624,2.5117,4.1024,4.1024,8.9115
2026-06-15 16:27:37.178,Ashton3,right,36.383,2183,,,,,,,0.3384,0.5533,2.5014,4.0688,4.0688,8.8508
2026-06-15 16:27:37.208,Ashton3,right,36.417,2185,,,,,,,0.3764,0.5024,2.4953,4.0812,4.0812,8.9201
2026-06-15 16:27:37.239,Ashton3,right,36.433,2186,,,,,,,0.3960,0.4176,2.4810,4.0806,4.0806,8.9233
2026-06-15 16:27:37.269,Ashton3,right,36.467,2188,,,,,,,0.4093,0.3780,2.4809,4.0488,4.0488,8.8742
2026-06-15 16:27:37.300,Ashton3,right,36.500,2190,,,,,,,0.4290,0.3519,2.4753,4.0257,4.0257,8.7389
2026-06-15 16:27:37.330,Ashton3,right,36.533,2192,,,,,,,0.4399,0.3309,2.4709,4.0955,4.0955,8.9722
2026-06-15 16:27:37.361,Ashton3,right,36.567,2194,,,,,,,0.2746,0.3666,2.5025,4.0543,4.0543,8.9888
2026-06-15 16:27:37.391,Ashton3,right,36.600,2196,,,,,,,0.2854,0.3651,2.5255,4.0865,4.0865,9.0649
2026-06-15 16:27:37.422,Ashton3,right,36.617,2197,,,,,,,0.3022,0.3593,2.5298,4.0989,4.0989,9.0647
2026-06-15 16:27:37.452,Ashton3,right,36.650,2199,,,,,,,0.3148,0.3916,2.5443,4.1163,4.1163,9.1361
2026-06-15 16:27:37.483,Ashton3,right,36.683,2201,,,,,,,0.2805,0.4396,2.5929,4.1139,4.1139,8.8787
2026-06-15 16:27:37.513,Ashton3,right,36.717,2203,,,,,,,0.2412,0.4288,2.6532,4.0815,4.0815,8.6580
2026-06-15 16:27:37.544,Ashton3,right,36.750,2205,,,,,,,0.2175,0.4145,2.6827,4.0845,4.0845,8.7202
2026-06-15 16:27:37.575,Ashton3,right,36.783,2207,,,,,,,0.2560,0.3711,2.7328,4.0712,4.0712,8.7987
2026-06-15 16:27:37.605,Ashton3,right,36.800,2208,,,,,,,0.3033,0.3550,2.7382,4.0479,4.0479,8.5284
2026-06-15 16:27:37.635,Ashton3,right,36.833,2210,,,,,,,0.3088,0.3310,2.7341,4.0791,4.0791,8.6686
2026-06-15 16:27:37.666,Ashton3,right,36.867,2212,,,,,,,0.3073,0.3266,2.7314,4.1067,4.1067,8.7478
2026-06-15 16:27:37.697,Ashton3,right,36.900,2214,,,,,,,0.2996,0.2909,2.7332,4.1425,4.1425,8.9443
2026-06-15 16:27:37.727,Ashton3,right,36.933,2216,,,,,,,0.2776,0.2356,2.7438,4.0942,4.0942,8.8716
2026-06-15 16:27:37.758,Ashton3,right,36.967,2218,,,,,,,0.2902,0.2277,2.7304,4.0628,4.0628,8.7291
2026-06-15 16:27:37.789,Ashton3,right,36.983,2219,,,,,,,0.3297,0.2241,2.6894,4.0039,4.0039,8.6852
2026-06-15 16:27:37.819,Ashton3,right,37.017,2221,,,,,,,0.3644,0.2391,2.6714,4.0182,4.0182,8.6531
2026-06-15 16:27:37.850,Ashton3,right,37.050,2223,,,,,,,0.3720,0.2623,2.6658,4.0721,4.0721,8.6929
2026-06-15 16:27:37.880,Ashton3,right,37.083,2225,,,,,,,0.4193,0.3004,2.6726,4.0551,4.0551,8.7192
2026-06-15 16:27:37.911,Ashton3,right,37.117,2227,,,,,,,0.4853,0.3243,2.6744,4.0269,4.0269,8.6950
2026-06-15 16:27:37.942,Ashton3,right,37.150,2229,,,,,,,0.5356,0.3225,2.6681,4.0047,4.0047,8.7015
2026-06-15 16:27:37.972,Ashton3,right,37.167,2230,,,,,,,0.5747,0.3094,2.6549,3.9726,3.9726,8.4907
2026-06-15 16:27:38.003,Ashton3,right,37.200,2232,,,,,,,0.5863,0.3001,2.6242,3.9815,3.9815,8.4353
2026-06-15 16:27:38.033,Ashton3,right,37.233,2234,,,,,,,0.6198,0.2819,2.5819,3.9537,3.9537,8.3137
2026-06-15 16:27:38.064,Ashton3,right,37.267,2236,,,,,,,0.6211,0.2834,2.5687,3.9700,3.9700,8.3732
2026-06-15 16:27:38.094,Ashton3,right,37.300,2238,,,,,,,0.6688,0.2564,2.5362,3.9449,3.9449,8.3672
2026-06-15 16:27:38.125,Ashton3,right,37.333,2240,,,,,,,0.6985,0.2281,2.5397,3.9902,3.9902,8.7341
2026-06-15 16:27:38.155,Ashton3,right,37.350,2241,,,,,,,0.7751,0.2398,2.5418,3.9805,3.9805,8.8255
2026-06-15 16:27:38.186,Ashton3,right,37.383,2243,,,,,,,0.7993,0.2512,2.5361,3.9719,3.9719,8.8056
2026-06-15 16:27:38.216,Ashton3,right,37.417,2245,,,,,,,0.8414,0.2547,2.5097,3.9973,3.9973,8.7081
2026-06-15 16:27:38.247,Ashton3,right,37.450,2247,,,,,,,0.9097,0.2478,2.4964,3.9591,3.9591,8.6943
2026-06-15 16:27:38.277,Ashton3,right,37.483,2249,,,,,,,0.9455,0.2498,2.4920,3.9573,3.9573,8.7049
2026-06-15 16:27:38.308,Ashton3,right,37.517,2251,,,,,,,0.9693,0.2302,2.5075,3.9782,3.9782,8.7111
2026-06-15 16:27:38.339,Ashton3,right,37.533,2252,,,,,,,1.0227,0.1982,2.5212,3.9966,3.9966,8.9185
2026-06-15 16:27:38.369,Ashton3,right,37.567,2254,,,,,,,1.0669,0.1677,2.5143,3.9850,3.9850,9.0290
2026-06-15 16:27:38.399,Ashton3,right,37.600,2256,,,,,,,1.1328,0.1167,2.5059,3.9541,3.9541,9.0435
2026-06-15 16:27:38.430,Ashton3,right,37.633,2258,,,,,,,1.2093,0.0591,2.4892,3.9378,3.9378,8.8212
2026-06-15 16:27:38.461,Ashton3,right,37.667,2260,,,,,,,1.2804,0.0433,2.4526,3.9762,3.9762,8.7985
2026-06-15 16:27:38.492,Ashton3,right,37.700,2262,,,,,,,1.3357,0.0533,2.4068,3.9288,3.9288,8.9312
2026-06-15 16:27:38.523,Ashton3,right,37.717,2263,,,,,,,1.3525,0.0627,2.3880,3.9185,3.9185,9.0093
2026-06-15 16:27:38.554,Ashton3,right,37.750,2265,,,,,,,1.3405,0.0683,2.3913,3.9320,3.9320,9.2239
2026-06-15 16:27:38.584,Ashton3,right,37.783,2267,,,,,,,1.3840,0.1023,2.3964,3.9438,3.9438,9.3562
2026-06-15 16:27:38.615,Ashton3,right,37.817,2269,,,,,,,1.4269,0.1340,2.3957,3.8934,3.8934,9.1907
2026-06-15 16:27:38.645,Ashton3,right,37.850,2271,,,,,,,1.4611,0.1921,2.4004,3.9423,3.9423,9.1306
2026-06-15 16:27:38.676,Ashton3,right,37.883,2273,,,,,,,1.5058,0.2013,2.4078,3.8980,3.8980,9.1343
2026-06-15 16:27:38.706,Ashton3,right,37.900,2274,,,,,,,1.5186,0.2671,2.4143,3.8525,3.8525,9.0259
2026-06-15 16:27:38.737,Ashton3,right,37.933,2276,,,,,,,1.5466,0.2970,2.4341,3.8817,3.8817,9.1051
2026-06-15 16:27:38.767,Ashton3,right,37.967,2278,,,,,,,1.5682,0.3135,2.4413,3.9391,3.9391,8.9302
2026-06-15 16:27:38.798,Ashton3,right,38.000,2280,,,,,,,1.5821,0.3115,2.4445,3.9735,3.9735,8.9172
2026-06-15 16:27:38.829,Ashton3,right,38.033,2282,,,,,,,1.6265,0.2873,2.4356,3.8738,3.8738,9.0769
2026-06-15 16:27:38.859,Ashton3,right,38.067,2284,,,,,,,1.6618,0.2661,2.4134,3.8261,3.8261,9.1093
2026-06-15 16:27:38.889,Ashton3,right,38.083,2285,,,,,,,1.6938,0.2530,2.3881,3.8291,3.8291,9.0962
2026-06-15 16:27:38.920,Ashton3,right,38.117,2287,,,,,,,1.7215,0.2509,2.3541,3.8081,3.8081,8.7776
2026-06-15 16:27:38.950,Ashton3,right,38.150,2289,,,,,,,1.7213,0.2420,2.3353,3.8180,3.8180,8.7359
2026-06-15 16:27:38.981,Ashton3,right,38.183,2291,,,,,,,1.7386,0.2470,2.3092,3.8144,3.8144,8.7381
2026-06-15 16:27:39.011,Ashton3,right,38.217,2293,,,,,,,1.7348,0.2749,2.3262,3.8432,3.8432,8.8611
2026-06-15 16:27:39.042,Ashton3,right,38.250,2295,,,,,,,1.7357,0.3396,2.3741,3.8425,3.8425,8.9244
2026-06-15 16:27:39.073,Ashton3,right,38.267,2296,,,,,,,1.7803,0.3689,2.3879,3.8752,3.8752,8.7551
2026-06-15 16:27:39.103,Ashton3,right,38.300,2298,,,,,,,1.7383,0.4258,2.4592,3.7876,3.7876,9.1586
2026-06-15 16:27:39.133,Ashton3,right,38.333,2300,,,,,,,1.7914,0.4824,2.4308,3.7256,3.7256,8.6191
2026-06-15 16:27:39.164,Ashton3,right,38.367,2302,,,,,,,1.8476,0.4836,2.3959,3.7375,3.7375,8.4546
2026-06-15 16:27:39.195,Ashton3,right,38.400,2304,,,,,,,1.8651,0.4916,2.3793,3.7373,3.7373,8.3765
2026-06-15 16:27:39.226,Ashton3,right,38.433,2306,,,,,,,1.8594,0.5473,2.3602,3.6857,3.6857,8.4261
2026-06-15 16:27:39.256,Ashton3,right,38.450,2307,,,,,,,1.9123,0.6012,2.3314,3.7224,3.7224,8.2201
2026-06-15 16:27:39.287,Ashton3,right,38.483,2309,,,,,,,1.9195,0.6957,2.3112,3.6662,3.6662,7.8605
2026-06-15 16:27:39.317,Ashton3,right,38.517,2311,,,,,,,1.9311,0.7306,2.3086,3.6816,3.6816,7.8164
2026-06-15 16:27:39.348,Ashton3,right,38.550,2313,,,,,,,1.9276,0.7459,2.3073,3.7213,3.7213,8.0256
2026-06-15 16:27:39.379,Ashton3,right,38.583,2315,,,,,,,1.9663,0.7792,2.3233,3.8022,3.8022,8.1196
2026-06-15 16:27:39.409,Ashton3,right,38.617,2317,,,,,,,1.9816,0.8429,2.3509,3.7806,3.7806,7.9358
2026-06-15 16:27:39.440,Ashton3,right,38.633,2318,,,,,,,1.9921,0.9312,2.3477,3.7134,3.7134,7.5795
2026-06-15 16:27:39.471,Ashton3,right,38.667,2320,,,,,,,1.9967,0.9943,2.3362,3.6356,3.6356,7.4203
2026-06-15 16:27:39.501,Ashton3,right,38.700,2322,,,,,,,2.0439,1.0829,2.3144,3.6448,3.6448,7.2784
2026-06-15 16:27:39.532,Ashton3,right,38.733,2324,,,,,,,2.0403,1.1355,2.2956,3.6392,3.6392,7.3081
2026-06-15 16:27:39.563,Ashton3,right,38.767,2326,,,,,,,2.0214,1.1755,2.2696,3.5882,3.5882,7.0952
2026-06-15 16:27:39.593,Ashton3,right,38.800,2328,,,,,,,2.0091,1.2144,2.2430,3.5130,3.5130,6.9026
2026-06-15 16:27:39.624,Ashton3,right,38.833,2330,,,,,,,2.0453,1.2916,2.2256,3.4002,3.4002,6.6767
2026-06-15 16:27:39.655,Ashton3,right,38.850,2331,,,,,,,2.0559,1.3214,2.2092,3.4199,3.4199,6.8299
2026-06-15 16:27:39.685,Ashton3,right,38.883,2333,,,,,,,2.0667,1.3931,2.1989,3.3350,3.3350,6.7776
2026-06-15 16:27:39.715,Ashton3,right,38.917,2335,,,,,,,2.0860,1.4711,2.1718,3.3279,3.3279,6.7128
2026-06-15 16:27:39.746,Ashton3,right,38.950,2337,,,,,,,2.1002,1.5310,2.1400,3.3053,3.3053,6.4923
2026-06-15 16:27:39.777,Ashton3,right,38.983,2339,,,,,,,2.1037,1.5494,2.1231,3.3261,3.3261,6.4755
2026-06-15 16:27:39.807,Ashton3,right,39.000,2340,,,,,,,2.0752,1.5824,2.0945,3.3573,3.3573,6.6214
2026-06-15 16:27:39.838,Ashton3,right,39.033,2342,,,,,,,2.0703,1.6014,2.0747,3.3934,3.3934,6.7494
2026-06-15 16:27:39.868,Ashton3,right,39.067,2344,,,,,,,2.0407,1.6243,2.0833,3.3638,3.3638,6.6726
2026-06-15 16:27:39.899,Ashton3,right,39.100,2346,,,,,,,2.0642,1.6398,2.1478,3.3663,3.3663,6.5715
2026-06-15 16:27:39.933,Ashton3,right,39.133,2348,,,,,,,2.0831,1.6671,2.2054,3.3678,3.3678,6.5416
2026-06-15 16:27:39.964,Ashton3,right,39.167,2350,,,,,,,2.1006,1.7281,2.2096,3.2859,3.2859,5.9188
2026-06-15 16:27:39.994,Ashton3,right,39.200,2352,,,,,,,2.0816,1.7729,2.1928,3.2601,3.2601,5.6517
2026-06-15 16:27:40.025,Ashton3,right,39.233,2354,,,,,,,2.0770,1.8111,2.1924,3.2398,3.2398,5.5464
2026-06-15 16:27:40.056,Ashton3,right,39.250,2355,,,,,,,2.0781,1.8189,2.1908,3.2579,3.2579,5.5194
2026-06-15 16:27:40.086,Ashton3,right,39.283,2357,,,,,,,2.0664,1.8355,2.1874,3.2387,3.2387,5.4414
2026-06-15 16:27:40.117,Ashton3,right,39.317,2359,,,,,,,2.0382,1.8729,2.1781,3.2125,3.2125,5.3403
2026-06-15 16:27:40.148,Ashton3,right,39.350,2361,,,,,,,1.9970,1.9117,2.2013,3.2153,3.2153,5.3636
2026-06-15 16:27:40.179,Ashton3,right,39.383,2363,,,,,,,1.9565,1.9282,2.2077,3.2391,3.2391,5.2530
2026-06-15 16:27:40.210,Ashton3,right,39.417,2365,,,,,,,1.9119,1.9502,2.2179,3.2282,3.2282,5.1693
2026-06-15 16:27:40.240,Ashton3,right,39.450,2367,,,,,,,1.8943,1.9539,2.2151,3.2756,3.2756,5.2619
2026-06-15 16:27:40.271,Ashton3,right,39.467,2368,,,,,,,1.7999,2.0075,2.2310,3.2376,3.2376,5.1367
2026-06-15 16:27:40.301,Ashton3,right,39.500,2370,,,,,,,1.7909,2.0182,2.2660,3.3010,3.3010,5.2029
2026-06-15 16:27:40.332,Ashton3,right,39.533,2372,,,,,,,1.7827,2.0289,2.2950,3.3177,3.3177,5.2138
2026-06-15 16:27:40.362,Ashton3,right,39.567,2374,,,,,,,1.7899,2.0199,2.3086,3.3305,3.3305,5.1756
2026-06-15 16:27:40.393,Ashton3,right,39.600,2376,,,,,,,1.7778,2.0297,2.3193,3.3026,3.3026,5.1460
2026-06-15 16:27:40.424,Ashton3,right,39.633,2378,,,,,,,1.7341,2.0630,2.3231,3.2493,3.2493,5.0500
2026-06-15 16:27:40.455,Ashton3,right,39.650,2379,,,,,,,1.6802,2.1014,2.3233,3.2682,3.2682,5.1552
2026-06-15 16:27:40.485,Ashton3,right,39.683,2381,,,,,,,1.6482,2.1154,2.3160,3.2599,3.2599,5.1735
2026-06-15 16:27:40.516,Ashton3,right,39.717,2383,,,,,,,1.5295,2.0776,2.3565,3.3085,3.3085,5.4021
2026-06-15 16:27:40.546,Ashton3,right,39.750,2385,,,,,,,1.4557,2.0470,2.3883,3.3665,3.3665,5.6269
2026-06-15 16:27:40.577,Ashton3,right,39.783,2387,,,,,,,1.4273,2.0561,2.3989,3.4083,3.4083,5.6401
2026-06-15 16:27:40.607,Ashton3,right,39.817,2389,,,,,,,1.3812,1.9833,2.4100,3.5350,3.5350,6.6176
2026-06-15 16:27:40.638,Ashton3,right,39.833,2390,,,,,,,1.3968,2.0817,2.3947,3.3824,3.3824,5.7165
2026-06-15 16:27:40.668,Ashton3,right,39.867,2392,,,,,,,1.3996,2.1001,2.3859,3.3574,3.3574,5.5338
2026-06-15 16:27:40.699,Ashton3,right,39.900,2394,,,,,,,1.4056,2.1014,2.3806,3.3702,3.3702,5.4499
2026-06-15 16:27:40.730,Ashton3,right,39.933,2396,,,,,,,1.3659,2.0430,2.3948,3.4381,3.4381,5.8090
2026-06-15 16:27:40.760,Ashton3,right,39.967,2398,,,,,,,1.3302,2.0372,2.3984,3.3912,3.3912,5.5790
2026-06-15 16:27:40.791,Ashton3,right,40.000,2400,,,,,,,1.3105,2.0145,2.4069,3.4513,3.4513,5.7971
2026-06-15 16:27:40.822,Ashton3,right,40.017,2401,,,,,,,1.2896,2.0040,2.4203,3.4356,3.4356,5.8379
2026-06-15 16:27:40.852,Ashton3,right,40.050,2403,,,,,,,1.2538,1.9861,2.4612,3.4327,3.4327,5.8306
2026-06-15 16:27:40.883,Ashton3,right,40.083,2405,,,,,,,1.2378,1.9917,2.4930,3.4044,3.4044,5.6432
2026-06-15 16:27:40.913,Ashton3,right,40.117,2407,,,,,,,1.2286,1.9802,2.5005,3.4008,3.4008,5.6567
2026-06-15 16:27:40.946,Ashton3,right,40.150,2409,,,,,,,1.1951,1.9349,2.5097,3.4670,3.4670,5.9922
2026-06-15 16:27:40.976,Ashton3,right,40.183,2411,,,,,,,1.1750,1.9345,2.5168,3.5006,3.5006,6.0539
2026-06-15 16:27:41.007,Ashton3,right,40.200,2412,,,,,,,1.1281,1.9123,2.5431,3.5629,3.5629,6.2829
2026-06-15 16:27:41.037,Ashton3,right,40.233,2414,,,,,,,1.0872,1.9018,2.5483,3.5693,3.5693,6.2787
2026-06-15 16:27:41.068,Ashton3,right,40.267,2416,,,,,,,1.0403,1.9217,2.5435,3.5152,3.5152,6.2941
2026-06-15 16:27:41.098,Ashton3,right,40.300,2418,,,,,,,1.0338,1.9191,2.5282,3.5226,3.5226,6.1986
2026-06-15 16:27:41.129,Ashton3,right,40.333,2420,,,,,,,1.0263,1.9326,2.5085,3.4523,3.4523,6.0371
2026-06-15 16:27:41.159,Ashton3,right,40.367,2422,,,,,,,1.0119,1.9291,2.4928,3.4522,3.4522,6.0077
2026-06-15 16:27:41.190,Ashton3,right,40.383,2423,,,,,,,0.9555,1.8847,2.5009,3.4685,3.4685,6.0722
2026-06-15 16:27:41.221,Ashton3,right,40.417,2425,,,,,,,0.9358,1.8435,2.5090,3.4759,3.4759,6.1410
2026-06-15 16:27:41.252,Ashton3,right,40.450,2427,,,,,,,0.8813,1.7342,2.5271,3.5718,3.5718,6.4589
2026-06-15 16:27:41.282,Ashton3,right,40.483,2429,,,,,,,0.8618,1.6911,2.5048,3.6159,3.6159,6.6089
2026-06-15 16:27:41.313,Ashton3,right,40.517,2431,,,,,,,0.8472,1.6710,2.4693,3.6192,3.6192,6.6622
2026-06-15 16:27:41.343,Ashton3,right,40.550,2433,,,,,,,0.8144,1.6453,2.4574,3.6549,3.6549,6.7888
2026-06-15 16:27:41.374,Ashton3,right,40.583,2435,,,,,,,0.8134,1.6636,2.4548,3.6073,3.6073,6.6565
2026-06-15 16:27:41.405,Ashton3,right,40.600,2436,,,,,,,0.7670,1.6759,2.4486,3.6691,3.6691,6.6367
2026-06-15 16:27:41.435,Ashton3,right,40.633,2438,,,,,,,0.7028,1.6962,2.4418,3.6229,3.6229,6.4729
2026-06-15 16:27:41.466,Ashton3,right,40.667,2440,,,,,,,0.6583,1.5449,2.4539,3.6672,3.6672,6.9266
2026-06-15 16:27:41.497,Ashton3,right,40.700,2442,,,,,,,0.6468,1.4729,2.4495,3.6253,3.6253,6.8353
2026-06-15 16:27:41.528,Ashton3,right,40.733,2444,,,,,,,0.6681,1.2677,2.4152,3.6504,3.6504,7.0971
2026-06-15 16:27:41.558,Ashton3,right,40.767,2446,,,,,,,0.6860,1.1456,2.3856,3.6931,3.6931,7.4699
2026-06-15 16:27:41.588,Ashton3,right,40.783,2447,,,,,,,0.8007,1.0118,2.2499,3.7479,3.7479,7.4038
2026-06-15 16:27:41.619,Ashton3,right,40.817,2449,,,,,,,0.8736,0.9235,2.1145,3.7258,3.7258,7.3099
2026-06-15 16:27:41.649,Ashton3,right,40.850,2451,,,,,,,0.8656,0.8781,2.0764,3.7459,3.7459,7.5627
2026-06-15 16:27:41.680,Ashton3,right,40.883,2453,,,,,,,0.8689,0.7814,2.0757,3.8269,3.8269,8.5326
2026-06-15 16:27:41.710,Ashton3,right,40.917,2455,,,,,,,0.8626,0.7498,2.0817,3.9301,3.9301,8.8865
2026-06-15 16:27:41.742,Ashton3,right,40.950,2457,,,,,,,0.8628,0.7290,2.0801,3.9827,3.9827,9.0967
2026-06-15 16:27:41.772,Ashton3,right,40.967,2458,,,,,,,0.8586,0.7292,2.0754,3.9247,3.9247,8.7350
2026-06-15 16:27:41.803,Ashton3,right,41.000,2460,,,,,,,0.8354,0.7100,2.0823,3.8923,3.8923,8.3731
2026-06-15 16:27:41.833,Ashton3,right,41.033,2462,,,,,,,0.8323,0.6899,2.0871,3.8685,3.8685,8.2332
2026-06-15 16:27:41.864,Ashton3,right,41.067,2464,,,,,,,0.8234,0.5930,2.0850,3.9419,3.9419,8.6115
2026-06-15 16:27:41.894,Ashton3,right,41.100,2466,,,,,,,0.8153,0.4833,2.0961,3.9203,3.9203,8.8198
2026-06-15 16:27:41.925,Ashton3,right,41.133,2468,,,,,,,0.7972,0.3707,2.0984,3.9549,3.9549,8.9765
2026-06-15 16:27:41.955,Ashton3,right,41.150,2469,,,,,,,0.7528,0.3217,2.0903,3.9955,3.9955,9.0235
2026-06-15 16:27:41.986,Ashton3,right,41.183,2471,,,,,,,0.7241,0.2649,2.0915,3.9935,3.9935,9.2213
2026-06-15 16:27:42.016,Ashton3,right,41.217,2473,,,,,,,0.7259,0.2431,2.1093,4.0214,4.0214,9.3454
2026-06-15 16:27:42.047,Ashton3,right,41.250,2475,,,,,,,0.7364,0.2442,2.1279,4.0500,4.0500,9.4589
2026-06-15 16:27:42.078,Ashton3,right,41.283,2477,,,,,,,0.7318,0.2656,2.1410,4.0172,4.0172,9.5511
2026-06-15 16:27:42.108,Ashton3,right,41.317,2479,,,,,,,0.7474,0.2653,2.1470,4.0356,4.0356,9.6156
2026-06-15 16:27:42.139,Ashton3,right,41.333,2480,,,,,,,0.7687,0.2470,2.1403,4.0806,4.0806,9.8525
2026-06-15 16:27:42.170,Ashton3,right,41.367,2482,,,,,,,0.8101,0.1908,2.1147,4.1303,4.1303,10.0104
2026-06-15 16:27:42.200,Ashton3,right,41.400,2484,,,,,,,0.7870,0.1377,2.0895,4.0883,4.0883,9.8756
2026-06-15 16:27:42.231,Ashton3,right,41.433,2486,,,,,,,0.7835,0.0681,2.0602,4.1062,4.1062,9.9622
2026-06-15 16:27:42.261,Ashton3,right,41.467,2488,,,,,,,0.6963,0.0542,2.0408,4.1488,4.1488,9.9496
2026-06-15 16:27:42.292,Ashton3,right,41.500,2490,,,,,,,0.5737,-0.0004,2.0117,4.1546,4.1546,9.7936
2026-06-15 16:27:42.322,Ashton3,right,41.517,2491,,,,,,,0.5104,-0.0472,2.0047,4.2021,4.2021,9.7264
2026-06-15 16:27:42.353,Ashton3,right,41.550,2493,,,,,,,0.5186,-0.0810,2.0229,4.2382,4.2382,9.6702
2026-06-15 16:27:42.384,Ashton3,right,41.583,2495,,,,,,,0.5830,-0.1130,2.0256,4.2432,4.2432,9.6959
2026-06-15 16:27:42.414,Ashton3,right,41.617,2497,,,,,,,0.7103,-0.1816,2.0145,4.1834,4.1834,9.8160
2026-06-15 16:27:42.445,Ashton3,right,41.650,2499,,,,,,,0.7755,-0.2321,1.9971,4.1838,4.1838,9.8476
2026-06-15 16:27:42.475,Ashton3,right,41.683,2501,,,,,,,0.8402,-0.2463,1.9785,4.1890,4.1890,9.9405
2026-06-15 16:27:42.506,Ashton3,right,41.700,2502,,,,,,,0.8576,-0.2421,1.9741,4.1922,4.1922,10.0034
2026-06-15 16:27:42.537,Ashton3,right,41.733,2504,,,,,,,0.8941,-0.2219,1.9899,4.2140,4.2140,10.1526
2026-06-15 16:27:42.567,Ashton3,right,41.767,2506,,,,,,,0.9010,-0.2238,1.9989,4.2209,4.2209,10.1806
2026-06-15 16:27:42.598,Ashton3,right,41.800,2508,,,,,,,0.8873,-0.2759,2.0275,4.2425,4.2425,10.2577
2026-06-15 16:27:42.628,Ashton3,right,41.833,2510,,,,,,,0.8726,-0.3225,2.0564,4.2201,4.2201,10.1095
2026-06-15 16:27:42.659,Ashton3,right,41.867,2512,,,,,,,0.8937,-0.3577,2.0761,4.2262,4.2262,10.1315
2026-06-15 16:27:42.690,Ashton3,right,41.883,2513,,,,,,,0.9102,-0.3610,2.0845,4.2398,4.2398,10.2205
2026-06-15 16:27:42.720,Ashton3,right,41.917,2515,,,,,,,0.9372,-0.3726,2.0883,4.2333,4.2333,10.2588
2026-06-15 16:27:42.751,Ashton3,right,41.950,2517,,,,,,,1.0055,-0.4058,2.0771,4.2195,4.2195,10.0597
2026-06-15 16:27:42.782,Ashton3,right,41.983,2519,,,,,,,1.0471,-0.4327,2.0664,4.2367,4.2367,10.0493
2026-06-15 16:27:42.812,Ashton3,right,42.017,2521,,,,,,,1.0787,-0.4324,2.0788,4.2716,4.2716,10.0699
2026-06-15 16:27:42.843,Ashton3,right,42.050,2523,,,,,,,1.0787,-0.4667,2.0785,4.2527,4.2527,9.9981
2026-06-15 16:27:42.874,Ashton3,right,42.083,2525,,,,,,,1.0688,-0.4749,2.0714,4.2504,4.2504,9.8854
2026-06-15 16:27:42.905,Ashton3,right,42.100,2526,,,,,,,1.0469,-0.5379,2.0709,4.2706,4.2706,9.9072
2026-06-15 16:27:42.935,Ashton3,right,42.133,2528,,,,,,,1.0779,-0.5805,2.0872,4.2198,4.2198,9.9133
2026-06-15 16:27:42.967,Ashton3,right,42.167,2530,,,,,,,1.1271,-0.6233,2.0991,4.1985,4.1985,9.7530
2026-06-15 16:27:42.997,Ashton3,right,42.200,2532,,,,,,,1.1708,-0.6907,2.0880,4.1634,4.1634,9.9466
2026-06-15 16:27:43.028,Ashton3,right,42.233,2534,,,,,,,1.1685,-0.6810,2.0877,4.1666,4.1666,9.9510
2026-06-15 16:27:43.058,Ashton3,right,42.267,2536,,,,,,,1.2205,-0.6988,2.0919,4.2038,4.2038,9.9978
2026-06-15 16:27:43.089,Ashton3,right,42.283,2537,,,,,,,1.2782,-0.7276,2.0901,4.1775,4.1775,10.0344
2026-06-15 16:27:43.119,Ashton3,right,42.317,2539,,,,,,,1.3183,-0.7757,2.0774,4.2179,4.2179,10.4625
2026-06-15 16:27:43.149,Ashton3,right,42.350,2541,,,,,,,1.3246,-0.7553,2.0687,4.2143,4.2143,10.5645
2026-06-15 16:27:43.180,Ashton3,right,42.383,2543,,,,,,,1.3107,-0.7041,2.0639,4.2294,4.2294,10.8064
2026-06-15 16:27:43.211,Ashton3,right,42.417,2545,,,,,,,1.2569,-0.6474,2.0659,4.3268,4.3268,10.8728
2026-06-15 16:27:43.242,Ashton3,right,42.450,2547,,,,,,,1.2365,-0.6242,2.0677,4.3275,4.3275,10.6946
2026-06-15 16:27:43.272,Ashton3,right,42.467,2548,,,,,,,1.2795,-0.6169,2.0808,4.2480,4.2480,10.4039
2026-06-15 16:27:43.303,Ashton3,right,42.500,2550,,,,,,,1.2974,-0.6005,2.0865,4.2306,4.2306,10.2407
2026-06-15 16:27:43.333,Ashton3,right,42.533,2552,,,,,,,1.3334,-0.5771,2.0997,4.1920,4.1920,10.1040
2026-06-15 16:27:43.364,Ashton3,right,42.567,2554,,,,,,,1.4638,-0.5364,2.0750,4.0494,4.0494,9.6075
2026-06-15 16:27:43.394,Ashton3,right,42.600,2556,,,,,,,1.5523,-0.5089,2.0219,3.9987,3.9987,9.4622
2026-06-15 16:27:43.425,Ashton3,right,42.633,2558,,,,,,,1.6096,-0.5518,1.9901,4.0282,4.0282,9.7584
2026-06-15 16:27:43.456,Ashton3,right,42.650,2559,,,,,,,1.6120,-0.5573,1.9965,4.0478,4.0478,10.0033
2026-06-15 16:27:43.487,Ashton3,right,42.683,2561,,,,,,,1.6084,-0.5086,2.0278,4.0606,4.0606,10.1550
2026-06-15 16:27:43.517,Ashton3,right,42.717,2563,,,,,,,1.6111,-0.4869,2.0670,4.1006,4.1006,10.1718
2026-06-15 16:27:43.548,Ashton3,right,42.750,2565,,,,,,,1.6439,-0.5009,2.0839,4.1249,4.1249,10.0859
2026-06-15 16:27:43.578,Ashton3,right,42.783,2567,,,,,,,1.6670,-0.4909,2.0802,4.1151,4.1151,10.0268
2026-06-15 16:27:43.609,Ashton3,right,42.817,2569,,,,,,,1.6881,-0.4348,2.0652,4.1038,4.1038,10.1626
2026-06-15 16:27:43.640,Ashton3,right,42.833,2570,,,,,,,1.6517,-0.3529,2.0885,4.1131,4.1131,10.4006
2026-06-15 16:27:43.670,Ashton3,right,42.867,2572,,,,,,,1.7169,-0.2980,2.0591,4.0789,4.0789,10.0018
2026-06-15 16:27:43.701,Ashton3,right,42.900,2574,,,,,,,1.7623,-0.2757,2.0115,4.1099,4.1099,9.9754
2026-06-15 16:27:43.731,Ashton3,right,42.933,2576,,,,,,,1.7999,-0.2627,1.9965,4.1101,4.1101,10.1308
2026-06-15 16:27:43.762,Ashton3,right,42.967,2578,,,,,,,1.8499,-0.2207,1.9959,4.1468,4.1468,10.2754
2026-06-15 16:27:43.793,Ashton3,right,43.000,2580,,,,,,,1.8710,-0.2162,2.0005,4.2081,4.2081,10.3879
2026-06-15 16:27:43.823,Ashton3,right,43.017,2581,,,,,,,1.8574,-0.2287,2.0046,4.2354,4.2354,10.4783
2026-06-15 16:27:43.854,Ashton3,right,43.050,2583,,,,,,,1.8629,-0.2466,1.9974,4.2124,4.2124,10.3694
2026-06-15 16:27:43.884,Ashton3,right,43.083,2585,,,,,,,1.8499,-0.2422,1.9661,4.1170,4.1170,10.4365
2026-06-15 16:27:43.915,Ashton3,right,43.117,2587,,,,,,,1.8660,-0.1664,1.9390,4.1008,4.1008,10.3723
2026-06-15 16:27:43.946,Ashton3,right,43.150,2589,,,,,,,1.8975,-0.1156,1.9231,4.0942,4.0942,10.3115
2026-06-15 16:27:43.977,Ashton3,right,43.183,2591,,,,,,,1.9272,-0.0205,1.9180,4.0730,4.0730,10.3555
2026-06-15 16:27:44.008,Ashton3,right,43.217,2593,,,,,,,1.9138,0.1031,1.8882,4.0087,4.0087,10.2262
2026-06-15 16:27:44.039,Ashton3,right,43.233,2594,,,,,,,1.9246,0.2273,1.8341,4.0112,4.0112,10.3075
2026-06-15 16:27:44.069,Ashton3,right,43.267,2596,,,,,,,1.9621,0.2932,1.8317,4.0220,4.0220,10.2989
2026-06-15 16:27:44.100,Ashton3,right,43.300,2598,,,,,,,1.9776,0.4776,1.8278,3.9173,3.9173,10.1698
2026-06-15 16:27:44.131,Ashton3,right,43.333,2600,,,,,,,2.0182,0.5400,1.8701,3.9782,3.9782,9.9574
2026-06-15 16:27:44.161,Ashton3,right,43.367,2602,,,,,,,2.0570,0.5932,1.8859,4.0782,4.0782,9.9940
2026-06-15 16:27:44.192,Ashton3,right,43.400,2604,,,,,,,2.0690,0.6234,1.8952,4.0036,4.0036,10.1285
2026-06-15 16:27:44.223,Ashton3,right,43.417,2605,,,,,,,2.1125,0.6201,1.9041,3.9850,3.9850,10.2337
2026-06-15 16:27:44.253,Ashton3,right,43.450,2607,,,,,,,2.1671,0.6115,1.9018,3.9455,3.9455,10.1632
2026-06-15 16:27:44.284,Ashton3,right,43.483,2609,,,,,,,2.1910,0.5995,1.9047,3.9924,3.9924,10.2516
2026-06-15 16:27:44.315,Ashton3,right,43.517,2611,,,,,,,2.2119,0.6414,1.9270,4.0117,4.0117,10.4280
2026-06-15 16:27:44.345,Ashton3,right,43.550,2613,,,,,,,2.1422,0.7148,1.9003,3.9628,3.9628,10.2887
2026-06-15 16:27:44.376,Ashton3,right,43.583,2615,,,,,,,2.1133,0.6876,1.9002,3.9822,3.9822,10.2183
2026-06-15 16:27:44.406,Ashton3,right,43.600,2616,,,,,,,2.1249,0.6695,1.9073,3.9298,3.9298,10.1673
2026-06-15 16:27:44.437,Ashton3,right,43.633,2618,,,,,,,2.1159,0.6797,1.9062,3.9527,3.9527,9.9473
2026-06-15 16:27:44.468,Ashton3,right,43.667,2620,,,,,,,2.1279,0.6406,1.9156,4.0121,4.0121,9.9644
2026-06-15 16:27:44.498,Ashton3,right,43.700,2622,,,,,,,2.1447,0.5393,1.9498,4.0087,4.0087,10.1573
2026-06-15 16:27:44.529,Ashton3,right,43.733,2624,,,,,,,2.1499,0.5466,1.9445,3.9805,3.9805,10.1528
2026-06-15 16:27:44.560,Ashton3,right,43.767,2626,,,,,,,2.2027,0.5174,1.9258,4.0366,4.0366,10.0182
2026-06-15 16:27:44.590,Ashton3,right,43.783,2627,,,,,,,2.2022,0.5342,1.9206,4.0237,4.0237,10.0878
2026-06-15 16:27:44.621,Ashton3,right,43.817,2629,,,,,,,2.1617,0.5612,1.9333,4.0680,4.0680,10.1791
2026-06-15 16:27:44.651,Ashton3,right,43.850,2631,,,,,,,2.1681,0.6072,1.9294,4.0922,4.0922,10.1333
2026-06-15 16:27:44.682,Ashton3,right,43.883,2633,,,,,,,2.2028,0.6076,1.9070,4.1452,4.1452,10.0326
2026-06-15 16:27:44.712,Ashton3,right,43.917,2635,,,,,,,2.2112,0.6568,1.8870,4.1124,4.1124,9.8448
2026-06-15 16:27:44.743,Ashton3,right,43.950,2637,,,,,,,2.1503,0.7196,1.9120,4.0438,4.0438,10.0707
2026-06-15 16:27:44.774,Ashton3,right,43.983,2639,,,,,,,2.1307,0.7843,1.9235,4.0015,4.0015,10.0643
2026-06-15 16:27:44.804,Ashton3,right,44.000,2640,,,,,,,2.0280,0.7941,1.9581,4.0275,4.0275,10.5204
2026-06-15 16:27:44.835,Ashton3,right,44.033,2642,,,,,,,2.0814,0.8861,1.9578,4.0218,4.0218,9.9742
2026-06-15 16:27:44.866,Ashton3,right,44.067,2644,,,,,,,2.1268,0.9401,1.9821,4.0316,4.0316,9.9006
2026-06-15 16:27:44.897,Ashton3,right,44.100,2646,,,,,,,2.1374,0.9876,1.9678,4.0120,4.0120,9.7957
2026-06-15 16:27:44.927,Ashton3,right,44.133,2648,,,,,,,2.1556,1.0724,1.9428,3.9682,3.9682,9.3531
2026-06-15 16:27:44.958,Ashton3,right,44.167,2650,,,,,,,2.1213,1.1818,1.8725,3.9586,3.9586,9.0966
2026-06-15 16:27:44.989,Ashton3,right,44.183,2651,,,,,,,2.1603,1.2660,1.8206,3.8439,3.8439,8.7389
2026-06-15 16:27:45.020,Ashton3,right,44.217,2653,,,,,,,2.1523,1.2346,1.8040,3.9190,3.9190,8.7113
2026-06-15 16:27:45.051,Ashton3,right,44.250,2655,,,,,,,2.1514,1.2327,1.8083,3.9308,3.9308,8.9566
2026-06-15 16:27:45.081,Ashton3,right,44.283,2657,,,,,,,2.1300,1.3239,1.8114,3.8645,3.8645,8.8015
2026-06-15 16:27:45.111,Ashton3,right,44.317,2659,,,,,,,2.1114,1.3907,1.8243,3.8205,3.8205,8.6533
2026-06-15 16:27:45.142,Ashton3,right,44.350,2661,,,,,,,2.0411,1.3917,1.8478,3.8395,3.8395,8.5698
2026-06-15 16:27:45.172,Ashton3,right,44.367,2662,,,,,,,2.0161,1.3653,1.8667,3.8844,3.8844,8.6611
2026-06-15 16:27:45.203,Ashton3,right,44.400,2664,,,,,,,1.9299,1.3342,1.8956,3.9940,3.9940,9.1284
2026-06-15 16:27:45.233,Ashton3,right,44.433,2666,,,,,,,1.9189,1.3411,1.9056,3.9598,3.9598,9.0660
2026-06-15 16:27:45.264,Ashton3,right,44.467,2668,,,,,,,1.9293,1.3923,1.9101,3.8157,3.8157,8.4125
2026-06-15 16:27:45.294,Ashton3,right,44.500,2670,,,,,,,1.9164,1.4842,1.9051,3.6679,3.6679,7.9769
2026-06-15 16:27:45.325,Ashton3,right,44.533,2672,,,,,,,1.9339,1.5024,1.9041,3.6377,3.6377,7.7972
2026-06-15 16:27:45.356,Ashton3,right,44.550,2673,,,,,,,1.9074,1.5072,1.9069,3.6478,3.6478,7.9206
2026-06-15 16:27:45.386,Ashton3,right,44.583,2675,,,,,,,1.9180,1.5548,1.9103,3.6579,3.6579,7.8789
2026-06-15 16:27:45.417,Ashton3,right,44.617,2677,,,,,,,1.9137,1.5851,1.9311,3.6612,3.6612,7.7631
2026-06-15 16:27:45.447,Ashton3,right,44.650,2679,,,,,,,1.8492,1.6364,1.9505,3.6066,3.6066,7.5830
2026-06-15 16:27:45.478,Ashton3,right,44.683,2681,,,,,,,1.8214,1.6550,1.9656,3.6031,3.6031,7.6016
2026-06-15 16:27:45.508,Ashton3,right,44.717,2683,,,,,,,1.7846,1.7226,1.9637,3.5688,3.5688,7.3498
2026-06-15 16:27:45.539,Ashton3,right,44.733,2684,,,,,,,1.6870,1.7702,1.9872,3.6050,3.6050,7.6352
2026-06-15 16:27:45.569,Ashton3,right,44.767,2686,,,,,,,1.6403,1.7779,2.0075,3.6980,3.6980,7.7894
2026-06-15 16:27:45.600,Ashton3,right,44.800,2688,,,,,,,1.5662,1.7821,2.0520,3.8047,3.8047,8.1859
2026-06-15 16:27:45.630,Ashton3,right,44.833,2690,,,,,,,1.4682,1.7599,2.0983,3.8201,3.8201,8.3928
2026-06-15 16:27:45.661,Ashton3,right,44.867,2692,,,,,,,1.4754,1.8015,2.1203,3.7547,3.7547,8.0422
2026-06-15 16:27:45.691,Ashton3,right,44.900,2694,,,,,,,1.4082,1.8475,2.1287,3.6453,3.6453,7.5725
2026-06-15 16:27:45.722,Ashton3,right,44.917,2695,,,,,,,1.3753,1.8461,2.1420,3.6528,3.6528,7.5118
2026-06-15 16:27:45.752,Ashton3,right,44.950,2697,,,,,,,1.3278,1.8002,2.1646,3.7221,3.7221,8.0444
2026-06-15 16:27:45.783,Ashton3,right,44.983,2699,,,,,,,1.2589,1.7401,2.2159,3.8645,3.8645,8.6384
2026-06-15 16:27:45.813,Ashton3,right,45.017,2701,,,,,,,1.2112,1.7305,2.2416,3.8614,3.8614,8.7467
2026-06-15 16:27:45.844,Ashton3,right,45.050,2703,,,,,,,1.1210,1.7445,2.2873,3.8330,3.8330,8.7210
2026-06-15 16:27:45.874,Ashton3,right,45.083,2705,,,,,,,1.0945,1.7544,2.3063,3.8068,3.8068,8.6494
2026-06-15 16:27:45.905,Ashton3,right,45.100,2706,,,,,,,0.9335,1.7648,2.4046,3.8082,3.8082,8.3740
2026-06-15 16:27:45.935,Ashton3,right,45.133,2708,,,,,,,0.8639,1.7755,2.4499,3.7829,3.7829,8.4008
2026-06-15 16:27:45.966,Ashton3,right,45.167,2710,,,,,,,0.7820,1.7998,2.5191,3.7684,3.7684,8.3934
2026-06-15 16:27:45.997,Ashton3,right,45.200,2712,,,,,,,0.7959,1.7912,2.5304,3.7981,3.7981,8.6473
2026-06-15 16:27:46.027,Ashton3,right,45.233,2714,,,,,,,0.8121,1.8600,2.5450,3.6268,3.6268,7.9869
2026-06-15 16:27:46.057,Ashton3,right,45.267,2716,,,,,,,0.8031,1.8783,2.5392,3.5748,3.5748,7.5089
2026-06-15 16:27:46.088,Ashton3,right,45.283,2717,,,,,,,0.8292,1.7989,2.5230,3.6661,3.6661,7.8249
2026-06-15 16:27:46.119,Ashton3,right,45.317,2719,,,,,,,0.8326,1.7356,2.4775,3.6664,3.6664,7.8025
2026-06-15 16:27:46.150,Ashton3,right,45.350,2721,,,,,,,0.8288,1.6676,2.4421,3.6829,3.6829,7.9501
2026-06-15 16:27:46.180,Ashton3,right,45.383,2723,,,,,,,0.8252,1.6462,2.4351,3.6772,3.6772,7.9842
2026-06-15 16:27:46.211,Ashton3,right,45.417,2725,,,,,,,0.7590,1.5901,2.4455,3.7207,3.7207,8.3754
2026-06-15 16:27:46.243,Ashton3,right,45.450,2727,,,,,,,0.6760,1.4805,2.4640,3.8135,3.8135,8.7020
2026-06-15 16:27:46.274,Ashton3,right,45.483,2729,,,,,,,0.6559,1.3971,2.4435,3.8818,3.8818,8.7788
2026-06-15 16:27:46.304,Ashton3,right,45.500,2730,,,,,,,0.6271,1.2908,2.4520,3.9886,3.9886,9.2537
2026-06-15 16:27:46.334,Ashton3,right,45.533,2732,,,,,,,0.5819,1.2393,2.4410,4.0437,4.0437,9.4751
2026-06-15 16:27:46.365,Ashton3,right,45.567,2734,,,,,,,0.5568,1.2512,2.4367,4.0276,4.0276,9.3654
2026-06-15 16:27:46.395,Ashton3,right,45.600,2736,,,,,,,0.4805,1.2972,2.4405,3.9732,3.9732,8.9149
2026-06-15 16:27:46.426,Ashton3,right,45.633,2738,,,,,,,0.4164,1.3129,2.4502,3.9315,3.9315,8.6979
2026-06-15 16:27:46.456,Ashton3,right,45.650,2739,,,,,,,0.4082,1.3065,2.4526,3.9298,3.9298,8.6512
2026-06-15 16:27:46.487,Ashton3,right,45.683,2741,,,,,,,0.4051,1.3146,2.4331,3.9528,3.9528,8.5736
2026-06-15 16:27:46.517,Ashton3,right,45.717,2743,,,,,,,0.3118,1.2873,2.4542,3.9317,3.9317,8.8403
2026-06-15 16:27:46.548,Ashton3,right,45.750,2745,,,,,,,0.2820,1.2600,2.4717,3.9678,3.9678,9.1514
2026-06-15 16:27:46.578,Ashton3,right,45.783,2747,,,,,,,0.2905,1.2646,2.4922,4.0061,4.0061,9.1502
2026-06-15 16:27:46.609,Ashton3,right,45.817,2749,,,,,,,0.3223,1.2732,2.5020,4.0200,4.0200,9.0319
2026-06-15 16:27:46.639,Ashton3,right,45.833,2750,,,,,,,0.3360,1.1604,2.5277,4.2054,4.2054,9.8131
2026-06-15 16:27:46.670,Ashton3,right,45.867,2752,,,,,,,0.3622,1.0269,2.5427,4.2254,4.2254,10.0259
2026-06-15 16:27:46.700,Ashton3,right,45.900,2754,,,,,,,0.3284,0.9181,2.5256,4.2279,4.2279,9.9623
2026-06-15 16:27:46.731,Ashton3,right,45.933,2756,,,,,,,0.3135,0.8804,2.5131,4.2477,4.2477,10.0595
2026-06-15 16:27:46.761,Ashton3,right,45.967,2758,,,,,,,0.2520,0.8765,2.4767,4.3102,4.3102,10.2795
2026-06-15 16:27:46.792,Ashton3,right,46.000,2760,,,,,,,0.2150,0.8782,2.4425,4.3682,4.3682,10.4463
2026-06-15 16:27:46.822,Ashton3,right,46.017,2761,,,,,,,0.2312,0.8892,2.4025,4.4201,4.4201,10.3491
2026-06-15 16:27:46.852,Ashton3,right,46.050,2763,,,,,,,0.2928,0.8819,2.3868,4.4825,4.4825,10.3127
2026-06-15 16:27:46.883,Ashton3,right,46.083,2765,,,,,,,0.3105,0.8746,2.4068,4.4710,4.4710,10.2366
2026-06-15 16:27:46.914,Ashton3,right,46.117,2767,,,,,,,0.3124,0.8668,2.4076,4.5155,4.5155,10.2600
2026-06-15 16:27:46.944,Ashton3,right,46.150,2769,,,,,,,0.2235,0.8113,2.4324,4.5195,4.5195,10.4646
2026-06-15 16:27:46.975,Ashton3,right,46.183,2771,,,,,,,0.1746,0.7380,2.4354,4.5501,4.5501,10.6773
2026-06-15 16:27:47.006,Ashton3,right,46.200,2772,,,,,,,0.1552,0.6892,2.4381,4.5215,4.5215,10.7298
2026-06-15 16:27:47.037,Ashton3,right,46.233,2774,,,,,,,0.1584,0.6847,2.4260,4.5672,4.5672,10.6789
2026-06-15 16:27:47.067,Ashton3,right,46.267,2776,,,,,,,0.2254,0.6636,2.4356,4.4913,4.4913,10.7192
2026-06-15 16:27:47.098,Ashton3,right,46.300,2778,,,,,,,0.2513,0.6557,2.4458,4.4539,4.4539,10.5175
2026-06-15 16:27:47.128,Ashton3,right,46.333,2780,,,,,,,0.2314,0.6367,2.4745,4.4127,4.4127,10.7522
2026-06-15 16:27:47.159,Ashton3,right,46.367,2782,,,,,,,0.2239,0.6099,2.4977,4.4085,4.4085,10.7474
2026-06-15 16:27:47.190,Ashton3,right,46.383,2783,,,,,,,0.2044,0.5894,2.4905,4.4509,4.4509,10.8411
2026-06-15 16:27:47.220,Ashton3,right,46.417,2785,,,,,,,0.2255,0.5814,2.4473,4.5453,4.5453,10.9835
2026-06-15 16:27:47.250,Ashton3,right,46.450,2787,,,,,,,0.2502,0.5500,2.4025,4.5946,4.5946,10.9822
2026-06-15 16:27:47.281,Ashton3,right,46.483,2789,,,,,,,0.2760,0.5123,2.3626,4.6546,4.6546,11.1713
2026-06-15 16:27:47.312,Ashton3,right,46.517,2791,,,,,,,0.2735,0.4937,2.3436,4.6501,4.6501,11.3054
2026-06-15 16:27:47.342,Ashton3,right,46.550,2793,,,,,,,0.2990,0.4855,2.3413,4.6655,4.6655,11.2573
2026-06-15 16:27:47.373,Ashton3,right,46.567,2794,,,,,,,0.3504,0.4309,2.3572,4.6271,4.6271,11.2485
2026-06-15 16:27:47.404,Ashton3,right,46.600,2796,,,,,,,0.3974,0.3683,2.3862,4.6018,4.6018,11.3637
2026-06-15 16:27:47.434,Ashton3,right,46.633,2798,,,,,,,0.4426,0.3269,2.3890,4.6052,4.6052,11.4552
2026-06-15 16:27:47.465,Ashton3,right,46.667,2800,,,,,,,0.4561,0.3108,2.3896,4.5792,4.5792,11.2824
2026-06-15 16:27:47.496,Ashton3,right,46.700,2802,,,,,,,0.5304,0.2858,2.3766,4.6282,4.6282,11.1607
2026-06-15 16:27:47.527,Ashton3,right,46.733,2804,,,,,,,0.5614,0.2702,2.3789,4.5785,4.5785,11.2731
2026-06-15 16:27:47.557,Ashton3,right,46.767,2806,,,,,,,0.6205,0.2159,2.3638,4.5801,4.5801,11.3645
2026-06-15 16:27:47.588,Ashton3,right,46.783,2807,,,,,,,0.6675,0.2073,2.3487,4.5545,4.5545,11.4001
2026-06-15 16:27:47.618,Ashton3,right,46.817,2809,,,,,,,0.7032,0.1797,2.3153,4.3956,4.3956,11.3555
2026-06-15 16:27:47.649,Ashton3,right,46.850,2811,,,,,,,0.7290,0.1356,2.2878,4.3553,4.3553,11.2718
2026-06-15 16:27:47.679,Ashton3,right,46.883,2813,,,,,,,0.6943,0.0765,2.2367,4.5627,4.5627,11.3211
2026-06-15 16:27:47.710,Ashton3,right,46.917,2815,,,,,,,0.6708,0.0779,2.1941,4.6341,4.6341,11.2956
2026-06-15 16:27:47.740,Ashton3,right,46.933,2816,,,,,,,0.6641,0.0815,2.1887,4.6412,4.6412,11.4631
2026-06-15 16:27:47.771,Ashton3,right,46.967,2818,,,,,,,0.6766,0.0917,2.1866,4.6223,4.6223,11.3720
2026-06-15 16:27:47.801,Ashton3,right,47.000,2820,,,,,,,0.7192,0.0981,2.2001,4.6216,4.6216,11.3210
2026-06-15 16:27:47.832,Ashton3,right,47.033,2822,,,,,,,0.8165,0.0919,2.2228,4.6306,4.6306,11.3492
2026-06-15 16:27:47.863,Ashton3,right,47.067,2824,,,,,,,0.8550,0.0776,2.2228,4.6180,4.6180,11.3619
2026-06-15 16:27:47.893,Ashton3,right,47.100,2826,,,,,,,0.8730,0.0379,2.2276,4.5219,4.5219,11.4195
2026-06-15 16:27:47.924,Ashton3,right,47.117,2827,,,,,,,0.8966,0.0373,2.2280,4.5038,4.5038,11.4356
2026-06-15 16:27:47.954,Ashton3,right,47.150,2829,,,,,,,0.9529,0.0269,2.2332,4.4135,4.4135,11.5233
2026-06-15 16:27:47.985,Ashton3,right,47.183,2831,,,,,,,1.0066,0.0410,2.2129,4.4660,4.4660,11.6135
2026-06-15 16:27:48.017,Ashton3,right,47.217,2833,,,,,,,1.0643,0.0090,2.1929,4.4693,4.4693,11.5700
2026-06-15 16:27:48.047,Ashton3,right,47.250,2835,,,,,,,1.1499,-0.0417,2.1550,4.4524,4.4524,11.6861
2026-06-15 16:27:48.078,Ashton3,right,47.283,2837,,,,,,,1.1938,-0.1029,2.1156,4.4553,4.4553,11.8271
2026-06-15 16:27:48.109,Ashton3,right,47.317,2839,,,,,,,1.2191,-0.1305,2.0923,4.4461,4.4461,11.9375
2026-06-15 16:27:48.139,Ashton3,right,47.333,2840,,,,,,,1.2105,-0.1090,2.0546,4.4856,4.4856,11.8738
2026-06-15 16:27:48.170,Ashton3,right,47.367,2842,,,,,,,1.2161,-0.0801,2.0143,4.4797,4.4797,11.7399
2026-06-15 16:27:48.200,Ashton3,right,47.400,2844,,,,,,,1.2143,-0.0740,2.0026,4.4915,4.4915,11.7434
2026-06-15 16:27:48.231,Ashton3,right,47.433,2846,,,,,,,1.2357,-0.0679,2.0008,4.4692,4.4692,11.7811
2026-06-15 16:27:48.261,Ashton3,right,47.467,2848,,,,,,,1.1461,-0.0822,2.0427,4.4309,4.4309,11.7395
2026-06-15 16:27:48.292,Ashton3,right,47.500,2850,,,,,,,1.1915,-0.0790,2.0801,4.4654,4.4654,11.8402
2026-06-15 16:27:48.322,Ashton3,right,47.517,2851,,,,,,,1.3422,-0.0989,2.0734,4.4366,4.4366,11.9665
2026-06-15 16:27:48.353,Ashton3,right,47.550,2853,,,,,,,1.4013,-0.1044,2.0599,4.4294,4.4294,11.9705
2026-06-15 16:27:48.383,Ashton3,right,47.583,2855,,,,,,,1.4655,-0.1033,2.0259,4.3794,4.3794,11.8714
2026-06-15 16:27:48.414,Ashton3,right,47.617,2857,,,,,,,1.4943,-0.1305,1.9981,4.3935,4.3935,11.9375
2026-06-15 16:27:48.444,Ashton3,right,47.650,2859,,,,,,,1.5038,-0.1569,1.9852,4.3863,4.3863,11.9841
2026-06-15 16:27:48.475,Ashton3,right,47.683,2861,,,,,,,1.5366,-0.1540,1.9548,4.4155,4.4155,11.9934
2026-06-15 16:27:48.506,Ashton3,right,47.700,2862,,,,,,,1.5631,-0.1268,1.9440,4.4060,4.4060,12.0186
2026-06-15 16:27:48.537,Ashton3,right,47.733,2864,,,,,,,1.6210,-0.0772,1.9289,4.3849,4.3849,12.0313
2026-06-15 16:27:48.568,Ashton3,right,47.767,2866,,,,,,,1.7242,-0.0859,1.9284,4.3725,4.3725,11.9732
2026-06-15 16:27:48.598,Ashton3,right,47.800,2868,,,,,,,1.7858,-0.1167,1.9221,4.3581,4.3581,11.9681
2026-06-15 16:27:48.629,Ashton3,right,47.833,2870,,,,,,,1.7758,-0.0984,1.9051,4.3679,4.3679,11.8922
2026-06-15 16:27:48.660,Ashton3,right,47.867,2872,,,,,,,1.7715,-0.0903,1.8959,4.3925,4.3925,11.8627
2026-06-15 16:27:48.691,Ashton3,right,47.883,2873,,,,,,,1.7683,-0.0803,1.8805,4.3974,4.3974,11.8334
2026-06-15 16:27:48.721,Ashton3,right,47.917,2875,,,,,,,1.8058,-0.0703,1.8729,4.3832,4.3832,11.7742
2026-06-15 16:27:48.751,Ashton3,right,47.950,2877,,,,,,,1.8342,-0.0624,1.8595,4.4662,4.4662,11.9781
2026-06-15 16:27:48.782,Ashton3,right,47.983,2879,,,,,,,1.8698,-0.0677,1.8466,4.5163,4.5163,12.1112
2026-06-15 16:27:48.812,Ashton3,right,48.017,2881,,,,,,,1.8773,-0.0682,1.8415,4.5205,4.5205,12.0722
2026-06-15 16:27:48.843,Ashton3,right,48.050,2883,,,,,,,1.8998,-0.0663,1.8496,4.5121,4.5121,12.1057
2026-06-15 16:27:48.873,Ashton3,right,48.067,2884,,,,,,,1.9030,-0.0584,1.8605,4.5452,4.5452,12.4179
2026-06-15 16:27:48.904,Ashton3,right,48.100,2886,,,,,,,1.8933,-0.0115,1.8354,4.4327,4.4327,12.4082
2026-06-15 16:27:48.935,Ashton3,right,48.133,2888,,,,,,,1.8845,0.0106,1.8222,4.4602,4.4602,12.2314
2026-06-15 16:27:48.965,Ashton3,right,48.167,2890,,,,,,,1.8997,0.0071,1.8236,4.4302,4.4302,12.1947
2026-06-15 16:27:48.996,Ashton3,right,48.200,2892,,,,,,,1.9314,0.0373,1.8282,4.4760,4.4760,12.1603
2026-06-15 16:27:49.027,Ashton3,right,48.233,2894,,,,,,,1.9874,0.0767,1.8443,4.4271,4.4271,12.0285
2026-06-15 16:27:49.058,Ashton3,right,48.267,2896,,,,,,,2.0014,0.1740,1.8150,4.3082,4.3082,11.5314
2026-06-15 16:27:49.089,Ashton3,right,48.283,2897,,,,,,,1.9885,0.2290,1.8207,4.2872,4.2872,11.3409
2026-06-15 16:27:49.119,Ashton3,right,48.317,2899,,,,,,,1.9956,0.3279,1.7919,4.1641,4.1641,10.8318
2026-06-15 16:27:49.150,Ashton3,right,48.350,2901,,,,,,,2.0849,0.3657,1.7882,4.1311,4.1311,10.7057
2026-06-15 16:27:49.181,Ashton3,right,48.383,2903,,,,,,,2.1393,0.3895,1.8094,4.2097,4.2097,10.8366
2026-06-15 16:27:49.212,Ashton3,right,48.417,2905,,,,,,,2.1242,0.3943,1.8231,4.1951,4.1951,10.9524
2026-06-15 16:27:49.242,Ashton3,right,48.450,2907,,,,,,,2.2163,0.3973,1.8849,4.1955,4.1955,10.8535
2026-06-15 16:27:49.273,Ashton3,right,48.467,2908,,,,,,,2.2631,0.4257,1.8893,4.1588,4.1588,10.7179
2026-06-15 16:27:49.303,Ashton3,right,48.500,2910,,,,,,,2.2474,0.4441,1.8929,4.2196,4.2196,10.9181
2026-06-15 16:27:49.334,Ashton3,right,48.533,2912,,,,,,,2.2317,0.4838,1.8910,4.1943,4.1943,10.8325
2026-06-15 16:27:49.365,Ashton3,right,48.567,2914,,,,,,,2.2650,0.5227,1.8901,4.1903,4.1903,10.6839
2026-06-15 16:27:49.395,Ashton3,right,48.600,2916,,,,,,,2.2564,0.5811,1.8783,4.1325,4.1325,10.7575
2026-06-15 16:27:49.426,Ashton3,right,48.633,2918,,,,,,,2.2032,0.6632,1.8510,4.1423,4.1423,10.7400
2026-06-15 16:27:49.456,Ashton3,right,48.650,2919,,,,,,,2.1795,0.7039,1.8390,4.1386,4.1386,10.5954
2026-06-15 16:27:49.487,Ashton3,right,48.683,2921,,,,,,,2.0783,0.7344,1.8979,4.0551,4.0551,10.8217
2026-06-15 16:27:49.517,Ashton3,right,48.717,2923,,,,,,,2.1314,0.7466,1.9267,4.1360,4.1360,10.7675
2026-06-15 16:27:49.548,Ashton3,right,48.750,2925,,,,,,,2.1681,0.7614,1.9333,4.1522,4.1522,10.6661
2026-06-15 16:27:49.579,Ashton3,right,48.783,2927,,,,,,,2.2162,0.8105,1.8670,4.1570,4.1570,9.9812
2026-06-15 16:27:49.609,Ashton3,right,48.817,2929,,,,,,,2.2717,0.8669,1.7921,4.0594,4.0594,9.2904
2026-06-15 16:27:49.640,Ashton3,right,48.833,2930,,,,,,,2.2668,0.8860,1.7439,4.0021,4.0021,9.0178
2026-06-15 16:27:49.671,Ashton3,right,48.867,2932,,,,,,,2.2858,0.9335,1.6855,3.9446,3.9446,8.6417
2026-06-15 16:27:49.701,Ashton3,right,48.900,2934,,,,,,,2.3062,1.0157,1.6560,3.8693,3.8693,8.1825
2026-06-15 16:27:49.731,Ashton3,right,48.933,2936,,,,,,,1.8819,1.2126,1.7431,3.8115,3.8115,9.0381
2026-06-15 16:27:49.762,Ashton3,right,48.967,2938,,,,,,,1.7706,1.2716,1.8073,3.8056,3.8056,9.2275
2026-06-15 16:27:49.792,Ashton3,right,49.000,2940,,,,,,,1.6994,1.3165,1.8644,3.7295,3.7295,8.7522
2026-06-15 16:27:49.823,Ashton3,right,49.017,2941,,,,,,,1.6521,1.2482,1.8693,3.7352,3.7352,8.8441
2026-06-15 16:27:49.853,Ashton3,right,49.050,2943,,,,,,,1.6356,1.2242,1.8816,3.6631,3.6631,8.8183
2026-06-15 16:27:49.884,Ashton3,right,49.083,2945,,,,,,,1.7644,1.1743,1.8549,3.6354,3.6354,8.3436
2026-06-15 16:27:49.914,Ashton3,right,49.117,2947,,,,,,,1.8050,1.1096,1.8082,3.6656,3.6656,8.0339
2026-06-15 16:27:49.945,Ashton3,right,49.150,2949,,,,,,,1.7532,1.0047,1.7815,3.6988,3.6988,8.0969
2026-06-15 16:27:49.976,Ashton3,right,49.183,2951,,,,,,,1.7765,0.9227,1.7723,3.8123,3.8123,8.5718
2026-06-15 16:27:50.006,Ashton3,right,49.200,2952,,,,,,,1.8167,0.8200,1.7991,3.8868,3.8868,9.4695
2026-06-15 16:27:50.039,Ashton3,right,49.233,2954,,,,,,,1.9290,0.7664,1.8372,3.8657,3.8657,9.3956
2026-06-15 16:27:50.070,Ashton3,right,49.267,2956,,,,,,,1.9565,0.7210,1.8389,3.9037,3.9037,9.2006
2026-06-15 16:27:50.100,Ashton3,right,49.300,2958,,,,,,,2.0151,0.6237,1.8378,3.9739,3.9739,9.4498
2026-06-15 16:27:50.130,Ashton3,right,49.333,2960,,,,,,,1.9768,0.4632,1.8908,3.9128,3.9128,9.8343
2026-06-15 16:27:50.161,Ashton3,right,49.367,2962,,,,,,,1.9806,0.3116,1.9447,3.9121,3.9121,9.9987
2026-06-15 16:27:50.191,Ashton3,right,49.400,2964,,,,,,,2.0060,0.1723,1.9607,3.9761,3.9761,10.1363
2026-06-15 16:27:50.222,Ashton3,right,49.417,2965,,,,,,,2.0264,0.1002,1.9382,4.0376,4.0376,10.1166
2026-06-15 16:27:50.252,Ashton3,right,49.450,2967,,,,,,,2.0261,-0.0518,1.8985,4.0684,4.0684,10.3661
2026-06-15 16:27:50.283,Ashton3,right,49.483,2969,,,,,,,2.0700,-0.1676,1.8753,4.1722,4.1722,10.5624
2026-06-15 16:27:50.313,Ashton3,right,49.517,2971,,,,,,,2.1092,-0.2579,1.8439,4.1945,4.1945,10.7735
2026-06-15 16:27:50.344,Ashton3,right,49.550,2973,,,,,,,2.1548,-0.3223,1.8168,4.1816,4.1816,10.8289
2026-06-15 16:27:50.375,Ashton3,right,49.583,2975,,,,,,,2.1855,-0.3656,1.8002,4.2145,4.2145,10.9385
2026-06-15 16:27:50.406,Ashton3,right,49.600,2976,,,,,,,2.1855,-0.3656,1.8002,4.2145,4.2145,10.9385
2026-06-15 16:27:50.437,Ashton3,right,49.633,2978,,,,,,,2.1857,-0.4002,1.7957,4.1751,4.1751,10.8431
2026-06-15 16:27:50.467,Ashton3,right,49.667,2980,,,,,,,2.2023,-0.4453,1.7687,4.1865,4.1865,10.8167
2026-06-15 16:27:50.498,Ashton3,right,49.700,2982,,,,,,,2.2085,-0.4799,1.7399,4.2050,4.2050,10.7506
2026-06-15 16:27:50.528,Ashton3,right,49.733,2984,,,,,,,2.2213,-0.4637,1.7211,4.1701,4.1701,10.6476
2026-06-15 16:27:50.559,Ashton3,right,49.767,2986,,,,,,,2.2608,-0.4513,1.6896,4.1562,4.1562,10.7171
2026-06-15 16:27:50.589,Ashton3,right,49.783,2987,,,,,,,2.2663,-0.4449,1.6882,4.1909,4.1909,10.7736
2026-06-15 16:27:50.620,Ashton3,right,49.817,2989,,,,,,,2.2470,-0.4408,1.6750,4.2039,4.2039,10.9628
2026-06-15 16:27:50.651,Ashton3,right,49.850,2991,,,,,,,2.2264,-0.3727,1.6353,4.1235,4.1235,11.0797
2026-06-15 16:27:50.682,Ashton3,right,49.883,2993,,,,,,,2.2635,-0.3585,1.6360,4.1798,4.1798,11.0711
2026-06-15 16:27:50.712,Ashton3,right,49.917,2995,,,,,,,2.2605,-0.3137,1.6487,4.1956,4.1956,10.9766
2026-06-15 16:27:50.744,Ashton3,right,49.950,2997,,,,,,,2.2714,-0.2643,1.6931,4.2676,4.2676,10.9809
2026-06-15 16:27:50.774,Ashton3,right,49.967,2998,,,,,,,2.2673,-0.2098,1.7344,4.2715,4.2715,11.0252
2026-06-15 16:27:50.804,Ashton3,right,50.000,3000,,,,,,,2.2491,-0.1530,1.7467,4.1836,4.1836,10.8646
2026-06-15 16:27:50.835,Ashton3,right,50.033,3002,,,,,,,2.2505,-0.1225,1.7707,4.2378,4.2378,10.9195
2026-06-15 16:27:50.865,Ashton3,right,50.067,3004,,,,,,,2.2516,-0.0774,1.7877,4.2841,4.2841,10.6802
2026-06-15 16:27:50.896,Ashton3,right,50.100,3006,,,,,,,2.2257,-0.0057,1.8153,4.2500,4.2500,10.5791
2026-06-15 16:27:50.926,Ashton3,right,50.133,3008,,,,,,,2.2117,0.0485,1.8260,4.2823,4.2823,10.5746
2026-06-15 16:27:50.957,Ashton3,right,50.150,3009,,,,,,,2.1604,0.1459,1.8427,4.2457,4.2457,10.6215
2026-06-15 16:27:50.987,Ashton3,right,50.183,3011,,,,,,,2.1324,0.1995,1.8444,4.2415,4.2415,10.4817
2026-06-15 16:27:51.018,Ashton3,right,50.217,3013,,,,,,,2.0137,0.4545,1.8296,3.8308,3.8308,9.5816
2026-06-15 16:27:51.050,Ashton3,right,50.250,3015,,,,,,,2.0201,0.5770,1.8074,3.6857,3.6857,8.6521
2026-06-15 16:27:51.081,Ashton3,right,50.283,3017,,,,,,,2.0178,0.7701,1.7558,3.5817,3.5817,7.7354
2026-06-15 16:27:51.111,Ashton3,right,50.317,3019,,,,,,,1.9818,0.9281,1.7091,3.4956,3.4956,7.2158
2026-06-15 16:27:51.142,Ashton3,right,50.350,3021,,,,,,,1.9407,0.9902,1.6983,3.4543,3.4543,7.1662
2026-06-15 16:27:51.172,Ashton3,right,50.367,3022,,,,,,,1.9546,1.1042,1.6470,3.3856,3.3856,6.9681
2026-06-15 16:27:51.203,Ashton3,right,50.400,3024,,,,,,,1.9636,1.1687,1.6075,3.3913,3.3913,6.8473
2026-06-15 16:27:51.233,Ashton3,right,50.433,3026,,,,,,,1.8874,1.1740,1.6280,3.5778,3.5778,7.8305
2026-06-15 16:27:51.264,Ashton3,right,50.467,3028,,,,,,,1.9012,1.2188,1.6460,3.6146,3.6146,7.7989
2026-06-15 16:27:51.294,Ashton3,right,50.500,3030,,,,,,,1.9212,1.2550,1.6644,3.6094,3.6094,7.8092
2026-06-15 16:27:51.325,Ashton3,right,50.533,3032,,,,,,,1.8431,1.3485,1.7315,3.4544,3.4544,7.7179
2026-06-15 16:27:51.356,Ashton3,right,50.550,3033,,,,,,,1.5394,1.5356,1.9117,2.9465,2.9465,6.3130
2026-06-15 16:27:51.386,Ashton3,right,50.583,3035,,,,,,,1.4643,1.5674,2.0092,2.9221,2.9221,6.3708
2026-06-15 16:27:51.417,Ashton3,right,50.617,3037,,,,,,,1.5043,1.4774,2.1019,3.3713,3.3713,7.9460
2026-06-15 16:27:51.447,Ashton3,right,50.650,3039,,,,,,,1.5343,1.3904,2.0879,3.7407,3.7407,8.9913
2026-06-15 16:27:51.478,Ashton3,right,50.683,3041,,,,,,,1.5397,1.3973,2.0975,3.8472,3.8472,9.1012
2026-06-15 16:27:51.508,Ashton3,right,50.717,3043,,,,,,,1.5495,1.4576,2.1399,3.8613,3.8613,9.3166
2026-06-15 16:27:51.539,Ashton3,right,50.733,3044,,,,,,,1.5814,1.4880,2.1470,3.9137,3.9137,9.4099
2026-06-15 16:27:51.569,Ashton3,right,50.767,3046,,,,,,,1.5072,1.5544,2.2001,3.7904,3.7904,9.0336
2026-06-15 16:27:51.600,Ashton3,right,50.800,3048,,,,,,,1.4566,1.6235,2.2117,3.6988,3.6988,8.5615
2026-06-15 16:27:51.630,Ashton3,right,50.833,3050,,,,,,,1.4386,1.6425,2.2049,3.6490,3.6490,8.1589
2026-06-15 16:27:51.661,Ashton3,right,50.867,3052,,,,,,,1.4089,1.6652,2.2087,3.6139,3.6139,8.2937
2026-06-15 16:27:51.692,Ashton3,right,50.900,3054,,,,,,,1.3175,1.6865,2.2595,3.5989,3.5989,8.3206
2026-06-15 16:27:51.722,Ashton3,right,50.917,3055,,,,,,,1.2511,1.6901,2.3329,3.6345,3.6345,8.4987
2026-06-15 16:27:51.753,Ashton3,right,50.950,3057,,,,,,,1.2282,1.7627,2.3997,3.4888,3.4888,7.8867
2026-06-15 16:27:51.783,Ashton3,right,50.983,3059,,,,,,,1.1784,1.7452,2.4343,3.4696,3.4696,7.8094
2026-06-15 16:27:51.814,Ashton3,right,51.017,3061,,,,,,,1.1521,1.7558,2.4645,3.4374,3.4374,7.6316
2026-06-15 16:27:51.844,Ashton3,right,51.050,3063,,,,,,,1.1044,1.7465,2.5170,3.4795,3.4795,7.7656
2026-06-15 16:27:51.875,Ashton3,right,51.083,3065,,,,,,,1.0971,1.7967,2.5409,3.4438,3.4438,7.5605
2026-06-15 16:27:51.906,Ashton3,right,51.100,3066,,,,,,,1.0887,1.9313,2.5110,3.3108,3.3108,6.8077
2026-06-15 16:27:51.936,Ashton3,right,51.133,3068,,,,,,,1.0278,1.9235,2.5205,3.2527,3.2527,7.1576
2026-06-15 16:27:51.967,Ashton3,right,51.167,3070,,,,,,,0.9976,1.9082,2.5593,3.2964,3.2964,7.5254
2026-06-15 16:27:51.997,Ashton3,right,51.200,3072,,,,,,,0.9569,1.8856,2.5802,3.3176,3.3176,7.4718
2026-06-15 16:27:52.028,Ashton3,right,51.233,3074,,,,,,,0.8563,1.8041,2.6490,3.3062,3.3062,7.4958
2026-06-15 16:27:52.059,Ashton3,right,51.267,3076,,,,,,,0.8880,1.7568,2.6801,3.3844,3.3844,7.6071
2026-06-15 16:27:52.089,Ashton3,right,51.283,3077,,,,,,,0.8538,1.7531,2.6853,3.3391,3.3391,7.1493
2026-06-15 16:27:52.120,Ashton3,right,51.317,3079,,,,,,,0.8139,1.7277,2.6845,3.3144,3.3144,7.0120
2026-06-15 16:27:52.151,Ashton3,right,51.350,3081,,,,,,,0.7720,1.5843,2.6610,3.5261,3.5261,7.7610
2026-06-15 16:27:52.181,Ashton3,right,51.383,3083,,,,,,,0.7261,1.3763,2.5664,3.7891,3.7891,8.6309
2026-06-15 16:27:52.212,Ashton3,right,51.417,3085,,,,,,,0.7597,1.3521,2.4601,3.8313,3.8313,8.5773
2026-06-15 16:27:52.243,Ashton3,right,51.450,3087,,,,,,,0.7653,1.2702,2.4186,3.9424,3.9424,9.1035
2026-06-15 16:27:52.273,Ashton3,right,51.467,3088,,,,,,,0.7571,1.1310,2.3673,4.0756,4.0756,9.4199
2026-06-15 16:27:52.304,Ashton3,right,51.500,3090,,,,,,,0.7771,1.0799,2.3567,4.1247,4.1247,9.6354
2026-06-15 16:27:52.336,Ashton3,right,51.533,3092,,,,,,,0.7675,0.9998,2.3595,4.0881,4.0881,9.6736
2026-06-15 16:27:52.367,Ashton3,right,51.567,3094,,,,,,,0.7637,0.9520,2.3792,4.0267,4.0267,9.6104
2026-06-15 16:27:52.397,Ashton3,right,51.600,3096,,,,,,,0.7547,0.8795,2.3819,4.0584,4.0584,9.7725
2026-06-15 16:27:52.428,Ashton3,right,51.633,3098,,,,,,,0.7346,0.8526,2.3920,4.0493,4.0493,9.5896
2026-06-15 16:27:52.458,Ashton3,right,51.667,3100,,,,,,,0.6401,0.7979,2.4077,4.0929,4.0929,9.6884
2026-06-15 16:27:52.489,Ashton3,right,51.683,3101,,,,,,,0.6279,0.7242,2.3919,4.1327,4.1327,9.6992
2026-06-15 16:27:52.519,Ashton3,right,51.717,3103,,,,,,,0.5829,0.6099,2.3915,4.1416,4.1416,9.9422
2026-06-15 16:27:52.550,Ashton3,right,51.750,3105,,,,,,,0.5922,0.5277,2.4080,4.1656,4.1656,10.1591
2026-06-15 16:27:52.581,Ashton3,right,51.783,3107,,,,,,,0.6441,0.4058,2.4205,4.1932,4.1932,10.2645
2026-06-15 16:27:52.611,Ashton3,right,51.817,3109,,,,,,,0.6761,0.2900,2.4070,4.2542,4.2542,10.5250
2026-06-15 16:27:52.641,Ashton3,right,51.850,3111,,,,,,,0.6617,0.2087,2.3881,4.2946,4.2946,10.7858
2026-06-15 16:27:52.672,Ashton3,right,51.867,3112,,,,,,,0.6380,0.1380,2.3603,4.3398,4.3398,10.9834
2026-06-15 16:27:52.703,Ashton3,right,51.900,3114,,,,,,,0.6465,0.0967,2.3528,4.3217,4.3217,10.9680
2026-06-15 16:27:52.733,Ashton3,right,51.933,3116,,,,,,,0.6245,0.0118,2.3275,4.3401,4.3401,11.0143
2026-06-15 16:27:52.763,Ashton3,right,51.967,3118,,,,,,,0.6257,-0.0673,2.3117,4.2901,4.2901,10.9488
2026-06-15 16:27:52.794,Ashton3,right,52.000,3120,,,,,,,0.5946,-0.1454,2.3027,4.2392,4.2392,10.9554
2026-06-15 16:27:52.825,Ashton3,right,52.033,3122,,,,,,,0.5786,-0.2105,2.2936,4.1700,4.1700,10.7140
2026-06-15 16:27:52.856,Ashton3,right,52.050,3123,,,,,,,0.5818,-0.2404,2.2867,4.1288,4.1288,10.5754
2026-06-15 16:27:52.886,Ashton3,right,52.083,3125,,,,,,,0.5788,-0.2682,2.2724,4.0938,4.0938,10.4257
2026-06-15 16:27:52.916,Ashton3,right,52.117,3127,,,,,,,0.5523,-0.2951,2.2484,4.0316,4.0316,10.3578
2026-06-15 16:27:52.947,Ashton3,right,52.150,3129,,,,,,,0.5228,-0.3085,2.2265,4.0719,4.0719,10.3878
2026-06-15 16:27:52.978,Ashton3,right,52.183,3131,,,,,,,0.4944,-0.3597,2.1932,4.0685,4.0685,10.3895
2026-06-15 16:27:53.008,Ashton3,right,52.217,3133,,,,,,,0.4436,-0.4089,2.1874,4.0449,4.0449,10.3742
2026-06-15 16:27:53.039,Ashton3,right,52.233,3134,,,,,,,0.4080,-0.4442,2.1922,4.0380,4.0380,10.3205
2026-06-15 16:27:53.070,Ashton3,right,52.267,3136,,,,,,,0.4080,-0.4666,2.1872,4.0877,4.0877,10.4247
2026-06-15 16:27:53.100,Ashton3,right,52.300,3138,,,,,,,0.4024,-0.4912,2.1919,4.0927,4.0927,10.5149
2026-06-15 16:27:53.131,Ashton3,right,52.333,3140,,,,,,,0.4068,-0.4861,2.1949,4.0840,4.0840,10.5015
2026-06-15 16:27:53.161,Ashton3,right,52.367,3142,,,,,,,0.4094,-0.4883,2.1844,4.1430,4.1430,10.5698
2026-06-15 16:27:53.192,Ashton3,right,52.400,3144,,,,,,,0.4379,-0.4739,2.1764,4.1309,4.1309,10.6391
2026-06-15 16:27:53.222,Ashton3,right,52.417,3145,,,,,,,0.4693,-0.4229,2.1699,4.1255,4.1255,10.6749
2026-06-15 16:27:53.253,Ashton3,right,52.450,3147,,,,,,,0.4744,-0.3930,2.1717,4.1242,4.1242,10.7237
2026-06-15 16:27:53.283,Ashton3,right,52.483,3149,,,,,,,0.4978,-0.3196,2.1732,4.1133,4.1133,10.6118
2026-06-15 16:27:53.314,Ashton3,right,52.517,3151,,,,,,,0.4817,-0.2500,2.1784,4.1479,4.1479,10.4543
2026-06-15 16:27:53.344,Ashton3,right,52.550,3153,,,,,,,0.2586,-0.0694,2.2307,4.0035,4.0035,9.3583
2026-06-15 16:27:53.375,Ashton3,right,52.583,3155,,,,,,,0.3496,0.0326,2.2715,4.0696,4.0696,9.4682
2026-06-15 16:27:53.405,Ashton3,right,52.600,3156,,,,,,,0.4964,0.1028,2.2602,4.1669,4.1669,9.7335
2026-06-15 16:27:53.436,Ashton3,right,52.633,3158,,,,,,,0.5096,0.1569,2.2433,4.2368,4.2368,9.9794
2026-06-15 16:27:53.467,Ashton3,right,52.667,3160,,,,,,,0.5448,0.2370,2.2146,4.3356,4.3356,10.2060
2026-06-15 16:27:53.497,Ashton3,right,52.700,3162,,,,,,,0.5919,0.2926,2.2188,4.3031,4.3031,10.3828
2026-06-15 16:27:53.528,Ashton3,right,52.733,3164,,,,,,,0.6395,0.3483,2.2239,4.2934,4.2934,10.4773
2026-06-15 16:27:53.558,Ashton3,right,52.767,3166,,,,,,,0.6504,0.4236,2.2270,4.2948,4.2948,10.6084
2026-06-15 16:27:53.589,Ashton3,right,52.783,3167,,,,,,,0.6189,0.4761,2.2281,4.2376,4.2376,10.4046
2026-06-15 16:27:53.620,Ashton3,right,52.817,3169,,,,,,,0.6053,0.5292,2.2298,4.2153,4.2153,10.3489
2026-06-15 16:27:53.650,Ashton3,right,52.850,3171,,,,,,,0.6150,0.5441,2.2328,4.2634,4.2634,10.4074
2026-06-15 16:27:53.681,Ashton3,right,52.883,3173,,,,,,,0.6312,0.5762,2.2358,4.2298,4.2298,10.3225
2026-06-15 16:27:53.712,Ashton3,right,52.917,3175,,,,,,,0.6344,0.6216,2.2066,4.1501,4.1501,10.3584
2026-06-15 16:27:53.743,Ashton3,right,52.950,3177,,,,,,,0.6564,0.6360,2.1857,4.1521,4.1521,10.3252
2026-06-15 16:27:53.773,Ashton3,right,52.967,3178,,,,,,,0.6648,0.7097,2.1422,4.1284,4.1284,10.3798
2026-06-15 16:27:53.804,Ashton3,right,53.000,3180,,,,,,,0.6465,0.7979,2.1372,4.0878,4.0878,10.1974
2026-06-15 16:27:53.835,Ashton3,right,53.033,3182,,,,,,,0.6784,0.8437,2.1622,4.1204,4.1204,10.1619
2026-06-15 16:27:53.865,Ashton3,right,53.067,3184,,,,,,,0.6875,0.8529,2.1732,4.1827,4.1827,10.3687
2026-06-15 16:27:53.896,Ashton3,right,53.100,3186,,,,,,,0.7120,0.9510,2.1921,4.1538,4.1538,10.2957
2026-06-15 16:27:53.927,Ashton3,right,53.133,3188,,,,,,,0.7068,0.9976,2.2048,4.2342,4.2342,10.5910
2026-06-15 16:27:53.957,Ashton3,right,53.167,3190,,,,,,,0.7370,1.1670,2.2402,4.2205,4.2205,10.6664
2026-06-15 16:27:53.988,Ashton3,right,53.183,3191,,,,,,,0.7611,1.2241,2.2601,4.1180,4.1180,10.6207
2026-06-15 16:27:54.019,Ashton3,right,53.217,3193,,,,,,,0.8249,1.2817,2.2536,4.1527,4.1527,10.5829
2026-06-15 16:27:54.049,Ashton3,right,53.250,3195,,,,,,,0.8877,1.3627,2.2200,4.1347,4.1347,10.4287
2026-06-15 16:27:54.082,Ashton3,right,53.283,3197,,,,,,,0.9416,1.4674,2.1807,4.0239,4.0239,9.7206
2026-06-15 16:27:54.112,Ashton3,right,53.317,3199,,,,,,,0.9487,1.4995,2.1965,3.9340,3.9340,9.9606
2026-06-15 16:27:54.143,Ashton3,right,53.350,3201,,,,,,,1.0016,1.5535,2.2357,3.8492,3.8492,9.4949
2026-06-15 16:27:54.174,Ashton3,right,53.367,3202,,,,,,,0.9992,1.5662,2.2566,3.8096,3.8096,9.4494
2026-06-15 16:27:54.204,Ashton3,right,53.400,3204,,,,,,,1.0432,1.5954,2.2793,3.8078,3.8078,9.4906
2026-06-15 16:27:54.235,Ashton3,right,53.433,3206,,,,,,,0.9922,1.6634,2.2527,3.8506,3.8506,9.4425
2026-06-15 16:27:54.265,Ashton3,right,53.467,3208,,,,,,,1.0515,1.7464,2.1733,3.8766,3.8766,8.8944
2026-06-15 16:27:54.296,Ashton3,right,53.500,3210,,,,,,,1.0858,1.7506,2.1438,3.8717,3.8717,8.9450
2026-06-15 16:27:54.326,Ashton3,right,53.533,3212,,,,,,,1.1281,1.7831,2.1256,3.8320,3.8320,8.8527
2026-06-15 16:27:54.357,Ashton3,right,53.550,3213,,,,,,,1.1425,1.7857,2.1533,3.7580,3.7580,9.0846
2026-06-15 16:27:54.387,Ashton3,right,53.583,3215,,,,,,,1.1969,1.8144,2.1690,3.7769,3.7769,8.9811
2026-06-15 16:27:54.417,Ashton3,right,53.617,3217,,,,,,,1.2658,1.8451,2.1592,3.8055,3.8055,8.8323
2026-06-15 16:27:54.448,Ashton3,right,53.650,3219,,,,,,,1.2894,1.8639,2.1222,3.8038,3.8038,8.6797
2026-06-15 16:27:54.478,Ashton3,right,53.683,3221,,,,,,,1.2704,1.8471,2.0664,3.7522,3.7522,8.7365
2026-06-15 16:27:54.509,Ashton3,right,53.717,3223,,,,,,,1.3090,1.8090,2.0250,3.7922,3.7922,8.6892
2026-06-15 16:27:54.539,Ashton3,right,53.733,3224,,,,,,,1.3567,1.8113,1.9805,3.7753,3.7753,8.5182
2026-06-15 16:27:54.570,Ashton3,right,53.767,3226,,,,,,,1.4007,1.7821,1.9873,3.7699,3.7699,8.5501
2026-06-15 16:27:54.600,Ashton3,right,53.800,3228,,,,,,,1.4669,1.8121,1.9811,3.7389,3.7389,8.1194
2026-06-15 16:27:54.631,Ashton3,right,53.833,3230,,,,,,,1.5724,1.8145,1.9682,3.6903,3.6903,7.9228
2026-06-15 16:27:54.662,Ashton3,right,53.867,3232,,,,,,,1.6512,1.8478,1.8860,3.5857,3.5857,7.8599
2026-06-15 16:27:54.692,Ashton3,right,53.900,3234,,,,,,,1.7600,1.8261,1.7628,3.6659,3.6659,7.8593
2026-06-15 16:27:54.723,Ashton3,right,53.917,3235,,,,,,,1.7798,1.8075,1.6661,3.6347,3.6347,7.9712
2026-06-15 16:27:54.754,Ashton3,right,53.950,3237,,,,,,,1.7762,1.8006,1.6465,3.5651,3.5651,7.9986
2026-06-15 16:27:54.785,Ashton3,right,53.983,3239,,,,,,,1.7661,1.7606,1.6296,3.5146,3.5146,8.0754
2026-06-15 16:27:54.815,Ashton3,right,54.017,3241,,,,,,,1.7773,1.7428,1.6275,3.4602,3.4602,7.8765
2026-06-15 16:27:54.846,Ashton3,right,54.050,3243,,,,,,,1.8467,1.6356,1.6336,3.5124,3.5124,7.9270
2026-06-15 16:27:54.877,Ashton3,right,54.083,3245,,,,,,,1.8701,1.5976,1.6272,3.5360,3.5360,7.8612
2026-06-15 16:27:54.908,Ashton3,right,54.117,3247,,,,,,,1.8947,1.4780,1.5844,3.6750,3.6750,8.1864
2026-06-15 16:27:54.938,Ashton3,right,54.133,3248,,,,,,,1.9248,1.4018,1.5183,3.7270,3.7270,8.2802
2026-06-15 16:27:54.969,Ashton3,right,54.167,3250,,,,,,,1.9698,1.3700,1.4952,3.7559,3.7559,8.3878
2026-06-15 16:27:54.999,Ashton3,right,54.200,3252,,,,,,,1.9829,1.2867,1.5089,3.8621,3.8621,8.7931
2026-06-15 16:27:55.030,Ashton3,right,54.233,3254,,,,,,,2.0937,0.9934,1.6348,4.0583,4.0583,9.7712
2026-06-15 16:27:55.060,Ashton3,right,54.267,3256,,,,,,,2.1230,0.8900,1.6780,4.1071,4.1071,10.0445
2026-06-15 16:27:55.093,Ashton3,right,54.300,3258,,,,,,,2.1488,0.7407,1.7008,4.1041,4.1041,10.5371
2026-06-15 16:27:55.123,Ashton3,right,54.317,3259,,,,,,,2.2138,0.6099,1.6972,4.1133,4.1133,10.8566
2026-06-15 16:27:55.154,Ashton3,right,54.350,3261,,,,,,,2.2780,0.5358,1.6828,4.1167,4.1167,10.9303
2026-06-15 16:27:55.184,Ashton3,right,54.383,3263,,,,,,,2.2854,0.4709,1.6775,4.0911,4.0911,10.9615
2026-06-15 16:27:55.215,Ashton3,right,54.417,3265,,,,,,,2.2884,0.3820,1.6854,4.1228,4.1228,11.0845
2026-06-15 16:27:55.245,Ashton3,right,54.450,3267,,,,,,,2.3127,0.3136,1.6595,4.0842,4.0842,10.9365
2026-06-15 16:27:55.276,Ashton3,right,54.483,3269,,,,,,,2.2526,0.2321,1.6498,4.1638,4.1638,11.1486
2026-06-15 16:27:55.306,Ashton3,right,54.500,3270,,,,,,,2.2433,0.1604,1.6571,4.1426,4.1426,11.0925
2026-06-15 16:27:55.337,Ashton3,right,54.533,3272,,,,,,,2.2442,0.1410,1.6638,4.1429,4.1429,11.0043
2026-06-15 16:27:55.367,Ashton3,right,54.567,3274,,,,,,,2.2853,0.0938,1.6717,4.1230,4.1230,11.0184
2026-06-15 16:27:55.398,Ashton3,right,54.600,3276,,,,,,,2.3164,0.0744,1.6776,4.0770,4.0770,11.0836
2026-06-15 16:27:55.428,Ashton3,right,54.633,3278,,,,,,,2.3735,0.0155,1.6631,4.0248,4.0248,11.0839
2026-06-15 16:27:55.459,Ashton3,right,54.667,3280,,,,,,,2.3863,-0.0190,1.6342,3.9947,3.9947,11.1047
2026-06-15 16:27:55.489,Ashton3,right,54.683,3281,,,,,,,2.4119,-0.0045,1.6452,4.0605,4.0605,11.2179
2026-06-15 16:27:55.520,Ashton3,right,54.717,3283,,,,,,,2.3901,0.0550,1.6763,4.1237,4.1237,11.0936
2026-06-15 16:27:55.550,Ashton3,right,54.750,3285,,,,,,,2.4132,-0.0233,1.6676,4.0456,4.0456,10.9761
2026-06-15 16:27:55.581,Ashton3,right,54.783,3287,,,,,,,2.4374,-0.0901,1.6443,4.0550,4.0550,11.1630
2026-06-15 16:27:55.611,Ashton3,right,54.817,3289,,,,,,,2.4375,-0.1739,1.5893,4.0295,4.0295,11.1644
2026-06-15 16:27:55.642,Ashton3,right,54.850,3291,,,,,,,2.4360,-0.2483,1.4924,4.0755,4.0755,11.3421
2026-06-15 16:27:55.673,Ashton3,right,54.867,3292,,,,,,,2.3819,-0.2311,1.4534,4.0532,4.0532,11.2322
2026-06-15 16:27:55.704,Ashton3,right,54.900,3294,,,,,,,2.3440,-0.1833,1.4652,4.0686,4.0686,11.3484
2026-06-15 16:27:55.734,Ashton3,right,54.933,3296,,,,,,,2.2771,-0.0992,1.5305,4.1250,4.1250,11.4303
2026-06-15 16:27:55.765,Ashton3,right,54.967,3298,,,,,,,2.2450,-0.0753,1.5993,4.1422,4.1422,11.1826
2026-06-15 16:27:55.795,Ashton3,right,55.000,3300,,,,,,,2.2314,-0.0240,1.6429,4.1187,4.1187,10.9959
2026-06-15 16:27:55.826,Ashton3,right,55.033,3302,,,,,,,2.1980,0.1347,1.6354,4.0574,4.0574,10.8664
2026-06-15 16:27:55.857,Ashton3,right,55.050,3303,,,,,,,2.2220,0.2402,1.6368,4.1064,4.1064,10.5663
2026-06-15 16:27:55.887,Ashton3,right,55.083,3305,,,,,,,2.2266,0.2965,1.6482,4.0979,4.0979,10.5066
2026-06-15 16:27:55.918,Ashton3,right,55.117,3307,,,,,,,2.1879,0.4043,1.6853,4.1445,4.1445,10.4260
2026-06-15 16:27:55.949,Ashton3,right,55.150,3309,,,,,,,2.1114,0.4901,1.7198,4.1032,4.1032,10.4678
2026-06-15 16:27:55.979,Ashton3,right,55.183,3311,,,,,,,2.0714,0.5576,1.7337,4.1917,4.1917,10.3717
2026-06-15 16:27:56.009,Ashton3,right,55.217,3313,,,,,,,2.0692,0.6111,1.7247,4.1593,4.1593,10.1096
2026-06-15 16:27:56.040,Ashton3,right,55.233,3314,,,,,,,2.0602,0.7649,1.7154,3.9914,3.9914,9.5197
2026-06-15 16:27:56.071,Ashton3,right,55.267,3316,,,,,,,1.9169,0.8549,1.7176,3.8365,3.8365,9.1555
2026-06-15 16:27:56.101,Ashton3,right,55.300,3318,,,,,,,1.9193,0.9051,1.7361,3.8078,3.8078,9.0205
2026-06-15 16:27:56.132,Ashton3,right,55.333,3320,,,,,,,1.9993,1.0401,1.6816,3.6245,3.6245,8.2194
2026-06-15 16:27:56.163,Ashton3,right,55.367,3322,,,,,,,2.0181,1.0921,1.6443,3.5564,3.5564,7.8444
2026-06-15 16:27:56.194,Ashton3,right,55.400,3324,,,,,,,2.0136,1.2085,1.5803,3.4697,3.4697,7.5305
2026-06-15 16:27:56.224,Ashton3,right,55.433,3326,,,,,,,2.0048,1.2422,1.5663,3.5278,3.5278,7.5997
2026-06-15 16:27:56.255,Ashton3,right,55.450,3327,,,,,,,1.9405,1.3867,1.6301,3.5076,3.5076,7.7711
2026-06-15 16:27:56.285,Ashton3,right,55.483,3329,,,,,,,1.9226,1.4321,1.6512,3.4940,3.4940,7.6856
2026-06-15 16:27:56.316,Ashton3,right,55.517,3331,,,,,,,1.8986,1.4861,1.6791,3.4772,3.4772,7.4603
2026-06-15 16:27:56.346,Ashton3,right,55.550,3333,,,,,,,1.8388,1.4474,1.6884,3.5886,3.5886,7.7702
2026-06-15 16:27:56.377,Ashton3,right,55.583,3335,,,,,,,1.8135,1.4727,1.6968,3.5666,3.5666,7.6603
2026-06-15 16:27:56.407,Ashton3,right,55.617,3337,,,,,,,1.8007,1.4917,1.7139,3.7188,3.7188,8.2518
2026-06-15 16:27:56.438,Ashton3,right,55.633,3338,,,,,,,1.7545,1.5434,1.7279,3.6611,3.6611,8.2550
2026-06-15 16:27:56.468,Ashton3,right,55.667,3340,,,,,,,1.6843,1.5742,1.7565,3.6910,3.6910,8.6588
2026-06-15 16:27:56.499,Ashton3,right,55.700,3342,,,,,,,1.6297,1.5620,1.7803,3.7504,3.7504,9.2526
2026-06-15 16:27:56.529,Ashton3,right,55.733,3344,,,,,,,1.6260,1.6008,1.7896,3.7547,3.7547,9.2524
2026-06-15 16:27:56.560,Ashton3,right,55.767,3346,,,,,,,1.6227,1.5899,1.8278,3.8400,3.8400,9.3793
2026-06-15 16:27:56.591,Ashton3,right,55.800,3348,,,,,,,1.6361,1.6236,1.8676,3.8277,3.8277,9.2999
2026-06-15 16:27:56.622,Ashton3,right,55.817,3349,,,,,,,1.6292,1.6389,1.8795,3.9019,3.9019,9.3811
2026-06-15 16:27:56.652,Ashton3,right,55.850,3351,,,,,,,1.5711,1.6621,1.9086,3.9489,3.9489,9.4783
2026-06-15 16:27:56.683,Ashton3,right,55.883,3353,,,,,,,1.5091,1.6662,1.9269,3.9507,3.9507,9.7850
2026-06-15 16:27:56.713,Ashton3,right,55.917,3355,,,,,,,1.4646,1.6913,1.9767,3.9071,3.9071,9.4863
2026-06-15 16:27:56.744,Ashton3,right,55.950,3357,,,,,,,1.4512,1.6937,1.9846,3.9503,3.9503,9.6553
2026-06-15 16:27:56.775,Ashton3,right,55.983,3359,,,,,,,1.4063,1.7032,1.9933,4.0488,4.0488,10.1964
2026-06-15 16:27:56.805,Ashton3,right,56.000,3360,,,,,,,1.3342,1.7700,2.0415,4.0024,4.0024,9.9838
2026-06-15 16:27:56.836,Ashton3,right,56.033,3362,,,,,,,1.3160,1.8451,2.0636,3.9908,3.9908,9.8665
2026-06-15 16:27:56.867,Ashton3,right,56.067,3364,,,,,,,1.2860,1.8885,2.0889,3.9496,3.9496,9.5149
2026-06-15 16:27:56.897,Ashton3,right,56.100,3366,,,,,,,1.2600,1.8967,2.0961,3.9280,3.9280,9.4332
2026-06-15 16:27:56.928,Ashton3,right,56.133,3368,,,,,,,1.1867,1.8930,2.1222,3.8704,3.8704,9.2772
2026-06-15 16:27:56.958,Ashton3,right,56.167,3370,,,,,,,1.1211,1.8637,2.1588,3.8524,3.8524,9.2907
2026-06-15 16:27:56.989,Ashton3,right,56.183,3371,,,,,,,1.0746,1.8613,2.1926,3.8183,3.8183,9.1950
2026-06-15 16:27:57.019,Ashton3,right,56.217,3373,,,,,,,1.0604,1.8377,2.1918,3.9338,3.9338,9.6707
2026-06-15 16:27:57.050,Ashton3,right,56.250,3375,,,,,,,0.9284,1.7174,2.1957,3.9682,3.9682,9.8551
2026-06-15 16:27:57.080,Ashton3,right,56.283,3377,,,,,,,0.8709,1.6832,2.1926,4.0040,4.0040,9.7566
2026-06-15 16:27:57.112,Ashton3,right,56.317,3379,,,,,,,0.8244,1.6660,2.1805,4.0428,4.0428,9.7895
2026-06-15 16:27:57.142,Ashton3,right,56.350,3381,,,,,,,0.7213,1.6134,2.1882,4.0428,4.0428,9.5752
2026-06-15 16:27:57.173,Ashton3,right,56.367,3382,,,,,,,0.6962,1.5666,2.1811,4.1228,4.1228,9.8081
2026-06-15 16:27:57.203,Ashton3,right,56.400,3384,,,,,,,0.6599,1.4652,2.1582,4.1723,4.1723,10.0385
2026-06-15 16:27:57.233,Ashton3,right,56.433,3386,,,,,,,0.5826,1.3947,2.1348,4.2070,4.2070,10.1311
2026-06-15 16:27:57.264,Ashton3,right,56.467,3388,,,,,,,0.5048,1.3495,2.1461,4.1444,4.1444,10.0230
2026-06-15 16:27:57.295,Ashton3,right,56.500,3390,,,,,,,0.5245,1.3375,2.1499,4.1272,4.1272,9.8594
2026-06-15 16:27:57.325,Ashton3,right,56.533,3392,,,,,,,0.5253,1.3193,2.1515,4.1419,4.1419,9.9191
2026-06-15 16:27:57.356,Ashton3,right,56.550,3393,,,,,,,0.5049,1.2136,2.1383,4.2338,4.2338,10.2252
2026-06-15 16:27:57.386,Ashton3,right,56.583,3395,,,,,,,0.4953,1.1087,2.1657,4.1937,4.1937,10.1105
2026-06-15 16:27:57.417,Ashton3,right,56.617,3397,,,,,,,0.4933,0.9841,2.1816,4.2618,4.2618,10.4589
2026-06-15 16:27:57.447,Ashton3,right,56.650,3399,,,,,,,0.5098,0.9239,2.1845,4.2615,4.2615,10.5628
2026-06-15 16:27:57.478,Ashton3,right,56.683,3401,,,,,,,0.4955,0.8378,2.1919,4.3473,4.3473,10.6265
2026-06-15 16:27:57.508,Ashton3,right,56.717,3403,,,,,,,0.4627,0.7554,2.1852,4.3373,4.3373,10.7087
2026-06-15 16:27:57.539,Ashton3,right,56.733,3404,,,,,,,0.4717,0.6534,2.1668,4.2941,4.2941,10.7284
2026-06-15 16:27:57.569,Ashton3,right,56.767,3406,,,,,,,0.4661,0.6049,2.1624,4.2719,4.2719,10.7061
2026-06-15 16:27:57.600,Ashton3,right,56.800,3408,,,,,,,0.4165,0.4672,2.1633,4.2705,4.2705,10.4879
2026-06-15 16:27:57.630,Ashton3,right,56.833,3410,,,,,,,0.3751,0.4051,2.1684,4.3079,4.3079,10.5585
2026-06-15 16:27:57.661,Ashton3,right,56.867,3412,,,,,,,0.2837,0.2679,2.1880,4.2867,4.2867,10.6063
2026-06-15 16:27:57.691,Ashton3,right,56.900,3414,,,,,,,0.2904,0.0957,2.1564,4.3792,4.3792,10.9700
2026-06-15 16:27:57.722,Ashton3,right,56.917,3415,,,,,,,0.2919,0.0145,2.0832,4.5479,4.5479,11.0666
2026-06-15 16:27:57.753,Ashton3,right,56.950,3417,,,,,,,0.2757,-0.0103,2.0561,4.5886,4.5886,11.0429
2026-06-15 16:27:57.783,Ashton3,right,56.983,3419,,,,,,,0.2453,-0.0497,2.0373,4.6018,4.6018,10.8895
2026-06-15 16:27:57.814,Ashton3,right,57.017,3421,,,,,,,0.1821,-0.1143,2.0393,4.6637,4.6637,11.1340
2026-06-15 16:27:57.844,Ashton3,right,57.050,3423,,,,,,,0.1112,-0.1411,2.0266,4.6570,4.6570,10.7735
2026-06-15 16:27:57.875,Ashton3,right,57.083,3425,,,,,,,0.0990,-0.2398,2.0521,4.6310,4.6310,10.4965
2026-06-15 16:27:57.905,Ashton3,right,57.100,3426,,,,,,,0.0895,-0.2843,2.0703,4.6182,4.6182,10.3293
2026-06-15 16:27:57.936,Ashton3,right,57.133,3428,,,,,,,0.0741,-0.3447,2.1224,4.5177,4.5177,10.0528
2026-06-15 16:27:57.967,Ashton3,right,57.167,3430,,,,,,,0.1241,-0.3825,2.1497,4.5248,4.5248,10.2061
2026-06-15 16:27:57.997,Ashton3,right,57.200,3432,,,,,,,0.2006,-0.3809,2.1507,4.4857,4.4857,10.1880
2026-06-15 16:27:58.028,Ashton3,right,57.233,3434,,,,,,,0.2923,-0.3660,2.1578,4.3472,4.3472,10.0438
2026-06-15 16:27:58.058,Ashton3,right,57.267,3436,,,,,,,0.3131,-0.3746,2.1674,4.2945,4.2945,10.1313
2026-06-15 16:27:58.089,Ashton3,right,57.283,3437,,,,,,,0.3332,-0.3890,2.1738,4.2853,4.2853,10.2411
2026-06-15 16:27:58.120,Ashton3,right,57.317,3439,,,,,,,0.3256,-0.4019,2.1698,4.3003,4.3003,10.3195
2026-06-15 16:27:58.150,Ashton3,right,57.350,3441,,,,,,,0.3215,-0.4074,2.1581,4.3073,4.3073,10.3844
2026-06-15 16:27:58.181,Ashton3,right,57.383,3443,,,,,,,0.3692,-0.4229,2.1248,4.2768,4.2768,10.3984
2026-06-15 16:27:58.212,Ashton3,right,57.417,3445,,,,,,,0.4031,-0.4055,2.0904,4.2344,4.2344,10.2538
2026-06-15 16:27:58.242,Ashton3,right,57.450,3447,,,,,,,0.4286,-0.3642,2.0578,4.2372,4.2372,10.2479
2026-06-15 16:27:58.273,Ashton3,right,57.467,3448,,,,,,,0.4782,-0.2948,2.0284,4.2827,4.2827,10.3239
2026-06-15 16:27:58.304,Ashton3,right,57.500,3450,,,,,,,0.5056,-0.2375,2.0193,4.2672,4.2672,10.2470
2026-06-15 16:27:58.335,Ashton3,right,57.533,3452,,,,,,,0.5440,-0.1337,2.0251,4.2310,4.2310,10.3448
2026-06-15 16:27:58.365,Ashton3,right,57.567,3454,,,,,,,0.5431,-0.0748,2.0260,4.2782,4.2782,10.3661
2026-06-15 16:27:58.396,Ashton3,right,57.600,3456,,,,,,,0.5464,-0.0479,2.0222,4.2736,4.2736,10.3093
2026-06-15 16:27:58.426,Ashton3,right,57.633,3458,,,,,,,0.5511,0.0225,2.0222,4.2621,4.2621,10.2608
2026-06-15 16:27:58.457,Ashton3,right,57.650,3459,,,,,,,0.5723,0.0948,2.0209,4.3164,4.3164,10.2460
2026-06-15 16:27:58.488,Ashton3,right,57.683,3461,,,,,,,0.5695,0.1262,2.0201,4.3272,4.3272,10.2053
2026-06-15 16:27:58.518,Ashton3,right,57.717,3463,,,,,,,0.6126,0.1708,2.0362,4.3244,4.3244,10.1861
2026-06-15 16:27:58.548,Ashton3,right,57.750,3465,,,,,,,0.5886,0.2261,2.0663,4.3090,4.3090,10.2635
2026-06-15 16:27:58.579,Ashton3,right,57.783,3467,,,,,,,0.5450,0.3333,2.0596,4.1772,4.1772,9.8985
2026-06-15 16:27:58.610,Ashton3,right,57.817,3469,,,,,,,0.4624,0.7254,2.1648,3.4767,3.4767,8.0189
2026-06-15 16:27:58.641,Ashton3,right,57.833,3470,,,,,,,0.3756,0.7910,2.2459,3.4605,3.4605,7.9126
2026-06-15 16:27:58.671,Ashton3,right,57.867,3472,,,,,,,0.3743,0.7695,2.3048,3.5710,3.5710,7.9241
2026-06-15 16:27:58.702,Ashton3,right,57.900,3474,,,,,,,0.4164,0.7981,2.3025,3.6570,3.6570,7.9282
2026-06-15 16:27:58.734,Ashton3,right,57.933,3476,,,,,,,0.4499,0.7805,2.2836,3.7228,3.7228,8.2558
2026-06-15 16:27:58.765,Ashton3,right,57.967,3478,,,,,,,0.5025,0.8382,2.2350,3.7556,3.7556,8.0574
2026-06-15 16:27:58.795,Ashton3,right,58.000,3480,,,,,,,0.5268,0.9766,2.2260,3.7090,3.7090,7.5623
2026-06-15 16:27:58.826,Ashton3,right,58.033,3482,,,,,,,0.5123,1.0836,2.2154,3.6463,3.6463,7.0729
2026-06-15 16:27:58.856,Ashton3,right,58.050,3483,,,,,,,0.4950,1.1163,2.2064,3.6346,3.6346,7.1501
2026-06-15 16:27:58.887,Ashton3,right,58.083,3485,,,,,,,0.5265,1.1409,2.2071,3.6174,3.6174,7.0471
2026-06-15 16:27:58.918,Ashton3,right,58.117,3487,,,,,,,0.5454,1.2149,2.2101,3.5564,3.5564,6.7811
2026-06-15 16:27:58.948,Ashton3,right,58.150,3489,,,,,,,0.5707,1.2533,2.2182,3.5628,3.5628,6.9757
2026-06-15 16:27:58.979,Ashton3,right,58.183,3491,,,,,,,0.6459,1.2938,2.2632,3.6100,3.6100,7.2116
2026-06-15 16:27:59.010,Ashton3,right,58.217,3493,,,,,,,0.7908,1.4052,2.2470,3.7094,3.7094,7.6577
2026-06-15 16:27:59.040,Ashton3,right,58.233,3494,,,,,,,0.8335,1.4423,2.2408,3.7268,3.7268,7.9105
2026-06-15 16:27:59.071,Ashton3,right,58.267,3496,,,,,,,0.8661,1.4728,2.2289,3.7879,3.7879,8.0158
2026-06-15 16:27:59.101,Ashton3,right,58.300,3498,,,,,,,0.8812,1.4833,2.2185,3.7697,3.7697,8.0470
2026-06-15 16:27:59.134,Ashton3,right,58.333,3500,,,,,,,0.9166,1.4520,2.2021,3.8305,3.8305,8.3952
2026-06-15 16:27:59.164,Ashton3,right,58.367,3502,,,,,,,0.9301,1.5207,2.1937,3.6995,3.6995,8.0335
2026-06-15 16:27:59.195,Ashton3,right,58.400,3504,,,,,,,0.9176,1.5887,2.2222,3.5624,3.5624,7.4828
2026-06-15 16:27:59.226,Ashton3,right,58.433,3506,,,,,,,0.9104,1.6070,2.2424,3.5048,3.5048,7.3398
2026-06-15 16:27:59.257,Ashton3,right,58.450,3507,,,,,,,0.8876,1.6371,2.2784,3.4239,3.4239,7.2340
2026-06-15 16:27:59.287,Ashton3,right,58.483,3509,,,,,,,0.8934,1.6637,2.2997,3.3625,3.3625,7.0502
2026-06-15 16:27:59.318,Ashton3,right,58.517,3511,,,,,,,0.9151,1.6553,2.3607,3.3948,3.3948,6.9826
2026-06-15 16:27:59.348,Ashton3,right,58.550,3513,,,,,,,0.9056,1.6554,2.3548,3.3881,3.3881,7.2661
2026-06-15 16:27:59.379,Ashton3,right,58.583,3515,,,,,,,1.0437,1.6777,2.2988,3.4255,3.4255,7.0154
2026-06-15 16:27:59.409,Ashton3,right,58.617,3517,,,,,,,1.1606,1.6031,2.2132,3.6038,3.6038,7.6231
2026-06-15 16:27:59.440,Ashton3,right,58.633,3518,,,,,,,1.2352,1.5759,2.1358,3.6551,3.6551,8.0090
2026-06-15 16:27:59.470,Ashton3,right,58.667,3520,,,,,,,1.2757,1.5375,2.1055,3.7127,3.7127,8.4475
2026-06-15 16:27:59.501,Ashton3,right,58.700,3522,,,,,,,1.3056,1.5505,2.0762,3.7337,3.7337,8.4789
2026-06-15 16:27:59.532,Ashton3,right,58.733,3524,,,,,,,1.3290,1.5475,2.0628,3.6753,3.6753,8.2681
2026-06-15 16:27:59.563,Ashton3,right,58.767,3526,,,,,,,1.3863,1.5172,2.0405,3.6365,3.6365,7.8070
2026-06-15 16:27:59.593,Ashton3,right,58.800,3528,,,,,,,1.3749,1.4955,2.0450,3.5200,3.5200,7.6798
2026-06-15 16:27:59.624,Ashton3,right,58.817,3529,,,,,,,1.3688,1.5023,2.0493,3.2497,3.2497,6.7492
2026-06-15 16:27:59.655,Ashton3,right,58.850,3531,,,,,,,1.4193,1.4427,2.0556,3.2623,3.2623,6.6082
2026-06-15 16:27:59.686,Ashton3,right,58.883,3533,,,,,,,1.4432,1.4435,2.0410,3.2358,3.2358,6.4047
2026-06-15 16:27:59.716,Ashton3,right,58.917,3535,,,,,,,1.5111,1.4090,1.9620,3.2342,3.2342,6.3564
2026-06-15 16:27:59.747,Ashton3,right,58.950,3537,,,,,,,1.5574,1.3866,1.8972,3.1614,3.1614,6.1412
2026-06-15 16:27:59.777,Ashton3,right,58.983,3539,,,,,,,1.5601,1.3662,1.8615,3.0722,3.0722,5.5858
2026-06-15 16:27:59.808,Ashton3,right,59.017,3541,,,,,,,1.6007,1.2888,1.8395,3.1627,3.1627,6.2122
2026-06-15 16:27:59.838,Ashton3,right,59.033,3542,,,,,,,1.6689,1.1199,1.8188,3.2779,3.2779,7.4771
2026-06-15 16:27:59.869,Ashton3,right,59.067,3544,,,,,,,1.6584,0.9349,1.8014,3.4706,3.4706,8.3035
2026-06-15 16:27:59.899,Ashton3,right,59.100,3546,,,,,,,1.8174,0.7511,1.7397,3.6852,3.6852,8.5871
2026-06-15 16:27:59.930,Ashton3,right,59.133,3548,,,,,,,1.9151,0.7404,1.6892,3.7034,3.7034,8.5136
2026-06-15 16:27:59.961,Ashton3,right,59.167,3550,,,,,,,2.0542,0.5657,1.6359,3.8907,3.8907,9.1402
2026-06-15 16:27:59.992,Ashton3,right,59.200,3552,,,,,,,2.0973,0.4187,1.5617,4.0013,4.0013,9.8132
2026-06-15 16:28:00.023,Ashton3,right,59.217,3553,,,,,,,2.1399,0.2209,1.5485,4.0774,4.0774,10.7102
2026-06-15 16:28:00.053,Ashton3,right,59.250,3555,,,,,,,2.2167,0.0619,1.5077,4.0118,4.0118,11.4225
2026-06-15 16:28:00.083,Ashton3,right,59.283,3557,,,,,,,2.2572,-0.0043,1.4878,4.0730,4.0730,11.5913
2026-06-15 16:28:00.114,Ashton3,right,59.317,3559,,,,,,,2.3262,-0.0785,1.4839,3.9720,3.9720,11.7419
2026-06-15 16:28:00.145,Ashton3,right,59.350,3561,,,,,,,2.4150,-0.1763,1.4964,3.9745,3.9745,11.6333
2026-06-15 16:28:00.176,Ashton3,right,59.383,3563,,,,,,,2.4369,-0.3098,1.4995,4.0422,4.0422,11.6197
2026-06-15 16:28:00.206,Ashton3,right,59.400,3564,,,,,,,2.4715,-0.3579,1.5040,4.0561,4.0561,11.6157
2026-06-15 16:28:00.236,Ashton3,right,59.433,3566,,,,,,,2.5450,-0.4773,1.4747,3.9498,3.9498,11.2532
2026-06-15 16:28:00.267,Ashton3,right,59.467,3568,,,,,,,2.5822,-0.5605,1.4297,3.9242,3.9242,11.0842
2026-06-15 16:28:00.298,Ashton3,right,59.500,3570,,,,,,,2.5790,-0.5875,1.4022,3.8853,3.8853,10.8695
2026-06-15 16:28:00.333,Ashton3,right,59.533,3572,,,,,,,2.5818,-0.6224,1.4135,3.9200,3.9200,11.0685
2026-06-15 16:28:00.364,Ashton3,right,59.567,3574,,,,,,,2.6001,-0.6530,1.4766,3.9043,3.9043,11.1283
2026-06-15 16:28:00.394,Ashton3,right,59.600,3576,,,,,,,2.6592,-0.6527,1.5541,3.9326,3.9326,11.0773
2026-06-15 16:28:00.425,Ashton3,right,59.633,3578,,,,,,,2.6688,-0.6912,1.6009,3.9090,3.9090,10.9443
2026-06-15 16:28:00.455,Ashton3,right,59.650,3579,,,,,,,2.7038,-0.7263,1.6201,3.8684,3.8684,10.8701
2026-06-15 16:28:00.486,Ashton3,right,59.683,3581,,,,,,,2.7173,-0.7394,1.6203,3.8524,3.8524,10.7431
2026-06-15 16:28:00.517,Ashton3,right,59.717,3583,,,,,,,2.7040,-0.7446,1.6133,3.8623,3.8623,10.8150
2026-06-15 16:28:00.547,Ashton3,right,59.750,3585,,,,,,,2.6852,-0.7567,1.6037,3.8438,3.8438,10.8375
2026-06-15 16:28:00.578,Ashton3,right,59.783,3587,,,,,,,2.6944,-0.7478,1.5988,3.8300,3.8300,10.7402
2026-06-15 16:28:00.608,Ashton3,right,59.817,3589,,,,,,,2.6934,-0.7136,1.6155,3.8473,3.8473,10.8397
2026-06-15 16:28:00.639,Ashton3,right,59.833,3590,,,,,,,2.6957,-0.7225,1.6171,3.8212,3.8212,10.7328
2026-06-15 16:28:00.670,Ashton3,right,59.867,3592,,,,,,,2.7030,-0.6852,1.6426,3.8812,3.8812,10.7871
2026-06-15 16:28:00.700,Ashton3,right,59.900,3594,,,,,,,2.6972,-0.6861,1.6556,3.8732,3.8732,10.7920
2026-06-15 16:28:00.731,Ashton3,right,59.933,3596,,,,,,,2.6949,-0.6500,1.6718,3.8908,3.8908,10.6439
2026-06-15 16:28:00.761,Ashton3,right,59.967,3598,,,,,,,2.6561,-0.6387,1.6953,3.9012,3.9012,10.5091
2026-06-15 16:28:00.792,Ashton3,right,60.000,3600,,,,,,,2.6576,-0.5911,1.7269,3.8677,3.8677,10.5121
2026-06-15 16:28:00.823,Ashton3,right,60.017,3601,,,,,,,2.6511,-0.5790,1.7287,3.8524,3.8524,10.6506
2026-06-15 16:28:00.853,Ashton3,right,60.050,3603,,,,,,,2.6408,-0.5189,1.7423,3.8057,3.8057,10.7091
2026-06-15 16:28:00.884,Ashton3,right,60.083,3605,,,,,,,2.6198,-0.5001,1.7421,3.8427,3.8427,10.7880
2026-06-15 16:28:00.914,Ashton3,right,60.117,3607,,,,,,,2.6197,-0.4786,1.7432,3.8792,3.8792,10.9068
2026-06-15 16:28:00.945,Ashton3,right,60.150,3609,,,,,,,2.5899,-0.3976,1.7352,3.8781,3.8781,10.7831
2026-06-15 16:28:00.975,Ashton3,right,60.167,3610,,,,,,,2.5590,-0.2861,1.7329,3.8972,3.8972,10.4228
2026-06-15 16:28:01.006,Ashton3,right,60.200,3612,,,,,,,2.5081,-0.2066,1.7297,3.8573,3.8573,10.0373
2026-06-15 16:28:01.036,Ashton3,right,60.233,3614,,,,,,,2.5116,-0.0989,1.7615,3.8176,3.8176,9.7767
2026-06-15 16:28:01.067,Ashton3,right,60.267,3616,,,,,,,2.4985,-0.0718,1.7634,3.8214,3.8214,9.8312
2026-06-15 16:28:01.098,Ashton3,right,60.300,3618,,,,,,,2.4413,-0.0134,1.7896,3.9196,3.9196,9.9263
2026-06-15 16:28:01.128,Ashton3,right,60.333,3620,,,,,,,2.2968,0.1241,1.8098,3.9747,3.9747,9.9547
2026-06-15 16:28:01.159,Ashton3,right,60.367,3622,,,,,,,2.2324,0.2528,1.8353,3.9500,3.9500,9.8946
2026-06-15 16:28:01.190,Ashton3,right,60.383,3623,,,,,,,2.2066,0.2907,1.8413,3.9351,3.9351,9.9495
2026-06-15 16:28:01.221,Ashton3,right,60.417,3625,,,,,,,2.1671,0.3651,1.8491,3.8880,3.8880,10.0397
2026-06-15 16:28:01.251,Ashton3,right,60.450,3627,,,,,,,2.1242,0.4183,1.8379,3.8780,3.8780,10.0635
2026-06-15 16:28:01.282,Ashton3,right,60.483,3629,,,,,,,2.0505,0.4661,1.8630,3.9754,3.9754,10.4121
2026-06-15 16:28:01.313,Ashton3,right,60.517,3631,,,,,,,2.0256,0.4710,1.9078,4.1404,4.1404,10.4157
2026-06-15 16:28:01.344,Ashton3,right,60.550,3633,,,,,,,2.0149,0.4868,1.9402,4.1151,4.1151,10.3189
2026-06-15 16:28:01.374,Ashton3,right,60.567,3634,,,,,,,1.9691,0.5033,1.9659,4.0230,4.0230,10.3727
2026-06-15 16:28:01.405,Ashton3,right,60.600,3636,,,,,,,1.9713,0.5181,1.9830,4.1068,4.1068,10.1422
2026-06-15 16:28:01.436,Ashton3,right,60.633,3638,,,,,,,2.0415,0.6376,1.9306,4.0460,4.0460,9.6408
2026-06-15 16:28:01.466,Ashton3,right,60.667,3640,,,,,,,2.0234,0.7323,1.8904,3.9591,3.9591,8.9937
2026-06-15 16:28:01.497,Ashton3,right,60.700,3642,,,,,,,2.0349,0.8248,1.8562,3.8239,3.8239,8.2984
2026-06-15 16:28:01.527,Ashton3,right,60.733,3644,,,,,,,2.0507,0.9495,1.7926,3.6231,3.6231,7.6117
2026-06-15 16:28:01.558,Ashton3,right,60.767,3646,,,,,,,2.0390,1.0618,1.7457,3.5075,3.5075,7.2620
2026-06-15 16:28:01.588,Ashton3,right,60.783,3647,,,,,,,1.9547,1.1705,1.7244,3.3867,3.3867,6.8667
2026-06-15 16:28:01.619,Ashton3,right,60.817,3649,,,,,,,1.9168,1.2161,1.7287,3.3942,3.3942,6.7302
2026-06-15 16:28:01.649,Ashton3,right,60.850,3651,,,,,,,1.9007,1.2576,1.7370,3.4044,3.4044,6.6984
2026-06-15 16:28:01.680,Ashton3,right,60.883,3653,,,,,,,1.8133,1.2796,1.7653,3.4469,3.4469,6.5957
2026-06-15 16:28:01.711,Ashton3,right,60.917,3655,,,,,,,1.6165,1.3764,1.8355,3.2400,3.2400,5.8540
2026-06-15 16:28:01.742,Ashton3,right,60.933,3656,,,,,,,1.4349,1.4507,1.9109,3.2580,3.2580,5.7189
2026-06-15 16:28:01.772,Ashton3,right,60.967,3658,,,,,,,1.3333,1.4494,1.9597,3.2919,3.2919,5.9149
2026-06-15 16:28:01.803,Ashton3,right,61.000,3660,,,,,,,1.2417,1.3938,2.0295,3.4696,3.4696,6.8785
2026-06-15 16:28:01.833,Ashton3,right,61.033,3662,,,,,,,1.2376,1.2564,2.0795,3.6811,3.6811,7.8807
2026-06-15 16:28:01.864,Ashton3,right,61.067,3664,,,,,,,1.2578,1.3197,2.1315,3.5308,3.5308,7.4281
2026-06-15 16:28:01.894,Ashton3,right,61.100,3666,,,,,,,1.2611,1.3313,2.1496,3.4791,3.4791,7.4213
2026-06-15 16:28:01.925,Ashton3,right,61.117,3667,,,,,,,1.2421,1.3440,2.1564,3.5081,3.5081,7.2040
2026-06-15 16:28:01.956,Ashton3,right,61.150,3669,,,,,,,1.1521,1.3929,2.1349,3.5829,3.5829,7.5949
2026-06-15 16:28:01.986,Ashton3,right,61.183,3671,,,,,,,1.1475,1.3392,2.0896,3.6621,3.6621,7.8431
2026-06-15 16:28:02.017,Ashton3,right,61.217,3673,,,,,,,1.1423,1.3835,2.0621,3.6504,3.6504,7.7494
2026-06-15 16:28:02.047,Ashton3,right,61.250,3675,,,,,,,1.1187,1.3506,2.0479,3.7496,3.7496,7.9706
2026-06-15 16:28:02.078,Ashton3,right,61.283,3677,,,,,,,1.0840,1.3654,2.0509,3.6965,3.6965,7.6507
2026-06-15 16:28:02.109,Ashton3,right,61.317,3679,,,,,,,1.0309,1.3101,2.0798,3.6087,3.6087,7.3693
2026-06-15 16:28:02.139,Ashton3,right,61.333,3680,,,,,,,1.0311,1.2640,2.0869,3.5539,3.5539,7.4634
2026-06-15 16:28:02.174,Ashton3,right,61.367,3682,,,,,,,0.9845,1.2008,2.1059,3.5796,3.5796,7.7049
2026-06-15 16:28:02.204,Ashton3,right,61.400,3684,,,,,,,0.8872,1.0822,2.1537,3.6135,3.6135,7.8327
2026-06-15 16:28:02.235,Ashton3,right,61.433,3686,,,,,,,0.8829,1.0101,2.1643,3.6508,3.6508,7.8805
2026-06-15 16:28:02.265,Ashton3,right,61.467,3688,,,,,,,0.9581,0.8440,2.1643,3.7241,3.7241,7.8840
2026-06-15 16:28:02.296,Ashton3,right,61.500,3690,,,,,,,0.9771,0.8061,2.1557,3.7220,3.7220,7.6326
2026-06-15 16:28:02.326,Ashton3,right,61.533,3692,,,,,,,0.9431,0.7607,2.1608,3.7460,3.7460,7.8254
2026-06-15 16:28:02.356,Ashton3,right,61.550,3693,,,,,,,0.7901,0.6338,2.1258,3.8242,3.8242,8.7299
2026-06-15 16:28:02.387,Ashton3,right,61.583,3695,,,,,,,0.7335,0.6064,2.1067,3.7870,3.7870,8.8014
2026-06-15 16:28:02.417,Ashton3,right,61.617,3697,,,,,,,0.6917,0.5024,2.0769,3.8163,3.8163,9.0844
2026-06-15 16:28:02.448,Ashton3,right,61.650,3699,,,,,,,0.7112,0.4094,2.0581,3.8880,3.8880,9.2059
2026-06-15 16:28:02.478,Ashton3,right,61.683,3701,,,,,,,0.6643,0.3510,2.0546,3.9798,3.9798,9.0312
2026-06-15 16:28:02.509,Ashton3,right,61.717,3703,,,,,,,0.6615,0.3189,2.0678,3.9314,3.9314,8.9001
2026-06-15 16:28:02.539,Ashton3,right,61.733,3704,,,,,,,0.6333,0.2882,2.0830,3.8973,3.8973,9.0700
2026-06-15 16:28:02.570,Ashton3,right,61.767,3706,,,,,,,0.6392,0.2927,2.0865,3.9130,3.9130,9.1209
2026-06-15 16:28:02.601,Ashton3,right,61.800,3708,,,,,,,0.6708,0.2597,2.0828,3.9272,3.9272,9.1114
2026-06-15 16:28:02.631,Ashton3,right,61.833,3710,,,,,,,0.6942,0.1893,2.0604,3.9501,3.9501,9.2261
2026-06-15 16:28:02.661,Ashton3,right,61.867,3712,,,,,,,0.7133,0.1769,2.0489,3.9902,3.9902,9.3379
2026-06-15 16:28:02.692,Ashton3,right,61.900,3714,,,,,,,0.6776,0.1659,2.0482,3.9644,3.9644,9.1867
2026-06-15 16:28:02.723,Ashton3,right,61.917,3715,,,,,,,0.6877,0.1410,2.0368,3.9843,3.9843,9.1717
2026-06-15 16:28:02.754,Ashton3,right,61.950,3717,,,,,,,0.7021,0.0305,2.0162,4.0159,4.0159,9.3707
2026-06-15 16:28:02.784,Ashton3,right,61.983,3719,,,,,,,0.6955,-0.1245,1.9831,4.1276,4.1276,9.4829
2026-06-15 16:28:02.815,Ashton3,right,62.017,3721,,,,,,,0.6249,-0.2881,1.9859,4.1569,4.1569,9.3863
2026-06-15 16:28:02.845,Ashton3,right,62.050,3723,,,,,,,0.6187,-0.3374,1.9895,4.1991,4.1991,9.2937
2026-06-15 16:28:02.876,Ashton3,right,62.083,3725,,,,,,,0.5981,-0.4231,2.0059,4.1759,4.1759,9.6256
2026-06-15 16:28:02.907,Ashton3,right,62.100,3726,,,,,,,0.5904,-0.4567,2.0203,4.2038,4.2038,9.7975
2026-06-15 16:28:02.937,Ashton3,right,62.133,3728,,,,,,,0.5839,-0.4801,2.0245,4.2752,4.2752,9.8425
2026-06-15 16:28:02.968,Ashton3,right,62.167,3730,,,,,,,0.5978,-0.4930,2.0325,4.2904,4.2904,9.9930
2026-06-15 16:28:02.999,Ashton3,right,62.200,3732,,,,,,,0.5858,-0.5158,2.0442,4.2396,4.2396,10.0920
2026-06-15 16:28:03.029,Ashton3,right,62.233,3734,,,,,,,0.5868,-0.5393,2.0426,4.2374,4.2374,10.1700
2026-06-15 16:28:03.060,Ashton3,right,62.267,3736,,,,,,,0.6268,-0.5734,2.0338,4.1896,4.1896,9.9684
2026-06-15 16:28:03.091,Ashton3,right,62.283,3737,,,,,,,0.6634,-0.6016,2.0250,4.1832,4.1832,10.0314
2026-06-15 16:28:03.121,Ashton3,right,62.317,3739,,,,,,,0.7355,-0.7003,1.9875,4.1755,4.1755,10.2136
2026-06-15 16:28:03.152,Ashton3,right,62.350,3741,,,,,,,0.7512,-0.7479,1.9576,4.1916,4.1916,10.4024
2026-06-15 16:28:03.184,Ashton3,right,62.383,3743,,,,,,,0.7620,-0.7660,1.9198,4.1657,4.1657,10.4591
2026-06-15 16:28:03.214,Ashton3,right,62.417,3745,,,,,,,0.7583,-0.7400,1.8979,4.2062,4.2062,10.3952
2026-06-15 16:28:03.245,Ashton3,right,62.450,3747,,,,,,,0.7547,-0.7146,1.8828,4.1760,4.1760,10.3143
2026-06-15 16:28:03.275,Ashton3,right,62.483,3749,,,,,,,0.7396,-0.6440,1.8707,4.1702,4.1702,10.1610
2026-06-15 16:28:03.306,Ashton3,right,62.500,3750,,,,,,,0.7333,-0.5583,1.9042,4.1207,4.1207,10.3543
2026-06-15 16:28:03.336,Ashton3,right,62.533,3752,,,,,,,0.7225,-0.4274,1.9515,4.1303,4.1303,10.2693
2026-06-15 16:28:03.367,Ashton3,right,62.567,3754,,,,,,,0.7059,-0.3047,1.9889,4.1267,4.1267,10.0636
2026-06-15 16:28:03.398,Ashton3,right,62.600,3756,,,,,,,0.7000,-0.2561,1.9990,4.1375,4.1375,10.1618
2026-06-15 16:28:03.429,Ashton3,right,62.633,3758,,,,,,,0.7152,-0.1707,1.9877,4.1823,4.1823,10.1063
2026-06-15 16:28:03.459,Ashton3,right,62.667,3760,,,,,,,0.7289,-0.0490,1.9721,4.1947,4.1947,9.9017
2026-06-15 16:28:03.490,Ashton3,right,62.683,3761,,,,,,,0.7495,0.0519,1.9684,4.1792,4.1792,10.0571
2026-06-15 16:28:03.520,Ashton3,right,62.717,3763,,,,,,,0.7858,0.1072,1.9703,4.1304,4.1304,9.7711
2026-06-15 16:28:03.551,Ashton3,right,62.750,3765,,,,,,,0.8053,0.1410,1.9749,4.0902,4.0902,9.6837
2026-06-15 16:28:03.582,Ashton3,right,62.783,3767,,,,,,,0.7848,0.1798,1.9475,4.1276,4.1276,9.6751
2026-06-15 16:28:03.613,Ashton3,right,62.817,3769,,,,,,,0.7936,0.1582,1.8988,4.1592,4.1592,9.7141
2026-06-15 16:28:03.643,Ashton3,right,62.850,3771,,,,,,,0.8190,0.1373,1.8786,4.2322,4.2322,9.8425
2026-06-15 16:28:03.674,Ashton3,right,62.867,3772,,,,,,,0.8798,0.1468,1.8946,4.2238,4.2238,10.0292
2026-06-15 16:28:03.705,Ashton3,right,62.900,3774,,,,,,,0.9160,0.1588,1.9061,4.2367,4.2367,10.1356
2026-06-15 16:28:03.735,Ashton3,right,62.933,3776,,,,,,,1.0131,0.1993,1.9184,4.2243,4.2243,10.4843
2026-06-15 16:28:03.766,Ashton3,right,62.967,3778,,,,,,,1.0685,0.2807,1.9328,4.1638,4.1638,10.6180
2026-06-15 16:28:03.796,Ashton3,right,63.000,3780,,,,,,,1.0841,0.4632,1.9572,4.1134,4.1134,10.4977
2026-06-15 16:28:03.827,Ashton3,right,63.033,3782,,,,,,,1.0095,0.5747,1.9687,4.0808,4.0808,10.5266
2026-06-15 16:28:03.857,Ashton3,right,63.050,3783,,,,,,,0.9198,0.7431,2.0023,4.0835,4.0835,10.5944
2026-06-15 16:28:03.888,Ashton3,right,63.083,3785,,,,,,,0.8620,0.8986,2.1018,4.0608,4.0608,10.2846
2026-06-15 16:28:03.918,Ashton3,right,63.117,3787,,,,,,,0.8020,0.9177,2.1678,4.0772,4.0772,10.4040
2026-06-15 16:28:03.949,Ashton3,right,63.150,3789,,,,,,,0.7171,0.9089,2.2838,4.0496,4.0496,10.0812
2026-06-15 16:28:03.979,Ashton3,right,63.183,3791,,,,,,,0.7831,0.9353,2.2915,4.0077,4.0077,9.2738
2026-06-15 16:28:04.010,Ashton3,right,63.217,3793,,,,,,,0.8624,0.8797,2.2551,3.9598,3.9598,8.9170
2026-06-15 16:28:04.041,Ashton3,right,63.233,3794,,,,,,,0.9781,0.8655,2.1738,4.0000,4.0000,8.8323
2026-06-15 16:28:04.071,Ashton3,right,63.267,3796,,,,,,,1.0861,0.8749,2.1088,4.0041,4.0041,9.1586
2026-06-15 16:28:04.102,Ashton3,right,63.300,3798,,,,,,,1.1358,0.9740,2.0823,3.9351,3.9351,9.0827
2026-06-15 16:28:04.132,Ashton3,right,63.333,3800,,,,,,,1.1822,0.9739,2.0725,4.0258,4.0258,9.6379
2026-06-15 16:28:04.163,Ashton3,right,63.367,3802,,,,,,,1.2422,1.0182,2.0615,4.0706,4.0706,10.2114
2026-06-15 16:28:04.194,Ashton3,right,63.400,3804,,,,,,,1.2414,1.1725,2.0976,3.9607,3.9607,9.7894
2026-06-15 16:28:04.224,Ashton3,right,63.433,3806,,,,,,,1.2351,1.3554,2.1485,3.7894,3.7894,9.1260
2026-06-15 16:28:04.255,Ashton3,right,63.450,3807,,,,,,,1.2309,1.4532,2.1763,3.6743,3.6743,8.3960
2026-06-15 16:28:04.285,Ashton3,right,63.483,3809,,,,,,,1.2051,1.4635,2.1906,3.6788,3.6788,8.4675
2026-06-15 16:28:04.316,Ashton3,right,63.517,3811,,,,,,,1.2481,1.4211,2.1732,3.7296,3.7296,8.9026
2026-06-15 16:28:04.347,Ashton3,right,63.550,3813,,,,,,,1.2912,1.4723,2.1565,3.6728,3.6728,8.4272
2026-06-15 16:28:04.377,Ashton3,right,63.583,3815,,,,,,,1.3583,1.4798,2.1236,3.6987,3.6987,8.1209
2026-06-15 16:28:04.408,Ashton3,right,63.617,3817,,,,,,,1.3966,1.4964,2.1121,3.6398,3.6398,7.7209
2026-06-15 16:28:04.439,Ashton3,right,63.633,3818,,,,,,,1.4419,1.5180,2.1120,3.5223,3.5223,7.3200
2026-06-15 16:28:04.470,Ashton3,right,63.667,3820,,,,,,,1.4878,1.4748,2.1348,3.4959,3.4959,6.9334
2026-06-15 16:28:04.500,Ashton3,right,63.700,3822,,,,,,,1.5121,1.4714,2.1295,3.4378,3.4378,6.6270
2026-06-15 16:28:04.531,Ashton3,right,63.733,3824,,,,,,,1.6093,1.4580,2.1112,3.4215,3.4215,6.6553
2026-06-15 16:28:04.561,Ashton3,right,63.767,3826,,,,,,,1.6780,1.4857,2.0476,3.3777,3.3777,6.5001
2026-06-15 16:28:04.592,Ashton3,right,63.800,3828,,,,,,,1.6429,1.4961,2.0134,3.3161,3.3161,6.4659
2026-06-15 16:28:04.622,Ashton3,right,63.817,3829,,,,,,,1.6850,1.4792,1.9636,3.3359,3.3359,6.3821
2026-06-15 16:28:04.653,Ashton3,right,63.850,3831,,,,,,,1.7502,1.4515,1.8986,3.3361,3.3361,6.2640
2026-06-15 16:28:04.683,Ashton3,right,63.883,3833,,,,,,,1.8404,1.3227,1.8941,3.3996,3.3996,6.6549
2026-06-15 16:28:04.714,Ashton3,right,63.917,3835,,,,,,,1.8995,1.2589,1.8718,3.4752,3.4752,6.9576
2026-06-15 16:28:04.745,Ashton3,right,63.950,3837,,,,,,,1.9631,1.1082,1.8340,3.5117,3.5117,7.4494
2026-06-15 16:28:04.775,Ashton3,right,63.983,3839,,,,,,,1.9906,0.9928,1.7617,3.5611,3.5611,7.4813
2026-06-15 16:28:04.806,Ashton3,right,64.000,3840,,,,,,,2.0149,0.9495,1.7465,3.6178,3.6178,7.7080
2026-06-15 16:28:04.837,Ashton3,right,64.033,3842,,,,,,,1.9787,0.8764,1.7072,3.7215,3.7215,8.4112
2026-06-15 16:28:04.867,Ashton3,right,64.067,3844,,,,,,,2.0098,0.8962,1.6935,3.6514,3.6514,8.1271
2026-06-15 16:28:04.898,Ashton3,right,64.100,3846,,,,,,,2.0140,0.7670,1.6448,3.6756,3.6756,8.4333
2026-06-15 16:28:04.929,Ashton3,right,64.133,3848,,,,,,,1.9322,0.6362,1.6905,3.6069,3.6069,8.9805
2026-06-15 16:28:04.959,Ashton3,right,64.167,3850,,,,,,,1.9910,0.5504,1.6481,3.7096,3.7096,9.6334
2026-06-15 16:28:04.990,Ashton3,right,64.183,3851,,,,,,,2.1251,0.5474,1.5738,3.6192,3.6192,9.6846
2026-06-15 16:28:05.020,Ashton3,right,64.217,3853,,,,,,,2.1408,0.5794,1.5097,3.5728,3.5728,9.6721
2026-06-15 16:28:05.051,Ashton3,right,64.250,3855,,,,,,,2.2160,0.3468,1.4841,3.7630,3.7630,10.4078
2026-06-15 16:28:05.082,Ashton3,right,64.300,3858,,,,,,,2.2838,0.2185,1.4285,3.9328,3.9328,10.4736
2026-06-15 16:28:05.112,Ashton3,right,64.333,3860,,,,,,,2.3575,0.1611,1.4215,3.9345,3.9345,10.3623
2026-06-15 16:28:05.143,Ashton3,right,64.367,3862,,,,,,,2.4017,0.1072,1.4100,3.9557,3.9557,10.3475
2026-06-15 16:28:05.174,Ashton3,right,64.383,3863,,,,,,,2.4655,0.0692,1.3984,3.8560,3.8560,10.2682
2026-06-15 16:28:05.205,Ashton3,right,64.417,3865,,,,,,,2.4883,0.0571,1.3567,3.8509,3.8509,10.3720
2026-06-15 16:28:05.235,Ashton3,right,64.450,3867,,,,,,,2.4880,-0.0240,1.2781,3.8974,3.8974,10.3951
2026-06-15 16:28:05.266,Ashton3,right,64.483,3869,,,,,,,2.4017,-0.0649,1.2347,3.9253,3.9253,10.5058
2026-06-15 16:28:05.297,Ashton3,right,64.517,3871,,,,,,,2.3778,-0.0827,1.2245,3.9630,3.9630,10.4662
2026-06-15 16:28:05.328,Ashton3,right,64.550,3873,,,,,,,2.3559,-0.1194,1.2354,3.9453,3.9453,10.4515
2026-06-15 16:28:05.358,Ashton3,right,64.583,3875,,,,,,,2.4896,-0.2876,1.2717,4.0588,4.0588,10.6785
2026-06-15 16:28:05.389,Ashton3,right,64.600,3876,,,,,,,2.5297,-0.3257,1.2829,4.0693,4.0693,10.7661
2026-06-15 16:28:05.420,Ashton3,right,64.633,3878,,,,,,,2.5377,-0.1767,1.2399,3.7637,3.7637,10.8356
2026-06-15 16:28:05.450,Ashton3,right,64.667,3880,,,,,,,2.6302,-0.3045,1.2430,3.8478,3.8478,11.2047
2026-06-15 16:28:05.481,Ashton3,right,64.700,3882,,,,,,,2.7024,-0.3450,1.2679,3.9184,3.9184,11.2584
2026-06-15 16:28:05.512,Ashton3,right,64.733,3884,,,,,,,2.6984,-0.3256,1.3077,4.0061,4.0061,10.8457
2026-06-15 16:28:05.542,Ashton3,right,64.767,3886,,,,,,,2.6756,-0.3271,1.3567,4.0895,4.0895,10.8684
2026-06-15 16:28:05.573,Ashton3,right,64.783,3887,,,,,,,2.6640,-0.2813,1.3693,4.0940,4.0940,10.8327
2026-06-15 16:28:05.603,Ashton3,right,64.817,3889,,,,,,,2.5889,-0.0693,1.3699,3.9438,3.9438,10.5820
2026-06-15 16:28:05.633,Ashton3,right,64.850,3891,,,,,,,2.5500,0.1365,1.3479,3.7179,3.7179,9.3173
2026-06-15 16:28:05.664,Ashton3,right,64.883,3893,,,,,,,2.4710,0.1018,1.2942,3.7428,3.7428,9.5410
2026-06-15 16:28:05.695,Ashton3,right,64.917,3895,,,,,,,2.5006,0.0095,1.2988,3.8623,3.8623,9.8515
2026-06-15 16:28:05.725,Ashton3,right,64.950,3897,,,,,,,2.5829,-0.1560,1.3035,4.0017,4.0017,10.2621
2026-06-15 16:28:05.756,Ashton3,right,64.967,3898,,,,,,,2.6217,-0.2399,1.2808,4.0231,4.0231,10.9242
2026-06-15 16:28:05.786,Ashton3,right,65.000,3900,,,,,,,2.7000,-0.2773,1.2796,4.0158,4.0158,11.2000
2026-06-15 16:28:05.817,Ashton3,right,65.033,3902,,,,,,,2.7349,-0.2463,1.2638,4.0077,4.0077,11.0345
2026-06-15 16:28:05.847,Ashton3,right,65.067,3904,,,,,,,2.8096,-0.1746,1.2422,3.9295,3.9295,11.0384
2026-06-15 16:28:05.878,Ashton3,right,65.100,3906,,,,,,,2.8539,-0.1870,1.2544,4.0325,4.0325,11.4179
2026-06-15 16:28:05.909,Ashton3,right,65.133,3908,,,,,,,2.8680,-0.2612,1.2561,4.0361,4.0361,11.4009
2026-06-15 16:28:05.939,Ashton3,right,65.150,3909,,,,,,,2.9112,-0.2630,1.2742,3.9721,3.9721,11.2985
2026-06-15 16:28:05.970,Ashton3,right,65.183,3911,,,,,,,2.8463,-0.3072,1.2552,3.9757,3.9757,11.2566
2026-06-15 16:28:06.000,Ashton3,right,65.217,3913,,,,,,,2.7888,-0.1883,1.2739,3.9544,3.9544,11.2261
2026-06-15 16:28:06.031,Ashton3,right,65.250,3915,,,,,,,2.6598,0.0858,1.2530,3.8377,3.8377,10.6434
2026-06-15 16:28:06.062,Ashton3,right,65.283,3917,,,,,,,2.6595,0.0754,1.2490,3.9529,3.9529,10.6751
2026-06-15 16:28:06.092,Ashton3,right,65.317,3919,,,,,,,2.4878,0.1203,1.3239,4.1438,4.1438,11.1080
2026-06-15 16:28:06.123,Ashton3,right,65.333,3920,,,,,,,2.2928,0.1752,1.4398,4.2329,4.2329,11.5860
2026-06-15 16:28:06.154,Ashton3,right,65.367,3922,,,,,,,2.1962,0.1790,1.5219,4.2280,4.2280,11.4735
2026-06-15 16:28:06.184,Ashton3,right,65.400,3924,,,,,,,2.1806,0.1451,1.5662,4.2745,4.2745,11.5258
2026-06-15 16:28:06.215,Ashton3,right,65.433,3926,,,,,,,2.0760,0.1797,1.5985,4.2001,4.2001,11.4341
2026-06-15 16:28:06.246,Ashton3,right,65.467,3928,,,,,,,2.0798,0.2125,1.5916,4.2338,4.2338,11.0670
2026-06-15 16:28:06.276,Ashton3,right,65.500,3930,,,,,,,2.0602,0.3039,1.5993,4.2157,4.2157,11.5031
2026-06-15 16:28:06.307,Ashton3,right,65.517,3931,,,,,,,2.0437,0.3963,1.5823,4.2082,4.2082,11.5462
2026-06-15 16:28:06.337,Ashton3,right,65.550,3933,,,,,,,2.0993,0.4244,1.5783,4.1855,4.1855,11.4723
2026-06-15 16:28:06.367,Ashton3,right,65.583,3935,,,,,,,1.9891,0.4891,1.5212,4.1830,4.1830,11.4324
2026-06-15 16:28:06.398,Ashton3,right,65.617,3937,,,,,,,2.0230,0.5375,1.5006,4.2420,4.2420,11.3259
2026-06-15 16:28:06.428,Ashton3,right,65.650,3939,,,,,,,2.0240,0.6856,1.5132,4.2073,4.2073,11.5035
2026-06-15 16:28:06.459,Ashton3,right,65.683,3941,,,,,,,2.0241,0.7585,1.5158,4.2241,4.2241,11.6175
2026-06-15 16:28:06.490,Ashton3,right,65.700,3942,,,,,,,1.9754,1.1090,1.4841,3.9197,3.9197,10.0491
2026-06-15 16:28:06.521,Ashton3,right,65.733,3944,,,,,,,2.0096,1.2529,1.4528,3.7567,3.7567,8.9901
2026-06-15 16:28:06.552,Ashton3,right,65.767,3946,,,,,,,1.9360,1.2450,1.4286,3.7518,3.7518,9.3460
2026-06-15 16:28:06.582,Ashton3,right,65.800,3948,,,,,,,1.9327,1.2361,1.4829,3.7772,3.7772,9.6747
2026-06-15 16:28:06.612,Ashton3,right,65.833,3950,,,,,,,1.9442,1.2540,1.4966,3.8247,3.8247,9.8860
2026-06-15 16:28:06.643,Ashton3,right,65.867,3952,,,,,,,1.8460,1.2884,1.5357,3.7673,3.7673,10.0654
2026-06-15 16:28:06.674,Ashton3,right,65.883,3953,,,,,,,1.8185,1.2658,1.5446,3.8334,3.8334,10.3751
2026-06-15 16:28:06.705,Ashton3,right,65.917,3955,,,,,,,1.8265,1.2235,1.5024,3.9477,3.9477,10.4400
2026-06-15 16:28:06.735,Ashton3,right,65.950,3957,,,,,,,1.7270,1.2432,1.4905,3.8773,3.8773,10.1735
2026-06-15 16:28:06.766,Ashton3,right,65.983,3959,,,,,,,1.6586,1.2914,1.5224,3.7612,3.7612,9.4600
2026-06-15 16:28:06.796,Ashton3,right,66.017,3961,,,,,,,1.5977,1.4038,1.5914,3.6461,3.6461,8.3989
2026-06-15 16:28:06.827,Ashton3,right,66.050,3963,,,,,,,1.5641,1.5005,1.6532,3.6223,3.6223,7.9518
2026-06-15 16:28:06.858,Ashton3,right,66.067,3964,,,,,,,1.5096,1.4668,1.7227,3.5938,3.5938,8.0565
2026-06-15 16:28:06.888,Ashton3,right,66.100,3966,,,,,,,1.5104,1.4112,1.7439,3.6214,3.6214,7.9869
2026-06-15 16:28:06.919,Ashton3,right,66.133,3968,,,,,,,1.5005,1.4375,1.7430,3.5773,3.5773,7.7326
2026-06-15 16:28:06.949,Ashton3,right,66.167,3970,,,,,,,1.4789,1.4407,1.7570,3.5469,3.5469,7.6054
2026-06-15 16:28:06.980,Ashton3,right,66.200,3972,,,,,,,1.4236,1.4510,1.7651,3.5859,3.5859,7.6541
2026-06-15 16:28:07.011,Ashton3,right,66.233,3974,,,,,,,1.3682,1.3964,1.7682,3.6866,3.6866,8.0299
2026-06-15 16:28:07.041,Ashton3,right,66.250,3975,,,,,,,1.3411,1.3757,1.7773,3.6102,3.6102,8.0782
2026-06-15 16:28:07.072,Ashton3,right,66.283,3977,,,,,,,1.2641,1.3838,1.8007,3.4609,3.4609,7.7859
2026-06-15 16:28:07.102,Ashton3,right,66.317,3979,,,,,,,1.1839,1.3057,1.8647,3.4827,3.4827,7.9446
2026-06-15 16:28:07.133,Ashton3,right,66.350,3981,,,,,,,1.1782,1.2437,1.8978,3.5137,3.5137,7.7699
2026-06-15 16:28:07.163,Ashton3,right,66.383,3983,,,,,,,1.1152,1.1102,1.9319,3.5111,3.5111,7.6759
2026-06-15 16:28:07.194,Ashton3,right,66.417,3985,,,,,,,1.0600,1.0305,1.9727,3.4577,3.4577,7.6931
2026-06-15 16:28:07.230,Ashton3,right,66.450,3987,,,,,,,1.0109,0.9472,1.9970,3.4871,3.4871,7.6155
2026-06-15 16:28:07.261,Ashton3,right,66.483,3989,,,,,,,0.9925,0.9186,1.9925,3.4755,3.4755,7.4402
2026-06-15 16:28:07.291,Ashton3,right,66.517,3991,,,,,,,0.9675,0.8190,2.0009,3.5427,3.5427,7.7606
2026-06-15 16:28:07.322,Ashton3,right,66.533,3992,,,,,,,0.9241,0.6706,2.0228,3.5903,3.5903,7.8459
2026-06-15 16:28:07.352,Ashton3,right,66.567,3994,,,,,,,0.9326,0.5445,2.0214,3.6615,3.6615,8.1435
2026-06-15 16:28:07.383,Ashton3,right,66.600,3996,,,,,,,0.9381,0.3645,2.0014,3.7135,3.7135,8.3768
2026-06-15 16:28:07.414,Ashton3,right,66.633,3998,,,,,,,0.9889,0.2140,1.9550,3.7980,3.7980,8.5574
2026-06-15 16:28:07.444,Ashton3,right,66.667,4000,,,,,,,0.9954,0.1350,1.9280,3.8175,3.8175,8.7150
2026-06-15 16:28:07.475,Ashton3,right,66.700,4002,,,,,,,1.0000,0.1027,1.9230,3.8337,3.8337,8.7653
2026-06-15 16:28:07.505,Ashton3,right,66.717,4003,,,,,,,1.0217,0.0674,1.9257,3.7730,3.7730,8.7679
2026-06-15 16:28:07.536,Ashton3,right,66.750,4005,,,,,,,1.0391,-0.0428,1.9086,3.8087,3.8087,8.9038
2026-06-15 16:28:07.566,Ashton3,right,66.783,4007,,,,,,,1.0268,-0.0872,1.8873,3.7945,3.7945,8.7505
2026-06-15 16:28:07.597,Ashton3,right,66.817,4009,,,,,,,1.3015,-0.0416,1.8603,3.7493,3.7493,8.7954
2026-06-15 16:28:07.628,Ashton3,right,66.850,4011,,,,,,,1.3720,-0.0243,1.8477,3.7150,3.7150,9.0656
2026-06-15 16:28:07.659,Ashton3,right,66.883,4013,,,,,,,1.3804,0.0339,1.8886,3.6318,3.6318,9.5100
2026-06-15 16:28:07.690,Ashton3,right,66.900,4014,,,,,,,1.4723,0.0769,1.9110,3.7011,3.7011,9.3156
2026-06-15 16:28:07.720,Ashton3,right,66.933,4016,,,,,,,1.5067,0.0481,1.8727,3.8175,3.8175,9.3478
2026-06-15 16:28:07.751,Ashton3,right,66.967,4018,,,,,,,1.4125,0.0505,1.8991,3.7064,3.7064,9.3695
2026-06-15 16:28:07.781,Ashton3,right,67.000,4020,,,,,,,1.5368,-0.0038,1.8327,3.7836,3.7836,9.0947
2026-06-15 16:28:07.812,Ashton3,right,67.033,4022,,,,,,,1.6305,-0.0146,1.7385,3.8112,3.8112,8.9978
2026-06-15 16:28:07.842,Ashton3,right,67.067,4024,,,,,,,1.7039,0.0764,1.6905,3.7195,3.7195,8.4021
2026-06-15 16:28:07.873,Ashton3,right,67.083,4025,,,,,,,1.7316,0.0882,1.6837,3.7561,3.7561,8.2095
2026-06-15 16:28:07.903,Ashton3,right,67.117,4027,,,,,,,1.7439,0.0715,1.6676,3.8376,3.8376,8.0708
2026-06-15 16:28:07.934,Ashton3,right,67.150,4029,,,,,,,1.7411,0.0700,1.6665,3.7989,3.7989,7.8680
2026-06-15 16:28:07.964,Ashton3,right,67.183,4031,,,,,,,1.7059,0.0473,1.6812,3.7957,3.7957,7.8273
