timestamp,username,active_eye,playback_time_s,video_frame,left_x,left_y,left_z,left_w_mm,left_h_mm,left_area_mm2,right_x,right_y,right_z,right_w_mm,right_h_mm,right_area_mm2
2026-06-15 16:42:18.425,Igor,right,0.050,3,,,,,,,0.2514,-1.2205,5.1123,3.8618,3.8618,9.3977
2026-06-15 16:42:18.456,Igor,right,0.050,3,,,,,,,0.2706,-1.2343,5.1306,3.8648,3.8648,9.4144
2026-06-15 16:42:18.486,Igor,right,0.050,3,,,,,,,0.2532,-1.2291,5.1399,3.8580,3.8580,9.4588
2026-06-15 16:42:18.517,Igor,right,0.050,3,,,,,,,0.2298,-1.2285,5.1559,3.8545,3.8545,9.5568
2026-06-15 16:42:18.548,Igor,right,0.050,3,,,,,,,0.2294,-1.1971,5.1583,3.8011,3.8011,9.4177
2026-06-15 16:42:18.578,Igor,right,0.050,3,,,,,,,0.2365,-1.1980,5.1523,3.7590,3.7590,9.2959
2026-06-15 16:42:18.609,Igor,right,0.050,3,,,,,,,0.2464,-1.2474,5.1381,3.7645,3.7645,9.2756
2026-06-15 16:42:18.639,Igor,right,0.050,3,,,,,,,0.2522,-1.2829,5.1322,3.7425,3.7425,9.2194
2026-06-15 16:42:18.670,Igor,right,0.050,3,,,,,,,0.2791,-1.3535,5.1200,3.7462,3.7462,9.3670
2026-06-15 16:42:18.700,Igor,right,0.050,3,,,,,,,0.3024,-1.3775,5.1153,3.7706,3.7706,9.3792
2026-06-15 16:42:18.731,Igor,right,0.000,-1,,,,,,,0.3111,-1.3938,5.1214,3.8131,3.8131,9.3778
2026-06-15 16:42:18.761,Igor,right,0.033,2,,,,,,,0.3030,-1.4171,5.1405,3.7939,3.7939,9.3984
2026-06-15 16:42:18.792,Igor,right,0.050,3,,,,,,,0.2978,-1.4434,5.1504,3.7524,3.7524,9.2057
2026-06-15 16:42:18.822,Igor,right,0.067,4,,,,,,,0.2562,-1.4541,5.1429,3.6617,3.6617,8.9840
2026-06-15 16:42:18.853,Igor,right,0.100,6,,,,,,,0.0909,-1.3610,5.1557,3.6528,3.6528,8.7518
2026-06-15 16:42:18.883,Igor,right,0.133,8,,,,,,,0.0442,-1.3321,5.1703,3.6107,3.6107,8.5275
2026-06-15 16:42:18.913,Igor,right,0.167,10,,,,,,,-0.0082,-1.2907,5.2080,3.5136,3.5136,8.1012
2026-06-15 16:42:18.944,Igor,right,0.200,12,,,,,,,-0.0138,-1.2727,5.2349,3.3622,3.3622,7.6119
2026-06-15 16:42:18.975,Igor,right,0.217,13,,,,,,,-0.0139,-1.3099,5.2486,3.2725,3.2725,7.1978
2026-06-15 16:42:19.005,Igor,right,0.250,15,,,,,,,-0.0237,-1.3010,5.2548,3.2502,3.2502,7.0070
2026-06-15 16:42:19.036,Igor,right,0.283,17,,,,,,,-0.0631,-1.2334,5.2593,3.2368,3.2368,6.8891
2026-06-15 16:42:19.066,Igor,right,0.317,19,,,,,,,-0.1185,-1.1007,5.2606,3.2582,3.2582,6.8279
2026-06-15 16:42:19.097,Igor,right,0.350,21,,,,,,,-0.1540,-1.0160,5.2654,3.2597,3.2597,6.8172
2026-06-15 16:42:19.127,Igor,right,0.383,23,,,,,,,-0.2172,-0.8641,5.3088,3.3112,3.3112,6.8452
2026-06-15 16:42:19.158,Igor,right,0.400,24,,,,,,,-0.2891,-0.8074,5.3244,3.2832,3.2832,6.7830
2026-06-15 16:42:19.189,Igor,right,0.433,26,,,,,,,-0.6645,-0.7214,5.3372,3.3186,3.3186,6.4905
2026-06-15 16:42:19.219,Igor,right,0.467,28,,,,,,,-0.7885,-0.6406,5.3553,3.3074,3.3074,6.3798
2026-06-15 16:42:19.250,Igor,right,0.500,30,,,,,,,-0.8596,-0.5866,5.3818,3.3318,3.3318,6.4346
2026-06-15 16:42:19.280,Igor,right,0.533,32,,,,,,,-0.8883,-0.5486,5.4107,3.3826,3.3826,6.5278
2026-06-15 16:42:19.311,Igor,right,0.567,34,,,,,,,-0.8773,-0.5292,5.4166,3.3698,3.3698,6.5761
2026-06-15 16:42:19.341,Igor,right,0.583,35,,,,,,,-0.8976,-0.4827,5.4161,3.3688,3.3688,6.6502
2026-06-15 16:42:19.372,Igor,right,0.617,37,,,,,,,-0.9009,-0.4685,5.4138,3.3884,3.3884,6.7244
2026-06-15 16:42:19.402,Igor,right,0.650,39,,,,,,,-0.8705,-0.4346,5.3986,3.3646,3.3646,6.6495
2026-06-15 16:42:19.433,Igor,right,0.683,41,,,,,,,-0.8766,-0.4031,5.3833,3.3794,3.3794,6.6977
2026-06-15 16:42:19.464,Igor,right,0.717,43,,,,,,,-0.8988,-0.4011,5.3590,3.4035,3.4035,6.7001
2026-06-15 16:42:19.494,Igor,right,0.750,45,,,,,,,-0.8712,-0.4159,5.3149,3.3821,3.3821,6.6206
2026-06-15 16:42:19.525,Igor,right,0.767,46,,,,,,,-0.8594,-0.4391,5.2908,3.3702,3.3702,6.5811
2026-06-15 16:42:19.555,Igor,right,0.800,48,,,,,,,-0.8474,-0.5140,5.2840,3.4139,3.4139,6.6538
2026-06-15 16:42:19.586,Igor,right,0.833,50,,,,,,,-0.8326,-0.6204,5.2882,3.3860,3.3860,6.6246
2026-06-15 16:42:19.616,Igor,right,0.867,52,,,,,,,-0.8503,-0.7428,5.2925,3.4125,3.4125,6.7325
2026-06-15 16:42:19.647,Igor,right,0.900,54,,,,,,,-0.8540,-0.8349,5.3042,3.4529,3.4529,6.9107
2026-06-15 16:42:19.677,Igor,right,0.933,56,,,,,,,-0.8408,-0.8631,5.3012,3.4165,3.4165,6.8554
2026-06-15 16:42:19.708,Igor,right,0.950,57,,,,,,,-0.8266,-0.9081,5.2841,3.3796,3.3796,6.8402
2026-06-15 16:42:19.738,Igor,right,0.983,59,,,,,,,-0.8287,-0.9273,5.2709,3.3783,3.3783,6.8626
2026-06-15 16:42:19.769,Igor,right,1.017,61,,,,,,,-0.8755,-0.9269,5.2487,3.4506,3.4506,7.0930
2026-06-15 16:42:19.799,Igor,right,1.050,63,,,,,,,-0.9070,-0.8325,5.2449,3.5129,3.5129,7.1730
2026-06-15 16:42:19.830,Igor,right,1.083,65,,,,,,,-0.9325,-0.6736,5.2446,3.4873,3.4873,7.1201
2026-06-15 16:42:19.860,Igor,right,1.117,67,,,,,,,-0.9602,-0.5889,5.2394,3.5345,3.5345,7.2457
2026-06-15 16:42:19.891,Igor,right,1.133,68,,,,,,,-0.9518,-0.4211,5.2279,3.4842,3.4842,7.1079
2026-06-15 16:42:19.922,Igor,right,1.167,70,,,,,,,-0.9673,-0.2949,5.2200,3.5201,3.5201,7.2321
2026-06-15 16:42:19.952,Igor,right,1.200,72,,,,,,,-0.9791,-0.2038,5.2053,3.5202,3.5202,7.1677
2026-06-15 16:42:19.983,Igor,right,1.233,74,,,,,,,-0.9927,-0.1956,5.1971,3.5974,3.5974,7.2767
2026-06-15 16:42:20.014,Igor,right,1.267,76,,,,,,,-0.9827,-0.2156,5.1970,3.5908,3.5908,7.2668
2026-06-15 16:42:20.044,Igor,right,1.300,78,,,,,,,-1.0078,-0.2817,5.2078,3.5763,3.5763,7.3033
2026-06-15 16:42:20.075,Igor,right,1.317,79,,,,,,,-1.1481,-0.3664,5.2253,3.5670,3.5670,7.1573
2026-06-15 16:42:20.105,Igor,right,1.350,81,,,,,,,-1.1904,-0.4205,5.2292,3.5635,3.5635,7.0690
2026-06-15 16:42:20.136,Igor,right,1.383,83,,,,,,,-1.2561,-0.6757,5.2438,3.6119,3.6119,7.0284
2026-06-15 16:42:20.166,Igor,right,1.417,85,,,,,,,-1.2513,-0.7363,5.2473,3.5622,3.5622,7.0108
2026-06-15 16:42:20.197,Igor,right,1.450,87,,,,,,,-1.2641,-0.8448,5.2690,3.5929,3.5929,7.0172
2026-06-15 16:42:20.228,Igor,right,1.483,89,,,,,,,-1.3072,-0.8984,5.2801,3.6229,3.6229,7.1766
2026-06-15 16:42:20.258,Igor,right,1.500,90,,,,,,,-1.4371,-0.9046,5.2816,3.6720,3.6720,7.2971
2026-06-15 16:42:20.289,Igor,right,1.533,92,,,,,,,-1.6269,-0.9430,5.3036,3.7671,3.7671,7.4198
2026-06-15 16:42:20.319,Igor,right,1.567,94,,,,,,,-1.7099,-1.0163,5.3184,3.7830,3.7830,7.4901
2026-06-15 16:42:20.350,Igor,right,1.600,96,,,,,,,-1.7600,-1.0873,5.3195,3.8069,3.8069,7.5093
2026-06-15 16:42:20.380,Igor,right,1.633,98,,,,,,,-1.7643,-1.1387,5.3124,3.7243,3.7243,7.5856
2026-06-15 16:42:20.411,Igor,right,1.667,100,,,,,,,-1.7941,-1.1740,5.2998,3.7772,3.7772,7.6251
2026-06-15 16:42:20.442,Igor,right,1.683,101,,,,,,,-1.9493,-1.2561,5.2717,3.8293,3.8293,7.5023
2026-06-15 16:42:20.473,Igor,right,1.717,103,,,,,,,-2.0006,-1.3406,5.3063,3.8276,3.8276,7.5772
2026-06-15 16:42:20.503,Igor,right,1.750,105,,,,,,,-1.9999,-1.3813,5.3221,3.8344,3.8344,7.6190
2026-06-15 16:42:20.534,Igor,right,1.783,107,,,,,,,-1.9831,-1.4164,5.3436,3.8755,3.8755,7.6654
2026-06-15 16:42:20.564,Igor,right,1.817,109,,,,,,,-1.9693,-1.4082,5.3499,3.8774,3.8774,7.6548
2026-06-15 16:42:20.595,Igor,right,1.850,111,,,,,,,-1.7416,-1.3572,5.3416,3.8122,3.8122,7.4153
2026-06-15 16:42:20.625,Igor,right,1.867,112,,,,,,,-1.0804,-1.2633,5.2788,3.7858,3.7858,7.8600
2026-06-15 16:42:20.656,Igor,right,1.900,114,,,,,,,-0.7390,-1.0710,5.2141,3.8033,3.8033,8.2788
2026-06-15 16:42:20.686,Igor,right,1.933,116,,,,,,,-0.5729,-0.8548,5.1475,3.8520,3.8520,8.5484
2026-06-15 16:42:20.717,Igor,right,1.967,118,,,,,,,-0.5299,-0.7864,5.1242,3.9054,3.9054,8.7097
2026-06-15 16:42:20.747,Igor,right,2.000,120,,,,,,,-0.4571,-0.7280,5.0778,3.8415,3.8415,8.7066
2026-06-15 16:42:20.778,Igor,right,2.033,122,,,,,,,-0.3904,-0.7810,5.0499,3.8183,3.8183,8.8349
2026-06-15 16:42:20.809,Igor,right,2.067,124,,,,,,,-0.1578,-0.8422,5.0571,3.8403,3.8403,9.0327
2026-06-15 16:42:20.840,Igor,right,2.083,125,,,,,,,-0.0370,-0.8600,5.0685,3.8612,3.8612,9.2075
2026-06-15 16:42:20.870,Igor,right,2.117,127,,,,,,,0.1604,-0.8485,5.0787,3.8617,3.8617,9.4204
2026-06-15 16:42:20.901,Igor,right,2.150,129,,,,,,,0.3383,-0.7911,5.0962,3.8388,3.8388,9.5160
2026-06-15 16:42:20.931,Igor,right,2.183,131,,,,,,,0.4745,-0.6826,5.1128,3.8080,3.8080,9.6456
2026-06-15 16:42:20.962,Igor,right,2.217,133,,,,,,,0.6160,-0.5989,5.1208,3.8683,3.8683,9.9407
2026-06-15 16:42:20.993,Igor,right,2.250,135,,,,,,,0.6819,-0.5730,5.1214,3.8754,3.8754,9.8888
2026-06-15 16:42:21.023,Igor,right,2.267,136,,,,,,,0.7172,-0.5587,5.1207,3.8272,3.8272,9.8742
2026-06-15 16:42:21.053,Igor,right,2.300,138,,,,,,,0.3798,-0.6021,5.1076,3.8029,3.8029,9.5607
2026-06-15 16:42:21.084,Igor,right,2.333,140,,,,,,,0.2405,-0.6376,5.1057,3.8120,3.8120,9.4652
2026-06-15 16:42:21.115,Igor,right,2.367,142,,,,,,,0.0650,-0.7201,5.1051,3.8109,3.8109,9.2679
2026-06-15 16:42:21.145,Igor,right,2.400,144,,,,,,,-0.0848,-0.8034,5.1083,3.8658,3.8658,9.3416
2026-06-15 16:42:21.176,Igor,right,2.433,146,,,,,,,-0.1201,-0.8307,5.1036,3.8466,3.8466,9.2721
2026-06-15 16:42:21.207,Igor,right,2.450,147,,,,,,,-0.2059,-0.8669,5.1204,3.8564,3.8564,9.2299
2026-06-15 16:42:21.237,Igor,right,2.483,149,,,,,,,-0.2560,-0.8739,5.1507,3.8651,3.8651,9.1394
2026-06-15 16:42:21.267,Igor,right,2.517,151,,,,,,,-0.2747,-0.8656,5.1640,3.8563,3.8563,9.0464
2026-06-15 16:42:21.298,Igor,right,2.550,153,,,,,,,-0.3350,-0.8431,5.1979,3.9403,3.9403,9.1941
2026-06-15 16:42:21.329,Igor,right,2.583,155,,,,,,,-0.3895,-0.8334,5.2142,3.9483,3.9483,9.2606
2026-06-15 16:42:21.359,Igor,right,2.617,157,,,,,,,-0.4394,-0.7930,5.1952,3.8764,3.8764,9.0770
2026-06-15 16:42:21.390,Igor,right,2.633,158,,,,,,,-0.6427,-0.7342,5.1700,3.8991,3.8991,9.0598
2026-06-15 16:42:21.421,Igor,right,2.667,160,,,,,,,-0.7047,-0.6946,5.1587,3.8886,3.8886,9.0096
2026-06-15 16:42:21.451,Igor,right,2.700,162,,,,,,,-0.8083,-0.6458,5.1499,3.9318,3.9318,8.9828
2026-06-15 16:42:21.482,Igor,right,2.733,164,,,,,,,-0.8694,-0.6258,5.1435,3.9654,3.9654,8.9786
2026-06-15 16:42:21.512,Igor,right,2.767,166,,,,,,,-0.8725,-0.6216,5.1241,3.9265,3.9265,8.8232
2026-06-15 16:42:21.543,Igor,right,2.800,168,,,,,,,-0.8614,-0.6364,5.1035,3.8875,3.8875,8.8493
2026-06-15 16:42:21.574,Igor,right,2.817,169,,,,,,,-0.8378,-0.6364,5.0976,3.9049,3.9049,8.8538
2026-06-15 16:42:21.604,Igor,right,2.850,171,,,,,,,-0.7545,-0.6416,5.0798,3.8794,3.8794,8.8501
2026-06-15 16:42:21.635,Igor,right,2.883,173,,,,,,,-0.5118,-0.6525,5.0476,3.8639,3.8639,9.0766
2026-06-15 16:42:21.665,Igor,right,2.917,175,,,,,,,-0.4124,-0.6458,5.0234,3.8733,3.8733,9.3113
2026-06-15 16:42:21.695,Igor,right,2.950,177,,,,,,,-0.3548,-0.6372,4.9898,3.8903,3.8903,9.3077
2026-06-15 16:42:21.727,Igor,right,2.967,178,,,,,,,-0.3503,-0.6603,4.9696,3.9160,3.9160,9.3552
2026-06-15 16:42:21.758,Igor,right,3.000,180,,,,,,,-0.3666,-0.6949,4.9468,3.9304,3.9304,9.3921
2026-06-15 16:42:21.788,Igor,right,3.033,182,,,,,,,-0.3938,-0.8335,4.8721,3.9483,3.9483,9.5909
2026-06-15 16:42:21.819,Igor,right,3.067,184,,,,,,,-0.3914,-0.8711,4.8503,3.9630,3.9630,9.6363
2026-06-15 16:42:21.849,Igor,right,3.100,186,,,,,,,-0.4083,-0.9244,4.8162,3.9441,3.9441,9.7181
2026-06-15 16:42:21.880,Igor,right,3.133,188,,,,,,,-0.4270,-0.9406,4.7783,3.9253,3.9253,9.8328
2026-06-15 16:42:21.910,Igor,right,3.167,190,,,,,,,-0.4297,-0.9544,4.7646,3.9493,3.9493,9.8237
2026-06-15 16:42:21.941,Igor,right,3.183,191,,,,,,,-0.4263,-0.9368,4.7454,3.9588,3.9588,9.7603
2026-06-15 16:42:21.972,Igor,right,3.217,193,,,,,,,-0.4093,-0.9168,4.7413,4.0060,4.0060,9.7852
2026-06-15 16:42:22.002,Igor,right,3.250,195,,,,,,,-0.3877,-0.8776,4.7351,4.0809,4.0809,9.8730
2026-06-15 16:42:22.033,Igor,right,3.283,197,,,,,,,-0.3929,-0.8510,4.7284,4.0620,4.0620,9.6950
2026-06-15 16:42:22.063,Igor,right,3.317,199,,,,,,,-0.3606,-0.8781,4.7356,3.9580,3.9580,9.6551
2026-06-15 16:42:22.094,Igor,right,3.350,201,,,,,,,-0.2697,-0.9810,4.7291,3.9373,3.9373,9.7125
2026-06-15 16:42:22.124,Igor,right,3.367,202,,,,,,,-0.2567,-1.0162,4.7249,3.9299,3.9299,9.8321
2026-06-15 16:42:22.155,Igor,right,3.417,205,,,,,,,-0.2236,-1.0409,4.7366,3.9249,3.9249,10.0698
2026-06-15 16:42:22.186,Igor,right,3.450,207,,,,,,,-0.1890,-1.0600,4.7693,3.9130,3.9130,10.1544
2026-06-15 16:42:22.217,Igor,right,3.483,209,,,,,,,-0.1817,-1.0604,4.7825,3.9239,3.9239,10.2093
2026-06-15 16:42:22.247,Igor,right,3.517,211,,,,,,,-0.1503,-0.9919,4.7836,4.0419,4.0419,10.0316
2026-06-15 16:42:22.279,Igor,right,3.550,213,,,,,,,-0.1270,-0.9074,4.7742,4.0471,4.0471,9.8967
2026-06-15 16:42:22.309,Igor,right,3.583,215,,,,,,,-0.1245,-0.8721,4.7677,4.0203,4.0203,9.8458
2026-06-15 16:42:22.340,Igor,right,3.600,216,,,,,,,-0.0239,-0.8771,4.7823,4.0682,4.0682,10.0673
2026-06-15 16:42:22.371,Igor,right,3.633,218,,,,,,,0.0121,-0.8859,4.7850,4.0860,4.0860,10.1566
2026-06-15 16:42:22.401,Igor,right,3.667,220,,,,,,,0.0310,-0.8983,4.7866,4.0551,4.0551,10.1662
2026-06-15 16:42:22.432,Igor,right,3.700,222,,,,,,,0.0545,-0.9319,4.7878,4.0383,4.0383,10.3443
2026-06-15 16:42:22.462,Igor,right,3.733,224,,,,,,,0.0665,-0.9930,4.7890,4.0165,4.0165,10.5041
2026-06-15 16:42:22.494,Igor,right,3.767,226,,,,,,,0.0825,-1.0375,4.7892,4.0335,4.0335,10.4939
2026-06-15 16:42:22.525,Igor,right,3.783,227,,,,,,,0.1033,-1.0887,4.7789,4.0674,4.0674,10.4451
2026-06-15 16:42:22.555,Igor,right,3.817,229,,,,,,,0.1123,-1.1318,4.7761,4.0707,4.0707,10.4168
2026-06-15 16:42:22.586,Igor,right,3.850,231,,,,,,,0.1186,-1.1437,4.7724,4.0476,4.0476,10.4581
2026-06-15 16:42:22.616,Igor,right,3.883,233,,,,,,,0.1148,-1.1305,4.7572,4.0778,4.0778,10.5190
2026-06-15 16:42:22.647,Igor,right,3.917,235,,,,,,,0.1137,-1.1095,4.7363,4.0722,4.0722,10.5700
2026-06-15 16:42:22.678,Igor,right,3.950,237,,,,,,,0.1199,-1.0988,4.7210,4.0678,4.0678,10.5731
2026-06-15 16:42:22.710,Igor,right,3.983,239,,,,,,,0.1024,-1.0882,4.7045,4.1411,4.1411,10.7129
2026-06-15 16:42:22.740,Igor,right,4.000,240,,,,,,,0.0941,-1.0893,4.6952,4.1731,4.1731,10.7548
2026-06-15 16:42:22.771,Igor,right,4.033,242,,,,,,,0.0942,-1.0783,4.6717,4.1867,4.1867,10.6229
2026-06-15 16:42:22.801,Igor,right,4.067,244,,,,,,,0.1139,-1.0596,4.6605,4.2135,4.2135,10.6764
2026-06-15 16:42:22.832,Igor,right,4.100,246,,,,,,,0.1333,-1.0062,4.6051,4.1487,4.1487,10.4303
2026-06-15 16:42:22.862,Igor,right,4.133,248,,,,,,,0.2233,-0.9274,4.5071,4.0835,4.0835,10.4476
2026-06-15 16:42:22.893,Igor,right,4.167,250,,,,,,,0.3819,-0.8037,4.3685,4.1117,4.1117,10.5356
2026-06-15 16:42:22.923,Igor,right,4.183,251,,,,,,,0.3844,-0.7293,4.2490,4.1086,4.1086,10.4465
2026-06-15 16:42:22.954,Igor,right,4.217,253,,,,,,,0.2521,-0.7774,4.2336,4.0959,4.0959,10.4370
2026-06-15 16:42:22.985,Igor,right,4.250,255,,,,,,,0.1607,-0.8205,4.2699,4.1007,4.1007,10.4714
2026-06-15 16:42:23.015,Igor,right,4.283,257,,,,,,,0.0872,-0.8376,4.3509,4.1818,4.1818,10.4988
2026-06-15 16:42:23.046,Igor,right,4.317,259,,,,,,,0.0811,-0.8542,4.4403,4.1498,4.1498,10.3250
2026-06-15 16:42:23.076,Igor,right,4.350,261,,,,,,,0.0786,-0.8737,4.4800,4.1175,4.1175,10.2204
2026-06-15 16:42:23.107,Igor,right,4.367,262,,,,,,,0.0625,-0.8838,4.5231,4.0584,4.0584,10.0541
2026-06-15 16:42:23.137,Igor,right,4.400,264,,,,,,,0.0444,-0.9259,4.5452,4.0701,4.0701,9.9223
2026-06-15 16:42:23.168,Igor,right,4.433,266,,,,,,,-0.0076,-0.9638,4.5785,4.1094,4.1094,10.0950
2026-06-15 16:42:23.199,Igor,right,4.467,268,,,,,,,-0.0609,-0.9867,4.6211,4.1062,4.1062,10.3920
2026-06-15 16:42:23.229,Igor,right,4.500,270,,,,,,,-0.0794,-1.0098,4.6420,4.0906,4.0906,10.3840
2026-06-15 16:42:23.260,Igor,right,4.533,272,,,,,,,-0.1344,-1.0459,4.6845,4.0774,4.0774,10.3304
2026-06-15 16:42:23.291,Igor,right,4.550,273,,,,,,,-0.2124,-1.0355,4.7217,4.1915,4.1915,10.5266
2026-06-15 16:42:23.322,Igor,right,4.583,275,,,,,,,-0.2573,-0.9926,4.7533,4.2607,4.2607,10.4611
2026-06-15 16:42:23.352,Igor,right,4.617,277,,,,,,,-0.2917,-0.9499,4.7733,4.2400,4.2400,10.3279
2026-06-15 16:42:23.383,Igor,right,4.650,279,,,,,,,-0.3013,-0.9387,4.7802,4.1829,4.1829,10.1355
2026-06-15 16:42:23.414,Igor,right,4.683,281,,,,,,,-0.3338,-0.9171,4.7960,4.1073,4.1073,9.9212
2026-06-15 16:42:23.445,Igor,right,4.717,283,,,,,,,-0.4491,-0.8797,4.8071,4.1000,4.1000,9.5738
2026-06-15 16:42:23.475,Igor,right,4.750,285,,,,,,,-0.5244,-0.8799,4.8182,4.0862,4.0862,9.5244
2026-06-15 16:42:23.507,Igor,right,4.767,286,,,,,,,-0.5689,-0.8867,4.8257,4.0792,4.0792,9.5840
2026-06-15 16:42:23.537,Igor,right,4.800,288,,,,,,,-0.6185,-0.8847,4.8501,4.1118,4.1118,9.6684
2026-06-15 16:42:23.567,Igor,right,4.833,290,,,,,,,-0.6690,-0.8844,4.8592,4.1086,4.1086,9.6216
2026-06-15 16:42:23.598,Igor,right,4.867,292,,,,,,,-0.7335,-0.8711,4.8520,4.0714,4.0714,9.5884
2026-06-15 16:42:23.629,Igor,right,4.900,294,,,,,,,-0.7565,-0.8564,4.8505,4.0517,4.0517,9.5533
2026-06-15 16:42:23.660,Igor,right,4.933,296,,,,,,,-0.7766,-0.8549,4.8499,4.0185,4.0185,9.5154
2026-06-15 16:42:23.690,Igor,right,4.950,297,,,,,,,-0.8243,-0.8529,4.8530,4.0207,4.0207,9.5001
2026-06-15 16:42:23.721,Igor,right,4.983,299,,,,,,,-0.8446,-0.8535,4.8463,3.9763,3.9763,9.2616
2026-06-15 16:42:23.751,Igor,right,5.017,301,,,,,,,-0.8497,-0.8552,4.8473,3.9884,3.9884,9.1853
2026-06-15 16:42:23.782,Igor,right,5.050,303,,,,,,,-0.8459,-0.8545,4.8644,3.9630,3.9630,9.0614
2026-06-15 16:42:23.813,Igor,right,5.083,305,,,,,,,-0.8629,-0.8415,4.8645,4.0133,4.0133,9.1675
2026-06-15 16:42:23.844,Igor,right,5.117,307,,,,,,,-0.9314,-0.8004,4.8514,4.0375,4.0375,9.0500
2026-06-15 16:42:23.874,Igor,right,5.133,308,,,,,,,-1.0428,-0.7298,4.8497,4.0921,4.0921,9.1699
2026-06-15 16:42:23.905,Igor,right,5.167,310,,,,,,,-1.0847,-0.6969,4.8523,4.1001,4.1001,9.1625
2026-06-15 16:42:23.935,Igor,right,5.200,312,,,,,,,-1.1103,-0.6876,4.8814,4.1377,4.1377,9.3726
2026-06-15 16:42:23.965,Igor,right,5.233,314,,,,,,,-1.0650,-0.7279,4.9024,4.0310,4.0310,9.2355
2026-06-15 16:42:23.996,Igor,right,5.267,316,,,,,,,-1.0956,-0.7900,4.9480,4.0813,4.0813,9.3661
2026-06-15 16:42:24.027,Igor,right,5.300,318,,,,,,,-1.1024,-0.8464,4.9683,4.0560,4.0560,9.4170
2026-06-15 16:42:24.057,Igor,right,5.317,319,,,,,,,-1.1079,-0.8597,4.9679,4.0488,4.0488,9.4125
2026-06-15 16:42:24.088,Igor,right,5.350,321,,,,,,,-1.1179,-0.8850,4.9792,4.0427,4.0427,9.3965
2026-06-15 16:42:24.119,Igor,right,5.383,323,,,,,,,-1.2233,-0.8745,4.9905,4.0628,4.0628,9.3274
2026-06-15 16:42:24.150,Igor,right,5.417,325,,,,,,,-1.2751,-0.8752,5.0053,4.0743,4.0743,9.3557
2026-06-15 16:42:24.180,Igor,right,5.450,327,,,,,,,-1.3215,-0.8976,4.9990,4.1390,4.1390,9.4990
2026-06-15 16:42:24.210,Igor,right,5.483,329,,,,,,,-1.3342,-0.8921,4.9945,4.1446,4.1446,9.4651
2026-06-15 16:42:24.241,Igor,right,5.500,330,,,,,,,-1.3652,-0.9000,4.9936,4.1398,4.1398,9.5357
2026-06-15 16:42:24.272,Igor,right,5.533,332,,,,,,,-1.3860,-0.8987,5.0121,4.1621,4.1621,9.5102
2026-06-15 16:42:24.302,Igor,right,5.567,334,,,,,,,-1.5107,-0.8983,5.0388,4.1587,4.1587,9.5347
2026-06-15 16:42:24.333,Igor,right,5.600,336,,,,,,,-1.5107,-0.8983,5.0388,4.1587,4.1587,9.5347
2026-06-15 16:42:24.363,Igor,right,5.633,338,,,,,,,-1.5826,-0.8927,5.0430,4.1711,4.1711,9.4208
2026-06-15 16:42:24.394,Igor,right,5.667,340,,,,,,,-1.6065,-0.8834,5.0407,4.1313,4.1313,9.3776
2026-06-15 16:42:24.424,Igor,right,5.683,341,,,,,,,-1.6171,-0.8681,5.0501,4.0995,4.0995,9.2746
2026-06-15 16:42:24.455,Igor,right,5.717,343,,,,,,,-1.6266,-0.8871,5.0682,4.0491,4.0491,9.2794
2026-06-15 16:42:24.485,Igor,right,5.750,345,,,,,,,-1.6266,-0.8991,5.0779,4.0439,4.0439,9.2813
2026-06-15 16:42:24.519,Igor,right,5.783,347,,,,,,,-1.6336,-0.9433,5.0942,4.0761,4.0761,9.2379
2026-06-15 16:42:24.550,Igor,right,5.817,349,,,,,,,-1.6372,-0.9700,5.1027,4.1071,4.1071,9.3159
2026-06-15 16:42:24.580,Igor,right,5.850,351,,,,,,,-1.6852,-0.9759,5.1135,4.0850,4.0850,9.2955
2026-06-15 16:42:24.611,Igor,right,5.883,353,,,,,,,-1.7790,-0.9689,5.1364,4.0638,4.0638,9.2464
2026-06-15 16:42:24.642,Igor,right,5.900,354,,,,,,,-1.8003,-0.9617,5.1438,4.0535,4.0535,9.1799
2026-06-15 16:42:24.672,Igor,right,5.933,356,,,,,,,-1.8221,-0.9248,5.1462,4.0629,4.0629,9.0136
2026-06-15 16:42:24.703,Igor,right,5.967,358,,,,,,,-1.8400,-0.8969,5.1419,4.0887,4.0887,8.9657
2026-06-15 16:42:24.733,Igor,right,6.000,360,,,,,,,-1.8354,-0.8827,5.1408,4.0567,4.0567,8.8867
2026-06-15 16:42:24.764,Igor,right,6.033,362,,,,,,,-1.8441,-0.8759,5.1514,4.0262,4.0262,8.8938
2026-06-15 16:42:24.795,Igor,right,6.067,364,,,,,,,-1.8559,-0.8733,5.1570,4.0288,4.0288,8.8913
2026-06-15 16:42:24.825,Igor,right,6.083,365,,,,,,,-1.8655,-0.8717,5.1661,4.0479,4.0479,8.8989
2026-06-15 16:42:24.856,Igor,right,6.117,367,,,,,,,-1.8622,-0.8728,5.1688,4.0508,4.0508,8.9220
2026-06-15 16:42:24.887,Igor,right,6.150,369,,,,,,,-1.8586,-0.8759,5.1688,4.0381,4.0381,8.9823
2026-06-15 16:42:24.917,Igor,right,6.183,371,,,,,,,-1.8535,-0.8760,5.1778,4.0347,4.0347,9.0489
2026-06-15 16:42:24.948,Igor,right,6.217,373,,,,,,,-1.8461,-0.8710,5.1837,4.0263,4.0263,8.9996
2026-06-15 16:42:24.980,Igor,right,6.250,375,,,,,,,-1.8653,-0.8769,5.2037,4.0347,4.0347,9.1245
2026-06-15 16:42:25.010,Igor,right,6.283,377,,,,,,,-1.9367,-0.8762,5.2237,4.0461,4.0461,9.2397
2026-06-15 16:42:25.041,Igor,right,6.300,378,,,,,,,-1.9549,-0.8656,5.2308,4.0585,4.0585,9.2518
2026-06-15 16:42:25.072,Igor,right,6.333,380,,,,,,,-1.9525,-0.8431,5.2433,4.0504,4.0504,9.1997
2026-06-15 16:42:25.102,Igor,right,6.367,382,,,,,,,-1.9445,-0.8258,5.2500,3.9999,3.9999,9.0558
2026-06-15 16:42:25.133,Igor,right,6.400,384,,,,,,,-1.9520,-0.8141,5.2556,4.0226,4.0226,8.9885
2026-06-15 16:42:25.163,Igor,right,6.433,386,,,,,,,-1.9394,-0.7805,5.2559,3.9897,3.9897,8.9491
2026-06-15 16:42:25.194,Igor,right,6.467,388,,,,,,,-1.9256,-0.7387,5.2593,3.9809,3.9809,8.9176
2026-06-15 16:42:25.225,Igor,right,6.483,389,,,,,,,-1.9211,-0.7183,5.2610,3.9893,3.9893,8.8908
2026-06-15 16:42:25.255,Igor,right,6.517,391,,,,,,,-1.9208,-0.6663,5.2620,4.0554,4.0554,8.8672
2026-06-15 16:42:25.286,Igor,right,6.550,393,,,,,,,-1.9226,-0.6302,5.2541,4.1095,4.1095,8.8556
2026-06-15 16:42:25.317,Igor,right,6.583,395,,,,,,,-1.9131,-0.5951,5.2372,4.1077,4.1077,8.7559
2026-06-15 16:42:25.347,Igor,right,6.617,397,,,,,,,-1.8983,-0.5690,5.2340,4.1219,4.1219,8.9104
2026-06-15 16:42:25.378,Igor,right,6.650,399,,,,,,,-1.8954,-0.5636,5.2333,4.1366,4.1366,8.9194
2026-06-15 16:42:25.408,Igor,right,6.667,400,,,,,,,-1.8777,-0.5660,5.2257,4.1686,4.1686,8.9809
2026-06-15 16:42:25.439,Igor,right,6.700,402,,,,,,,-1.8669,-0.5593,5.2184,4.1569,4.1569,9.0364
2026-06-15 16:42:25.469,Igor,right,6.733,404,,,,,,,-1.8559,-0.5562,5.2126,4.1522,4.1522,9.1172
2026-06-15 16:42:25.500,Igor,right,6.767,406,,,,,,,-1.8462,-0.5591,5.2079,4.1501,4.1501,9.0759
2026-06-15 16:42:25.536,Igor,right,6.800,408,,,,,,,-1.8235,-0.5628,5.1903,4.1759,4.1759,9.1768
2026-06-15 16:42:25.566,Igor,right,6.833,410,,,,,,,-1.7857,-0.5679,5.1858,4.1896,4.1896,9.1916
2026-06-15 16:42:25.597,Igor,right,6.867,412,,,,,,,-1.7483,-0.5687,5.1858,4.2026,4.2026,9.2589
2026-06-15 16:42:25.628,Igor,right,6.900,414,,,,,,,-1.7014,-0.5551,5.1725,4.2341,4.2341,9.3815
2026-06-15 16:42:25.659,Igor,right,6.917,415,,,,,,,-1.6509,-0.5503,5.1806,4.2220,4.2220,9.3792
2026-06-15 16:42:25.689,Igor,right,6.950,417,,,,,,,-1.6321,-0.5438,5.1840,4.2235,4.2235,9.3283
2026-06-15 16:42:25.720,Igor,right,6.983,419,,,,,,,-1.6123,-0.5258,5.1881,4.2201,4.2201,9.2903
2026-06-15 16:42:25.751,Igor,right,7.017,421,,,,,,,-1.5798,-0.5334,5.1929,4.2089,4.2089,9.2975
2026-06-15 16:42:25.781,Igor,right,7.050,423,,,,,,,-1.5368,-0.5435,5.1935,4.2176,4.2176,9.3735
2026-06-15 16:42:25.812,Igor,right,7.083,425,,,,,,,-1.5230,-0.5448,5.1971,4.2148,4.2148,9.3967
2026-06-15 16:42:25.843,Igor,right,7.100,426,,,,,,,-1.4925,-0.5509,5.2027,4.2133,4.2133,9.3844
2026-06-15 16:42:25.873,Igor,right,7.133,428,,,,,,,-1.4583,-0.5705,5.2155,4.1679,4.1679,9.4396
2026-06-15 16:42:25.904,Igor,right,7.167,430,,,,,,,-1.4254,-0.5952,5.2165,4.1661,4.1661,9.3578
2026-06-15 16:42:25.935,Igor,right,7.200,432,,,,,,,-1.3937,-0.6271,5.2001,4.1926,4.1926,9.3664
2026-06-15 16:42:25.966,Igor,right,7.233,434,,,,,,,-1.3937,-0.6271,5.2001,4.1926,4.1926,9.3664
2026-06-15 16:42:25.996,Igor,right,7.267,436,,,,,,,-1.2445,-0.5873,5.1786,4.1479,4.1479,9.4536
2026-06-15 16:42:26.026,Igor,right,7.300,438,,,,,,,-1.1550,-0.5748,5.1558,4.0995,4.0995,9.4582
2026-06-15 16:42:26.057,Igor,right,7.317,439,,,,,,,-1.0853,-0.5567,5.1391,4.0893,4.0893,9.4518
2026-06-15 16:42:26.088,Igor,right,7.350,441,,,,,,,-1.1317,-0.5482,5.1263,4.1633,4.1633,9.4249
2026-06-15 16:42:26.119,Igor,right,7.383,443,,,,,,,-1.1848,-0.5484,5.1218,4.1906,4.1906,9.2934
2026-06-15 16:42:26.150,Igor,right,7.417,445,,,,,,,-1.2249,-0.5473,5.1119,4.2431,4.2431,9.2142
2026-06-15 16:42:26.180,Igor,right,7.450,447,,,,,,,-1.2070,-0.5661,5.1122,4.1934,4.1934,9.2633
2026-06-15 16:42:26.211,Igor,right,7.483,449,,,,,,,-1.1724,-0.5781,5.1198,4.1271,4.1271,9.2457
2026-06-15 16:42:26.242,Igor,right,7.500,450,,,,,,,-1.1514,-0.5703,5.1266,4.1201,4.1201,9.2760
2026-06-15 16:42:26.272,Igor,right,7.533,452,,,,,,,-1.0926,-0.5651,5.1302,4.1319,4.1319,9.3561
2026-06-15 16:42:26.302,Igor,right,7.567,454,,,,,,,-0.9256,-0.5721,5.1152,4.0990,4.0990,9.3855
2026-06-15 16:42:26.333,Igor,right,7.600,456,,,,,,,-0.8348,-0.5669,5.1031,4.0759,4.0759,9.5080
2026-06-15 16:42:26.364,Igor,right,7.633,458,,,,,,,-0.7552,-0.5768,5.0886,4.0063,4.0063,9.5281
2026-06-15 16:42:26.395,Igor,right,7.667,460,,,,,,,-0.7269,-0.5698,5.0853,4.0360,4.0360,9.5857
2026-06-15 16:42:26.425,Igor,right,7.683,461,,,,,,,-0.6877,-0.5576,5.0898,4.0558,4.0558,9.7379
2026-06-15 16:42:26.456,Igor,right,7.717,463,,,,,,,-0.6628,-0.5484,5.0931,4.0956,4.0956,9.8036
2026-06-15 16:42:26.486,Igor,right,7.750,465,,,,,,,-0.6432,-0.5378,5.0930,4.0933,4.0933,9.8152
2026-06-15 16:42:26.517,Igor,right,7.783,467,,,,,,,-0.6080,-0.5337,5.0797,4.0880,4.0880,9.7260
2026-06-15 16:42:26.548,Igor,right,7.817,469,,,,,,,-0.5402,-0.5220,5.0483,4.0807,4.0807,9.5287
2026-06-15 16:42:26.578,Igor,right,7.850,471,,,,,,,-0.4690,-0.5133,5.0160,4.0635,4.0635,9.3738
2026-06-15 16:42:26.609,Igor,right,7.867,472,,,,,,,-0.4286,-0.5073,4.9945,4.0483,4.0483,9.2971
2026-06-15 16:42:26.640,Igor,right,7.900,474,,,,,,,-0.3960,-0.4949,4.9806,4.0071,4.0071,9.1995
2026-06-15 16:42:26.670,Igor,right,7.933,476,,,,,,,-0.3373,-0.5101,4.9659,3.9431,3.9431,9.1299
2026-06-15 16:42:26.701,Igor,right,7.967,478,,,,,,,-0.2753,-0.5280,4.9443,3.8988,3.8988,9.1257
2026-06-15 16:42:26.731,Igor,right,8.000,480,,,,,,,-0.2414,-0.5345,4.9403,3.9142,3.9142,9.1516
2026-06-15 16:42:26.762,Igor,right,8.033,482,,,,,,,-0.1922,-0.5186,4.9555,3.9505,3.9505,9.2969
2026-06-15 16:42:26.792,Igor,right,8.050,483,,,,,,,-0.1784,-0.5105,4.9649,3.9378,3.9378,9.3325
2026-06-15 16:42:26.823,Igor,right,8.083,485,,,,,,,-0.1744,-0.5064,4.9679,3.9593,3.9593,9.3526
2026-06-15 16:42:26.853,Igor,right,8.117,487,,,,,,,-0.1548,-0.5035,4.9765,4.0049,4.0049,9.4192
2026-06-15 16:42:26.884,Igor,right,8.150,489,,,,,,,-0.1260,-0.5014,4.9833,4.0117,4.0117,9.3922
2026-06-15 16:42:26.915,Igor,right,8.183,491,,,,,,,-0.1266,-0.5040,4.9903,4.0250,4.0250,9.4616
2026-06-15 16:42:26.945,Igor,right,8.217,493,,,,,,,-0.0868,-0.4955,4.9695,3.9408,3.9408,9.1635
2026-06-15 16:42:26.976,Igor,right,8.250,495,,,,,,,-0.0704,-0.4996,4.9576,3.9478,3.9478,9.2980
2026-06-15 16:42:27.007,Igor,right,8.267,496,,,,,,,-0.0640,-0.5077,4.9660,3.9921,3.9921,9.4856
2026-06-15 16:42:27.038,Igor,right,8.300,498,,,,,,,-0.0522,-0.5171,4.9814,3.9955,3.9955,9.5595
2026-06-15 16:42:27.068,Igor,right,8.333,500,,,,,,,-0.0399,-0.5135,4.9854,3.9825,3.9825,9.5517
2026-06-15 16:42:27.098,Igor,right,8.367,502,,,,,,,-0.0038,-0.5082,4.9724,3.9303,3.9303,9.2331
2026-06-15 16:42:27.129,Igor,right,8.400,504,,,,,,,0.0431,-0.5378,4.9702,3.9109,3.9109,9.2068
2026-06-15 16:42:27.160,Igor,right,8.433,506,,,,,,,0.0739,-0.5601,4.9799,3.8980,3.8980,9.2569
2026-06-15 16:42:27.190,Igor,right,8.450,507,,,,,,,0.0765,-0.5729,4.9852,3.9154,3.9154,9.4162
2026-06-15 16:42:27.221,Igor,right,8.483,509,,,,,,,0.0641,-0.5872,5.0088,4.0190,4.0190,9.7585
2026-06-15 16:42:27.251,Igor,right,8.517,511,,,,,,,0.0519,-0.5916,5.0249,4.0520,4.0520,9.9322
2026-06-15 16:42:27.282,Igor,right,8.550,513,,,,,,,0.0560,-0.6106,5.0369,4.0230,4.0230,9.9477
2026-06-15 16:42:27.313,Igor,right,8.583,515,,,,,,,0.0752,-0.6044,5.0260,3.9798,3.9798,9.7948
2026-06-15 16:42:27.343,Igor,right,8.617,517,,,,,,,0.0955,-0.6037,5.0207,4.0048,4.0048,9.8488
2026-06-15 16:42:27.374,Igor,right,8.633,518,,,,,,,0.1050,-0.6067,5.0263,3.9888,3.9888,9.8409
2026-06-15 16:42:27.404,Igor,right,8.667,520,,,,,,,0.1297,-0.6051,5.0286,3.9671,3.9671,9.5480
2026-06-15 16:42:27.435,Igor,right,8.700,522,,,,,,,0.1333,-0.6036,5.0317,3.9616,3.9616,9.4602
2026-06-15 16:42:27.466,Igor,right,8.733,524,,,,,,,0.1580,-0.6002,5.0268,3.9201,3.9201,9.3103
2026-06-15 16:42:27.497,Igor,right,8.767,526,,,,,,,0.1502,-0.6119,5.0270,3.9836,3.9836,9.5858
2026-06-15 16:42:27.528,Igor,right,8.800,528,,,,,,,0.1552,-0.6087,5.0251,3.9993,3.9993,9.6876
2026-06-15 16:42:27.558,Igor,right,8.817,529,,,,,,,0.1552,-0.6151,5.0287,4.0542,4.0542,9.8772
2026-06-15 16:42:27.589,Igor,right,8.850,531,,,,,,,0.1544,-0.6184,5.0311,4.0859,4.0859,9.9815
2026-06-15 16:42:27.619,Igor,right,8.883,533,,,,,,,0.1451,-0.6206,5.0408,4.1081,4.1081,10.1490
2026-06-15 16:42:27.650,Igor,right,8.917,535,,,,,,,0.1345,-0.6209,5.0412,4.0616,4.0616,10.1058
2026-06-15 16:42:27.681,Igor,right,8.950,537,,,,,,,0.1336,-0.6227,5.0337,4.0670,4.0670,10.2154
2026-06-15 16:42:27.712,Igor,right,8.983,539,,,,,,,0.1145,-0.6078,5.0239,4.0540,4.0540,10.1496
2026-06-15 16:42:27.742,Igor,right,9.000,540,,,,,,,0.1032,-0.6026,5.0184,4.0381,4.0381,10.1491
2026-06-15 16:42:27.773,Igor,right,9.033,542,,,,,,,0.1150,-0.5989,5.0260,4.0637,4.0637,10.1198
2026-06-15 16:42:27.803,Igor,right,9.067,544,,,,,,,0.1161,-0.5946,5.0401,4.0817,4.0817,10.1175
2026-06-15 16:42:27.833,Igor,right,9.100,546,,,,,,,0.1083,-0.5998,5.0507,4.0789,4.0789,10.0871
2026-06-15 16:42:27.864,Igor,right,9.133,548,,,,,,,0.0975,-0.5989,5.0518,4.1075,4.1075,10.0739
2026-06-15 16:42:27.895,Igor,right,9.167,550,,,,,,,0.0966,-0.5973,5.0449,4.1673,4.1673,10.1460
2026-06-15 16:42:27.925,Igor,right,9.183,551,,,,,,,0.0652,-0.6094,5.0341,4.2368,4.2368,10.2329
2026-06-15 16:42:27.956,Igor,right,9.217,553,,,,,,,0.0200,-0.6155,5.0498,4.2240,4.2240,10.1231
2026-06-15 16:42:27.986,Igor,right,9.250,555,,,,,,,-0.0040,-0.6230,5.0703,4.1505,4.1505,10.0369
2026-06-15 16:42:28.016,Igor,right,9.283,557,,,,,,,-0.0220,-0.6155,5.0737,4.1445,4.1445,9.9936
2026-06-15 16:42:28.047,Igor,right,9.317,559,,,,,,,-0.0412,-0.5764,5.0679,4.1580,4.1580,10.0389
2026-06-15 16:42:28.077,Igor,right,9.350,561,,,,,,,-0.0637,-0.5409,5.0571,4.1382,4.1382,10.0948
2026-06-15 16:42:28.108,Igor,right,9.367,562,,,,,,,-0.0930,-0.5128,5.0586,4.1591,4.1591,10.0586
2026-06-15 16:42:28.139,Igor,right,9.400,564,,,,,,,-0.1192,-0.5027,5.0687,4.1596,4.1596,10.0180
2026-06-15 16:42:28.169,Igor,right,9.433,566,,,,,,,-0.1620,-0.4950,5.0883,4.1703,4.1703,10.0134
2026-06-15 16:42:28.200,Igor,right,9.467,568,,,,,,,-0.1669,-0.4801,5.0885,4.1403,4.1403,9.8603
2026-06-15 16:42:28.230,Igor,right,9.500,570,,,,,,,-0.1849,-0.4685,5.0699,4.0651,4.0651,9.7719
2026-06-15 16:42:28.261,Igor,right,9.533,572,,,,,,,-0.2042,-0.4922,5.0368,4.0377,4.0377,9.5782
2026-06-15 16:42:28.291,Igor,right,9.550,573,,,,,,,-0.2223,-0.4972,5.0255,4.0130,4.0130,9.6088
2026-06-15 16:42:28.322,Igor,right,9.583,575,,,,,,,-0.2433,-0.4945,5.0082,3.9857,3.9857,9.4809
2026-06-15 16:42:28.355,Igor,right,9.617,577,,,,,,,-0.2876,-0.4883,5.0120,4.0584,4.0584,9.7210
2026-06-15 16:42:28.386,Igor,right,9.650,579,,,,,,,-0.3530,-0.4955,5.0307,4.1082,4.1082,9.8498
2026-06-15 16:42:28.416,Igor,right,9.683,581,,,,,,,-0.3709,-0.5064,5.0651,4.1310,4.1310,9.7895
2026-06-15 16:42:28.447,Igor,right,9.717,583,,,,,,,-0.3923,-0.4989,5.1008,4.1103,4.1103,9.8217
2026-06-15 16:42:28.478,Igor,right,9.750,585,,,,,,,-0.4114,-0.4931,5.1324,4.0833,4.0833,9.9054
2026-06-15 16:42:28.508,Igor,right,9.767,586,,,,,,,-0.4768,-0.4934,5.1407,4.1122,4.1122,10.0264
2026-06-15 16:42:28.539,Igor,right,9.800,588,,,,,,,-0.5155,-0.4957,5.1454,4.1270,4.1270,10.1360
2026-06-15 16:42:28.573,Igor,right,9.833,590,,,,,,,-0.5641,-0.4810,5.1595,4.1238,4.1238,10.1903
2026-06-15 16:42:28.603,Igor,right,9.867,592,,,,,,,-0.6034,-0.4919,5.1811,4.1733,4.1733,10.1186
2026-06-15 16:42:28.634,Igor,right,9.900,594,,,,,,,-0.6255,-0.4825,5.1943,4.2184,4.2184,10.0172
2026-06-15 16:42:28.664,Igor,right,9.933,596,,,,,,,-0.6525,-0.4785,5.2032,4.2100,4.2100,9.9822
2026-06-15 16:42:28.695,Igor,right,9.967,598,,,,,,,-0.6749,-0.4833,5.2094,4.2403,4.2403,9.9844
2026-06-15 16:42:28.725,Igor,right,9.983,599,,,,,,,-0.7175,-0.4756,5.1991,4.0902,4.0902,9.8243
2026-06-15 16:42:28.756,Igor,right,10.017,601,,,,,,,-0.7585,-0.4695,5.1886,4.0649,4.0649,9.8109
2026-06-15 16:42:28.787,Igor,right,10.050,603,,,,,,,-0.8085,-0.4653,5.1898,4.1216,4.1216,9.8209
2026-06-15 16:42:28.817,Igor,right,10.083,605,,,,,,,-0.8326,-0.4756,5.1938,4.1063,4.1063,9.7405
2026-06-15 16:42:28.848,Igor,right,10.117,607,,,,,,,-0.8874,-0.4987,5.1949,4.0909,4.0909,9.7034
2026-06-15 16:42:28.879,Igor,right,10.150,609,,,,,,,-0.9396,-0.5027,5.1964,4.1374,4.1374,9.7352
2026-06-15 16:42:28.909,Igor,right,10.183,611,,,,,,,-1.0013,-0.5106,5.1951,4.1826,4.1826,9.7190
2026-06-15 16:42:28.940,Igor,right,10.200,612,,,,,,,-1.0728,-0.5112,5.2129,4.2443,4.2443,9.5899
2026-06-15 16:42:28.971,Igor,right,10.233,614,,,,,,,-1.1027,-0.5125,5.2212,4.2379,4.2379,9.5178
2026-06-15 16:42:29.001,Igor,right,10.267,616,,,,,,,-1.1498,-0.5137,5.2370,4.2269,4.2269,9.4824
2026-06-15 16:42:29.032,Igor,right,10.300,618,,,,,,,-1.1937,-0.5103,5.2489,4.2018,4.2018,9.5208
2026-06-15 16:42:29.062,Igor,right,10.333,620,,,,,,,-1.2291,-0.5014,5.2642,4.1495,4.1495,9.4533
2026-06-15 16:42:29.093,Igor,right,10.367,622,,,,,,,-1.2854,-0.5051,5.2873,4.1497,4.1497,9.4711
2026-06-15 16:42:29.123,Igor,right,10.383,623,,,,,,,-1.3152,-0.5008,5.2984,4.1123,4.1123,9.4570
2026-06-15 16:42:29.154,Igor,right,10.417,625,,,,,,,-1.3985,-0.4937,5.2893,4.2046,4.2046,9.3972
2026-06-15 16:42:29.185,Igor,right,10.450,627,,,,,,,-1.4266,-0.4864,5.2830,4.1844,4.1844,9.2897
2026-06-15 16:42:29.215,Igor,right,10.483,629,,,,,,,-1.4486,-0.4862,5.2774,4.1540,4.1540,9.1689
2026-06-15 16:42:29.246,Igor,right,10.517,631,,,,,,,-1.4635,-0.5021,5.2782,4.1315,4.1315,9.1465
2026-06-15 16:42:29.277,Igor,right,10.550,633,,,,,,,-1.4766,-0.5123,5.2833,4.1215,4.1215,9.1172
2026-06-15 16:42:29.307,Igor,right,10.567,634,,,,,,,-1.5006,-0.5209,5.2962,4.1236,4.1236,9.2136
2026-06-15 16:42:29.338,Igor,right,10.600,636,,,,,,,-1.5108,-0.5222,5.3028,4.1123,4.1123,9.2093
2026-06-15 16:42:29.368,Igor,right,10.633,638,,,,,,,-1.5350,-0.4851,5.3063,4.1211,4.1211,9.1559
2026-06-15 16:42:29.399,Igor,right,10.667,640,,,,,,,-1.5678,-0.4695,5.3144,4.1285,4.1285,9.1961
2026-06-15 16:42:29.429,Igor,right,10.700,642,,,,,,,-1.6058,-0.4740,5.3200,4.1150,4.1150,9.2086
2026-06-15 16:42:29.460,Igor,right,10.733,644,,,,,,,-1.6477,-0.4772,5.3140,4.2207,4.2207,9.2205
2026-06-15 16:42:29.491,Igor,right,10.750,645,,,,,,,-1.6633,-0.4671,5.3069,4.2286,4.2286,9.0753
2026-06-15 16:42:29.521,Igor,right,10.783,647,,,,,,,-1.6728,-0.4579,5.3021,4.2343,4.2343,9.0266
2026-06-15 16:42:29.552,Igor,right,10.817,649,,,,,,,-1.6721,-0.4432,5.3027,4.2062,4.2062,8.9980
2026-06-15 16:42:29.583,Igor,right,10.850,651,,,,,,,-1.6933,-0.4440,5.3171,4.1818,4.1818,8.9995
2026-06-15 16:42:29.613,Igor,right,10.883,653,,,,,,,-1.7365,-0.4352,5.3241,4.1322,4.1322,8.8067
2026-06-15 16:42:29.644,Igor,right,10.917,655,,,,,,,-1.7467,-0.4302,5.3264,4.1174,4.1174,8.7549
2026-06-15 16:42:29.674,Igor,right,10.933,656,,,,,,,-1.7687,-0.4284,5.3314,4.1254,4.1254,8.7165
2026-06-15 16:42:29.705,Igor,right,10.967,658,,,,,,,-1.7894,-0.4316,5.3307,4.1442,4.1442,8.7260
2026-06-15 16:42:29.735,Igor,right,11.000,660,,,,,,,-1.7686,-0.4099,5.3508,4.0488,4.0488,8.5833
2026-06-15 16:42:29.766,Igor,right,11.033,662,,,,,,,-1.7965,-0.3855,5.3647,4.1005,4.1005,8.6054
2026-06-15 16:42:29.796,Igor,right,11.067,664,,,,,,,-1.8166,-0.3825,5.3638,4.1567,4.1567,8.6183
2026-06-15 16:42:29.827,Igor,right,11.100,666,,,,,,,-1.8456,-0.3760,5.3586,4.2073,4.2073,8.5948
2026-06-15 16:42:29.857,Igor,right,11.117,667,,,,,,,-1.8527,-0.3670,5.3463,4.1884,4.1884,8.4885
2026-06-15 16:42:29.888,Igor,right,11.150,669,,,,,,,-1.8516,-0.3547,5.3392,4.1567,4.1567,8.4336
2026-06-15 16:42:29.918,Igor,right,11.183,671,,,,,,,-1.8402,-0.3498,5.3359,4.0974,4.0974,8.4474
2026-06-15 16:42:29.949,Igor,right,11.217,673,,,,,,,-1.8293,-0.3484,5.3326,4.0701,4.0701,8.3846
2026-06-15 16:42:29.979,Igor,right,11.250,675,,,,,,,-1.8435,-0.3688,5.3271,4.0695,4.0695,8.4659
2026-06-15 16:42:30.010,Igor,right,11.267,676,,,,,,,-1.8524,-0.3970,5.3122,4.0764,4.0764,8.4881
2026-06-15 16:42:30.040,Igor,right,11.300,678,,,,,,,-1.8668,-0.3976,5.3128,4.0703,4.0703,8.4941
2026-06-15 16:42:30.071,Igor,right,11.333,680,,,,,,,-1.8797,-0.4030,5.3212,4.0769,4.0769,8.5124
2026-06-15 16:42:30.102,Igor,right,11.367,682,,,,,,,-1.8832,-0.3813,5.3286,4.0923,4.0923,8.5433
2026-06-15 16:42:30.132,Igor,right,11.400,684,,,,,,,-1.8821,-0.3787,5.3275,4.0964,4.0964,8.6372
2026-06-15 16:42:30.163,Igor,right,11.433,686,,,,,,,-1.8743,-0.3706,5.3272,4.0752,4.0752,8.6740
2026-06-15 16:42:30.194,Igor,right,11.467,688,,,,,,,-1.8685,-0.3911,5.3239,4.0870,4.0870,8.6807
2026-06-15 16:42:30.225,Igor,right,11.483,689,,,,,,,-1.8645,-0.3983,5.3243,4.0939,4.0939,8.6786
2026-06-15 16:42:30.256,Igor,right,11.517,691,,,,,,,-1.8662,-0.4157,5.3287,4.1157,4.1157,8.5958
2026-06-15 16:42:30.286,Igor,right,11.550,693,,,,,,,-1.8531,-0.4154,5.3371,4.1370,4.1370,8.6486
2026-06-15 16:42:30.317,Igor,right,11.583,695,,,,,,,-1.8350,-0.4282,5.3457,4.1461,4.1461,8.6722
2026-06-15 16:42:30.348,Igor,right,11.617,697,,,,,,,-1.8327,-0.4285,5.3558,4.1415,4.1415,8.8630
2026-06-15 16:42:30.378,Igor,right,11.650,699,,,,,,,-1.8341,-0.4291,5.3611,4.1425,4.1425,8.9559
2026-06-15 16:42:30.409,Igor,right,11.683,701,,,,,,,-1.8194,-0.4040,5.3627,4.1079,4.1079,8.9975
2026-06-15 16:42:30.439,Igor,right,11.700,702,,,,,,,-1.8053,-0.4003,5.3590,4.1157,4.1157,9.0271
2026-06-15 16:42:30.470,Igor,right,11.733,704,,,,,,,-1.7931,-0.3936,5.3457,4.0977,4.0977,8.9087
2026-06-15 16:42:30.500,Igor,right,11.767,706,,,,,,,-1.7635,-0.3632,5.3340,4.1085,4.1085,8.8717
2026-06-15 16:42:30.531,Igor,right,11.800,708,,,,,,,-1.6975,-0.3504,5.3175,4.1441,4.1441,8.8492
2026-06-15 16:42:30.562,Igor,right,11.833,710,,,,,,,-1.6920,-0.3616,5.3228,4.1619,4.1619,9.0296
2026-06-15 16:42:30.594,Igor,right,11.867,712,,,,,,,-1.6870,-0.3721,5.3412,4.1695,4.1695,9.1184
2026-06-15 16:42:30.624,Igor,right,11.883,713,,,,,,,-1.6816,-0.3817,5.3486,4.1689,4.1689,9.2029
2026-06-15 16:42:30.655,Igor,right,11.917,715,,,,,,,-1.6704,-0.4026,5.3493,4.1905,4.1905,9.1818
2026-06-15 16:42:30.686,Igor,right,11.950,717,,,,,,,-1.6654,-0.4048,5.3333,4.2059,4.2059,9.1545
2026-06-15 16:42:30.716,Igor,right,11.983,719,,,,,,,-1.6328,-0.3970,5.3133,4.1960,4.1960,9.1686
2026-06-15 16:42:30.746,Igor,right,12.017,721,,,,,,,-1.6047,-0.4003,5.2945,4.1738,4.1738,9.1350
2026-06-15 16:42:30.777,Igor,right,12.050,723,,,,,,,-1.6097,-0.4012,5.2952,4.1999,4.1999,9.2469
2026-06-15 16:42:30.807,Igor,right,12.067,724,,,,,,,-1.5980,-0.3947,5.2958,4.1849,4.1849,9.2399
2026-06-15 16:42:30.838,Igor,right,12.100,726,,,,,,,-1.5544,-0.4086,5.3029,4.1629,4.1629,9.2374
2026-06-15 16:42:30.869,Igor,right,12.133,728,,,,,,,-1.4999,-0.4239,5.3055,4.1269,4.1269,9.1584
2026-06-15 16:42:30.899,Igor,right,12.167,730,,,,,,,-1.4771,-0.4436,5.3081,4.1611,4.1611,9.2561
2026-06-15 16:42:30.930,Igor,right,12.200,732,,,,,,,-1.4625,-0.4401,5.2998,4.1300,4.1300,9.1887
2026-06-15 16:42:30.961,Igor,right,12.233,734,,,,,,,-1.4196,-0.4368,5.2882,4.0504,4.0504,9.1538
2026-06-15 16:42:30.991,Igor,right,12.250,735,,,,,,,-1.4016,-0.4410,5.2770,4.0820,4.0820,9.1676
2026-06-15 16:42:31.022,Igor,right,12.283,737,,,,,,,-1.3957,-0.4403,5.2725,4.0934,4.0934,9.1741
2026-06-15 16:42:31.053,Igor,right,12.317,739,,,,,,,-1.3492,-0.4530,5.2646,4.0536,4.0536,9.1890
2026-06-15 16:42:31.083,Igor,right,12.350,741,,,,,,,-1.3222,-0.4558,5.2740,4.0035,4.0035,9.1999
2026-06-15 16:42:31.114,Igor,right,12.383,743,,,,,,,-1.3062,-0.4431,5.2786,3.9979,3.9979,9.1285
2026-06-15 16:42:31.145,Igor,right,12.417,745,,,,,,,-1.0684,-0.4217,5.2619,3.9806,3.9806,9.1571
2026-06-15 16:42:31.176,Igor,right,12.433,746,,,,,,,-0.9033,-0.4021,5.2267,3.9647,3.9647,9.1981
2026-06-15 16:42:31.206,Igor,right,12.467,748,,,,,,,-0.8319,-0.4189,5.2242,4.0371,4.0371,9.4428
2026-06-15 16:42:31.237,Igor,right,12.500,750,,,,,,,-0.7835,-0.4180,5.2175,4.0129,4.0129,9.3434
2026-06-15 16:42:31.267,Igor,right,12.533,752,,,,,,,-0.7310,-0.4258,5.2007,3.9659,3.9659,9.3466
2026-06-15 16:42:31.298,Igor,right,12.567,754,,,,,,,-0.6745,-0.4032,5.1917,3.9309,3.9309,9.3972
2026-06-15 16:42:31.329,Igor,right,12.600,756,,,,,,,-0.6708,-0.3799,5.1805,3.8695,3.8695,9.2454
2026-06-15 16:42:31.359,Igor,right,12.633,758,,,,,,,-0.7575,-0.3764,5.1825,3.8983,3.8983,9.1449
2026-06-15 16:42:31.390,Igor,right,12.650,759,,,,,,,-0.7528,-0.3755,5.1819,3.8758,3.8758,9.0473
2026-06-15 16:42:31.420,Igor,right,12.683,761,,,,,,,-0.7562,-0.3593,5.2153,3.9353,3.9353,9.2909
2026-06-15 16:42:31.451,Igor,right,12.717,763,,,,,,,-0.7513,-0.3450,5.2358,3.9877,3.9877,9.3306
2026-06-15 16:42:31.482,Igor,right,12.750,765,,,,,,,-0.7406,-0.3329,5.2267,3.9891,3.9891,9.2781
2026-06-15 16:42:31.512,Igor,right,12.783,767,,,,,,,-0.7296,-0.3317,5.2211,4.0078,4.0078,9.2717
2026-06-15 16:42:31.543,Igor,right,12.817,769,,,,,,,-0.7044,-0.3193,5.2222,4.0291,4.0291,9.1855
2026-06-15 16:42:31.573,Igor,right,12.833,770,,,,,,,-0.6622,-0.3153,5.2181,3.9841,3.9841,9.1450
2026-06-15 16:42:31.604,Igor,right,12.867,772,,,,,,,-0.6139,-0.3221,5.2289,4.0295,4.0295,9.3714
2026-06-15 16:42:31.635,Igor,right,12.900,774,,,,,,,-0.5974,-0.3286,5.2403,4.0879,4.0879,9.4638
2026-06-15 16:42:31.665,Igor,right,12.933,776,,,,,,,-0.4563,-0.3055,5.2515,4.0975,4.0975,9.6529
2026-06-15 16:42:31.696,Igor,right,12.967,778,,,,,,,-0.3465,-0.3078,5.2422,4.0961,4.0961,10.0322
2026-06-15 16:42:31.727,Igor,right,13.000,780,,,,,,,-0.1963,-0.2813,5.1995,4.0480,4.0480,9.3818
2026-06-15 16:42:31.758,Igor,right,13.017,781,,,,,,,-0.1219,-0.2850,5.1623,4.0353,4.0353,9.2887
2026-06-15 16:42:31.788,Igor,right,13.050,783,,,,,,,-0.0954,-0.2773,5.1510,4.0472,4.0472,9.2381
2026-06-15 16:42:31.818,Igor,right,13.083,785,,,,,,,-0.0719,-0.2797,5.1505,4.0978,4.0978,9.4561
2026-06-15 16:42:31.849,Igor,right,13.117,787,,,,,,,-0.0490,-0.2749,5.1684,4.1198,4.1198,9.5774
2026-06-15 16:42:31.880,Igor,right,13.150,789,,,,,,,-0.0388,-0.2723,5.1874,4.0809,4.0809,9.6541
2026-06-15 16:42:31.910,Igor,right,13.183,791,,,,,,,-0.0317,-0.2687,5.1950,4.0629,4.0629,9.6924
2026-06-15 16:42:31.941,Igor,right,13.200,792,,,,,,,-0.0891,-0.2607,5.1969,4.0308,4.0308,9.6985
2026-06-15 16:42:31.971,Igor,right,13.233,794,,,,,,,-0.1616,-0.2382,5.1936,3.9807,3.9807,9.6776
2026-06-15 16:42:32.002,Igor,right,13.267,796,,,,,,,-0.1903,-0.2452,5.1814,4.0366,4.0366,9.6759
2026-06-15 16:42:32.033,Igor,right,13.300,798,,,,,,,-0.1907,-0.2538,5.1852,4.0737,4.0737,9.6645
2026-06-15 16:42:32.063,Igor,right,13.333,800,,,,,,,-0.1715,-0.2677,5.1957,4.1002,4.1002,9.6709
2026-06-15 16:42:32.094,Igor,right,13.367,802,,,,,,,-0.1585,-0.2600,5.1942,4.0982,4.0982,9.6159
2026-06-15 16:42:32.125,Igor,right,13.383,803,,,,,,,-0.1385,-0.2673,5.2022,4.1038,4.1038,9.6310
2026-06-15 16:42:32.155,Igor,right,13.417,805,,,,,,,-0.1186,-0.2595,5.2061,4.1020,4.1020,9.6901
2026-06-15 16:42:32.186,Igor,right,13.450,807,,,,,,,-0.1009,-0.2609,5.2006,4.0518,4.0518,9.5849
2026-06-15 16:42:32.216,Igor,right,13.483,809,,,,,,,-0.0674,-0.2562,5.2015,4.0287,4.0287,9.4996
2026-06-15 16:42:32.247,Igor,right,13.517,811,,,,,,,0.0306,-0.2412,5.2055,4.0977,4.0977,9.8266
2026-06-15 16:42:32.278,Igor,right,13.550,813,,,,,,,0.0578,-0.2430,5.2367,4.1664,4.1664,10.0459
2026-06-15 16:42:32.308,Igor,right,13.567,814,,,,,,,0.0594,-0.2564,5.2628,4.1607,4.1607,10.1244
2026-06-15 16:42:32.339,Igor,right,13.600,816,,,,,,,0.0646,-0.2554,5.2697,4.1576,4.1576,10.1535
2026-06-15 16:42:32.369,Igor,right,13.633,818,,,,,,,0.1252,-0.2527,5.2583,4.1128,4.1128,10.1420
2026-06-15 16:42:32.400,Igor,right,13.667,820,,,,,,,0.1520,-0.2531,5.2447,4.0968,4.0968,10.1153
2026-06-15 16:42:32.431,Igor,right,13.700,822,,,,,,,0.1690,-0.2506,5.2430,4.0988,4.0988,10.1149
2026-06-15 16:42:32.461,Igor,right,13.733,824,,,,,,,0.1745,-0.2496,5.2517,4.0914,4.0914,10.0931
2026-06-15 16:42:32.492,Igor,right,13.750,825,,,,,,,0.1615,-0.2616,5.2659,4.1194,4.1194,10.0683
2026-06-15 16:42:32.523,Igor,right,13.783,827,,,,,,,0.1413,-0.2674,5.2616,4.1201,4.1201,10.0827
2026-06-15 16:42:32.553,Igor,right,13.817,829,,,,,,,0.1356,-0.2726,5.2514,4.1227,4.1227,10.0927
2026-06-15 16:42:32.584,Igor,right,13.850,831,,,,,,,0.1273,-0.2730,5.2485,4.1292,4.1292,10.1625
2026-06-15 16:42:32.617,Igor,right,13.883,833,,,,,,,0.1211,-0.2613,5.2449,4.0969,4.0969,10.1514
2026-06-15 16:42:32.647,Igor,right,13.917,835,,,,,,,0.1076,-0.2485,5.2437,4.0746,4.0746,10.1557
2026-06-15 16:42:32.678,Igor,right,13.950,837,,,,,,,0.1085,-0.2727,5.2447,4.1164,4.1164,10.2603
2026-06-15 16:42:32.709,Igor,right,13.983,839,,,,,,,0.1195,-0.2827,5.2533,4.1252,4.1252,10.1312
2026-06-15 16:42:32.740,Igor,right,14.000,840,,,,,,,0.1177,-0.2898,5.2496,4.1090,4.1090,10.0790
2026-06-15 16:42:32.771,Igor,right,14.033,842,,,,,,,0.1112,-0.2840,5.2381,4.1041,4.1041,10.0341
2026-06-15 16:42:32.801,Igor,right,14.067,844,,,,,,,0.0913,-0.2803,5.2382,4.1115,4.1115,10.0681
2026-06-15 16:42:32.832,Igor,right,14.100,846,,,,,,,0.0756,-0.2767,5.2343,4.0863,4.0863,10.0532
2026-06-15 16:42:32.862,Igor,right,14.133,848,,,,,,,0.0333,-0.2817,5.2339,4.0669,4.0669,10.0322
2026-06-15 16:42:32.893,Igor,right,14.167,850,,,,,,,0.0039,-0.2707,5.2357,4.0307,4.0307,9.9007
2026-06-15 16:42:32.923,Igor,right,14.183,851,,,,,,,-0.0122,-0.2614,5.2385,4.0460,4.0460,9.9068
2026-06-15 16:42:32.954,Igor,right,14.217,853,,,,,,,-0.0149,-0.2633,5.2512,4.0834,4.0834,9.9013
2026-06-15 16:42:32.984,Igor,right,14.250,855,,,,,,,0.0033,-0.2643,5.2486,4.0298,4.0298,9.6987
2026-06-15 16:42:33.015,Igor,right,14.283,857,,,,,,,0.0014,-0.2530,5.2361,3.9885,3.9885,9.5395
2026-06-15 16:42:33.045,Igor,right,14.317,859,,,,,,,0.0037,-0.2481,5.2319,3.9518,3.9518,9.3725
2026-06-15 16:42:33.076,Igor,right,14.333,860,,,,,,,-0.0003,-0.2385,5.2331,3.9631,3.9631,9.3707
2026-06-15 16:42:33.106,Igor,right,14.367,862,,,,,,,-0.0150,-0.2268,5.2360,3.9567,3.9567,9.2996
2026-06-15 16:42:33.136,Igor,right,14.400,864,,,,,,,-0.0458,-0.2226,5.2350,3.9292,3.9292,9.1811
2026-06-15 16:42:33.167,Igor,right,14.433,866,,,,,,,-0.0999,-0.2278,5.2420,3.9476,3.9476,9.3629
2026-06-15 16:42:33.197,Igor,right,14.467,868,,,,,,,-0.1308,-0.2292,5.2468,3.9502,3.9502,9.3637
2026-06-15 16:42:33.228,Igor,right,14.500,870,,,,,,,-0.1781,-0.2367,5.2561,3.9446,3.9446,9.2390
2026-06-15 16:42:33.259,Igor,right,14.517,871,,,,,,,-0.1996,-0.2364,5.2693,3.9542,3.9542,9.1813
2026-06-15 16:42:33.289,Igor,right,14.550,873,,,,,,,-0.2337,-0.2424,5.2821,3.9745,3.9745,9.1936
2026-06-15 16:42:33.320,Igor,right,14.583,875,,,,,,,-0.2494,-0.2446,5.2888,3.9897,3.9897,9.1718
2026-06-15 16:42:33.358,Igor,right,14.617,877,,,,,,,-0.2920,-0.2408,5.2996,3.9741,3.9741,9.1589
2026-06-15 16:42:33.389,Igor,right,14.650,879,,,,,,,-0.3256,-0.2335,5.2942,3.9608,3.9608,9.1579
2026-06-15 16:42:33.419,Igor,right,14.683,881,,,,,,,-0.3588,-0.2358,5.2820,3.9342,3.9342,9.0793
2026-06-15 16:42:33.450,Igor,right,14.717,883,,,,,,,-0.3983,-0.2264,5.2619,3.8587,3.8587,8.9581
2026-06-15 16:42:33.480,Igor,right,14.750,885,,,,,,,-0.4335,-0.2220,5.2475,3.7975,3.7975,8.7856
2026-06-15 16:42:33.511,Igor,right,14.783,887,,,,,,,-0.4609,-0.2341,5.2459,3.8592,3.8592,8.9511
2026-06-15 16:42:33.541,Igor,right,14.800,888,,,,,,,-0.4920,-0.2426,5.2526,3.9001,3.9001,9.0427
2026-06-15 16:42:33.572,Igor,right,14.833,890,,,,,,,-0.5241,-0.2497,5.2496,3.9006,3.9006,9.0764
2026-06-15 16:42:33.602,Igor,right,14.867,892,,,,,,,-0.5721,-0.2702,5.2395,3.8892,3.8892,9.1252
2026-06-15 16:42:33.634,Igor,right,14.900,894,,,,,,,-0.6057,-0.2711,5.2390,3.8594,3.8594,8.9746
2026-06-15 16:42:33.664,Igor,right,14.933,896,,,,,,,-0.6413,-0.2813,5.2318,3.8279,3.8279,8.9085
2026-06-15 16:42:33.695,Igor,right,14.967,898,,,,,,,-0.6693,-0.2761,5.2261,3.8423,3.8423,8.8623
2026-06-15 16:42:33.726,Igor,right,15.000,900,,,,,,,-0.6733,-0.2632,5.2169,3.8314,3.8314,8.6116
2026-06-15 16:42:33.757,Igor,right,15.017,901,,,,,,,-0.7107,-0.2738,5.2079,3.8305,3.8305,8.4486
2026-06-15 16:42:33.787,Igor,right,15.050,903,,,,,,,-0.7484,-0.2643,5.2054,3.8419,3.8419,8.4061
2026-06-15 16:42:33.818,Igor,right,15.083,905,,,,,,,-0.7692,-0.2681,5.2021,3.8547,3.8547,8.3286
2026-06-15 16:42:33.849,Igor,right,15.117,907,,,,,,,-0.8354,-0.2866,5.2101,3.9391,3.9391,8.7204
2026-06-15 16:42:33.879,Igor,right,15.150,909,,,,,,,-0.9495,-0.2922,5.2173,3.9620,3.9620,8.9905
2026-06-15 16:42:33.909,Igor,right,15.167,910,,,,,,,-1.0830,-0.2746,5.2423,4.0277,4.0277,9.0223
2026-06-15 16:42:33.940,Igor,right,15.200,912,,,,,,,-1.1520,-0.2811,5.2633,4.0266,4.0266,9.0595
2026-06-15 16:42:33.970,Igor,right,15.233,914,,,,,,,-1.2368,-0.2819,5.3017,4.0212,4.0212,9.1194
2026-06-15 16:42:34.001,Igor,right,15.267,916,,,,,,,-1.3088,-0.2826,5.3216,4.0089,4.0089,9.1487
2026-06-15 16:42:34.031,Igor,right,15.300,918,,,,,,,-1.3494,-0.2834,5.3361,4.0144,4.0144,8.9540
2026-06-15 16:42:34.062,Igor,right,15.333,920,,,,,,,-1.2560,-0.2652,5.3418,3.9551,3.9551,9.0596
2026-06-15 16:42:34.092,Igor,right,15.367,922,,,,,,,-1.2170,-0.2540,5.3478,4.0786,4.0786,8.9837
2026-06-15 16:42:34.123,Igor,right,15.383,923,,,,,,,-1.2042,-0.2454,5.3499,4.0920,4.0920,8.8573
2026-06-15 16:42:34.153,Igor,right,15.417,925,,,,,,,-1.2303,-0.2458,5.3492,4.0485,4.0485,8.7522
2026-06-15 16:42:34.184,Igor,right,15.450,927,,,,,,,-1.2377,-0.2452,5.3416,4.0241,4.0241,8.6886
2026-06-15 16:42:34.214,Igor,right,15.483,929,,,,,,,-1.2503,-0.2510,5.3362,3.9621,3.9621,8.7156
2026-06-15 16:42:34.244,Igor,right,15.517,931,,,,,,,-1.2881,-0.2772,5.3369,3.9415,3.9415,8.7434
2026-06-15 16:42:34.275,Igor,right,15.533,932,,,,,,,-1.3867,-0.2830,5.3481,3.9759,3.9759,8.8033
2026-06-15 16:42:34.305,Igor,right,15.567,934,,,,,,,-1.5118,-0.3032,5.3730,4.0516,4.0516,8.9490
2026-06-15 16:42:34.335,Igor,right,15.600,936,,,,,,,-1.5881,-0.3334,5.3879,4.0953,4.0953,9.0073
2026-06-15 16:42:34.366,Igor,right,15.633,938,,,,,,,-1.6494,-0.3343,5.3934,4.1621,4.1621,8.8561
2026-06-15 16:42:34.396,Igor,right,15.667,940,,,,,,,-1.6694,-0.3325,5.3963,4.1709,4.1709,8.8103
2026-06-15 16:42:34.427,Igor,right,15.700,942,,,,,,,-1.6763,-0.3379,5.4116,4.0542,4.0542,8.6476
2026-06-15 16:42:34.458,Igor,right,15.717,943,,,,,,,-1.6904,-0.3596,5.4281,4.0220,4.0220,8.6662
2026-06-15 16:42:34.488,Igor,right,15.750,945,,,,,,,-1.7200,-0.3707,5.4296,4.0164,4.0164,8.6768
2026-06-15 16:42:34.519,Igor,right,15.783,947,,,,,,,-1.7402,-0.3705,5.4224,4.0363,4.0363,8.6405
2026-06-15 16:42:34.549,Igor,right,15.817,949,,,,,,,-1.7727,-0.3783,5.4104,4.0561,4.0561,8.6389
2026-06-15 16:42:34.580,Igor,right,15.850,951,,,,,,,-1.7895,-0.3802,5.4093,4.0586,4.0586,8.6734
2026-06-15 16:42:34.611,Igor,right,15.883,953,,,,,,,-1.8110,-0.3788,5.4133,4.0754,4.0754,8.6232
2026-06-15 16:42:34.642,Igor,right,15.900,954,,,,,,,-1.8236,-0.3809,5.4144,4.0906,4.0906,8.6163
2026-06-15 16:42:34.673,Igor,right,15.933,956,,,,,,,-1.8339,-0.3786,5.4321,4.0894,4.0894,8.7962
2026-06-15 16:42:34.704,Igor,right,15.967,958,,,,,,,-1.8670,-0.3804,5.4558,4.1390,4.1390,8.9683
2026-06-15 16:42:34.735,Igor,right,16.000,960,,,,,,,-1.8750,-0.3719,5.4811,4.0791,4.0791,8.9758
2026-06-15 16:42:34.765,Igor,right,16.033,962,,,,,,,-1.8886,-0.3606,5.5049,4.0570,4.0570,8.9854
2026-06-15 16:42:34.796,Igor,right,16.067,964,,,,,,,-1.8851,-0.3525,5.5174,4.0548,4.0548,8.9994
2026-06-15 16:42:34.827,Igor,right,16.100,966,,,,,,,-1.9082,-0.3452,5.5302,4.1028,4.1028,8.9793
2026-06-15 16:42:34.858,Igor,right,16.117,967,,,,,,,-1.9345,-0.3412,5.5238,4.1672,4.1672,8.9937
2026-06-15 16:42:34.888,Igor,right,16.150,969,,,,,,,-1.9391,-0.3348,5.5189,4.1631,4.1631,8.7652
2026-06-15 16:42:34.918,Igor,right,16.183,971,,,,,,,-1.9332,-0.3301,5.5224,4.1070,4.1070,8.6423
2026-06-15 16:42:34.949,Igor,right,16.217,973,,,,,,,-1.9402,-0.3436,5.5236,4.0781,4.0781,8.5529
2026-06-15 16:42:34.980,Igor,right,16.250,975,,,,,,,-1.9385,-0.3413,5.5219,4.0522,4.0522,8.5295
2026-06-15 16:42:35.011,Igor,right,16.283,977,,,,,,,-1.9422,-0.3489,5.5205,4.0512,4.0512,8.5814
2026-06-15 16:42:35.041,Igor,right,16.300,978,,,,,,,-1.9410,-0.3345,5.5196,4.0710,4.0710,8.5809
2026-06-15 16:42:35.071,Igor,right,16.333,980,,,,,,,-1.9441,-0.3184,5.5180,4.0908,4.0908,8.5743
2026-06-15 16:42:35.102,Igor,right,16.367,982,,,,,,,-1.9388,-0.2915,5.5195,4.0877,4.0877,8.6540
2026-06-15 16:42:35.132,Igor,right,16.400,984,,,,,,,-1.9449,-0.2774,5.5239,4.0768,4.0768,8.6822
2026-06-15 16:42:35.163,Igor,right,16.433,986,,,,,,,-1.9353,-0.2791,5.5371,4.0607,4.0607,8.7326
2026-06-15 16:42:35.193,Igor,right,16.450,987,,,,,,,-1.9325,-0.2768,5.5439,4.0500,4.0500,8.7261
2026-06-15 16:42:35.224,Igor,right,16.483,989,,,,,,,-1.9198,-0.2683,5.5455,4.0917,4.0917,8.6778
2026-06-15 16:42:35.255,Igor,right,16.517,991,,,,,,,-1.9193,-0.2512,5.5405,4.1075,4.1075,8.6625
2026-06-15 16:42:35.286,Igor,right,16.550,993,,,,,,,-1.9060,-0.2468,5.5373,4.0856,4.0856,8.6586
2026-06-15 16:42:35.316,Igor,right,16.583,995,,,,,,,-1.8957,-0.2473,5.5388,4.0598,4.0598,8.5670
2026-06-15 16:42:35.346,Igor,right,16.617,997,,,,,,,-1.8972,-0.2470,5.5291,4.0756,4.0756,8.4907
2026-06-15 16:42:35.377,Igor,right,16.650,999,,,,,,,-1.8888,-0.2356,5.5271,4.0928,4.0928,8.5340
2026-06-15 16:42:35.408,Igor,right,16.667,1000,,,,,,,-1.9398,-0.2169,5.5343,4.0868,4.0868,8.6811
2026-06-15 16:42:35.439,Igor,right,16.700,1002,,,,,,,-1.9319,-0.1968,5.5465,4.0721,4.0721,8.7923
2026-06-15 16:42:35.470,Igor,right,16.733,1004,,,,,,,-1.9283,-0.1965,5.5499,4.0776,4.0776,8.7997
2026-06-15 16:42:35.500,Igor,right,16.767,1006,,,,,,,-1.9202,-0.1726,5.5545,4.0825,4.0825,8.8710
2026-06-15 16:42:35.531,Igor,right,16.800,1008,,,,,,,-1.8641,-0.1492,5.5494,4.0828,4.0828,8.7946
2026-06-15 16:42:35.561,Igor,right,16.833,1010,,,,,,,-1.7218,-0.1537,5.5214,4.1627,4.1627,9.0140
2026-06-15 16:42:35.591,Igor,right,16.850,1011,,,,,,,-1.6452,-0.1402,5.5098,4.1543,4.1543,9.1331
2026-06-15 16:42:35.622,Igor,right,16.883,1013,,,,,,,-1.6216,-0.1486,5.5060,4.1567,4.1567,9.2186
2026-06-15 16:42:35.653,Igor,right,16.917,1015,,,,,,,-1.6237,-0.1637,5.5024,4.1414,4.1414,9.2412
2026-06-15 16:42:35.683,Igor,right,16.950,1017,,,,,,,-1.6807,-0.1869,5.4942,4.1888,4.1888,9.1332
2026-06-15 16:42:35.714,Igor,right,16.983,1019,,,,,,,-1.6859,-0.1992,5.4917,4.2106,4.2106,9.1557
2026-06-15 16:42:35.744,Igor,right,17.017,1021,,,,,,,-1.6933,-0.1914,5.4900,4.2140,4.2140,9.2741
2026-06-15 16:42:35.775,Igor,right,17.033,1022,,,,,,,-1.6662,-0.1998,5.4916,4.1965,4.1965,9.3323
2026-06-15 16:42:35.806,Igor,right,17.067,1024,,,,,,,-1.6379,-0.2064,5.4983,4.1744,4.1744,9.3665
2026-06-15 16:42:35.836,Igor,right,17.100,1026,,,,,,,-1.6274,-0.2127,5.4964,4.1708,4.1708,9.3272
2026-06-15 16:42:35.866,Igor,right,17.133,1028,,,,,,,-1.5962,-0.2182,5.4826,4.1769,4.1769,9.3991
2026-06-15 16:42:35.897,Igor,right,17.167,1030,,,,,,,-1.5509,-0.2021,5.4744,4.1772,4.1772,9.5185
2026-06-15 16:42:35.928,Igor,right,17.200,1032,,,,,,,-1.4950,-0.1876,5.4692,4.2206,4.2206,9.4242
2026-06-15 16:42:35.958,Igor,right,17.217,1033,,,,,,,-1.4262,-0.1910,5.4676,4.1994,4.1994,9.4010
2026-06-15 16:42:35.989,Igor,right,17.250,1035,,,,,,,-1.4225,-0.1827,5.4617,4.2308,4.2308,9.4079
2026-06-15 16:42:36.019,Igor,right,17.283,1037,,,,,,,-1.4121,-0.1854,5.4551,4.2477,4.2477,9.4222
2026-06-15 16:42:36.050,Igor,right,17.317,1039,,,,,,,-1.4095,-0.1977,5.4396,4.3125,4.3125,9.4572
2026-06-15 16:42:36.081,Igor,right,17.350,1041,,,,,,,-1.3978,-0.2075,5.4441,4.2903,4.2903,9.5827
2026-06-15 16:42:36.111,Igor,right,17.383,1043,,,,,,,-1.3389,-0.1981,5.4549,4.1851,4.1851,9.4717
2026-06-15 16:42:36.142,Igor,right,17.400,1044,,,,,,,-1.2800,-0.2012,5.4659,4.1329,4.1329,9.4843
2026-06-15 16:42:36.172,Igor,right,17.433,1046,,,,,,,-1.2662,-0.2071,5.4573,4.1503,4.1503,9.4939
2026-06-15 16:42:36.203,Igor,right,17.467,1048,,,,,,,-1.1689,-0.1812,5.4307,4.1152,4.1152,9.4959
2026-06-15 16:42:36.233,Igor,right,17.500,1050,,,,,,,-1.0343,-0.1679,5.3867,4.0768,4.0768,9.3702
2026-06-15 16:42:36.264,Igor,right,17.533,1052,,,,,,,-0.9711,-0.1603,5.3653,4.0245,4.0245,9.4413
2026-06-15 16:42:36.294,Igor,right,17.567,1054,,,,,,,-0.9466,-0.1587,5.3621,4.0052,4.0052,9.4530
2026-06-15 16:42:36.325,Igor,right,17.583,1055,,,,,,,-0.9005,-0.1510,5.3551,3.9772,3.9772,9.4281
2026-06-15 16:42:36.356,Igor,right,17.617,1057,,,,,,,-0.8691,-0.1513,5.3510,3.9501,3.9501,9.4966
2026-06-15 16:42:36.386,Igor,right,17.650,1059,,,,,,,-0.8447,-0.1532,5.3467,3.9292,3.9292,9.4178
2026-06-15 16:42:36.417,Igor,right,17.683,1061,,,,,,,-0.8394,-0.1530,5.3441,3.9541,3.9541,9.4264
2026-06-15 16:42:36.447,Igor,right,17.717,1063,,,,,,,-0.7942,-0.1497,5.3289,3.9596,3.9596,9.5358
2026-06-15 16:42:36.478,Igor,right,17.750,1065,,,,,,,-0.7272,-0.1593,5.3204,3.8885,3.8885,9.2981
2026-06-15 16:42:36.508,Igor,right,17.767,1066,,,,,,,-0.6895,-0.1671,5.3234,3.9010,3.9010,9.2870
2026-06-15 16:42:36.539,Igor,right,17.800,1068,,,,,,,-0.6820,-0.1607,5.3269,3.9264,3.9264,9.2990
2026-06-15 16:42:36.569,Igor,right,17.833,1070,,,,,,,-0.6883,-0.1620,5.3365,4.0040,4.0040,9.3339
2026-06-15 16:42:36.600,Igor,right,17.867,1072,,,,,,,-0.6852,-0.1565,5.3635,4.0090,4.0090,9.3996
2026-06-15 16:42:36.631,Igor,right,17.900,1074,,,,,,,-0.7261,-0.1503,5.3811,4.0301,4.0301,9.5952
2026-06-15 16:42:36.663,Igor,right,17.933,1076,,,,,,,-0.7238,-0.1501,5.3827,4.0050,4.0050,9.4966
2026-06-15 16:42:36.694,Igor,right,17.967,1078,,,,,,,-0.8405,0.0242,5.3768,4.1016,4.1016,9.7480
2026-06-15 16:42:36.725,Igor,right,17.983,1079,,,,,,,-0.8808,0.1196,5.3769,4.1136,4.1136,9.7170
2026-06-15 16:42:36.756,Igor,right,18.017,1081,,,,,,,-0.9182,0.2259,5.3862,4.1087,4.1087,9.6686
2026-06-15 16:42:36.786,Igor,right,18.050,1083,,,,,,,-0.9182,0.2833,5.3923,4.0635,4.0635,9.4226
2026-06-15 16:42:36.817,Igor,right,18.083,1085,,,,,,,-0.9253,0.3058,5.3918,4.0701,4.0701,9.3778
2026-06-15 16:42:36.847,Igor,right,18.117,1087,,,,,,,-0.9283,0.3438,5.3842,4.0826,4.0826,9.3543
2026-06-15 16:42:36.878,Igor,right,18.150,1089,,,,,,,-0.9285,0.3536,5.3803,4.0865,4.0865,9.3370
2026-06-15 16:42:36.909,Igor,right,18.167,1090,,,,,,,-0.9316,0.3703,5.3691,4.1044,4.1044,9.3388
2026-06-15 16:42:36.939,Igor,right,18.200,1092,,,,,,,-0.9451,0.3881,5.3650,4.1004,4.1004,9.3774
2026-06-15 16:42:36.970,Igor,right,18.233,1094,,,,,,,-0.9521,0.4108,5.3575,4.0761,4.0761,9.4150
2026-06-15 16:42:37.001,Igor,right,18.267,1096,,,,,,,-0.9502,0.4208,5.3593,4.0591,4.0591,9.4140
2026-06-15 16:42:37.031,Igor,right,18.300,1098,,,,,,,-0.9490,0.4236,5.3500,4.0833,4.0833,9.4158
2026-06-15 16:42:37.062,Igor,right,18.333,1100,,,,,,,-0.9457,0.5176,5.3539,4.1123,4.1123,9.3334
2026-06-15 16:42:37.093,Igor,right,18.367,1102,,,,,,,-0.9651,0.6163,5.3465,4.1622,4.1622,9.2805
2026-06-15 16:42:37.124,Igor,right,18.383,1103,,,,,,,-0.9917,0.6533,5.3607,4.2027,4.2027,9.4074
2026-06-15 16:42:37.155,Igor,right,18.417,1105,,,,,,,-0.9897,0.6650,5.3686,4.1914,4.1914,9.3976
2026-06-15 16:42:37.185,Igor,right,18.450,1107,,,,,,,-0.9882,0.7076,5.3706,4.1889,4.1889,9.3860
2026-06-15 16:42:37.216,Igor,right,18.483,1109,,,,,,,-0.9955,0.7007,5.3728,4.2005,4.2005,9.5760
2026-06-15 16:42:37.247,Igor,right,18.517,1111,,,,,,,-1.0100,0.7139,5.3769,4.2235,4.2235,9.6642
2026-06-15 16:42:37.277,Igor,right,18.550,1113,,,,,,,-1.0112,0.7348,5.3801,4.2229,4.2229,9.6287
2026-06-15 16:42:37.308,Igor,right,18.567,1114,,,,,,,-1.0185,0.7897,5.3806,4.2275,4.2275,9.6126
2026-06-15 16:42:37.338,Igor,right,18.600,1116,,,,,,,-1.0277,0.8654,5.3649,4.1912,4.1912,9.4589
2026-06-15 16:42:37.368,Igor,right,18.633,1118,,,,,,,-1.0156,0.9597,5.3503,4.1880,4.1880,9.4856
2026-06-15 16:42:37.399,Igor,right,18.667,1120,,,,,,,-1.0031,1.0597,5.3210,4.1782,4.1782,9.3096
2026-06-15 16:42:37.429,Igor,right,18.700,1122,,,,,,,-1.0005,1.0979,5.2980,4.1700,4.1700,9.1957
2026-06-15 16:42:37.460,Igor,right,18.733,1124,,,,,,,-1.0202,1.1364,5.2524,4.1319,4.1319,9.1774
2026-06-15 16:42:37.491,Igor,right,18.750,1125,,,,,,,-1.0331,1.1511,5.2318,4.0958,4.0958,9.1838
2026-06-15 16:42:37.521,Igor,right,18.783,1127,,,,,,,-1.0396,1.1612,5.1888,4.1126,4.1126,9.2687
2026-06-15 16:42:37.552,Igor,right,18.817,1129,,,,,,,-1.0466,1.1549,5.1723,4.1208,4.1208,9.3095
2026-06-15 16:42:37.583,Igor,right,18.850,1131,,,,,,,-1.0253,1.1515,5.1328,4.1358,4.1358,9.1165
2026-06-15 16:42:37.613,Igor,right,18.883,1133,,,,,,,-1.0247,1.1197,5.1160,4.1327,4.1327,9.1808
2026-06-15 16:42:37.644,Igor,right,18.917,1135,,,,,,,-1.0094,1.0462,5.1212,4.1258,4.1258,9.0826
2026-06-15 16:42:37.675,Igor,right,18.933,1136,,,,,,,-1.0258,0.9999,5.1231,4.0987,4.0987,9.1157
2026-06-15 16:42:37.705,Igor,right,18.967,1138,,,,,,,-1.0388,0.9668,5.1127,4.0871,4.0871,9.1861
2026-06-15 16:42:37.736,Igor,right,19.000,1140,,,,,,,-1.0433,0.9535,5.1096,4.1042,4.1042,9.5404
2026-06-15 16:42:37.766,Igor,right,19.033,1142,,,,,,,-1.0103,0.9649,5.0856,4.1448,4.1448,9.7447
2026-06-15 16:42:37.797,Igor,right,19.067,1144,,,,,,,-1.0023,1.0039,5.0574,4.1914,4.1914,9.8979
2026-06-15 16:42:37.828,Igor,right,19.100,1146,,,,,,,-0.9876,1.0265,5.0440,4.1978,4.1978,9.8190
2026-06-15 16:42:37.859,Igor,right,19.117,1147,,,,,,,-0.9668,1.0652,5.0142,4.1619,4.1619,9.6109
2026-06-15 16:42:37.889,Igor,right,19.150,1149,,,,,,,-0.9521,1.0676,4.9935,4.1487,4.1487,9.5084
2026-06-15 16:42:37.920,Igor,right,19.183,1151,,,,,,,-0.9407,1.0516,4.9927,4.1498,4.1498,9.4405
2026-06-15 16:42:37.950,Igor,right,19.217,1153,,,,,,,-0.9589,0.9986,5.0071,4.1948,4.1948,9.5638
2026-06-15 16:42:37.981,Igor,right,19.250,1155,,,,,,,-0.9575,0.9845,5.0190,4.1976,4.1976,9.5638
2026-06-15 16:42:38.011,Igor,right,19.283,1157,,,,,,,-1.0147,1.0076,5.0094,4.2266,4.2266,9.5136
2026-06-15 16:42:38.042,Igor,right,19.300,1158,,,,,,,-1.0518,0.9801,4.9880,4.2267,4.2267,9.5701
2026-06-15 16:42:38.072,Igor,right,19.333,1160,,,,,,,-1.0410,0.9564,4.9602,4.1983,4.1983,9.4571
2026-06-15 16:42:38.103,Igor,right,19.367,1162,,,,,,,-1.0499,0.9300,4.9565,4.1737,4.1737,9.5895
2026-06-15 16:42:38.133,Igor,right,19.400,1164,,,,,,,-1.0564,0.9038,4.9640,4.1503,4.1503,9.7248
2026-06-15 16:42:38.164,Igor,right,19.433,1166,,,,,,,-0.9933,0.8650,4.9662,4.1265,4.1265,9.6027
2026-06-15 16:42:38.195,Igor,right,19.467,1168,,,,,,,-0.9130,0.8201,4.9498,4.0747,4.0747,9.5531
2026-06-15 16:42:38.225,Igor,right,19.500,1170,,,,,,,-0.9022,0.7083,4.9574,4.1181,4.1181,9.6545
2026-06-15 16:42:38.256,Igor,right,19.517,1171,,,,,,,-0.9045,0.6305,4.9445,4.1027,4.1027,9.5583
2026-06-15 16:42:38.286,Igor,right,19.550,1173,,,,,,,-0.8949,0.5974,4.9408,4.1357,4.1357,9.6391
2026-06-15 16:42:38.317,Igor,right,19.583,1175,,,,,,,-0.8835,0.5820,4.9491,4.1434,4.1434,9.6855
2026-06-15 16:42:38.348,Igor,right,19.617,1177,,,,,,,-0.8912,0.5221,4.9544,4.1778,4.1778,9.6628
2026-06-15 16:42:38.379,Igor,right,19.650,1179,,,,,,,-0.9368,0.4998,4.9795,4.1888,4.1888,9.5285
2026-06-15 16:42:38.409,Igor,right,19.667,1180,,,,,,,-0.9627,0.4877,4.9995,4.2080,4.2080,9.5776
2026-06-15 16:42:38.439,Igor,right,19.700,1182,,,,,,,-0.9288,0.4655,5.0379,4.0529,4.0529,9.1307
2026-06-15 16:42:38.470,Igor,right,19.733,1184,,,,,,,-0.9675,0.3616,5.0611,4.0438,4.0438,9.3813
2026-06-15 16:42:38.501,Igor,right,19.767,1186,,,,,,,-0.9788,0.3377,5.0777,3.9831,3.9831,9.1814
2026-06-15 16:42:38.531,Igor,right,19.800,1188,,,,,,,-1.0131,0.3632,5.1007,3.9446,3.9446,8.8222
2026-06-15 16:42:38.561,Igor,right,19.833,1190,,,,,,,-1.0689,0.3395,5.0975,3.9440,3.9440,8.8481
2026-06-15 16:42:38.592,Igor,right,19.850,1191,,,,,,,-1.0640,0.3039,5.0735,3.9861,3.9861,9.0159
2026-06-15 16:42:38.623,Igor,right,19.883,1193,,,,,,,-1.0677,0.2717,5.0682,4.0008,4.0008,9.1880
2026-06-15 16:42:38.654,Igor,right,19.917,1195,,,,,,,-1.0603,0.2524,5.0599,4.0429,4.0429,9.1648
2026-06-15 16:42:38.688,Igor,right,19.950,1197,,,,,,,-1.0568,0.2213,5.0778,4.0177,4.0177,9.3271
2026-06-15 16:42:38.718,Igor,right,19.983,1199,,,,,,,-1.0830,0.1542,5.0858,4.0785,4.0785,9.7223
2026-06-15 16:42:38.748,Igor,right,20.017,1201,,,,,,,-1.0892,0.0431,5.1002,4.0985,4.0985,9.7213
2026-06-15 16:42:38.779,Igor,right,20.050,1203,,,,,,,-1.0718,-0.0473,5.1111,4.1356,4.1356,9.8321
2026-06-15 16:42:38.810,Igor,right,20.083,1205,,,,,,,-1.0138,-0.2887,5.1830,4.1769,4.1769,10.1599
2026-06-15 16:42:38.840,Igor,right,20.100,1206,,,,,,,-1.0054,-0.3381,5.2131,4.2384,4.2384,10.2756
2026-06-15 16:42:38.870,Igor,right,20.133,1208,,,,,,,-0.9568,-0.4223,5.2652,4.2288,4.2288,10.2216
2026-06-15 16:42:38.901,Igor,right,20.167,1210,,,,,,,-0.9800,-0.5684,5.2730,4.1802,4.1802,10.3218
2026-06-15 16:42:38.932,Igor,right,20.200,1212,,,,,,,-0.9701,-0.6613,5.2728,4.1814,4.1814,10.2945
2026-06-15 16:42:38.963,Igor,right,20.233,1214,,,,,,,-1.0162,-0.8374,5.2469,4.2336,4.2336,10.5759
2026-06-15 16:42:38.993,Igor,right,20.267,1216,,,,,,,-1.0448,-0.9482,5.2115,4.2051,4.2051,10.6675
2026-06-15 16:42:39.024,Igor,right,20.283,1217,,,,,,,-1.0129,-1.0868,5.2001,4.2311,4.2311,10.7275
2026-06-15 16:42:39.055,Igor,right,20.317,1219,,,,,,,-1.0091,-1.1382,5.1972,4.2323,4.2323,10.7836
2026-06-15 16:42:39.085,Igor,right,20.350,1221,,,,,,,-1.0184,-1.2655,5.2064,4.2387,4.2387,10.9399
2026-06-15 16:42:39.116,Igor,right,20.383,1223,,,,,,,-0.9947,-1.3603,5.2396,4.1847,4.1847,10.6852
2026-06-15 16:42:39.147,Igor,right,20.417,1225,,,,,,,-1.0138,-1.3051,5.2696,4.2289,4.2289,10.5337
2026-06-15 16:42:39.178,Igor,right,20.450,1227,,,,,,,-1.0013,-1.3002,5.2771,4.1932,4.1932,10.4103
2026-06-15 16:42:39.209,Igor,right,20.467,1228,,,,,,,-0.9948,-1.3044,5.2720,4.1662,4.1662,10.5265
2026-06-15 16:42:39.240,Igor,right,20.500,1230,,,,,,,-0.9802,-1.3074,5.2668,4.1684,4.1684,10.6200
2026-06-15 16:42:39.270,Igor,right,20.533,1232,,,,,,,-0.9659,-1.2671,5.2643,4.2033,4.2033,10.5995
2026-06-15 16:42:39.301,Igor,right,20.567,1234,,,,,,,-1.0331,-1.3298,5.2649,4.2748,4.2748,10.5866
2026-06-15 16:42:39.332,Igor,right,20.600,1236,,,,,,,-1.0660,-1.4168,5.2824,4.2677,4.2677,10.7289
2026-06-15 16:42:39.362,Igor,right,20.633,1238,,,,,,,-1.0660,-1.4168,5.2824,4.2677,4.2677,10.7289
2026-06-15 16:42:39.393,Igor,right,20.667,1240,,,,,,,-1.0655,-1.5115,5.2954,4.2540,4.2540,10.9515
2026-06-15 16:42:39.423,Igor,right,20.683,1241,,,,,,,-1.0544,-1.5988,5.2918,4.2470,4.2470,10.8776
2026-06-15 16:42:39.454,Igor,right,20.717,1243,,,,,,,-1.0323,-1.6223,5.2643,4.1878,4.1878,10.6145
2026-06-15 16:42:39.484,Igor,right,20.750,1245,,,,,,,-1.0091,-1.6246,5.2465,4.1714,4.1714,10.4465
2026-06-15 16:42:39.514,Igor,right,20.783,1247,,,,,,,-0.9999,-1.6277,5.2048,4.1100,4.1100,10.1649
2026-06-15 16:42:39.545,Igor,right,20.817,1249,,,,,,,-0.9929,-1.5964,5.1761,4.1675,4.1675,10.1554
2026-06-15 16:42:39.575,Igor,right,20.833,1250,,,,,,,-0.9837,-1.5581,5.1592,4.1749,4.1749,10.0300
2026-06-15 16:42:39.606,Igor,right,20.867,1252,,,,,,,-0.9643,-1.5524,5.1065,4.0580,4.0580,9.9887
2026-06-15 16:42:39.636,Igor,right,20.900,1254,,,,,,,-0.9491,-1.5565,5.0962,4.0590,4.0590,10.0793
2026-06-15 16:42:39.667,Igor,right,20.933,1256,,,,,,,-0.9081,-1.5950,5.0836,4.0787,4.0787,10.2885
2026-06-15 16:42:39.698,Igor,right,20.967,1258,,,,,,,-0.8923,-1.5967,5.0868,4.0237,4.0237,10.4610
2026-06-15 16:42:39.729,Igor,right,21.000,1260,,,,,,,-0.8830,-1.6059,5.0877,4.0110,4.0110,10.4650
2026-06-15 16:42:39.759,Igor,right,21.033,1262,,,,,,,-0.8590,-1.6288,5.1197,4.0346,4.0346,10.4236
2026-06-15 16:42:39.790,Igor,right,21.050,1263,,,,,,,-0.8478,-1.6392,5.1282,4.0568,4.0568,10.4378
2026-06-15 16:42:39.820,Igor,right,21.083,1265,,,,,,,-0.8371,-1.6317,5.1306,4.0669,4.0669,10.3553
2026-06-15 16:42:39.851,Igor,right,21.117,1267,,,,,,,-0.8720,-1.5895,5.1581,4.1876,4.1876,10.5954
2026-06-15 16:42:39.881,Igor,right,21.150,1269,,,,,,,-0.8810,-1.5504,5.1855,4.2517,4.2517,10.7496
2026-06-15 16:42:39.912,Igor,right,21.183,1271,,,,,,,-0.8872,-1.5372,5.1935,4.2363,4.2363,10.7791
2026-06-15 16:42:39.943,Igor,right,21.217,1273,,,,,,,-0.9032,-1.5248,5.2079,4.2031,4.2031,11.0146
2026-06-15 16:42:39.974,Igor,right,21.233,1274,,,,,,,-0.9448,-1.5228,5.2085,4.1764,4.1764,10.9725
2026-06-15 16:42:40.004,Igor,right,21.267,1276,,,,,,,-0.9606,-1.4930,5.2040,4.1655,4.1655,10.9742
2026-06-15 16:42:40.035,Igor,right,21.300,1278,,,,,,,-0.9670,-1.4530,5.2005,4.1542,4.1542,10.7911
2026-06-15 16:42:40.066,Igor,right,21.333,1280,,,,,,,-0.9753,-1.3572,5.1981,4.2413,4.2413,10.6722
2026-06-15 16:42:40.096,Igor,right,21.367,1282,,,,,,,-0.9800,-1.3065,5.1878,4.2895,4.2895,10.6075
2026-06-15 16:42:40.127,Igor,right,21.400,1284,,,,,,,-0.9916,-1.2931,5.1751,4.2870,4.2870,10.7907
2026-06-15 16:42:40.157,Igor,right,21.417,1285,,,,,,,-0.9897,-1.2962,5.1684,4.2982,4.2982,10.8265
2026-06-15 16:42:40.188,Igor,right,21.450,1287,,,,,,,-0.9931,-1.2822,5.1599,4.3073,4.3073,10.7657
2026-06-15 16:42:40.218,Igor,right,21.483,1289,,,,,,,-0.9884,-1.2782,5.1490,4.2744,4.2744,10.8557
2026-06-15 16:42:40.248,Igor,right,21.517,1291,,,,,,,-0.9823,-1.2962,5.1415,4.2415,4.2415,10.8387
2026-06-15 16:42:40.279,Igor,right,21.550,1293,,,,,,,-0.9720,-1.3200,5.1250,4.2125,4.2125,10.7421
2026-06-15 16:42:40.309,Igor,right,21.567,1294,,,,,,,-0.9829,-1.3291,5.1190,4.2268,4.2268,10.7707
2026-06-15 16:42:40.339,Igor,right,21.600,1296,,,,,,,-0.9769,-1.3862,5.1164,4.1912,4.1912,10.7600
2026-06-15 16:42:40.369,Igor,right,21.633,1298,,,,,,,-0.9726,-1.4186,5.1220,4.1745,4.1745,10.8360
2026-06-15 16:42:40.400,Igor,right,21.667,1300,,,,,,,-0.9847,-1.4040,5.1309,4.2388,4.2388,10.9297
2026-06-15 16:42:40.431,Igor,right,21.700,1302,,,,,,,-0.9978,-1.3850,5.1212,4.2649,4.2649,10.9647
2026-06-15 16:42:40.462,Igor,right,21.733,1304,,,,,,,-1.0117,-1.3744,5.1136,4.2664,4.2664,11.0647
2026-06-15 16:42:40.492,Igor,right,21.750,1305,,,,,,,-1.0063,-1.2943,5.1054,4.2768,4.2768,10.9052
2026-06-15 16:42:40.523,Igor,right,21.783,1307,,,,,,,-1.0460,-1.1965,5.0995,4.2581,4.2581,10.9467
2026-06-15 16:42:40.554,Igor,right,21.817,1309,,,,,,,-1.0481,-1.1129,5.0968,4.2535,4.2535,11.1072
2026-06-15 16:42:40.584,Igor,right,21.850,1311,,,,,,,-0.9330,-1.0399,5.0860,4.2524,4.2524,10.8980
2026-06-15 16:42:40.615,Igor,right,21.883,1313,,,,,,,-0.8312,-0.9380,5.0774,4.2918,4.2918,10.9036
2026-06-15 16:42:40.645,Igor,right,21.917,1315,,,,,,,-0.7990,-0.8563,5.0626,4.2690,4.2690,10.9609
2026-06-15 16:42:40.676,Igor,right,21.950,1317,,,,,,,-0.8036,-0.7808,5.0494,4.2917,4.2917,11.0587
2026-06-15 16:42:40.709,Igor,right,21.967,1318,,,,,,,-0.8766,-0.7376,5.0590,4.2971,4.2971,10.9966
2026-06-15 16:42:40.740,Igor,right,22.000,1320,,,,,,,-0.9720,-0.7258,5.0924,4.3162,4.3162,10.9837
2026-06-15 16:42:40.771,Igor,right,22.033,1322,,,,,,,-0.9816,-0.7211,5.1144,4.3618,4.3618,10.9383
2026-06-15 16:42:40.801,Igor,right,22.067,1324,,,,,,,-0.9929,-0.7185,5.1474,4.3553,4.3553,10.9876
2026-06-15 16:42:40.831,Igor,right,22.100,1326,,,,,,,-1.0048,-0.7304,5.1644,4.2943,4.2943,10.9244
2026-06-15 16:42:40.862,Igor,right,22.133,1328,,,,,,,-1.0097,-0.7273,5.1694,4.2723,4.2723,10.8705
2026-06-15 16:42:40.893,Igor,right,22.167,1330,,,,,,,-1.0105,-0.7194,5.1785,4.2701,4.2701,10.9078
2026-06-15 16:42:40.924,Igor,right,22.183,1331,,,,,,,-1.0014,-0.7008,5.1942,4.2858,4.2858,10.8865
2026-06-15 16:42:40.954,Igor,right,22.217,1333,,,,,,,-1.0067,-0.6527,5.1969,4.3701,4.3701,10.9053
2026-06-15 16:42:40.984,Igor,right,22.250,1335,,,,,,,-1.0154,-0.6243,5.1935,4.3893,4.3893,10.8731
2026-06-15 16:42:41.015,Igor,right,22.283,1337,,,,,,,-1.0179,-0.6028,5.1884,4.3921,4.3921,10.8481
2026-06-15 16:42:41.045,Igor,right,22.317,1339,,,,,,,-1.0206,-0.5518,5.1915,4.4031,4.4031,10.7247
2026-06-15 16:42:41.076,Igor,right,22.350,1341,,,,,,,-1.0416,-0.4979,5.1890,4.4041,4.4041,10.7538
2026-06-15 16:42:41.106,Igor,right,22.367,1342,,,,,,,-1.0459,-0.4614,5.1770,4.3831,4.3831,10.7774
2026-06-15 16:42:41.137,Igor,right,22.400,1344,,,,,,,-1.0483,-0.4341,5.1643,4.3574,4.3574,10.6791
2026-06-15 16:42:41.167,Igor,right,22.433,1346,,,,,,,-1.0357,-0.4015,5.1467,4.3525,4.3525,10.6013
2026-06-15 16:42:41.198,Igor,right,22.467,1348,,,,,,,-1.0127,-0.3833,5.1465,4.3602,4.3602,10.6216
2026-06-15 16:42:41.228,Igor,right,22.500,1350,,,,,,,-1.0163,-0.3754,5.1502,4.3228,4.3228,10.5932
2026-06-15 16:42:41.259,Igor,right,22.517,1351,,,,,,,-0.9913,-0.3296,5.1477,4.2933,4.2933,10.5187
2026-06-15 16:42:41.289,Igor,right,22.550,1353,,,,,,,-0.9549,-0.2868,5.1444,4.3163,4.3163,10.5554
2026-06-15 16:42:41.320,Igor,right,22.583,1355,,,,,,,-0.9365,-0.2118,5.1326,4.2735,4.2735,10.5737
2026-06-15 16:42:41.350,Igor,right,22.617,1357,,,,,,,-0.9268,-0.1773,5.1243,4.2322,4.2322,10.4746
2026-06-15 16:42:41.381,Igor,right,22.650,1359,,,,,,,-0.9330,-0.1558,5.1308,4.2918,4.2918,10.5363
2026-06-15 16:42:41.412,Igor,right,22.683,1361,,,,,,,-0.9319,-0.1477,5.1362,4.3086,4.3086,10.5399
2026-06-15 16:42:41.442,Igor,right,22.700,1362,,,,,,,-0.8789,-0.0789,5.1198,4.2506,4.2506,10.1935
2026-06-15 16:42:41.473,Igor,right,22.733,1364,,,,,,,-0.8675,-0.0442,5.0958,4.2242,4.2242,10.0709
2026-06-15 16:42:41.504,Igor,right,22.767,1366,,,,,,,-0.8516,-0.0061,5.0686,4.1622,4.1622,9.9114
2026-06-15 16:42:41.535,Igor,right,22.800,1368,,,,,,,-0.8544,-0.0030,5.0542,4.1648,4.1648,9.8401
2026-06-15 16:42:41.565,Igor,right,22.833,1370,,,,,,,-0.8783,0.0037,5.0448,4.1632,4.1632,9.8933
2026-06-15 16:42:41.596,Igor,right,22.867,1372,,,,,,,-1.0041,0.1002,5.0508,4.2333,4.2333,9.9168
2026-06-15 16:42:41.627,Igor,right,22.883,1373,,,,,,,-1.0358,0.1364,5.0636,4.2268,4.2268,9.9408
2026-06-15 16:42:41.657,Igor,right,22.917,1375,,,,,,,-1.0577,0.1728,5.0891,4.1971,4.1971,9.9765
2026-06-15 16:42:41.688,Igor,right,22.950,1377,,,,,,,-1.0693,0.1814,5.1058,4.2033,4.2033,9.9099
2026-06-15 16:42:41.718,Igor,right,22.983,1379,,,,,,,-1.0759,0.1852,5.1013,4.1825,4.1825,9.9227
2026-06-15 16:42:41.749,Igor,right,23.017,1381,,,,,,,-1.0918,0.1456,5.0931,4.1773,4.1773,10.1779
2026-06-15 16:42:41.779,Igor,right,23.050,1383,,,,,,,-1.0736,0.1180,5.0935,4.1434,4.1434,10.2749
2026-06-15 16:42:41.810,Igor,right,23.083,1385,,,,,,,-1.0659,0.1023,5.1029,4.1289,4.1289,10.2817
2026-06-15 16:42:41.841,Igor,right,23.100,1386,,,,,,,-1.0334,0.0748,5.1213,4.0975,4.0975,10.2841
2026-06-15 16:42:41.871,Igor,right,23.133,1388,,,,,,,-1.0199,0.0648,5.1314,4.0779,4.0779,10.2128
2026-06-15 16:42:41.902,Igor,right,23.167,1390,,,,,,,-1.0404,0.0495,5.1156,4.1254,4.1254,10.1851
2026-06-15 16:42:41.932,Igor,right,23.200,1392,,,,,,,-1.0481,0.0536,5.1045,4.1384,4.1384,10.1977
2026-06-15 16:42:41.963,Igor,right,23.233,1394,,,,,,,-1.0586,0.0747,5.0985,4.1322,4.1322,10.1884
2026-06-15 16:42:41.994,Igor,right,23.267,1396,,,,,,,-1.0574,0.0890,5.0957,4.1079,4.1079,10.1944
2026-06-15 16:42:42.025,Igor,right,23.283,1397,,,,,,,-1.0323,0.1556,5.0871,4.0433,4.0433,10.0381
2026-06-15 16:42:42.055,Igor,right,23.317,1399,,,,,,,-1.0149,0.2341,5.0859,4.0680,4.0680,9.9977
2026-06-15 16:42:42.085,Igor,right,23.350,1401,,,,,,,-1.0058,0.3095,5.0863,4.0772,4.0772,9.9518
2026-06-15 16:42:42.116,Igor,right,23.383,1403,,,,,,,-0.9975,0.4063,5.0934,4.1077,4.1077,9.8522
2026-06-15 16:42:42.147,Igor,right,23.417,1405,,,,,,,-0.9862,0.5106,5.0956,4.1130,4.1130,9.5194
2026-06-15 16:42:42.177,Igor,right,23.450,1407,,,,,,,-0.9669,0.5966,5.0840,4.1193,4.1193,9.2053
2026-06-15 16:42:42.208,Igor,right,23.467,1408,,,,,,,-0.9888,0.6708,5.0520,4.0936,4.0936,9.1732
2026-06-15 16:42:42.238,Igor,right,23.500,1410,,,,,,,-1.0007,0.7003,5.0308,4.0984,4.0984,9.1422
2026-06-15 16:42:42.269,Igor,right,23.533,1412,,,,,,,-1.0085,0.7326,5.0040,4.1042,4.1042,9.1555
2026-06-15 16:42:42.299,Igor,right,23.567,1414,,,,,,,-1.0051,0.7639,4.9838,4.0803,4.0803,9.0137
2026-06-15 16:42:42.330,Igor,right,23.600,1416,,,,,,,-0.9547,0.7502,4.9875,4.0804,4.0804,9.0710
2026-06-15 16:42:42.360,Igor,right,23.633,1418,,,,,,,-0.9409,0.7513,4.9937,4.0907,4.0907,9.0907
2026-06-15 16:42:42.391,Igor,right,23.650,1419,,,,,,,-0.9404,0.7232,5.0069,4.1070,4.1070,9.1895
2026-06-15 16:42:42.421,Igor,right,23.683,1421,,,,,,,-0.9482,0.7021,5.0212,4.1099,4.1099,9.3169
2026-06-15 16:42:42.452,Igor,right,23.717,1423,,,,,,,-0.9629,0.7442,5.0353,4.1274,4.1274,9.1558
2026-06-15 16:42:42.483,Igor,right,23.750,1425,,,,,,,-1.0334,0.7851,5.0497,4.1073,4.1073,9.1554
2026-06-15 16:42:42.513,Igor,right,23.783,1427,,,,,,,-1.0488,0.7983,5.0563,4.1009,4.1009,9.1580
2026-06-15 16:42:42.544,Igor,right,23.817,1429,,,,,,,-1.0638,0.8200,5.0621,4.1146,4.1146,9.0544
2026-06-15 16:42:42.574,Igor,right,23.833,1430,,,,,,,-1.0747,0.8247,5.0688,4.1164,4.1164,9.0722
2026-06-15 16:42:42.605,Igor,right,23.867,1432,,,,,,,-1.0557,0.8748,5.0646,4.1324,4.1324,8.9016
2026-06-15 16:42:42.635,Igor,right,23.900,1434,,,,,,,-1.0552,0.9113,5.0655,4.1063,4.1063,8.9284
2026-06-15 16:42:42.666,Igor,right,23.933,1436,,,,,,,-1.0484,0.9243,5.0717,4.0910,4.0910,8.8912
2026-06-15 16:42:42.696,Igor,right,23.967,1438,,,,,,,-1.0281,0.9354,5.0671,4.0720,4.0720,8.7313
2026-06-15 16:42:42.729,Igor,right,24.000,1440,,,,,,,-1.0148,0.9322,5.0672,4.0378,4.0378,8.6310
2026-06-15 16:42:42.760,Igor,right,24.033,1442,,,,,,,-0.9997,0.9415,5.0747,4.0113,4.0113,8.6361
2026-06-15 16:42:42.791,Igor,right,24.050,1443,,,,,,,-1.0218,0.9207,5.0921,4.0220,4.0220,8.8718
2026-06-15 16:42:42.821,Igor,right,24.083,1445,,,,,,,-1.0456,0.8935,5.1330,4.0296,4.0296,9.1036
2026-06-15 16:42:42.852,Igor,right,24.117,1447,,,,,,,-1.0664,0.8750,5.1398,4.0591,4.0591,9.1630
2026-06-15 16:42:42.882,Igor,right,24.150,1449,,,,,,,-1.0929,0.8528,5.1439,4.0956,4.0956,9.2711
2026-06-15 16:42:42.913,Igor,right,24.183,1451,,,,,,,-1.0811,0.8712,5.1383,4.1238,4.1238,9.2169
2026-06-15 16:42:42.943,Igor,right,24.217,1453,,,,,,,-1.0778,0.8845,5.1182,4.1415,4.1415,9.1318
2026-06-15 16:42:42.974,Igor,right,24.233,1454,,,,,,,-1.0343,0.8643,5.1351,4.1246,4.1246,9.0620
2026-06-15 16:42:43.004,Igor,right,24.267,1456,,,,,,,-1.0227,0.8422,5.1683,4.1278,4.1278,9.0583
2026-06-15 16:42:43.035,Igor,right,24.300,1458,,,,,,,-0.9845,0.8518,5.1786,4.1345,4.1345,8.8032
2026-06-15 16:42:43.065,Igor,right,24.333,1460,,,,,,,-0.9824,0.8517,5.1725,4.1278,4.1278,8.6918
2026-06-15 16:42:43.096,Igor,right,24.367,1462,,,,,,,-0.9952,0.8312,5.1698,4.1056,4.1056,8.6866
2026-06-15 16:42:43.127,Igor,right,24.400,1464,,,,,,,-1.0114,0.7858,5.1782,4.0224,4.0224,8.8224
2026-06-15 16:42:43.158,Igor,right,24.417,1465,,,,,,,-1.0096,0.7686,5.1751,3.9753,3.9753,8.7373
2026-06-15 16:42:43.188,Igor,right,24.450,1467,,,,,,,-1.0357,0.7471,5.1726,3.9799,3.9799,8.8563
2026-06-15 16:42:43.219,Igor,right,24.483,1469,,,,,,,-1.0685,0.7053,5.1806,4.0211,4.0211,9.0588
2026-06-15 16:42:43.250,Igor,right,24.517,1471,,,,,,,-1.0867,0.6767,5.2013,4.0548,4.0548,9.1612
2026-06-15 16:42:43.281,Igor,right,24.550,1473,,,,,,,-1.0725,0.6722,5.2052,4.0258,4.0258,9.0434
2026-06-15 16:42:43.311,Igor,right,24.583,1475,,,,,,,-1.0633,0.6309,5.2024,4.0363,4.0363,9.0014
2026-06-15 16:42:43.342,Igor,right,24.600,1476,,,,,,,-1.0896,0.5627,5.2140,4.0588,4.0588,9.1611
2026-06-15 16:42:43.373,Igor,right,24.633,1478,,,,,,,-1.0889,0.5157,5.2262,4.0694,4.0694,9.2381
2026-06-15 16:42:43.404,Igor,right,24.667,1480,,,,,,,-1.0770,0.4801,5.2310,4.0806,4.0806,9.2638
2026-06-15 16:42:43.434,Igor,right,24.700,1482,,,,,,,-1.0727,0.4292,5.2402,4.0658,4.0658,9.4122
2026-06-15 16:42:43.465,Igor,right,24.733,1484,,,,,,,-1.0738,0.4096,5.2433,4.0582,4.0582,9.4932
2026-06-15 16:42:43.496,Igor,right,24.767,1486,,,,,,,-1.0898,0.3668,5.2409,4.0435,4.0435,9.6317
2026-06-15 16:42:43.527,Igor,right,24.800,1488,,,,,,,-0.9852,0.3276,5.2439,4.0278,4.0278,9.6259
2026-06-15 16:42:43.557,Igor,right,24.817,1489,,,,,,,-0.9292,0.2925,5.2473,4.0156,4.0156,9.6828
2026-06-15 16:42:43.588,Igor,right,24.850,1491,,,,,,,-0.8920,0.2778,5.2517,3.9683,3.9683,9.6645
2026-06-15 16:42:43.619,Igor,right,24.883,1493,,,,,,,-0.8478,0.2489,5.2551,3.9060,3.9060,9.5700
2026-06-15 16:42:43.649,Igor,right,24.917,1495,,,,,,,-0.8438,0.2134,5.2679,3.9557,3.9557,9.5549
2026-06-15 16:42:43.680,Igor,right,24.950,1497,,,,,,,-0.9931,0.1661,5.2844,3.9912,3.9912,9.4641
2026-06-15 16:42:43.711,Igor,right,24.983,1499,,,,,,,-1.0407,0.1186,5.3051,3.9771,3.9771,9.4239
2026-06-15 16:42:43.744,Igor,right,25.017,1501,,,,,,,-1.0564,0.0959,5.3120,3.9874,3.9874,9.3823
2026-06-15 16:42:43.774,Igor,right,25.033,1502,,,,,,,-1.0566,0.0650,5.3084,3.9578,3.9578,9.2541
2026-06-15 16:42:43.805,Igor,right,25.067,1504,,,,,,,-1.0589,0.0308,5.2970,3.9662,3.9662,9.1482
2026-06-15 16:42:43.835,Igor,right,25.100,1506,,,,,,,-1.0649,0.0103,5.2811,3.9985,3.9985,9.1286
2026-06-15 16:42:43.865,Igor,right,25.133,1508,,,,,,,-1.0643,-0.0005,5.2760,4.0012,4.0012,9.1272
2026-06-15 16:42:43.896,Igor,right,25.167,1510,,,,,,,-1.0694,-0.0062,5.2741,4.0152,4.0152,9.1482
2026-06-15 16:42:43.927,Igor,right,25.200,1512,,,,,,,-1.0699,-0.0522,5.2677,4.0085,4.0085,9.2355
2026-06-15 16:42:43.957,Igor,right,25.217,1513,,,,,,,-1.0860,-0.0831,5.2628,3.9754,3.9754,9.1797
2026-06-15 16:42:43.988,Igor,right,25.250,1515,,,,,,,-1.1311,-0.1506,5.2646,4.0299,4.0299,9.3474
2026-06-15 16:42:44.019,Igor,right,25.283,1517,,,,,,,-1.0848,-0.1947,5.2729,4.0191,4.0191,9.3177
2026-06-15 16:42:44.050,Igor,right,25.317,1519,,,,,,,-1.0315,-0.2560,5.2664,3.9713,3.9713,9.2775
2026-06-15 16:42:44.080,Igor,right,25.350,1521,,,,,,,-0.9860,-0.2957,5.2496,3.9186,3.9186,9.1896
2026-06-15 16:42:44.111,Igor,right,25.383,1523,,,,,,,-0.9730,-0.3475,5.2473,3.9224,3.9224,9.2296
2026-06-15 16:42:44.142,Igor,right,25.400,1524,,,,,,,-0.9672,-0.3903,5.2585,3.9643,3.9643,9.2235
2026-06-15 16:42:44.172,Igor,right,25.433,1526,,,,,,,-0.9594,-0.4060,5.2628,3.9418,3.9418,9.1825
2026-06-15 16:42:44.203,Igor,right,25.467,1528,,,,,,,-0.9451,-0.4268,5.2696,3.8987,3.8987,9.1514
2026-06-15 16:42:44.233,Igor,right,25.500,1530,,,,,,,-1.0112,-0.4866,5.2615,3.8890,3.8890,9.0753
2026-06-15 16:42:44.263,Igor,right,25.533,1532,,,,,,,-1.0730,-0.5383,5.2662,3.9174,3.9174,9.1548
2026-06-15 16:42:44.294,Igor,right,25.567,1534,,,,,,,-1.0927,-0.5676,5.2713,3.9223,3.9223,9.1704
2026-06-15 16:42:44.324,Igor,right,25.583,1535,,,,,,,-1.1204,-0.6207,5.2738,3.9611,3.9611,9.1987
2026-06-15 16:42:44.355,Igor,right,25.617,1537,,,,,,,-1.0857,-0.6622,5.2827,4.0136,4.0136,9.2354
2026-06-15 16:42:44.385,Igor,right,25.650,1539,,,,,,,-1.0031,-0.6952,5.2572,3.9569,3.9569,9.1477
2026-06-15 16:42:44.416,Igor,right,25.683,1541,,,,,,,-0.9854,-0.7164,5.2442,3.9481,3.9481,9.0929
2026-06-15 16:42:44.446,Igor,right,25.717,1543,,,,,,,-0.9570,-0.7509,5.2342,3.9319,3.9319,9.0285
2026-06-15 16:42:44.476,Igor,right,25.750,1545,,,,,,,-0.9414,-0.7879,5.2344,3.9085,3.9085,8.9384
2026-06-15 16:42:44.507,Igor,right,25.767,1546,,,,,,,-0.9374,-0.8253,5.2331,3.8806,3.8806,8.9506
2026-06-15 16:42:44.538,Igor,right,25.800,1548,,,,,,,-0.9650,-0.8428,5.2258,3.8716,3.8716,8.8808
2026-06-15 16:42:44.568,Igor,right,25.833,1550,,,,,,,-1.0518,-0.8996,5.2231,3.8472,3.8472,8.7351
2026-06-15 16:42:44.599,Igor,right,25.867,1552,,,,,,,-1.0796,-0.9409,5.2253,3.8501,3.8501,8.7456
2026-06-15 16:42:44.629,Igor,right,25.900,1554,,,,,,,-1.0876,-0.9547,5.2292,3.8656,3.8656,8.7567
2026-06-15 16:42:44.660,Igor,right,25.933,1556,,,,,,,-1.1167,-0.9616,5.2330,3.8443,3.8443,8.6911
2026-06-15 16:42:44.691,Igor,right,25.950,1557,,,,,,,-1.1401,-0.9614,5.2383,3.8407,3.8407,8.6674
2026-06-15 16:42:44.722,Igor,right,25.983,1559,,,,,,,-1.1575,-0.9489,5.2534,3.8505,3.8505,8.8458
2026-06-15 16:42:44.752,Igor,right,26.017,1561,,,,,,,-1.1437,-0.9381,5.2713,3.8639,3.8639,8.7553
2026-06-15 16:42:44.783,Igor,right,26.050,1563,,,,,,,-1.1433,-0.9443,5.2766,3.8622,3.8622,8.7598
2026-06-15 16:42:44.813,Igor,right,26.083,1565,,,,,,,-1.1443,-0.9546,5.2866,3.8795,3.8795,8.7446
2026-06-15 16:42:44.844,Igor,right,26.117,1567,,,,,,,-1.1353,-0.9594,5.2928,3.9054,3.9054,8.6936
2026-06-15 16:42:44.874,Igor,right,26.133,1568,,,,,,,-1.1371,-0.9658,5.3000,3.8842,3.8842,8.6720
2026-06-15 16:42:44.905,Igor,right,26.167,1570,,,,,,,-1.1313,-0.9825,5.3013,3.8618,3.8618,8.6226
2026-06-15 16:42:44.935,Igor,right,26.200,1572,,,,,,,-1.1193,-1.0096,5.3008,3.8345,3.8345,8.5024
2026-06-15 16:42:44.966,Igor,right,26.233,1574,,,,,,,-1.1057,-1.0294,5.2984,3.8224,3.8224,8.3834
2026-06-15 16:42:44.996,Igor,right,26.267,1576,,,,,,,-1.1038,-1.0293,5.3006,3.8319,3.8319,8.4293
2026-06-15 16:42:45.027,Igor,right,26.300,1578,,,,,,,-1.1081,-1.0181,5.3091,3.8727,3.8727,8.5177
2026-06-15 16:42:45.058,Igor,right,26.317,1579,,,,,,,-1.0566,-0.9625,5.3103,3.8871,3.8871,8.4823
2026-06-15 16:42:45.088,Igor,right,26.350,1581,,,,,,,-0.9416,-0.8244,5.3082,3.8975,3.8975,8.4883
2026-06-15 16:42:45.119,Igor,right,26.383,1583,,,,,,,-0.8889,-0.7493,5.3076,3.8822,3.8822,8.6173
2026-06-15 16:42:45.149,Igor,right,26.417,1585,,,,,,,-0.8557,-0.7074,5.3032,3.8360,3.8360,8.6991
2026-06-15 16:42:45.180,Igor,right,26.450,1587,,,,,,,-0.8566,-0.6767,5.3005,3.8103,3.8103,8.8068
2026-06-15 16:42:45.211,Igor,right,26.483,1589,,,,,,,-0.8567,-0.6692,5.3009,3.8095,3.8095,8.8193
2026-06-15 16:42:45.241,Igor,right,26.500,1590,,,,,,,-0.8567,-0.6424,5.3045,3.8147,3.8147,8.8662
2026-06-15 16:42:45.272,Igor,right,26.533,1592,,,,,,,-0.8406,-0.6255,5.3119,3.8556,3.8556,8.8617
2026-06-15 16:42:45.302,Igor,right,26.567,1594,,,,,,,-0.8382,-0.6286,5.3188,3.8877,3.8877,8.8564
2026-06-15 16:42:45.333,Igor,right,26.600,1596,,,,,,,-0.8194,-0.6289,5.3324,3.9231,3.9231,8.8996
2026-06-15 16:42:45.364,Igor,right,26.633,1598,,,,,,,-0.8155,-0.6125,5.3370,3.9192,3.9192,8.8691
2026-06-15 16:42:45.394,Igor,right,26.667,1600,,,,,,,-0.8077,-0.6019,5.3451,3.9564,3.9564,9.1251
2026-06-15 16:42:45.424,Igor,right,26.683,1601,,,,,,,-0.8042,-0.5881,5.3499,3.9870,3.9870,9.1004
2026-06-15 16:42:45.455,Igor,right,26.717,1603,,,,,,,-0.8693,-0.5523,5.3599,3.9331,3.9331,9.0690
2026-06-15 16:42:45.485,Igor,right,26.750,1605,,,,,,,-0.9253,-0.5087,5.3611,3.9146,3.9146,8.9208
2026-06-15 16:42:45.516,Igor,right,26.783,1607,,,,,,,-0.9667,-0.4605,5.3591,3.9255,3.9255,8.7867
2026-06-15 16:42:45.547,Igor,right,26.817,1609,,,,,,,-0.9993,-0.4392,5.3647,3.9209,3.9209,8.9362
2026-06-15 16:42:45.577,Igor,right,26.850,1611,,,,,,,-1.0051,-0.4340,5.3694,3.9131,3.9131,8.9842
2026-06-15 16:42:45.608,Igor,right,26.867,1612,,,,,,,-0.9995,-0.4191,5.3750,3.9270,3.9270,9.0113
2026-06-15 16:42:45.638,Igor,right,26.900,1614,,,,,,,-1.0134,-0.4150,5.3733,3.8804,3.8804,8.9384
2026-06-15 16:42:45.669,Igor,right,26.933,1616,,,,,,,-1.0137,-0.4073,5.3725,3.8931,3.8931,8.8602
2026-06-15 16:42:45.699,Igor,right,26.967,1618,,,,,,,-0.9918,-0.4070,5.3795,4.0018,4.0018,8.7773
2026-06-15 16:42:45.730,Igor,right,27.000,1620,,,,,,,-0.9688,-0.4061,5.3818,4.0030,4.0030,8.6996
2026-06-15 16:42:45.761,Igor,right,27.033,1622,,,,,,,-0.9748,-0.3859,5.3926,4.0310,4.0310,8.7841
2026-06-15 16:42:45.792,Igor,right,27.050,1623,,,,,,,-0.9945,-0.3837,5.4052,4.0232,4.0232,8.8546
2026-06-15 16:42:45.823,Igor,right,27.083,1625,,,,,,,-1.0069,-0.3532,5.4078,3.9793,3.9793,8.8476
2026-06-15 16:42:45.853,Igor,right,27.117,1627,,,,,,,-0.9873,-0.3487,5.4004,3.9424,3.9424,8.7537
2026-06-15 16:42:45.884,Igor,right,27.150,1629,,,,,,,-0.9661,-0.3363,5.3855,3.9013,3.9013,8.6897
2026-06-15 16:42:45.914,Igor,right,27.183,1631,,,,,,,-0.9679,-0.3211,5.3863,3.9129,3.9129,8.7964
2026-06-15 16:42:45.944,Igor,right,27.217,1633,,,,,,,-0.9551,-0.2829,5.4041,3.9135,3.9135,8.8660
2026-06-15 16:42:45.975,Igor,right,27.233,1634,,,,,,,-0.9442,-0.2448,5.4244,3.8891,3.8891,8.6900
2026-06-15 16:42:46.006,Igor,right,27.267,1636,,,,,,,-0.9367,-0.2176,5.4207,3.8493,3.8493,8.4988
2026-06-15 16:42:46.036,Igor,right,27.300,1638,,,,,,,-0.9578,-0.1752,5.4040,3.7972,3.7972,8.4381
2026-06-15 16:42:46.067,Igor,right,27.333,1640,,,,,,,-0.9807,-0.1517,5.4018,3.8067,3.8067,8.6330
2026-06-15 16:42:46.097,Igor,right,27.367,1642,,,,,,,-0.9941,-0.1469,5.4185,3.8818,3.8818,8.8253
2026-06-15 16:42:46.128,Igor,right,27.400,1644,,,,,,,-1.0072,-0.1409,5.4410,3.9307,3.9307,8.9099
2026-06-15 16:42:46.159,Igor,right,27.417,1645,,,,,,,-1.0067,-0.1328,5.4513,3.9367,3.9367,8.9035
2026-06-15 16:42:46.189,Igor,right,27.450,1647,,,,,,,-0.9937,-0.1279,5.4553,3.8618,3.8618,8.7834
2026-06-15 16:42:46.220,Igor,right,27.483,1649,,,,,,,-0.9915,-0.1204,5.4535,3.8259,3.8259,8.7850
2026-06-15 16:42:46.250,Igor,right,27.517,1651,,,,,,,-0.9777,-0.1085,5.4510,3.7928,3.7928,8.7427
2026-06-15 16:42:46.281,Igor,right,27.550,1653,,,,,,,-0.9711,-0.0718,5.4628,3.8091,3.8091,8.8117
2026-06-15 16:42:46.312,Igor,right,27.583,1655,,,,,,,-0.9744,-0.0263,5.4780,3.8182,3.8182,8.8579
2026-06-15 16:42:46.343,Igor,right,27.617,1657,,,,,,,-0.9928,0.0045,5.4852,3.8559,3.8559,9.0069
2026-06-15 16:42:46.374,Igor,right,27.633,1658,,,,,,,-1.0002,0.0164,5.4889,3.8497,3.8497,9.0053
2026-06-15 16:42:46.404,Igor,right,27.667,1660,,,,,,,-0.9864,0.0520,5.4742,3.8055,3.8055,8.6774
2026-06-15 16:42:46.435,Igor,right,27.700,1662,,,,,,,-0.9824,0.0665,5.4532,3.8009,3.8009,8.5833
2026-06-15 16:42:46.465,Igor,right,27.733,1664,,,,,,,-0.9847,0.0880,5.4379,3.8289,3.8289,8.6663
2026-06-15 16:42:46.496,Igor,right,27.767,1666,,,,,,,-0.9857,0.1322,5.4336,3.8364,3.8364,8.6912
2026-06-15 16:42:46.527,Igor,right,27.800,1668,,,,,,,-0.9954,0.1420,5.4320,3.8529,3.8529,8.7700
2026-06-15 16:42:46.560,Igor,right,27.817,1669,,,,,,,-1.0026,0.1997,5.4236,3.8702,3.8702,8.8628
2026-06-15 16:42:46.591,Igor,right,27.850,1671,,,,,,,-1.0174,0.2314,5.4210,3.8951,3.8951,8.9135
2026-06-15 16:42:46.621,Igor,right,27.883,1673,,,,,,,-1.0106,0.2620,5.4326,3.9021,3.9021,8.9356
2026-06-15 16:42:46.651,Igor,right,27.917,1675,,,,,,,-1.0106,0.2738,5.4375,3.8674,3.8674,8.9534
2026-06-15 16:42:46.682,Igor,right,27.950,1677,,,,,,,-1.0058,0.3098,5.4318,3.8934,3.8934,8.8675
2026-06-15 16:42:46.712,Igor,right,27.983,1679,,,,,,,-0.9748,0.3543,5.4052,3.8131,3.8131,8.8382
2026-06-15 16:42:46.743,Igor,right,28.017,1681,,,,,,,-0.9645,0.3865,5.3823,3.8184,3.8184,8.8543
2026-06-15 16:42:46.776,Igor,right,28.033,1682,,,,,,,-1.0220,0.4369,5.3972,3.8594,3.8594,8.8258
2026-06-15 16:42:46.806,Igor,right,28.067,1684,,,,,,,-1.0448,0.4628,5.4129,3.8898,3.8898,8.8523
2026-06-15 16:42:46.837,Igor,right,28.100,1686,,,,,,,-1.0757,0.4989,5.4396,3.9414,3.9414,8.8273
2026-06-15 16:42:46.867,Igor,right,28.133,1688,,,,,,,-1.1022,0.5395,5.4523,3.9838,3.9838,8.8194
2026-06-15 16:42:46.898,Igor,right,28.167,1690,,,,,,,-1.1282,0.5900,5.4506,4.0226,4.0226,8.8841
2026-06-15 16:42:46.928,Igor,right,28.200,1692,,,,,,,-1.1450,0.6045,5.4510,4.0470,4.0470,8.9716
2026-06-15 16:42:46.959,Igor,right,28.217,1693,,,,,,,-1.1530,0.6506,5.4494,4.0430,4.0430,8.9843
2026-06-15 16:42:46.989,Igor,right,28.250,1695,,,,,,,-1.1321,0.7251,5.4452,4.0042,4.0042,8.8700
2026-06-15 16:42:47.020,Igor,right,28.283,1697,,,,,,,-1.1246,0.7431,5.4458,3.9856,3.9856,8.8411
2026-06-15 16:42:47.050,Igor,right,28.317,1699,,,,,,,-1.1306,0.7744,5.4493,3.9651,3.9651,8.8082
2026-06-15 16:42:47.081,Igor,right,28.350,1701,,,,,,,-1.1113,0.8118,5.4456,3.9531,3.9531,8.6349
2026-06-15 16:42:47.112,Igor,right,28.383,1703,,,,,,,-1.0993,0.8470,5.4303,3.9160,3.9160,8.4539
2026-06-15 16:42:47.142,Igor,right,28.400,1704,,,,,,,-1.0970,0.8656,5.4213,3.9162,3.9162,8.4181
2026-06-15 16:42:47.173,Igor,right,28.433,1706,,,,,,,-1.0846,0.8859,5.4084,3.8956,3.8956,8.3143
2026-06-15 16:42:47.203,Igor,right,28.467,1708,,,,,,,-1.0734,0.8921,5.4030,3.8998,3.8998,8.2168
2026-06-15 16:42:47.234,Igor,right,28.500,1710,,,,,,,-1.0438,0.9047,5.3841,3.8863,3.8863,7.9685
2026-06-15 16:42:47.265,Igor,right,28.533,1712,,,,,,,-1.0312,0.8991,5.3680,3.8882,3.8882,7.8684
2026-06-15 16:42:47.295,Igor,right,28.567,1714,,,,,,,-1.0338,0.8972,5.3594,3.8892,3.8892,7.8752
2026-06-15 16:42:47.326,Igor,right,28.600,1716,,,,,,,-1.0464,0.8840,5.3533,3.9120,3.9120,8.0695
2026-06-15 16:42:47.357,Igor,right,28.617,1717,,,,,,,-1.0725,0.8770,5.3730,3.9301,3.9301,8.2879
2026-06-15 16:42:47.387,Igor,right,28.650,1719,,,,,,,-1.0970,0.8936,5.3897,3.9162,3.9162,8.5537
2026-06-15 16:42:47.418,Igor,right,28.683,1721,,,,,,,-1.1051,0.9400,5.3905,3.9097,3.9097,8.5716
2026-06-15 16:42:47.449,Igor,right,28.717,1723,,,,,,,-1.1052,0.9611,5.3842,3.9087,3.9087,8.4774
2026-06-15 16:42:47.480,Igor,right,28.750,1725,,,,,,,-1.1081,0.9857,5.3698,3.9124,3.9124,8.3774
2026-06-15 16:42:47.511,Igor,right,28.783,1727,,,,,,,-1.1006,1.0178,5.3644,3.9453,3.9453,8.3479
2026-06-15 16:42:47.541,Igor,right,28.800,1728,,,,,,,-1.1145,1.0119,5.3684,3.9740,3.9740,8.4341
2026-06-15 16:42:47.572,Igor,right,28.833,1730,,,,,,,-1.1029,1.0143,5.3678,3.9681,3.9681,8.3686
2026-06-15 16:42:47.603,Igor,right,28.867,1732,,,,,,,-1.0799,1.0210,5.3590,3.9400,3.9400,8.2673
2026-06-15 16:42:47.634,Igor,right,28.900,1734,,,,,,,-1.0707,0.9968,5.3547,3.9243,3.9243,8.2744
2026-06-15 16:42:47.664,Igor,right,28.933,1736,,,,,,,-1.0689,1.0093,5.3559,3.9518,3.9518,8.0922
2026-06-15 16:42:47.695,Igor,right,28.967,1738,,,,,,,-1.0671,0.9986,5.3546,3.9901,3.9901,8.0899
2026-06-15 16:42:47.726,Igor,right,29.000,1740,,,,,,,-1.0768,0.9663,5.3657,4.0223,4.0223,8.2869
2026-06-15 16:42:47.757,Igor,right,29.017,1741,,,,,,,-1.0527,0.9712,5.3575,3.9935,3.9935,8.1293
2026-06-15 16:42:47.788,Igor,right,29.050,1743,,,,,,,-1.0530,0.9518,5.3468,3.9597,3.9597,8.2538
2026-06-15 16:42:47.818,Igor,right,29.083,1745,,,,,,,-1.0685,0.9410,5.3394,3.9370,3.9370,8.3755
2026-06-15 16:42:47.849,Igor,right,29.117,1747,,,,,,,-1.0701,0.9328,5.3322,3.9408,3.9408,8.3778
2026-06-15 16:42:47.880,Igor,right,29.150,1749,,,,,,,-1.0869,0.8841,5.3343,3.9573,3.9573,8.5949
2026-06-15 16:42:47.911,Igor,right,29.167,1750,,,,,,,-1.0903,0.8570,5.3415,3.9665,3.9665,8.7286
2026-06-15 16:42:47.942,Igor,right,29.200,1752,,,,,,,-1.0845,0.8528,5.3495,3.9927,3.9927,8.7333
2026-06-15 16:42:47.972,Igor,right,29.233,1754,,,,,,,-1.0974,0.8488,5.3625,4.0113,4.0113,8.8250
2026-06-15 16:42:48.003,Igor,right,29.267,1756,,,,,,,-1.1129,0.8408,5.3852,4.0475,4.0475,8.9476
2026-06-15 16:42:48.034,Igor,right,29.300,1758,,,,,,,-1.1656,0.8059,5.3898,4.0577,4.0577,9.0980
2026-06-15 16:42:48.064,Igor,right,29.333,1760,,,,,,,-1.1572,0.7826,5.3760,4.0039,4.0039,8.9609
2026-06-15 16:42:48.095,Igor,right,29.367,1762,,,,,,,-1.1209,0.7664,5.3372,3.9778,3.9778,8.7122
2026-06-15 16:42:48.126,Igor,right,29.383,1763,,,,,,,-1.0904,0.7337,5.3249,3.9677,3.9677,8.6782
2026-06-15 16:42:48.156,Igor,right,29.417,1765,,,,,,,-1.0855,0.7166,5.3247,3.9734,3.9734,8.7946
2026-06-15 16:42:48.186,Igor,right,29.450,1767,,,,,,,-1.0919,0.6928,5.3304,4.0005,4.0005,8.8528
2026-06-15 16:42:48.217,Igor,right,29.483,1769,,,,,,,-1.1073,0.6416,5.3466,4.0325,4.0325,8.9658
2026-06-15 16:42:48.248,Igor,right,29.500,1770,,,,,,,-1.1099,0.5828,5.3685,4.0198,4.0198,9.0595
2026-06-15 16:42:48.279,Igor,right,29.550,1773,,,,,,,-1.1209,0.5581,5.3807,4.0367,4.0367,9.1497
2026-06-15 16:42:48.309,Igor,right,29.567,1774,,,,,,,-1.1257,0.5331,5.4045,4.0124,4.0124,9.2151
2026-06-15 16:42:48.340,Igor,right,29.600,1776,,,,,,,-1.1386,0.4983,5.4203,3.9967,3.9967,9.2417
2026-06-15 16:42:48.370,Igor,right,29.633,1778,,,,,,,-1.1434,0.4708,5.4299,4.0012,4.0012,9.2652
2026-06-15 16:42:48.401,Igor,right,29.667,1780,,,,,,,-1.1213,0.4540,5.4244,3.9943,3.9943,9.2606
2026-06-15 16:42:48.432,Igor,right,29.700,1782,,,,,,,-1.1072,0.4149,5.4105,3.9768,3.9768,9.3004
2026-06-15 16:42:48.462,Igor,right,29.733,1784,,,,,,,-1.0260,0.3732,5.3947,3.9915,3.9915,9.2131
2026-06-15 16:42:48.493,Igor,right,29.767,1786,,,,,,,-0.9964,0.3259,5.3716,4.0407,4.0407,9.1495
2026-06-15 16:42:48.524,Igor,right,29.783,1787,,,,,,,-0.9762,0.2733,5.3626,4.0389,4.0389,9.1363
2026-06-15 16:42:48.554,Igor,right,29.817,1789,,,,,,,-0.9691,0.2539,5.3732,4.0419,4.0419,9.2035
2026-06-15 16:42:48.585,Igor,right,29.850,1791,,,,,,,-1.0349,0.2395,5.3870,4.0561,4.0561,9.2772
2026-06-15 16:42:48.616,Igor,right,29.883,1793,,,,,,,-1.1386,0.1887,5.4115,4.0961,4.0961,9.4635
2026-06-15 16:42:48.646,Igor,right,29.917,1795,,,,,,,-1.1536,0.1434,5.4338,4.0864,4.0864,9.5598
2026-06-15 16:42:48.677,Igor,right,29.950,1797,,,,,,,-1.1616,0.1114,5.4562,4.0927,4.0927,9.6134
2026-06-15 16:42:48.707,Igor,right,29.967,1798,,,,,,,-1.1800,0.0662,5.4717,4.1220,4.1220,9.6520
2026-06-15 16:42:48.738,Igor,right,30.000,1800,,,,,,,-1.1858,0.0464,5.4773,4.1381,4.1381,9.6915
2026-06-15 16:42:48.768,Igor,right,30.033,1802,,,,,,,-1.1831,0.0206,5.4903,4.1574,4.1574,9.7449
2026-06-15 16:42:48.800,Igor,right,30.067,1804,,,,,,,-1.1801,-0.0054,5.4946,4.1921,4.1921,9.7737
2026-06-15 16:42:48.830,Igor,right,30.100,1806,,,,,,,-1.1467,-0.0271,5.4831,4.2401,4.2401,9.6614
2026-06-15 16:42:48.861,Igor,right,30.133,1808,,,,,,,-1.1126,-0.0458,5.4692,4.1875,4.1875,9.5574
2026-06-15 16:42:48.891,Igor,right,30.150,1809,,,,,,,-1.0596,-0.0807,5.4502,4.0747,4.0747,9.4848
2026-06-15 16:42:48.922,Igor,right,30.183,1811,,,,,,,-1.0265,-0.1141,5.4401,4.0408,4.0408,9.4606
2026-06-15 16:42:48.952,Igor,right,30.217,1813,,,,,,,-1.0275,-0.1302,5.4443,4.0461,4.0461,9.5409
2026-06-15 16:42:48.983,Igor,right,30.250,1815,,,,,,,-1.0109,-0.1741,5.4454,4.0760,4.0760,9.4793
2026-06-15 16:42:49.014,Igor,right,30.283,1817,,,,,,,-1.0049,-0.2119,5.4392,4.0703,4.0703,9.5261
2026-06-15 16:42:49.044,Igor,right,30.317,1819,,,,,,,-1.0002,-0.2433,5.4381,4.0429,4.0429,9.5659
2026-06-15 16:42:49.075,Igor,right,30.333,1820,,,,,,,-1.0040,-0.2670,5.4352,4.0429,4.0429,9.5120
2026-06-15 16:42:49.106,Igor,right,30.367,1822,,,,,,,-1.0184,-0.2847,5.4337,4.0123,4.0123,9.5401
2026-06-15 16:42:49.136,Igor,right,30.400,1824,,,,,,,-1.0025,-0.3163,5.4100,3.9756,3.9756,9.2591
2026-06-15 16:42:49.167,Igor,right,30.433,1826,,,,,,,-0.9887,-0.3411,5.3816,3.9572,3.9572,9.1151
2026-06-15 16:42:49.197,Igor,right,30.467,1828,,,,,,,-0.9857,-0.3473,5.3741,3.9154,3.9154,9.1986
2026-06-15 16:42:49.228,Igor,right,30.500,1830,,,,,,,-0.9770,-0.3880,5.3771,3.8734,3.8734,8.9862
2026-06-15 16:42:49.258,Igor,right,30.517,1831,,,,,,,-0.9914,-0.4171,5.3751,3.8650,3.8650,8.8728
2026-06-15 16:42:49.289,Igor,right,30.550,1833,,,,,,,-0.9927,-0.4319,5.3770,3.9047,3.9047,8.8557
2026-06-15 16:42:49.320,Igor,right,30.583,1835,,,,,,,-0.9789,-0.4616,5.3887,3.9424,3.9424,8.9006
2026-06-15 16:42:49.351,Igor,right,30.617,1837,,,,,,,-0.9594,-0.4912,5.3953,3.9692,3.9692,8.9915
2026-06-15 16:42:49.381,Igor,right,30.650,1839,,,,,,,-0.9630,-0.5194,5.3930,3.9459,3.9459,9.0991
2026-06-15 16:42:49.412,Igor,right,30.683,1841,,,,,,,-0.9758,-0.5441,5.3931,3.9468,3.9468,9.2121
2026-06-15 16:42:49.443,Igor,right,30.700,1842,,,,,,,-0.9867,-0.5690,5.3934,3.9230,3.9230,9.2964
2026-06-15 16:42:49.473,Igor,right,30.733,1844,,,,,,,-1.0036,-0.6155,5.4009,3.9254,3.9254,9.2574
2026-06-15 16:42:49.504,Igor,right,30.767,1846,,,,,,,-1.0066,-0.6573,5.4121,3.9072,3.9072,9.2549
2026-06-15 16:42:49.534,Igor,right,30.800,1848,,,,,,,-1.0121,-0.6647,5.4175,3.8979,3.8979,9.2793
2026-06-15 16:42:49.565,Igor,right,30.833,1850,,,,,,,-0.9702,-0.6922,5.4024,3.8608,3.8608,9.1704
2026-06-15 16:42:49.596,Igor,right,30.867,1852,,,,,,,-0.9649,-0.7311,5.3955,3.8882,3.8882,9.1030
2026-06-15 16:42:49.626,Igor,right,30.900,1854,,,,,,,-0.9742,-0.7408,5.3845,3.9003,3.9003,9.0449
2026-06-15 16:42:49.657,Igor,right,30.917,1855,,,,,,,-0.9825,-0.7617,5.3874,3.9201,3.9201,9.0869
2026-06-15 16:42:49.688,Igor,right,30.950,1857,,,,,,,-0.9887,-0.7720,5.3940,3.9209,3.9209,9.1366
2026-06-15 16:42:49.718,Igor,right,30.983,1859,,,,,,,-0.9841,-0.7884,5.4103,3.9480,3.9480,9.1802
2026-06-15 16:42:49.749,Igor,right,31.017,1861,,,,,,,-0.9785,-0.7971,5.4225,3.9777,3.9777,9.2208
2026-06-15 16:42:49.779,Igor,right,31.050,1863,,,,,,,-0.9841,-0.8488,5.4311,4.0105,4.0105,9.2710
2026-06-15 16:42:49.810,Igor,right,31.083,1865,,,,,,,-0.9918,-0.8719,5.4320,4.0005,4.0005,9.2767
2026-06-15 16:42:49.841,Igor,right,31.100,1866,,,,,,,-0.9948,-0.9124,5.4302,3.9920,3.9920,9.1779
2026-06-15 16:42:49.872,Igor,right,31.133,1868,,,,,,,-0.9869,-0.9219,5.4128,3.9339,3.9339,8.9863
2026-06-15 16:42:49.902,Igor,right,31.167,1870,,,,,,,-0.9702,-0.9229,5.4032,3.8760,3.8760,8.8696
2026-06-15 16:42:49.933,Igor,right,31.200,1872,,,,,,,-0.9845,-0.9123,5.3878,3.8888,3.8888,8.8924
2026-06-15 16:42:49.964,Igor,right,31.233,1874,,,,,,,-0.9936,-0.9088,5.3834,3.9088,3.9088,8.9502
2026-06-15 16:42:49.995,Igor,right,31.267,1876,,,,,,,-0.9880,-0.8981,5.3833,3.9087,3.9087,8.9078
2026-06-15 16:42:50.025,Igor,right,31.283,1877,,,,,,,-0.9891,-0.9052,5.3819,3.8606,3.8606,8.8233
2026-06-15 16:42:50.056,Igor,right,31.317,1879,,,,,,,-0.9841,-0.9050,5.3853,3.7994,3.7994,8.8548
2026-06-15 16:42:50.086,Igor,right,31.350,1881,,,,,,,-0.9952,-0.9045,5.3948,3.8070,3.8070,8.8367
2026-06-15 16:42:50.117,Igor,right,31.383,1883,,,,,,,-1.0002,-0.9052,5.3986,3.8053,3.8053,8.8594
2026-06-15 16:42:50.147,Igor,right,31.417,1885,,,,,,,-1.0168,-0.8835,5.3991,3.8826,3.8826,8.8847
2026-06-15 16:42:50.178,Igor,right,31.450,1887,,,,,,,-1.0204,-0.8592,5.4032,3.9128,3.9128,8.8487
2026-06-15 16:42:50.209,Igor,right,31.467,1888,,,,,,,-1.0355,-0.8452,5.4125,3.9715,3.9715,8.9303
2026-06-15 16:42:50.239,Igor,right,31.500,1890,,,,,,,-1.0435,-0.8463,5.4235,3.9873,3.9873,8.9828
2026-06-15 16:42:50.270,Igor,right,31.533,1892,,,,,,,-1.0492,-0.8397,5.4340,3.9787,3.9787,8.9614
2026-06-15 16:42:50.301,Igor,right,31.567,1894,,,,,,,-1.0396,-0.8307,5.4315,3.9614,3.9614,9.0381
2026-06-15 16:42:50.331,Igor,right,31.600,1896,,,,,,,-1.0323,-0.8286,5.4251,3.9296,3.9296,9.1584
2026-06-15 16:42:50.362,Igor,right,31.633,1898,,,,,,,-1.0326,-0.8087,5.4199,3.9162,3.9162,9.1656
2026-06-15 16:42:50.393,Igor,right,31.650,1899,,,,,,,-1.0192,-0.7981,5.4113,3.8967,3.8967,9.0330
2026-06-15 16:42:50.423,Igor,right,31.683,1901,,,,,,,-1.0066,-0.7775,5.3893,3.8439,3.8439,8.9240
2026-06-15 16:42:50.454,Igor,right,31.717,1903,,,,,,,-1.0292,-0.7534,5.3703,3.8550,3.8550,8.9646
2026-06-15 16:42:50.484,Igor,right,31.750,1905,,,,,,,-1.0389,-0.7450,5.3680,3.8621,3.8621,9.0387
2026-06-15 16:42:50.515,Igor,right,31.783,1907,,,,,,,-1.0114,-0.7181,5.3484,3.8283,3.8283,8.8603
2026-06-15 16:42:50.546,Igor,right,31.817,1909,,,,,,,-0.9928,-0.6959,5.3286,3.8342,3.8342,8.7619
2026-06-15 16:42:50.577,Igor,right,31.850,1911,,,,,,,-0.9909,-0.6748,5.3188,3.8732,3.8732,8.7359
2026-06-15 16:42:50.607,Igor,right,31.867,1912,,,,,,,-0.9886,-0.6607,5.3124,3.8793,3.8793,8.6985
2026-06-15 16:42:50.638,Igor,right,31.900,1914,,,,,,,-0.9876,-0.6567,5.3112,3.8886,3.8886,8.6959
2026-06-15 16:42:50.668,Igor,right,31.933,1916,,,,,,,-0.9729,-0.6503,5.3198,3.8209,3.8209,8.7075
2026-06-15 16:42:50.699,Igor,right,31.967,1918,,,,,,,-0.9753,-0.6492,5.3308,3.7912,3.7912,8.8144
2026-06-15 16:42:50.730,Igor,right,32.000,1920,,,,,,,-0.9843,-0.6356,5.3414,3.8044,3.8044,8.9772
2026-06-15 16:42:50.761,Igor,right,32.033,1922,,,,,,,-0.9890,-0.5950,5.3577,3.8844,3.8844,8.8871
2026-06-15 16:42:50.791,Igor,right,32.050,1923,,,,,,,-0.9935,-0.5824,5.3640,3.9048,3.9048,8.8704
2026-06-15 16:42:50.823,Igor,right,32.083,1925,,,,,,,-1.0224,-0.5605,5.3912,4.0051,4.0051,9.2140
2026-06-15 16:42:50.853,Igor,right,32.117,1927,,,,,,,-1.0464,-0.4680,5.4089,4.0064,4.0064,9.3915
2026-06-15 16:42:50.884,Igor,right,32.150,1929,,,,,,,-1.0614,-0.4426,5.4119,4.0101,4.0101,9.5224
2026-06-15 16:42:50.915,Igor,right,32.183,1931,,,,,,,-1.0683,-0.3951,5.4043,3.9959,3.9959,9.5068
2026-06-15 16:42:50.945,Igor,right,32.217,1933,,,,,,,-1.0672,-0.3631,5.3884,3.9980,3.9980,9.4474
2026-06-15 16:42:50.976,Igor,right,32.233,1934,,,,,,,-1.0632,-0.3399,5.3857,4.0132,4.0132,9.4622
2026-06-15 16:42:51.007,Igor,right,32.267,1936,,,,,,,-1.0561,-0.2920,5.3831,4.0428,4.0428,9.3254
2026-06-15 16:42:51.037,Igor,right,32.300,1938,,,,,,,-1.0700,-0.2585,5.3878,4.0655,4.0655,9.4922
2026-06-15 16:42:51.068,Igor,right,32.333,1940,,,,,,,-1.0722,-0.2175,5.3856,4.0852,4.0852,9.5837
2026-06-15 16:42:51.099,Igor,right,32.367,1942,,,,,,,-1.0707,-0.1973,5.3867,4.1038,4.1038,9.6428
2026-06-15 16:42:51.129,Igor,right,32.400,1944,,,,,,,-1.0422,-0.1970,5.3752,4.0682,4.0682,9.5728
2026-06-15 16:42:51.160,Igor,right,32.433,1946,,,,,,,-1.0200,-0.1683,5.3488,4.0719,4.0719,9.5119
2026-06-15 16:42:51.191,Igor,right,32.450,1947,,,,,,,-1.0357,-0.1576,5.3230,4.0581,4.0581,9.5459
2026-06-15 16:42:51.221,Igor,right,32.483,1949,,,,,,,-1.0475,-0.1486,5.3223,4.0774,4.0774,9.6276
2026-06-15 16:42:51.252,Igor,right,32.517,1951,,,,,,,-1.0704,-0.1383,5.3365,4.1219,4.1219,9.7414
2026-06-15 16:42:51.282,Igor,right,32.550,1953,,,,,,,-1.0680,-0.1233,5.3617,4.0963,4.0963,9.7193
2026-06-15 16:42:51.313,Igor,right,32.583,1955,,,,,,,-1.0619,-0.1027,5.3914,4.0516,4.0516,9.7088
2026-06-15 16:42:51.344,Igor,right,32.617,1957,,,,,,,-1.0657,-0.0924,5.4040,4.0781,4.0781,9.7676
2026-06-15 16:42:51.374,Igor,right,32.633,1958,,,,,,,-1.0618,-0.0726,5.4025,4.0708,4.0708,9.8049
2026-06-15 16:42:51.405,Igor,right,32.667,1960,,,,,,,-1.1528,0.0664,5.4018,4.0578,4.0578,9.5808
2026-06-15 16:42:51.435,Igor,right,32.700,1962,,,,,,,-1.1791,0.1137,5.4047,4.0630,4.0630,9.5321
2026-06-15 16:42:51.465,Igor,right,32.733,1964,,,,,,,-1.2106,0.1601,5.4295,4.0771,4.0771,9.6476
2026-06-15 16:42:51.496,Igor,right,32.767,1966,,,,,,,-1.2183,0.1835,5.4458,4.0924,4.0924,9.6792
2026-06-15 16:42:51.527,Igor,right,32.800,1968,,,,,,,-1.2248,0.1859,5.4627,4.1085,4.1085,9.6773
2026-06-15 16:42:51.558,Igor,right,32.817,1969,,,,,,,-1.2178,0.1823,5.4655,4.1135,4.1135,9.7182
2026-06-15 16:42:51.588,Igor,right,32.850,1971,,,,,,,-1.2097,0.1796,5.4651,4.1090,4.1090,9.7595
2026-06-15 16:42:51.618,Igor,right,32.883,1973,,,,,,,-1.1943,0.1660,5.4620,4.1361,4.1361,9.7019
2026-06-15 16:42:51.649,Igor,right,32.917,1975,,,,,,,-1.1728,0.1617,5.4571,4.0992,4.0992,9.4917
2026-06-15 16:42:51.680,Igor,right,32.950,1977,,,,,,,-1.1597,0.1684,5.4511,4.0704,4.0704,9.3715
2026-06-15 16:42:51.711,Igor,right,32.983,1979,,,,,,,-1.1600,0.1734,5.4470,4.0731,4.0731,9.3022
2026-06-15 16:42:51.742,Igor,right,33.000,1980,,,,,,,-1.0703,0.1534,5.4364,4.0064,4.0064,9.2457
2026-06-15 16:42:51.772,Igor,right,33.033,1982,,,,,,,-0.8328,0.0263,5.3930,3.9667,3.9667,9.1441
2026-06-15 16:42:51.803,Igor,right,33.067,1984,,,,,,,-0.7784,-0.0053,5.3733,3.9541,3.9541,9.1717
2026-06-15 16:42:51.834,Igor,right,33.100,1986,,,,,,,-0.6844,-0.0630,5.3572,4.0081,4.0081,9.2976
2026-06-15 16:42:51.864,Igor,right,33.133,1988,,,,,,,-0.6454,-0.0967,5.3494,4.0122,4.0122,9.3095
2026-06-15 16:42:51.896,Igor,right,33.167,1990,,,,,,,-0.6118,-0.1265,5.3523,4.0175,4.0175,9.2163
2026-06-15 16:42:51.927,Igor,right,33.183,1991,,,,,,,-0.5938,-0.1401,5.3578,3.9813,3.9813,9.1486
2026-06-15 16:42:51.957,Igor,right,33.217,1993,,,,,,,-0.5802,-0.1436,5.3612,3.9799,3.9799,9.2222
2026-06-15 16:42:51.987,Igor,right,33.250,1995,,,,,,,-0.5556,-0.1396,5.3743,3.9808,3.9808,9.2674
2026-06-15 16:42:52.018,Igor,right,33.283,1997,,,,,,,-0.5055,-0.1350,5.3783,3.9853,3.9853,9.2481
2026-06-15 16:42:52.048,Igor,right,33.317,1999,,,,,,,-0.4860,-0.1387,5.3825,3.9911,3.9911,9.3029
2026-06-15 16:42:52.079,Igor,right,33.350,2001,,,,,,,-0.4840,-0.1536,5.3884,3.9964,3.9964,9.3700
2026-06-15 16:42:52.110,Igor,right,33.383,2003,,,,,,,-0.4755,-0.1625,5.4039,4.0163,4.0163,9.4596
2026-06-15 16:42:52.141,Igor,right,33.400,2004,,,,,,,-0.4616,-0.1446,5.4077,4.0220,4.0220,9.4144
2026-06-15 16:42:52.171,Igor,right,33.433,2006,,,,,,,-0.4367,-0.1045,5.4070,4.0261,4.0261,9.5162
2026-06-15 16:42:52.202,Igor,right,33.467,2008,,,,,,,-0.4409,-0.0829,5.4196,4.0216,4.0216,9.4780
2026-06-15 16:42:52.232,Igor,right,33.500,2010,,,,,,,-0.4498,-0.0574,5.4283,4.0303,4.0303,9.5969
2026-06-15 16:42:52.263,Igor,right,33.533,2012,,,,,,,-0.4474,-0.0410,5.4282,4.0561,4.0561,9.6454
2026-06-15 16:42:52.294,Igor,right,33.550,2013,,,,,,,-0.4220,-0.0070,5.4087,3.9911,3.9911,9.4425
2026-06-15 16:42:52.324,Igor,right,33.583,2015,,,,,,,-0.3866,0.0230,5.3792,3.9430,3.9430,9.2931
2026-06-15 16:42:52.355,Igor,right,33.617,2017,,,,,,,-0.3720,0.0298,5.3604,3.9564,3.9564,9.2495
2026-06-15 16:42:52.386,Igor,right,33.650,2019,,,,,,,-0.3683,0.0364,5.3511,3.9408,3.9408,9.2480
2026-06-15 16:42:52.416,Igor,right,33.683,2021,,,,,,,-0.3626,0.0754,5.3496,3.8829,3.8829,9.3180
2026-06-15 16:42:52.447,Igor,right,33.717,2023,,,,,,,-0.3667,0.0939,5.3445,3.8931,3.8931,9.3134
2026-06-15 16:42:52.478,Igor,right,33.750,2025,,,,,,,-0.3572,0.1082,5.3477,3.9215,3.9215,9.3811
2026-06-15 16:42:52.508,Igor,right,33.767,2026,,,,,,,-0.3680,0.1150,5.3735,3.9722,3.9722,9.4369
2026-06-15 16:42:52.539,Igor,right,33.800,2028,,,,,,,-0.3692,0.1249,5.3858,3.9860,3.9860,9.4508
2026-06-15 16:42:52.569,Igor,right,33.833,2030,,,,,,,-0.3850,0.1667,5.3908,3.9602,3.9602,9.3691
2026-06-15 16:42:52.600,Igor,right,33.867,2032,,,,,,,-0.2978,0.2135,5.3853,3.9912,3.9912,9.7736
2026-06-15 16:42:52.630,Igor,right,33.900,2034,,,,,,,-0.2301,0.2565,5.3926,4.0814,4.0814,10.1389
2026-06-15 16:42:52.661,Igor,right,33.933,2036,,,,,,,-0.1937,0.2748,5.4069,4.1115,4.1115,10.2095
2026-06-15 16:42:52.692,Igor,right,33.950,2037,,,,,,,-0.1505,0.3017,5.4360,4.1395,4.1395,10.3152
2026-06-15 16:42:52.722,Igor,right,33.983,2039,,,,,,,-0.0889,0.3430,5.4312,4.0790,4.0790,9.8804
2026-06-15 16:42:52.753,Igor,right,34.017,2041,,,,,,,-0.0741,0.3578,5.4223,4.0668,4.0668,9.7862
2026-06-15 16:42:52.783,Igor,right,34.050,2043,,,,,,,-0.0737,0.3659,5.4233,4.1273,4.1273,9.9226
2026-06-15 16:42:52.814,Igor,right,34.083,2045,,,,,,,-0.0683,0.4059,5.4243,4.1379,4.1379,9.8949
2026-06-15 16:42:52.845,Igor,right,34.117,2047,,,,,,,-0.0778,0.4482,5.4154,4.1739,4.1739,9.9572
2026-06-15 16:42:52.875,Igor,right,34.133,2048,,,,,,,-0.1295,0.4916,5.3838,4.1604,4.1604,10.0922
2026-06-15 16:42:52.906,Igor,right,34.167,2050,,,,,,,-0.1505,0.5135,5.3660,4.1630,4.1630,10.0973
2026-06-15 16:42:52.937,Igor,right,34.200,2052,,,,,,,-0.1958,0.5835,5.3379,4.1397,4.1397,10.1621
2026-06-15 16:42:52.967,Igor,right,34.233,2054,,,,,,,-0.2144,0.6218,5.3163,4.0976,4.0976,10.1182
2026-06-15 16:42:52.997,Igor,right,34.267,2056,,,,,,,-0.2191,0.6239,5.3087,4.0994,4.0994,10.0931
2026-06-15 16:42:53.028,Igor,right,34.300,2058,,,,,,,-0.2607,0.6244,5.3048,4.1579,4.1579,10.2167
2026-06-15 16:42:53.059,Igor,right,34.333,2060,,,,,,,-0.2860,0.6240,5.3133,4.1831,4.1831,10.2778
2026-06-15 16:42:53.090,Igor,right,34.350,2061,,,,,,,-0.3120,0.6484,5.3171,4.1899,4.1899,10.3213
2026-06-15 16:42:53.120,Igor,right,34.383,2063,,,,,,,-0.3190,0.6536,5.3173,4.1831,4.1831,10.3099
2026-06-15 16:42:53.151,Igor,right,34.417,2065,,,,,,,-0.3559,0.6583,5.3303,4.1942,4.1942,10.3238
2026-06-15 16:42:53.181,Igor,right,34.450,2067,,,,,,,-0.3834,0.6602,5.3521,4.2006,4.2006,10.3279
2026-06-15 16:42:53.212,Igor,right,34.483,2069,,,,,,,-0.4096,0.6731,5.3677,4.2077,4.2077,10.2683
2026-06-15 16:42:53.243,Igor,right,34.517,2071,,,,,,,-0.4288,0.6941,5.3734,4.1585,4.1585,10.1325
2026-06-15 16:42:53.274,Igor,right,34.533,2072,,,,,,,-0.4545,0.7067,5.3766,4.1737,4.1737,10.2091
2026-06-15 16:42:53.304,Igor,right,34.567,2074,,,,,,,-0.5047,0.7494,5.3761,4.1616,4.1616,10.2229
2026-06-15 16:42:53.335,Igor,right,34.600,2076,,,,,,,-0.5086,0.7763,5.3736,4.1458,4.1458,10.0732
2026-06-15 16:42:53.366,Igor,right,34.633,2078,,,,,,,-0.5290,0.7822,5.3729,4.1422,4.1422,10.0329
2026-06-15 16:42:53.396,Igor,right,34.667,2080,,,,,,,-0.5529,0.7874,5.3896,4.1570,4.1570,10.1046
2026-06-15 16:42:53.427,Igor,right,34.700,2082,,,,,,,-0.6060,0.7924,5.4161,4.2393,4.2393,10.1263
2026-06-15 16:42:53.458,Igor,right,34.717,2083,,,,,,,-0.6164,0.7931,5.4252,4.2308,4.2308,10.0938
2026-06-15 16:42:53.488,Igor,right,34.750,2085,,,,,,,-0.6651,0.8061,5.4289,4.1998,4.1998,10.0163
2026-06-15 16:42:53.519,Igor,right,34.783,2087,,,,,,,-0.7161,0.8270,5.4231,4.2107,4.2107,9.9007
2026-06-15 16:42:53.549,Igor,right,34.817,2089,,,,,,,-0.7445,0.8464,5.4182,4.2254,4.2254,9.8937
2026-06-15 16:42:53.580,Igor,right,34.850,2091,,,,,,,-0.7896,0.8790,5.4184,4.1937,4.1937,9.8929
2026-06-15 16:42:53.610,Igor,right,34.883,2093,,,,,,,-0.8197,0.9200,5.4240,4.1700,4.1700,9.8271
2026-06-15 16:42:53.640,Igor,right,34.900,2094,,,,,,,-0.8404,0.9483,5.4581,4.1549,4.1549,9.8776
2026-06-15 16:42:53.671,Igor,right,34.933,2096,,,,,,,-0.8479,0.9863,5.4630,4.1916,4.1916,9.6346
2026-06-15 16:42:53.702,Igor,right,34.967,2098,,,,,,,-0.8804,1.0354,5.4529,4.2467,4.2467,9.3495
2026-06-15 16:42:53.732,Igor,right,35.000,2100,,,,,,,-0.9214,1.0513,5.4468,4.2566,4.2566,9.3371
2026-06-15 16:42:53.763,Igor,right,35.033,2102,,,,,,,-0.9674,1.0554,5.4502,4.2680,4.2680,9.3569
2026-06-15 16:42:53.794,Igor,right,35.067,2104,,,,,,,-0.9949,1.0387,5.4680,4.2540,4.2540,9.3424
2026-06-15 16:42:53.825,Igor,right,35.083,2105,,,,,,,-1.0689,1.0165,5.5007,4.2450,4.2450,9.3743
2026-06-15 16:42:53.860,Igor,right,35.133,2108,,,,,,,-1.1436,0.9681,5.5284,4.2116,4.2116,9.5652
2026-06-15 16:42:53.891,Igor,right,35.150,2109,,,,,,,-1.1315,0.9613,5.5152,4.1640,4.1640,9.2460
2026-06-15 16:42:53.922,Igor,right,35.183,2111,,,,,,,-1.2640,0.9317,5.5185,4.1974,4.1974,9.3200
2026-06-15 16:42:53.952,Igor,right,35.217,2113,,,,,,,-1.3837,0.9098,5.5730,4.1825,4.1825,9.3614
2026-06-15 16:42:53.983,Igor,right,35.250,2115,,,,,,,-1.4089,0.9528,5.6012,4.1383,4.1383,9.0310
2026-06-15 16:42:54.014,Igor,right,35.283,2117,,,,,,,-1.4346,0.9625,5.6062,4.1082,4.1082,9.0095
2026-06-15 16:42:54.044,Igor,right,35.317,2119,,,,,,,-1.4911,0.9610,5.6102,4.1448,4.1448,9.0254
2026-06-15 16:42:54.075,Igor,right,35.333,2120,,,,,,,-1.4835,0.9589,5.6086,4.1461,4.1461,8.9821
2026-06-15 16:42:54.105,Igor,right,35.367,2122,,,,,,,-1.4243,0.8946,5.5680,4.2002,4.2002,9.3177
2026-06-15 16:42:54.136,Igor,right,35.400,2124,,,,,,,-1.3988,0.8664,5.5728,4.1556,4.1556,9.3619
2026-06-15 16:42:54.166,Igor,right,35.433,2126,,,,,,,-1.4062,0.8184,5.5901,4.1436,4.1436,9.4217
2026-06-15 16:42:54.197,Igor,right,35.467,2128,,,,,,,-1.4498,0.7725,5.6150,4.1901,4.1901,9.4095
2026-06-15 16:42:54.227,Igor,right,35.500,2130,,,,,,,-1.5692,0.7607,5.6398,4.1868,4.1868,9.3903
2026-06-15 16:42:54.258,Igor,right,35.517,2131,,,,,,,-1.6577,0.7348,5.6491,4.2445,4.2445,9.4399
2026-06-15 16:42:54.288,Igor,right,35.550,2133,,,,,,,-1.6937,0.7125,5.6556,4.2407,4.2407,9.4662
2026-06-15 16:42:54.319,Igor,right,35.583,2135,,,,,,,-1.7385,0.6751,5.6685,4.2218,4.2218,9.5104
2026-06-15 16:42:54.349,Igor,right,35.617,2137,,,,,,,-1.7583,0.6285,5.6577,4.1786,4.1786,9.3625
2026-06-15 16:42:54.380,Igor,right,35.650,2139,,,,,,,-1.7593,0.6151,5.6437,4.1604,4.1604,9.2592
2026-06-15 16:42:54.411,Igor,right,35.683,2141,,,,,,,-1.8142,0.5925,5.6353,4.2075,4.2075,9.4072
2026-06-15 16:42:54.441,Igor,right,35.700,2142,,,,,,,-1.8350,0.5857,5.6369,4.2031,4.2031,9.4111
2026-06-15 16:42:54.472,Igor,right,35.733,2144,,,,,,,-1.8375,0.5407,5.6709,4.1397,4.1397,9.4125
2026-06-15 16:42:54.502,Igor,right,35.767,2146,,,,,,,-1.8531,0.5172,5.6988,4.0978,4.0978,9.2234
2026-06-15 16:42:54.532,Igor,right,35.800,2148,,,,,,,-1.8629,0.5014,5.7121,4.0724,4.0724,9.1505
2026-06-15 16:42:54.563,Igor,right,35.833,2150,,,,,,,-1.9090,0.4420,5.7247,4.1002,4.1002,9.1793
2026-06-15 16:42:54.594,Igor,right,35.850,2151,,,,,,,-1.9526,0.3872,5.7083,4.1518,4.1518,9.2667
2026-06-15 16:42:54.624,Igor,right,35.883,2153,,,,,,,-2.0460,0.3083,5.6972,4.1573,4.1573,9.2061
2026-06-15 16:42:54.655,Igor,right,35.917,2155,,,,,,,-2.0801,0.2764,5.6891,4.1751,4.1751,9.1397
2026-06-15 16:42:54.686,Igor,right,35.950,2157,,,,,,,-2.1415,0.2366,5.6651,4.2238,4.2238,9.0489
2026-06-15 16:42:54.716,Igor,right,35.983,2159,,,,,,,-2.1685,0.2157,5.6467,4.2319,4.2319,9.0626
2026-06-15 16:42:54.747,Igor,right,36.017,2161,,,,,,,-2.1961,0.1934,5.6437,4.2292,4.2292,9.1177
2026-06-15 16:42:54.777,Igor,right,36.050,2163,,,,,,,-2.1762,0.1625,5.6705,4.2005,4.2005,9.1199
2026-06-15 16:42:54.808,Igor,right,36.067,2164,,,,,,,-2.1828,0.1546,5.6810,4.1460,4.1460,9.0779
2026-06-15 16:42:54.839,Igor,right,36.100,2166,,,,,,,-2.1945,0.1124,5.6925,4.0988,4.0988,8.9992
2026-06-15 16:42:54.872,Igor,right,36.133,2168,,,,,,,-2.1925,0.0802,5.6942,4.0556,4.0556,9.0378
2026-06-15 16:42:54.902,Igor,right,36.167,2170,,,,,,,-2.1742,0.0438,5.6993,4.0171,4.0171,9.0354
2026-06-15 16:42:54.933,Igor,right,36.200,2172,,,,,,,-2.1616,0.0252,5.6989,4.0088,4.0088,8.9039
2026-06-15 16:42:54.964,Igor,right,36.233,2174,,,,,,,-2.1654,-0.0140,5.6944,4.0358,4.0358,8.7592
2026-06-15 16:42:54.994,Igor,right,36.267,2176,,,,,,,-2.1644,-0.0633,5.6905,4.0651,4.0651,8.7884
2026-06-15 16:42:55.024,Igor,right,36.283,2177,,,,,,,-2.1742,-0.1087,5.6841,4.0892,4.0892,8.7956
2026-06-15 16:42:55.055,Igor,right,36.317,2179,,,,,,,-2.1716,-0.1253,5.6836,4.0890,4.0890,8.8109
2026-06-15 16:42:55.085,Igor,right,36.350,2181,,,,,,,-2.1663,-0.1403,5.6875,4.0927,4.0927,8.8063
2026-06-15 16:42:55.116,Igor,right,36.383,2183,,,,,,,-2.1659,-0.1527,5.6921,4.1001,4.1001,8.8398
2026-06-15 16:42:55.146,Igor,right,36.417,2185,,,,,,,-2.1571,-0.1675,5.7024,4.0964,4.0964,9.0062
2026-06-15 16:42:55.177,Igor,right,36.450,2187,,,,,,,-2.1497,-0.1784,5.7071,4.0909,4.0909,9.0557
2026-06-15 16:42:55.208,Igor,right,36.467,2188,,,,,,,-2.1314,-0.2197,5.7152,4.1079,4.1079,9.1040
2026-06-15 16:42:55.238,Igor,right,36.500,2190,,,,,,,-2.1201,-0.2556,5.7146,4.1203,4.1203,9.1235
2026-06-15 16:42:55.269,Igor,right,36.533,2192,,,,,,,-2.1080,-0.2989,5.7072,4.1186,4.1186,9.1547
2026-06-15 16:42:55.300,Igor,right,36.567,2194,,,,,,,-2.1058,-0.3101,5.7056,4.1201,4.1201,9.1203
2026-06-15 16:42:55.330,Igor,right,36.600,2196,,,,,,,-2.1043,-0.3389,5.7053,4.1379,4.1379,9.1052
2026-06-15 16:42:55.361,Igor,right,36.633,2198,,,,,,,-2.0912,-0.3710,5.7050,4.1662,4.1662,9.1671
2026-06-15 16:42:55.391,Igor,right,36.650,2199,,,,,,,-2.0795,-0.4089,5.7058,4.2077,4.2077,9.2929
2026-06-15 16:42:55.422,Igor,right,36.683,2201,,,,,,,-2.0613,-0.4235,5.7139,4.2079,4.2079,9.2897
2026-06-15 16:42:55.453,Igor,right,36.717,2203,,,,,,,-2.0384,-0.4334,5.7101,4.2053,4.2053,9.1575
2026-06-15 16:42:55.483,Igor,right,36.750,2205,,,,,,,-1.9361,-0.4483,5.6813,4.2295,4.2295,9.0669
2026-06-15 16:42:55.513,Igor,right,36.783,2207,,,,,,,-1.9138,-0.4428,5.6653,4.2131,4.2131,9.0621
2026-06-15 16:42:55.544,Igor,right,36.817,2209,,,,,,,-1.8730,-0.4622,5.6406,4.2114,4.2114,9.0986
2026-06-15 16:42:55.575,Igor,right,36.833,2210,,,,,,,-1.8320,-0.4919,5.6259,4.2105,4.2105,9.0925
2026-06-15 16:42:55.606,Igor,right,36.867,2212,,,,,,,-1.8046,-0.4969,5.6189,4.2055,4.2055,9.0463
2026-06-15 16:42:55.636,Igor,right,36.900,2214,,,,,,,-1.8217,-0.5024,5.6111,4.1508,4.1508,9.1721
2026-06-15 16:42:55.667,Igor,right,36.933,2216,,,,,,,-1.8505,-0.5296,5.6128,4.1084,4.1084,9.1524
2026-06-15 16:42:55.698,Igor,right,36.967,2218,,,,,,,-1.8576,-0.5569,5.6226,4.0689,4.0689,8.9901
2026-06-15 16:42:55.728,Igor,right,37.000,2220,,,,,,,-1.8668,-0.5645,5.6189,4.0739,4.0739,9.0246
2026-06-15 16:42:55.759,Igor,right,37.017,2221,,,,,,,-1.8410,-0.5886,5.6025,4.1199,4.1199,9.0681
2026-06-15 16:42:55.790,Igor,right,37.050,2223,,,,,,,-1.8306,-0.5983,5.5976,4.1583,4.1583,9.1673
2026-06-15 16:42:55.820,Igor,right,37.083,2225,,,,,,,-1.8107,-0.6197,5.5959,4.1919,4.1919,9.3175
2026-06-15 16:42:55.850,Igor,right,37.117,2227,,,,,,,-1.7690,-0.6491,5.6029,4.1754,4.1754,9.3241
2026-06-15 16:42:55.883,Igor,right,37.150,2229,,,,,,,-1.7352,-0.6738,5.6236,4.1381,4.1381,9.5063
2026-06-15 16:42:55.914,Igor,right,37.183,2231,,,,,,,-1.7242,-0.6829,5.6327,4.1202,4.1202,9.5251
2026-06-15 16:42:55.945,Igor,right,37.217,2233,,,,,,,-1.6908,-0.7167,5.6350,4.1668,4.1668,9.4915
2026-06-15 16:42:55.975,Igor,right,37.233,2234,,,,,,,-1.5525,-0.7488,5.6162,4.1207,4.1207,9.4795
2026-06-15 16:42:56.006,Igor,right,37.267,2236,,,,,,,-1.4524,-0.7682,5.5657,4.0797,4.0797,9.2060
2026-06-15 16:42:56.036,Igor,right,37.300,2238,,,,,,,-1.4044,-0.7802,5.5419,4.0289,4.0289,9.1236
2026-06-15 16:42:56.067,Igor,right,37.333,2240,,,,,,,-1.3524,-0.8039,5.5126,4.0347,4.0347,9.1173
2026-06-15 16:42:56.097,Igor,right,37.367,2242,,,,,,,-1.3600,-0.8309,5.5235,4.1180,4.1180,9.6389
2026-06-15 16:42:56.129,Igor,right,37.400,2244,,,,,,,-1.3277,-0.8416,5.5365,4.1455,4.1455,9.8491
2026-06-15 16:42:56.159,Igor,right,37.417,2245,,,,,,,-1.2580,-0.8427,5.5401,4.1518,4.1518,9.9372
2026-06-15 16:42:56.190,Igor,right,37.450,2247,,,,,,,-1.2403,-0.8522,5.5441,4.1858,4.1858,10.0211
2026-06-15 16:42:56.221,Igor,right,37.483,2249,,,,,,,-1.1931,-0.8716,5.5483,4.1985,4.1985,10.0614
2026-06-15 16:42:56.252,Igor,right,37.517,2251,,,,,,,-1.1764,-0.8510,5.5517,4.2365,4.2365,10.0883
2026-06-15 16:42:56.282,Igor,right,37.550,2253,,,,,,,-1.1303,-0.8328,5.5559,4.2553,4.2553,10.1035
2026-06-15 16:42:56.313,Igor,right,37.583,2255,,,,,,,-1.0380,-0.8382,5.5311,4.1293,4.1293,9.7241
2026-06-15 16:42:56.344,Igor,right,37.617,2257,,,,,,,-1.0069,-0.8438,5.5159,4.0925,4.0925,9.6367
2026-06-15 16:42:56.374,Igor,right,37.633,2258,,,,,,,-0.9533,-0.8651,5.4778,4.0215,4.0215,9.4581
2026-06-15 16:42:56.405,Igor,right,37.667,2260,,,,,,,-0.9057,-0.8655,5.4364,3.9872,3.9872,9.4811
2026-06-15 16:42:56.435,Igor,right,37.700,2262,,,,,,,-0.8660,-0.8755,5.4175,3.9938,3.9938,9.6299
2026-06-15 16:42:56.466,Igor,right,37.733,2264,,,,,,,-0.8301,-0.8919,5.4023,3.9627,3.9627,9.6214
2026-06-15 16:42:56.497,Igor,right,37.767,2266,,,,,,,-0.8156,-0.8958,5.3968,3.9630,3.9630,9.6565
2026-06-15 16:42:56.527,Igor,right,37.800,2268,,,,,,,-0.7527,-0.8701,5.4019,3.9458,3.9458,9.4689
2026-06-15 16:42:56.558,Igor,right,37.817,2269,,,,,,,-0.6754,-0.8357,5.3920,3.9245,3.9245,9.2384
2026-06-15 16:42:56.589,Igor,right,37.850,2271,,,,,,,-0.6219,-0.8040,5.3696,3.8958,3.8958,9.0859
2026-06-15 16:42:56.619,Igor,right,37.883,2273,,,,,,,-0.6059,-0.7984,5.3651,3.9145,3.9145,9.2002
2026-06-15 16:42:56.650,Igor,right,37.917,2275,,,,,,,-0.5896,-0.8070,5.3681,3.9411,3.9411,9.3807
2026-06-15 16:42:56.681,Igor,right,37.950,2277,,,,,,,-0.5606,-0.7864,5.3651,3.9275,3.9275,9.3192
2026-06-15 16:42:56.711,Igor,right,37.983,2279,,,,,,,-0.5394,-0.7666,5.3665,3.9178,3.9178,9.2935
2026-06-15 16:42:56.742,Igor,right,38.000,2280,,,,,,,-0.5280,-0.7642,5.3673,3.9275,3.9275,9.3241
2026-06-15 16:42:56.772,Igor,right,38.033,2282,,,,,,,-0.4850,-0.7420,5.3552,3.9034,3.9034,9.2686
2026-06-15 16:42:56.803,Igor,right,38.067,2284,,,,,,,-0.4609,-0.7153,5.3637,3.9494,3.9494,9.3819
2026-06-15 16:42:56.833,Igor,right,38.100,2286,,,,,,,-0.4163,-0.6906,5.3722,4.0021,4.0021,9.4548
2026-06-15 16:42:56.864,Igor,right,38.133,2288,,,,,,,-0.4065,-0.6805,5.3714,3.9797,3.9797,9.5088
2026-06-15 16:42:56.897,Igor,right,38.167,2290,,,,,,,-0.3608,-0.6508,5.3766,3.9842,3.9842,9.6126
2026-06-15 16:42:56.928,Igor,right,38.200,2292,,,,,,,-0.3207,-0.5937,5.3902,4.0029,4.0029,9.6632
2026-06-15 16:42:56.958,Igor,right,38.217,2293,,,,,,,-0.2717,-0.5225,5.4070,4.0147,4.0147,9.7912
2026-06-15 16:42:56.988,Igor,right,38.250,2295,,,,,,,-0.2518,-0.4787,5.4160,4.0151,4.0151,9.9037
2026-06-15 16:42:57.019,Igor,right,38.283,2297,,,,,,,-0.2122,-0.4104,5.4338,4.0342,4.0342,10.0418
2026-06-15 16:42:57.049,Igor,right,38.317,2299,,,,,,,-0.1588,-0.3920,5.4313,4.0132,4.0132,9.8629
2026-06-15 16:42:57.080,Igor,right,38.350,2301,,,,,,,-0.1157,-0.3755,5.4245,4.0034,4.0034,9.8502
2026-06-15 16:42:57.111,Igor,right,38.383,2303,,,,,,,-0.0876,-0.3519,5.4301,3.9792,3.9792,9.8336
2026-06-15 16:42:57.141,Igor,right,38.400,2304,,,,,,,-0.0779,-0.3208,5.4541,4.0377,4.0377,10.1815
2026-06-15 16:42:57.172,Igor,right,38.433,2306,,,,,,,-0.0699,-0.3049,5.4646,4.0598,4.0598,10.3239
2026-06-15 16:42:57.202,Igor,right,38.467,2308,,,,,,,-0.0725,-0.3073,5.4647,4.0898,4.0898,10.3394
2026-06-15 16:42:57.233,Igor,right,38.500,2310,,,,,,,-0.0936,-0.2884,5.4565,4.1245,4.1245,10.5201
2026-06-15 16:42:57.263,Igor,right,38.533,2312,,,,,,,-0.1002,-0.2552,5.4548,4.0786,4.0786,10.5285
2026-06-15 16:42:57.294,Igor,right,38.567,2314,,,,,,,-0.1124,-0.2444,5.4598,4.0839,4.0839,10.6409
2026-06-15 16:42:57.325,Igor,right,38.583,2315,,,,,,,-0.0526,-0.2066,5.4832,4.1309,4.1309,10.6504
2026-06-15 16:42:57.355,Igor,right,38.617,2317,,,,,,,-0.0121,-0.1659,5.4992,4.1431,4.1431,10.6139
2026-06-15 16:42:57.386,Igor,right,38.650,2319,,,,,,,0.0279,-0.1394,5.4983,4.1477,4.1477,10.6093
2026-06-15 16:42:57.416,Igor,right,38.683,2321,,,,,,,0.0229,-0.1223,5.4950,4.1952,4.1952,10.7712
2026-06-15 16:42:57.447,Igor,right,38.717,2323,,,,,,,0.0310,-0.1072,5.4914,4.2091,4.2091,10.8036
2026-06-15 16:42:57.477,Igor,right,38.750,2325,,,,,,,0.0722,-0.0659,5.4696,4.1869,4.1869,10.5630
2026-06-15 16:42:57.508,Igor,right,38.767,2326,,,,,,,0.0927,-0.0366,5.4519,4.1671,4.1671,10.4371
2026-06-15 16:42:57.539,Igor,right,38.800,2328,,,,,,,0.0704,0.0088,5.4400,4.1623,4.1623,10.3587
2026-06-15 16:42:57.570,Igor,right,38.833,2330,,,,,,,0.0380,0.0858,5.4270,4.1655,4.1655,10.3995
2026-06-15 16:42:57.600,Igor,right,38.867,2332,,,,,,,0.0312,0.1361,5.4130,4.1941,4.1941,10.3842
2026-06-15 16:42:57.631,Igor,right,38.900,2334,,,,,,,0.0080,0.1692,5.3927,4.1613,4.1613,10.4526
2026-06-15 16:42:57.661,Igor,right,38.933,2336,,,,,,,-0.0123,0.1990,5.3725,4.1691,4.1691,10.4926
2026-06-15 16:42:57.692,Igor,right,38.950,2337,,,,,,,-0.0250,0.2134,5.3662,4.2000,4.2000,10.5092
2026-06-15 16:42:57.723,Igor,right,38.983,2339,,,,,,,-0.0478,0.2680,5.3467,4.1938,4.1938,10.5245
2026-06-15 16:42:57.753,Igor,right,39.017,2341,,,,,,,-0.0630,0.3024,5.3411,4.2127,4.2127,10.6971
2026-06-15 16:42:57.784,Igor,right,39.050,2343,,,,,,,-0.0842,0.3256,5.3447,4.1596,4.1596,10.6354
2026-06-15 16:42:57.814,Igor,right,39.083,2345,,,,,,,-0.0918,0.3363,5.3465,4.1447,4.1447,10.5998
2026-06-15 16:42:57.845,Igor,right,39.117,2347,,,,,,,-0.0725,0.3485,5.3657,4.1344,4.1344,10.5531
2026-06-15 16:42:57.876,Igor,right,39.133,2348,,,,,,,-0.0791,0.3512,5.3875,4.1691,4.1691,10.5702
2026-06-15 16:42:57.907,Igor,right,39.167,2350,,,,,,,-0.1000,0.3699,5.4070,4.1713,4.1713,10.6111
2026-06-15 16:42:57.937,Igor,right,39.200,2352,,,,,,,-0.1316,0.3728,5.4021,4.1860,4.1860,10.6474
2026-06-15 16:42:57.967,Igor,right,39.233,2354,,,,,,,-0.1817,0.4060,5.3817,4.1897,4.1897,10.6538
2026-06-15 16:42:57.998,Igor,right,39.267,2356,,,,,,,-0.2163,0.4356,5.3699,4.1751,4.1751,10.5539
2026-06-15 16:42:58.029,Igor,right,39.300,2358,,,,,,,-0.2356,0.4490,5.3638,4.1703,4.1703,10.5174
2026-06-15 16:42:58.060,Igor,right,39.333,2360,,,,,,,-0.2543,0.5133,5.3559,4.1668,4.1668,10.4188
2026-06-15 16:42:58.090,Igor,right,39.350,2361,,,,,,,-0.2764,0.5355,5.3584,4.1703,4.1703,10.4776
2026-06-15 16:42:58.120,Igor,right,39.383,2363,,,,,,,-0.3175,0.5689,5.3631,4.1934,4.1934,10.4797
2026-06-15 16:42:58.151,Igor,right,39.417,2365,,,,,,,-0.3353,0.5900,5.3783,4.1878,4.1878,10.5169
2026-06-15 16:42:58.182,Igor,right,39.450,2367,,,,,,,-0.3520,0.5945,5.3875,4.1781,4.1781,10.5079
2026-06-15 16:42:58.212,Igor,right,39.483,2369,,,,,,,-0.4154,0.5935,5.3902,4.2251,4.2251,10.4451
2026-06-15 16:42:58.243,Igor,right,39.500,2370,,,,,,,-0.4472,0.6006,5.3858,4.2001,4.2001,10.4305
2026-06-15 16:42:58.273,Igor,right,39.533,2372,,,,,,,-0.4704,0.6458,5.3934,4.1732,4.1732,10.2431
2026-06-15 16:42:58.304,Igor,right,39.567,2374,,,,,,,-0.4836,0.6547,5.3946,4.1738,4.1738,10.1801
2026-06-15 16:42:58.334,Igor,right,39.600,2376,,,,,,,-0.5237,0.6734,5.3856,4.1620,4.1620,10.1205
2026-06-15 16:42:58.365,Igor,right,39.633,2378,,,,,,,-0.5458,0.6781,5.3750,4.1637,4.1637,10.0956
2026-06-15 16:42:58.395,Igor,right,39.667,2380,,,,,,,-0.5954,0.7045,5.3609,4.1920,4.1920,10.2264
2026-06-15 16:42:58.426,Igor,right,39.683,2381,,,,,,,-0.6248,0.7376,5.3523,4.1828,4.1828,10.0541
2026-06-15 16:42:58.456,Igor,right,39.717,2383,,,,,,,-0.6457,0.7564,5.3516,4.1762,4.1762,9.9680
2026-06-15 16:42:58.487,Igor,right,39.750,2385,,,,,,,-0.6708,0.7641,5.3555,4.1519,4.1519,10.0005
2026-06-15 16:42:58.517,Igor,right,39.783,2387,,,,,,,-0.7234,0.8043,5.3711,4.1468,4.1468,9.9640
2026-06-15 16:42:58.548,Igor,right,39.817,2389,,,,,,,-0.7483,0.8961,5.3568,4.1124,4.1124,9.6494
2026-06-15 16:42:58.578,Igor,right,39.850,2391,,,,,,,-0.7820,0.9339,5.3537,4.1652,4.1652,9.4859
2026-06-15 16:42:58.609,Igor,right,39.867,2392,,,,,,,-0.8141,0.9297,5.3557,4.1779,4.1779,9.5565
2026-06-15 16:42:58.639,Igor,right,39.900,2394,,,,,,,-0.8917,0.9031,5.3836,4.1735,4.1735,9.7511
2026-06-15 16:42:58.670,Igor,right,39.933,2396,,,,,,,-0.9265,0.9058,5.4195,4.1767,4.1767,9.7256
2026-06-15 16:42:58.700,Igor,right,39.967,2398,,,,,,,-0.9540,0.8992,5.4550,4.1347,4.1347,9.7042
2026-06-15 16:42:58.731,Igor,right,40.000,2400,,,,,,,-0.9815,0.9077,5.4650,4.1794,4.1794,9.7061
2026-06-15 16:42:58.762,Igor,right,40.033,2402,,,,,,,-1.0131,0.9076,5.4658,4.2300,4.2300,9.6017
2026-06-15 16:42:58.792,Igor,right,40.050,2403,,,,,,,-1.0737,0.9187,5.4831,4.2454,4.2454,9.7604
2026-06-15 16:42:58.823,Igor,right,40.083,2405,,,,,,,-1.1015,0.9238,5.4926,4.2599,4.2599,9.7504
2026-06-15 16:42:58.853,Igor,right,40.117,2407,,,,,,,-1.1398,0.9277,5.5097,4.2549,4.2549,9.6405
2026-06-15 16:42:58.884,Igor,right,40.150,2409,,,,,,,-1.1888,0.9048,5.5428,4.2377,4.2377,9.6988
2026-06-15 16:42:58.915,Igor,right,40.183,2411,,,,,,,-1.2328,0.9101,5.5577,4.2387,4.2387,9.6390
2026-06-15 16:42:58.946,Igor,right,40.200,2412,,,,,,,-1.2774,0.9142,5.5654,4.2051,4.2051,9.5631
2026-06-15 16:42:58.977,Igor,right,40.250,2415,,,,,,,-1.3068,0.9106,5.5723,4.2036,4.2036,9.5831
2026-06-15 16:42:59.007,Igor,right,40.267,2416,,,,,,,-1.3463,0.9344,5.5921,4.2419,4.2419,9.6179
2026-06-15 16:42:59.038,Igor,right,40.300,2418,,,,,,,-1.3776,0.9255,5.6045,4.2872,4.2872,9.7467
2026-06-15 16:42:59.068,Igor,right,40.333,2420,,,,,,,-1.4107,0.9023,5.6170,4.3068,4.3068,9.9246
2026-06-15 16:42:59.099,Igor,right,40.367,2422,,,,,,,-1.4434,0.8676,5.6296,4.2735,4.2735,10.0363
2026-06-15 16:42:59.130,Igor,right,40.400,2424,,,,,,,-1.4628,0.8625,5.6369,4.2692,4.2692,10.0092
2026-06-15 16:42:59.161,Igor,right,40.433,2426,,,,,,,-1.4777,0.8807,5.6257,4.1993,4.1993,9.7780
2026-06-15 16:42:59.192,Igor,right,40.450,2427,,,,,,,-1.5561,0.8883,5.6325,4.1992,4.1992,9.6379
2026-06-15 16:42:59.223,Igor,right,40.483,2429,,,,,,,-1.6458,0.8653,5.6586,4.1954,4.1954,9.5011
2026-06-15 16:42:59.254,Igor,right,40.517,2431,,,,,,,-1.6889,0.8450,5.6738,4.2313,4.2313,9.6002
2026-06-15 16:42:59.284,Igor,right,40.550,2433,,,,,,,-1.7597,0.7983,5.7047,4.2704,4.2704,9.7526
2026-06-15 16:42:59.315,Igor,right,40.583,2435,,,,,,,-1.7752,0.7511,5.7308,4.2531,4.2531,9.7914
2026-06-15 16:42:59.345,Igor,right,40.617,2437,,,,,,,-1.7852,0.7330,5.7394,4.2782,4.2782,9.7842
2026-06-15 16:42:59.376,Igor,right,40.633,2438,,,,,,,-1.7794,0.7045,5.7556,4.2435,4.2435,9.8166
2026-06-15 16:42:59.407,Igor,right,40.667,2440,,,,,,,-1.7917,0.6855,5.7593,4.2629,4.2629,9.7737
2026-06-15 16:42:59.437,Igor,right,40.700,2442,,,,,,,-1.8250,0.6818,5.7601,4.1942,4.1942,9.6826
2026-06-15 16:42:59.468,Igor,right,40.733,2444,,,,,,,-1.8597,0.6674,5.7537,4.1699,4.1699,9.5509
2026-06-15 16:42:59.499,Igor,right,40.767,2446,,,,,,,-1.8989,0.6438,5.7615,4.1603,4.1603,9.5504
2026-06-15 16:42:59.529,Igor,right,40.800,2448,,,,,,,-1.9244,0.6273,5.7617,4.1894,4.1894,9.5570
2026-06-15 16:42:59.560,Igor,right,40.817,2449,,,,,,,-1.9699,0.5844,5.7591,4.2232,4.2232,9.6294
2026-06-15 16:42:59.590,Igor,right,40.850,2451,,,,,,,-1.9749,0.5407,5.7473,4.2152,4.2152,9.5761
2026-06-15 16:42:59.621,Igor,right,40.883,2453,,,,,,,-1.9883,0.5170,5.7430,4.2262,4.2262,9.5799
2026-06-15 16:42:59.651,Igor,right,40.917,2455,,,,,,,-2.0050,0.4717,5.7578,4.2597,4.2597,9.7737
2026-06-15 16:42:59.681,Igor,right,40.950,2457,,,,,,,-2.0208,0.4240,5.7710,4.2711,4.2711,9.8297
2026-06-15 16:42:59.712,Igor,right,40.983,2459,,,,,,,-2.0361,0.3833,5.7834,4.2410,4.2410,9.8254
2026-06-15 16:42:59.743,Igor,right,41.000,2460,,,,,,,-2.0127,0.3546,5.8081,4.2190,4.2190,9.8159
2026-06-15 16:42:59.773,Igor,right,41.033,2462,,,,,,,-2.0333,0.3341,5.8113,4.2512,4.2512,9.7921
2026-06-15 16:42:59.804,Igor,right,41.067,2464,,,,,,,-2.0450,0.3070,5.7943,4.3123,4.3123,9.7142
2026-06-15 16:42:59.834,Igor,right,41.100,2466,,,,,,,-2.0524,0.2708,5.7751,4.2994,4.2994,9.7025
2026-06-15 16:42:59.865,Igor,right,41.133,2468,,,,,,,-2.0551,0.2582,5.7657,4.2945,4.2945,9.7014
2026-06-15 16:42:59.895,Igor,right,41.167,2470,,,,,,,-2.0873,0.2439,5.7434,4.3115,4.3115,9.6717
2026-06-15 16:42:59.927,Igor,right,41.200,2472,,,,,,,-2.0857,0.2231,5.7235,4.3215,4.3215,9.5978
2026-06-15 16:42:59.957,Igor,right,41.217,2473,,,,,,,-2.0722,0.1964,5.7291,4.2442,4.2442,9.6794
2026-06-15 16:42:59.988,Igor,right,41.250,2475,,,,,,,-2.0559,0.1651,5.7425,4.2076,4.2076,9.5554
2026-06-15 16:43:00.019,Igor,right,41.283,2477,,,,,,,-2.0456,0.1200,5.7522,4.1606,4.1606,9.5066
2026-06-15 16:43:00.049,Igor,right,41.317,2479,,,,,,,-2.0456,0.0474,5.7482,4.1362,4.1362,9.4627
2026-06-15 16:43:00.080,Igor,right,41.350,2481,,,,,,,-2.0504,0.0164,5.7435,4.1369,4.1369,9.4795
2026-06-15 16:43:00.111,Igor,right,41.383,2483,,,,,,,-2.0550,-0.0149,5.7371,4.1957,4.1957,9.4285
2026-06-15 16:43:00.141,Igor,right,41.400,2484,,,,,,,-2.0559,-0.0266,5.7344,4.1995,4.1995,9.3735
2026-06-15 16:43:00.172,Igor,right,41.433,2486,,,,,,,-2.0251,-0.0945,5.7238,4.2644,4.2644,9.3889
2026-06-15 16:43:00.202,Igor,right,41.467,2488,,,,,,,-2.0157,-0.1169,5.7227,4.2594,4.2594,9.4544
2026-06-15 16:43:00.233,Igor,right,41.500,2490,,,,,,,-2.0286,-0.1558,5.7290,4.2649,4.2649,9.5573
2026-06-15 16:43:00.264,Igor,right,41.533,2492,,,,,,,-2.0357,-0.1759,5.7378,4.3587,4.3587,9.5726
2026-06-15 16:43:00.294,Igor,right,41.567,2494,,,,,,,-2.0104,-0.1923,5.7369,4.3713,4.3713,9.4256
2026-06-15 16:43:00.325,Igor,right,41.583,2495,,,,,,,-1.9867,-0.2253,5.7150,4.3698,4.3698,9.2522
2026-06-15 16:43:00.355,Igor,right,41.617,2497,,,,,,,-1.9733,-0.2391,5.7071,4.3586,4.3586,9.1888
2026-06-15 16:43:00.386,Igor,right,41.650,2499,,,,,,,-1.9425,-0.2535,5.7074,4.3322,4.3322,9.1757
2026-06-15 16:43:00.416,Igor,right,41.683,2501,,,,,,,-1.9143,-0.2814,5.6985,4.3556,4.3556,9.3347
2026-06-15 16:43:00.447,Igor,right,41.717,2503,,,,,,,-1.8938,-0.3208,5.6955,4.3757,4.3757,9.5183
2026-06-15 16:43:00.478,Igor,right,41.750,2505,,,,,,,-1.8777,-0.3617,5.6663,4.4159,4.4159,9.6856
2026-06-15 16:43:00.508,Igor,right,41.767,2506,,,,,,,-1.8634,-0.3794,5.6508,4.4045,4.4045,9.6761
2026-06-15 16:43:00.539,Igor,right,41.800,2508,,,,,,,-1.8658,-0.3859,5.6460,4.3980,4.3980,9.6284
2026-06-15 16:43:00.569,Igor,right,41.833,2510,,,,,,,-1.8535,-0.4181,5.6416,4.3675,4.3675,9.7630
2026-06-15 16:43:00.600,Igor,right,41.867,2512,,,,,,,-1.8218,-0.4482,5.6342,4.3084,4.3084,9.7312
2026-06-15 16:43:00.631,Igor,right,41.900,2514,,,,,,,-1.8030,-0.4597,5.6286,4.2842,4.2842,9.7666
2026-06-15 16:43:00.662,Igor,right,41.933,2516,,,,,,,-1.7665,-0.4865,5.6024,4.2568,4.2568,9.7879
2026-06-15 16:43:00.692,Igor,right,41.950,2517,,,,,,,-1.7158,-0.5133,5.5955,4.2433,4.2433,9.7755
2026-06-15 16:43:00.723,Igor,right,41.983,2519,,,,,,,-1.6778,-0.5405,5.5879,4.2308,4.2308,9.8210
2026-06-15 16:43:00.754,Igor,right,42.017,2521,,,,,,,-1.6629,-0.5515,5.5859,4.2545,4.2545,9.9287
2026-06-15 16:43:00.784,Igor,right,42.050,2523,,,,,,,-1.6414,-0.5786,5.5819,4.2758,4.2758,10.0425
2026-06-15 16:43:00.815,Igor,right,42.083,2525,,,,,,,-1.6057,-0.6215,5.5748,4.2757,4.2757,10.1183
2026-06-15 16:43:00.846,Igor,right,42.117,2527,,,,,,,-1.5776,-0.6367,5.5632,4.2674,4.2674,10.0457
2026-06-15 16:43:00.876,Igor,right,42.150,2529,,,,,,,-1.5651,-0.6509,5.5588,4.2510,4.2510,10.0296
2026-06-15 16:43:00.907,Igor,right,42.167,2530,,,,,,,-1.5293,-0.6602,5.5517,4.2802,4.2802,9.9733
2026-06-15 16:43:00.943,Igor,right,42.200,2532,,,,,,,-1.4922,-0.6767,5.5390,4.2742,4.2742,9.9169
2026-06-15 16:43:00.974,Igor,right,42.233,2534,,,,,,,-1.3729,-0.6976,5.5198,4.2712,4.2712,10.0221
2026-06-15 16:43:01.004,Igor,right,42.267,2536,,,,,,,-1.2267,-0.7014,5.4899,4.2613,4.2613,10.0128
2026-06-15 16:43:01.035,Igor,right,42.300,2538,,,,,,,-1.1831,-0.7138,5.4702,4.2353,4.2353,10.0115
2026-06-15 16:43:01.066,Igor,right,42.333,2540,,,,,,,-1.0862,-0.7057,5.4159,4.2165,4.2165,9.8335
2026-06-15 16:43:01.097,Igor,right,42.367,2542,,,,,,,-1.0654,-0.7084,5.3992,4.2037,4.2037,9.8624
2026-06-15 16:43:01.127,Igor,right,42.400,2544,,,,,,,-1.0418,-0.7050,5.3821,4.1911,4.1911,9.8529
2026-06-15 16:43:01.158,Igor,right,42.417,2545,,,,,,,-1.1161,-0.7370,5.3733,4.2336,4.2336,9.9227
2026-06-15 16:43:01.189,Igor,right,42.450,2547,,,,,,,-1.1394,-0.7573,5.3712,4.2503,4.2503,10.0341
2026-06-15 16:43:01.219,Igor,right,42.483,2549,,,,,,,-1.1176,-0.7870,5.3761,4.2304,4.2304,10.0498
2026-06-15 16:43:01.250,Igor,right,42.517,2551,,,,,,,-1.1087,-0.7915,5.3769,4.2282,4.2282,9.9986
2026-06-15 16:43:01.280,Igor,right,42.550,2553,,,,,,,-1.0469,-0.8089,5.3579,4.1534,4.1534,9.8896
2026-06-15 16:43:01.311,Igor,right,42.583,2555,,,,,,,-0.9978,-0.8420,5.3291,4.1135,4.1135,9.9935
2026-06-15 16:43:01.341,Igor,right,42.600,2556,,,,,,,-0.9429,-0.8419,5.3039,4.1003,4.1003,9.8409
2026-06-15 16:43:01.372,Igor,right,42.633,2558,,,,,,,-0.9329,-0.8501,5.2973,4.1357,4.1357,10.0605
2026-06-15 16:43:01.402,Igor,right,42.667,2560,,,,,,,-0.9035,-0.8693,5.2885,4.1600,4.1600,10.2824
2026-06-15 16:43:01.433,Igor,right,42.700,2562,,,,,,,-0.8337,-0.8801,5.2878,4.1168,4.1168,10.2837
2026-06-15 16:43:01.463,Igor,right,42.733,2564,,,,,,,-0.8054,-0.8776,5.2918,4.1280,4.1280,10.4716
2026-06-15 16:43:01.494,Igor,right,42.767,2566,,,,,,,-0.7660,-0.8797,5.2936,4.1441,4.1441,10.5121
2026-06-15 16:43:01.524,Igor,right,42.783,2567,,,,,,,-0.7309,-0.8599,5.2914,4.1330,4.1330,10.4198
2026-06-15 16:43:01.556,Igor,right,42.817,2569,,,,,,,-0.6852,-0.8455,5.2831,4.1471,4.1471,10.4824
2026-06-15 16:43:01.586,Igor,right,42.850,2571,,,,,,,-0.6699,-0.8481,5.2870,4.2214,4.2214,10.6523
2026-06-15 16:43:01.616,Igor,right,42.883,2573,,,,,,,-0.6661,-0.8530,5.2937,4.2397,4.2397,10.7752
2026-06-15 16:43:01.647,Igor,right,42.917,2575,,,,,,,-0.6219,-0.8680,5.3028,4.2173,4.2173,10.9262
2026-06-15 16:43:01.679,Igor,right,42.950,2577,,,,,,,-0.5811,-0.8549,5.2904,4.1492,4.1492,10.6961
2026-06-15 16:43:01.710,Igor,right,42.983,2579,,,,,,,-0.5057,-0.8378,5.2656,4.1392,4.1392,10.6028
2026-06-15 16:43:01.741,Igor,right,43.000,2580,,,,,,,-0.4402,-0.7922,5.2573,4.1605,4.1605,10.4821
2026-06-15 16:43:01.771,Igor,right,43.033,2582,,,,,,,-0.4101,-0.7749,5.2606,4.1934,4.1934,10.6100
2026-06-15 16:43:01.802,Igor,right,43.067,2584,,,,,,,-0.3929,-0.7727,5.2642,4.2377,4.2377,10.6846
2026-06-15 16:43:01.833,Igor,right,43.100,2586,,,,,,,-0.3799,-0.7476,5.2715,4.2620,4.2620,10.7039
2026-06-15 16:43:01.863,Igor,right,43.133,2588,,,,,,,-0.3604,-0.7352,5.2677,4.2381,4.2381,10.7103
2026-06-15 16:43:01.894,Igor,right,43.167,2590,,,,,,,-0.3456,-0.7108,5.2634,4.2438,4.2438,10.8083
2026-06-15 16:43:01.925,Igor,right,43.183,2591,,,,,,,-0.3157,-0.6787,5.2699,4.2627,4.2627,10.8517
2026-06-15 16:43:01.957,Igor,right,43.217,2593,,,,,,,-0.2746,-0.6646,5.2879,4.3251,4.3251,10.8712
2026-06-15 16:43:01.988,Igor,right,43.250,2595,,,,,,,-0.2575,-0.6598,5.3031,4.3503,4.3503,10.9078
2026-06-15 16:43:02.018,Igor,right,43.283,2597,,,,,,,-0.2239,-0.6413,5.3216,4.3955,4.3955,10.9845
2026-06-15 16:43:02.049,Igor,right,43.317,2599,,,,,,,-0.1696,-0.6169,5.3312,4.3679,4.3679,10.9201
2026-06-15 16:43:02.080,Igor,right,43.350,2601,,,,,,,0.0151,-0.5134,5.3429,4.3817,4.3817,11.1794
2026-06-15 16:43:02.110,Igor,right,43.383,2603,,,,,,,0.0601,-0.4786,5.3446,4.3614,4.3614,11.0485
2026-06-15 16:43:02.141,Igor,right,43.400,2604,,,,,,,0.1454,-0.4094,5.3367,4.3627,4.3627,10.9432
2026-06-15 16:43:02.171,Igor,right,43.433,2606,,,,,,,0.2110,-0.3487,5.3430,4.3715,4.3715,11.0774
2026-06-15 16:43:02.202,Igor,right,43.467,2608,,,,,,,0.2322,-0.2961,5.3529,4.3871,4.3871,11.2621
2026-06-15 16:43:02.232,Igor,right,43.500,2610,,,,,,,0.1495,-0.2618,5.3485,4.3996,4.3996,11.1631
2026-06-15 16:43:02.263,Igor,right,43.533,2612,,,,,,,0.1302,-0.2291,5.3530,4.3943,4.3943,11.2403
2026-06-15 16:43:02.294,Igor,right,43.567,2614,,,,,,,0.1239,-0.1924,5.3582,4.3823,4.3823,11.1524
2026-06-15 16:43:02.324,Igor,right,43.583,2615,,,,,,,0.1185,-0.1524,5.3672,4.3317,4.3317,11.1689
2026-06-15 16:43:02.355,Igor,right,43.617,2617,,,,,,,0.1174,-0.1521,5.3753,4.3414,4.3414,11.2110
2026-06-15 16:43:02.385,Igor,right,43.650,2619,,,,,,,0.1187,-0.1628,5.3754,4.3363,4.3363,11.3095
2026-06-15 16:43:02.416,Igor,right,43.683,2621,,,,,,,0.1241,-0.1442,5.3702,4.3964,4.3964,11.3657
2026-06-15 16:43:02.446,Igor,right,43.717,2623,,,,,,,0.1578,-0.0982,5.3635,4.4605,4.4605,11.4395
2026-06-15 16:43:02.477,Igor,right,43.750,2625,,,,,,,0.1651,-0.0472,5.3454,4.4193,4.4193,11.4296
2026-06-15 16:43:02.508,Igor,right,43.767,2626,,,,,,,0.1517,-0.0142,5.3386,4.4324,4.4324,11.4659
2026-06-15 16:43:02.538,Igor,right,43.800,2628,,,,,,,0.1035,0.0266,5.3427,4.3851,4.3851,11.5448
2026-06-15 16:43:02.569,Igor,right,43.833,2630,,,,,,,0.0948,0.0718,5.3560,4.3497,4.3497,11.4279
2026-06-15 16:43:02.599,Igor,right,43.867,2632,,,,,,,0.0975,0.1159,5.3804,4.3829,4.3829,11.5529
2026-06-15 16:43:02.630,Igor,right,43.900,2634,,,,,,,0.1022,0.1442,5.4065,4.3565,4.3565,11.2852
2026-06-15 16:43:02.661,Igor,right,43.933,2636,,,,,,,0.0972,0.1570,5.4192,4.3593,4.3593,11.2558
2026-06-15 16:43:02.692,Igor,right,43.950,2637,,,,,,,0.0646,0.1729,5.4311,4.3849,4.3849,11.2320
2026-06-15 16:43:02.722,Igor,right,43.983,2639,,,,,,,0.0575,0.1763,5.4376,4.3340,4.3340,11.1363
2026-06-15 16:43:02.753,Igor,right,44.017,2641,,,,,,,0.0679,0.1982,5.4298,4.2819,4.2819,11.0333
2026-06-15 16:43:02.784,Igor,right,44.050,2643,,,,,,,0.0679,0.1982,5.4298,4.2819,4.2819,11.0333
2026-06-15 16:43:02.814,Igor,right,44.083,2645,,,,,,,-0.0122,0.2954,5.4270,4.2893,4.2893,11.0528
2026-06-15 16:43:02.845,Igor,right,44.117,2647,,,,,,,-0.0373,0.3398,5.4278,4.3063,4.3063,11.0805
2026-06-15 16:43:02.876,Igor,right,44.133,2648,,,,,,,-0.0753,0.3994,5.4287,4.3292,4.3292,11.1654
2026-06-15 16:43:02.906,Igor,right,44.167,2650,,,,,,,-0.0886,0.4250,5.4289,4.3279,4.3279,11.1961
2026-06-15 16:43:02.937,Igor,right,44.200,2652,,,,,,,-0.0817,0.4768,5.4486,4.3093,4.3093,11.0800
2026-06-15 16:43:02.970,Igor,right,44.233,2654,,,,,,,-0.1140,0.5089,5.4513,4.3664,4.3664,11.0718
2026-06-15 16:43:03.001,Igor,right,44.267,2656,,,,,,,-0.1213,0.5382,5.4617,4.3610,4.3610,11.0883
2026-06-15 16:43:03.031,Igor,right,44.300,2658,,,,,,,-0.1350,0.5726,5.4775,4.3469,4.3469,11.0389
2026-06-15 16:43:03.062,Igor,right,44.333,2660,,,,,,,-0.1408,0.6078,5.4721,4.3035,4.3035,10.8671
2026-06-15 16:43:03.093,Igor,right,44.350,2661,,,,,,,-0.1441,0.6339,5.4629,4.2908,4.2908,10.7344
2026-06-15 16:43:03.123,Igor,right,44.383,2663,,,,,,,-0.2152,0.6655,5.4344,4.2300,4.2300,10.7645
2026-06-15 16:43:03.153,Igor,right,44.417,2665,,,,,,,-0.2495,0.7153,5.4086,4.2026,4.2026,10.7094
2026-06-15 16:43:03.184,Igor,right,44.450,2667,,,,,,,-0.2759,0.7358,5.4030,4.2096,4.2096,10.7753
2026-06-15 16:43:03.214,Igor,right,44.483,2669,,,,,,,-0.3039,0.7593,5.3999,4.2563,4.2563,10.7563
2026-06-15 16:43:03.245,Igor,right,44.517,2671,,,,,,,-0.3455,0.7830,5.4088,4.2568,4.2568,10.7732
2026-06-15 16:43:03.275,Igor,right,44.533,2672,,,,,,,-0.3586,0.8278,5.4013,4.2627,4.2627,10.6775
2026-06-15 16:43:03.306,Igor,right,44.567,2674,,,,,,,-0.3795,0.8467,5.3904,4.2739,4.2739,10.6825
2026-06-15 16:43:03.336,Igor,right,44.600,2676,,,,,,,-0.4249,0.8873,5.3659,4.2865,4.2865,10.5438
2026-06-15 16:43:03.367,Igor,right,44.633,2678,,,,,,,-0.4640,0.9021,5.3439,4.2957,4.2957,10.5250
2026-06-15 16:43:03.398,Igor,right,44.667,2680,,,,,,,-0.5244,0.8900,5.3503,4.3029,4.3029,10.6729
2026-06-15 16:43:03.429,Igor,right,44.700,2682,,,,,,,-0.5523,0.8942,5.3821,4.3357,4.3357,10.6889
2026-06-15 16:43:03.459,Igor,right,44.717,2683,,,,,,,-0.5932,0.9079,5.4181,4.3784,4.3784,10.5193
2026-06-15 16:43:03.490,Igor,right,44.750,2685,,,,,,,-0.6083,0.9159,5.4281,4.3866,4.3866,10.3875
2026-06-15 16:43:03.521,Igor,right,44.783,2687,,,,,,,-0.6781,0.9331,5.4450,4.3961,4.3961,10.4193
2026-06-15 16:43:03.551,Igor,right,44.817,2689,,,,,,,-0.7620,0.9668,5.4416,4.4262,4.4262,10.3464
2026-06-15 16:43:03.581,Igor,right,44.850,2691,,,,,,,-0.8710,1.0052,5.4864,4.3788,4.3788,10.5517
2026-06-15 16:43:03.613,Igor,right,44.883,2693,,,,,,,-0.9245,1.0140,5.5119,4.3842,4.3842,10.5052
2026-06-15 16:43:03.643,Igor,right,44.900,2694,,,,,,,-0.9731,1.0450,5.5471,4.3517,4.3517,10.2778
2026-06-15 16:43:03.674,Igor,right,44.933,2696,,,,,,,-1.0037,1.0622,5.5549,4.3441,4.3441,10.2152
2026-06-15 16:43:03.704,Igor,right,44.967,2698,,,,,,,-1.0396,1.0831,5.5558,4.3473,4.3473,10.1871
2026-06-15 16:43:03.735,Igor,right,45.000,2700,,,,,,,-1.0764,1.0903,5.5564,4.3529,4.3529,10.1546
2026-06-15 16:43:03.766,Igor,right,45.033,2702,,,,,,,-1.1126,1.0734,5.5596,4.3557,4.3557,10.1282
2026-06-15 16:43:03.796,Igor,right,45.067,2704,,,,,,,-1.1563,1.0867,5.5781,4.3025,4.3025,9.9989
2026-06-15 16:43:03.827,Igor,right,45.100,2706,,,,,,,-1.1976,1.0815,5.6010,4.2662,4.2662,9.9146
2026-06-15 16:43:03.857,Igor,right,45.117,2707,,,,,,,-1.2272,1.0734,5.6124,4.2578,4.2578,9.8214
2026-06-15 16:43:03.888,Igor,right,45.150,2709,,,,,,,-1.2510,1.0738,5.6235,4.2481,4.2481,9.7687
2026-06-15 16:43:03.919,Igor,right,45.183,2711,,,,,,,-1.2708,1.0714,5.6268,4.2776,4.2776,9.7089
2026-06-15 16:43:03.949,Igor,right,45.217,2713,,,,,,,-1.3074,1.0623,5.6327,4.2735,4.2735,9.7877
2026-06-15 16:43:03.980,Igor,right,45.250,2715,,,,,,,-1.3275,1.0586,5.6472,4.2557,4.2557,9.8720
2026-06-15 16:43:04.010,Igor,right,45.283,2717,,,,,,,-1.3576,1.0473,5.6655,4.2324,4.2324,9.8727
2026-06-15 16:43:04.041,Igor,right,45.300,2718,,,,,,,-1.3787,1.0433,5.7212,4.1581,4.1581,9.8440
2026-06-15 16:43:04.072,Igor,right,45.333,2720,,,,,,,-1.4611,1.0390,5.7365,4.2479,4.2479,9.8072
2026-06-15 16:43:04.102,Igor,right,45.367,2722,,,,,,,-1.5255,1.0163,5.7377,4.2720,4.2720,9.8625
2026-06-15 16:43:04.133,Igor,right,45.400,2724,,,,,,,-1.5705,0.9842,5.7466,4.2895,4.2895,9.9946
2026-06-15 16:43:04.163,Igor,right,45.433,2726,,,,,,,-1.5661,0.9710,5.7597,4.2817,4.2817,10.0014
2026-06-15 16:43:04.194,Igor,right,45.467,2728,,,,,,,-1.5886,0.9598,5.7817,4.3038,4.3038,10.0646
2026-06-15 16:43:04.225,Igor,right,45.483,2729,,,,,,,-1.5991,0.9448,5.7761,4.2371,4.2371,9.7554
2026-06-15 16:43:04.255,Igor,right,45.517,2731,,,,,,,-1.6038,0.9476,5.7719,4.2281,4.2281,9.7119
2026-06-15 16:43:04.285,Igor,right,45.550,2733,,,,,,,-1.6505,0.9233,5.7669,4.2634,4.2634,9.7661
2026-06-15 16:43:04.316,Igor,right,45.583,2735,,,,,,,-1.6882,0.8840,5.7632,4.2823,4.2823,9.8129
2026-06-15 16:43:04.346,Igor,right,45.617,2737,,,,,,,-1.7138,0.8543,5.7620,4.3005,4.3005,9.8662
2026-06-15 16:43:04.377,Igor,right,45.650,2739,,,,,,,-1.7399,0.8337,5.7557,4.3422,4.3422,9.8596
2026-06-15 16:43:04.407,Igor,right,45.667,2740,,,,,,,-1.7536,0.8253,5.7551,4.3476,4.3476,9.8541
2026-06-15 16:43:04.438,Igor,right,45.700,2742,,,,,,,-1.7874,0.7954,5.7502,4.3407,4.3407,9.9132
2026-06-15 16:43:04.468,Igor,right,45.733,2744,,,,,,,-1.8508,0.7660,5.7458,4.3293,4.3293,9.7737
2026-06-15 16:43:04.499,Igor,right,45.767,2746,,,,,,,-1.9290,0.7104,5.7449,4.3096,4.3096,9.7806
2026-06-15 16:43:04.529,Igor,right,45.800,2748,,,,,,,-1.9685,0.6731,5.7433,4.2840,4.2840,9.5151
2026-06-15 16:43:04.560,Igor,right,45.817,2749,,,,,,,-1.9917,0.6673,5.7431,4.2502,4.2502,9.4278
2026-06-15 16:43:04.591,Igor,right,45.850,2751,,,,,,,-2.0112,0.6300,5.7321,4.2909,4.2909,9.4233
2026-06-15 16:43:04.621,Igor,right,45.883,2753,,,,,,,-2.0341,0.5873,5.7156,4.3208,4.3208,9.5392
2026-06-15 16:43:04.651,Igor,right,45.917,2755,,,,,,,-2.0727,0.5263,5.7147,4.3473,4.3473,9.6706
2026-06-15 16:43:04.682,Igor,right,45.950,2757,,,,,,,-2.0792,0.5098,5.7160,4.3457,4.3457,9.7075
2026-06-15 16:43:04.713,Igor,right,45.983,2759,,,,,,,-2.0862,0.4901,5.7194,4.3468,4.3468,9.7469
2026-06-15 16:43:04.744,Igor,right,46.000,2760,,,,,,,-2.1144,0.4706,5.7223,4.3145,4.3145,9.8395
2026-06-15 16:43:04.775,Igor,right,46.033,2762,,,,,,,-2.1211,0.4513,5.7264,4.3159,4.3159,9.8983
2026-06-15 16:43:04.805,Igor,right,46.067,2764,,,,,,,-2.1226,0.4015,5.7369,4.3264,4.3264,10.0141
2026-06-15 16:43:04.836,Igor,right,46.100,2766,,,,,,,-2.1386,0.3835,5.7366,4.3690,4.3690,10.0155
2026-06-15 16:43:04.866,Igor,right,46.133,2768,,,,,,,-2.1560,0.3312,5.7321,4.3585,4.3585,9.9186
2026-06-15 16:43:04.897,Igor,right,46.167,2770,,,,,,,-2.1506,0.2946,5.7293,4.3376,4.3376,9.8741
2026-06-15 16:43:04.928,Igor,right,46.183,2771,,,,,,,-2.1475,0.2451,5.7211,4.3492,4.3492,9.9678
2026-06-15 16:43:04.958,Igor,right,46.217,2773,,,,,,,-2.1457,0.1928,5.7075,4.3550,4.3550,9.9929
2026-06-15 16:43:04.992,Igor,right,46.250,2775,,,,,,,-2.1564,0.1641,5.7014,4.3668,4.3668,10.0378
2026-06-15 16:43:05.022,Igor,right,46.283,2777,,,,,,,-2.1094,0.0985,5.6802,4.3524,4.3524,10.1263
2026-06-15 16:43:05.053,Igor,right,46.317,2779,,,,,,,-2.0817,0.0517,5.6645,4.3720,4.3720,10.0835
2026-06-15 16:43:05.083,Igor,right,46.350,2781,,,,,,,-2.0668,0.0256,5.6469,4.4343,4.4343,10.0400
2026-06-15 16:43:05.114,Igor,right,46.383,2783,,,,,,,-2.0751,-0.0080,5.6241,4.4394,4.4394,10.1743
2026-06-15 16:43:05.145,Igor,right,46.417,2785,,,,,,,-2.0740,-0.0152,5.6145,4.4197,4.4197,10.1992
2026-06-15 16:43:05.175,Igor,right,46.433,2786,,,,,,,-2.0751,-0.0474,5.5956,4.4529,4.4529,10.1167
2026-06-15 16:43:05.206,Igor,right,46.467,2788,,,,,,,-2.0543,-0.0858,5.5924,4.4483,4.4483,10.1378
2026-06-15 16:43:05.236,Igor,right,46.500,2790,,,,,,,-2.0293,-0.1015,5.5982,4.4507,4.4507,10.0958
2026-06-15 16:43:05.267,Igor,right,46.533,2792,,,,,,,-1.9846,-0.1507,5.6065,4.4171,4.4171,10.1220
2026-06-15 16:43:05.297,Igor,right,46.567,2794,,,,,,,-1.9414,-0.1886,5.6073,4.3820,4.3820,10.0387
2026-06-15 16:43:05.327,Igor,right,46.600,2796,,,,,,,-1.9240,-0.2218,5.5930,4.3734,4.3734,10.0240
2026-06-15 16:43:05.358,Igor,right,46.617,2797,,,,,,,-1.9206,-0.2348,5.5839,4.3757,4.3757,10.0435
2026-06-15 16:43:05.388,Igor,right,46.650,2799,,,,,,,-1.9262,-0.2596,5.5775,4.3615,4.3615,10.2041
2026-06-15 16:43:05.419,Igor,right,46.683,2801,,,,,,,-1.9116,-0.2775,5.5638,4.3461,4.3461,10.0914
2026-06-15 16:43:05.449,Igor,right,46.717,2803,,,,,,,-1.8865,-0.2909,5.5562,4.3212,4.3212,10.0990
2026-06-15 16:43:05.480,Igor,right,46.750,2805,,,,,,,-1.8860,-0.3155,5.5566,4.3453,4.3453,10.2278
2026-06-15 16:43:05.511,Igor,right,46.783,2807,,,,,,,-1.8600,-0.3619,5.5575,4.3511,4.3511,10.4247
2026-06-15 16:43:05.542,Igor,right,46.800,2808,,,,,,,-1.8558,-0.3959,5.5652,4.3645,4.3645,10.4821
2026-06-15 16:43:05.572,Igor,right,46.833,2810,,,,,,,-1.8594,-0.4170,5.5692,4.3629,4.3629,10.5403
2026-06-15 16:43:05.603,Igor,right,46.867,2812,,,,,,,-1.8271,-0.4595,5.5713,4.2796,4.2796,10.3380
2026-06-15 16:43:05.633,Igor,right,46.900,2814,,,,,,,-1.8056,-0.4963,5.5607,4.3140,4.3140,10.3207
2026-06-15 16:43:05.664,Igor,right,46.933,2816,,,,,,,-1.8009,-0.5118,5.5574,4.3209,4.3209,10.3110
2026-06-15 16:43:05.694,Igor,right,46.967,2818,,,,,,,-1.8002,-0.5452,5.5490,4.3529,4.3529,10.3573
2026-06-15 16:43:05.725,Igor,right,46.983,2819,,,,,,,-1.7940,-0.5611,5.5441,4.3797,4.3797,10.4132
2026-06-15 16:43:05.756,Igor,right,47.017,2821,,,,,,,-1.7621,-0.5883,5.5393,4.4177,4.4177,10.4599
2026-06-15 16:43:05.787,Igor,right,47.050,2823,,,,,,,-1.7453,-0.5994,5.5318,4.4241,4.4241,10.5135
2026-06-15 16:43:05.817,Igor,right,47.083,2825,,,,,,,-1.7407,-0.6039,5.5148,4.4591,4.4591,10.6888
2026-06-15 16:43:05.848,Igor,right,47.117,2827,,,,,,,-1.7189,-0.5922,5.5007,4.4313,4.4313,10.8066
2026-06-15 16:43:05.879,Igor,right,47.133,2828,,,,,,,-1.6938,-0.5964,5.5050,4.3839,4.3839,10.8631
2026-06-15 16:43:05.909,Igor,right,47.167,2830,,,,,,,-1.6636,-0.5866,5.5025,4.3700,4.3700,10.8123
2026-06-15 16:43:05.940,Igor,right,47.200,2832,,,,,,,-1.6384,-0.5951,5.4949,4.3612,4.3612,10.7758
2026-06-15 16:43:05.970,Igor,right,47.233,2834,,,,,,,-1.5686,-0.6241,5.4986,4.3740,4.3740,10.8059
2026-06-15 16:43:06.002,Igor,right,47.267,2836,,,,,,,-1.5299,-0.6435,5.5002,4.3607,4.3607,10.7660
2026-06-15 16:43:06.032,Igor,right,47.300,2838,,,,,,,-1.4771,-0.6665,5.4947,4.3520,4.3520,10.7007
2026-06-15 16:43:06.063,Igor,right,47.333,2840,,,,,,,-1.4129,-0.7221,5.4777,4.3105,4.3105,10.6568
2026-06-15 16:43:06.093,Igor,right,47.367,2842,,,,,,,-1.3857,-0.7423,5.4651,4.3096,4.3096,10.6372
2026-06-15 16:43:06.124,Igor,right,47.383,2843,,,,,,,-1.3331,-0.7884,5.4569,4.3684,4.3684,10.8202
2026-06-15 16:43:06.154,Igor,right,47.417,2845,,,,,,,-1.3085,-0.8114,5.4563,4.3944,4.3944,10.9471
2026-06-15 16:43:06.185,Igor,right,47.450,2847,,,,,,,-1.2397,-0.8111,5.4698,4.4373,4.4373,11.0998
2026-06-15 16:43:06.215,Igor,right,47.483,2849,,,,,,,-1.1975,-0.7932,5.4777,4.4271,4.4271,11.1509
2026-06-15 16:43:06.246,Igor,right,47.517,2851,,,,,,,-1.1659,-0.7777,5.4736,4.4417,4.4417,11.2092
2026-06-15 16:43:06.276,Igor,right,47.533,2852,,,,,,,-1.1161,-0.7632,5.4650,4.4640,4.4640,11.2305
2026-06-15 16:43:06.307,Igor,right,47.567,2854,,,,,,,-1.0833,-0.7484,5.4608,4.4556,4.4556,11.1913
2026-06-15 16:43:06.337,Igor,right,47.600,2856,,,,,,,-1.0142,-0.7446,5.4323,4.4330,4.4330,10.9776
2026-06-15 16:43:06.368,Igor,right,47.633,2858,,,,,,,-0.9596,-0.7505,5.4139,4.3895,4.3895,11.0618
2026-06-15 16:43:06.399,Igor,right,47.667,2860,,,,,,,-0.8867,-0.7326,5.4001,4.3944,4.3944,11.1121
2026-06-15 16:43:06.430,Igor,right,47.700,2862,,,,,,,-0.8355,-0.7355,5.3822,4.3813,4.3813,11.0510
2026-06-15 16:43:06.460,Igor,right,47.733,2864,,,,,,,-0.8132,-0.7409,5.3712,4.3896,4.3896,11.0981
2026-06-15 16:43:06.491,Igor,right,47.750,2865,,,,,,,-0.7606,-0.7401,5.3528,4.3587,4.3587,11.0435
2026-06-15 16:43:06.521,Igor,right,47.783,2867,,,,,,,-0.7249,-0.7210,5.3359,4.3621,4.3621,11.0042
2026-06-15 16:43:06.552,Igor,right,47.817,2869,,,,,,,-0.7037,-0.7186,5.3264,4.3652,4.3652,11.0366
2026-06-15 16:43:06.583,Igor,right,47.850,2871,,,,,,,-0.6551,-0.7063,5.3159,4.4243,4.4243,11.0864
2026-06-15 16:43:06.613,Igor,right,47.883,2873,,,,,,,-0.5922,-0.6888,5.3080,4.3831,4.3831,10.9852
2026-06-15 16:43:06.643,Igor,right,47.900,2874,,,,,,,-0.5684,-0.6686,5.3181,4.3981,4.3981,11.2644
2026-06-15 16:43:06.674,Igor,right,47.933,2876,,,,,,,-0.5499,-0.6611,5.3247,4.4258,4.4258,11.3052
2026-06-15 16:43:06.705,Igor,right,47.967,2878,,,,,,,-0.5162,-0.6460,5.3288,4.3378,4.3378,11.2530
2026-06-15 16:43:06.735,Igor,right,48.000,2880,,,,,,,-0.4655,-0.6306,5.3364,4.2670,4.2670,11.2599
2026-06-15 16:43:06.766,Igor,right,48.033,2882,,,,,,,-0.4189,-0.6039,5.3434,4.2540,4.2540,11.4297
2026-06-15 16:43:06.796,Igor,right,48.067,2884,,,,,,,-0.3648,-0.5858,5.3355,4.2441,4.2441,11.3165
2026-06-15 16:43:06.827,Igor,right,48.100,2886,,,,,,,-0.3243,-0.5701,5.3376,4.2784,4.2784,11.3345
2026-06-15 16:43:06.858,Igor,right,48.117,2887,,,,,,,-0.2959,-0.5428,5.3431,4.3055,4.3055,11.5028
2026-06-15 16:43:06.888,Igor,right,48.150,2889,,,,,,,-0.1321,-0.4685,5.3476,4.3337,4.3337,11.6234
2026-06-15 16:43:06.919,Igor,right,48.183,2891,,,,,,,-0.0295,-0.4305,5.3675,4.3620,4.3620,11.7260
2026-06-15 16:43:06.950,Igor,right,48.217,2893,,,,,,,0.0381,-0.3997,5.3805,4.3546,4.3546,11.6939
2026-06-15 16:43:06.980,Igor,right,48.250,2895,,,,,,,-0.0892,-0.3940,5.3906,4.4376,4.4376,11.6181
2026-06-15 16:43:07.012,Igor,right,48.283,2897,,,,,,,-0.1269,-0.3850,5.3948,4.4265,4.4265,11.5334
2026-06-15 16:43:07.043,Igor,right,48.300,2898,,,,,,,-0.1703,-0.3622,5.4015,4.4288,4.4288,11.4626
2026-06-15 16:43:07.074,Igor,right,48.333,2900,,,,,,,-0.1645,-0.3438,5.3966,4.3516,4.3516,11.2684
2026-06-15 16:43:07.104,Igor,right,48.367,2902,,,,,,,-0.1561,-0.3098,5.3938,4.3364,4.3364,11.2398
2026-06-15 16:43:07.135,Igor,right,48.400,2904,,,,,,,-0.1355,-0.3013,5.3916,4.3048,4.3048,11.1834
2026-06-15 16:43:07.166,Igor,right,48.433,2906,,,,,,,-0.1020,-0.2643,5.3894,4.2741,4.2741,11.0954
2026-06-15 16:43:07.197,Igor,right,48.467,2908,,,,,,,-0.0639,-0.2284,5.3920,4.2113,4.2113,10.8795
2026-06-15 16:43:07.228,Igor,right,48.500,2910,,,,,,,-0.0298,-0.1850,5.3908,4.1691,4.1691,10.7475
2026-06-15 16:43:07.258,Igor,right,48.517,2911,,,,,,,-0.0186,-0.1678,5.3934,4.1532,4.1532,10.7197
2026-06-15 16:43:07.288,Igor,right,48.550,2913,,,,,,,-0.0182,-0.1510,5.3933,4.1862,4.1862,10.6251
2026-06-15 16:43:07.319,Igor,right,48.583,2915,,,,,,,0.0132,-0.1335,5.3979,4.1920,4.1920,10.4742
2026-06-15 16:43:07.349,Igor,right,48.617,2917,,,,,,,0.0416,-0.1101,5.4013,4.1988,4.1988,10.4494
2026-06-15 16:43:07.380,Igor,right,48.650,2919,,,,,,,0.0555,-0.0894,5.4106,4.2216,4.2216,10.4846
2026-06-15 16:43:07.411,Igor,right,48.683,2921,,,,,,,0.0626,-0.0511,5.4286,4.2454,4.2454,10.5639
2026-06-15 16:43:07.442,Igor,right,48.700,2922,,,,,,,0.0783,-0.0222,5.4408,4.2167,4.2167,10.5649
2026-06-15 16:43:07.472,Igor,right,48.733,2924,,,,,,,0.0721,-0.0110,5.4543,4.2424,4.2424,10.7495
2026-06-15 16:43:07.503,Igor,right,48.767,2926,,,,,,,0.0789,-0.0182,5.4580,4.2194,4.2194,10.7738
2026-06-15 16:43:07.533,Igor,right,48.800,2928,,,,,,,0.0861,-0.0101,5.4614,4.2309,4.2309,10.8062
2026-06-15 16:43:07.564,Igor,right,48.833,2930,,,,,,,0.0843,0.0091,5.4678,4.2557,4.2557,10.8815
2026-06-15 16:43:07.595,Igor,right,48.867,2932,,,,,,,0.0693,-0.0036,5.4877,4.3225,4.3225,10.9652
2026-06-15 16:43:07.625,Igor,right,48.883,2933,,,,,,,0.0722,-0.0090,5.4979,4.3431,4.3431,10.9359
2026-06-15 16:43:07.656,Igor,right,48.917,2935,,,,,,,0.0555,-0.0121,5.5110,4.3380,4.3380,10.9602
2026-06-15 16:43:07.686,Igor,right,48.950,2937,,,,,,,-0.1792,0.3108,5.4727,4.3239,4.3239,10.9265
2026-06-15 16:43:07.717,Igor,right,48.983,2939,,,,,,,-0.2847,0.5235,5.4157,4.3043,4.3043,10.7644
2026-06-15 16:43:07.748,Igor,right,49.017,2941,,,,,,,-0.3160,0.5866,5.3851,4.3009,4.3009,10.6937
2026-06-15 16:43:07.778,Igor,right,49.050,2943,,,,,,,-0.3339,0.5953,5.3798,4.3299,4.3299,10.7301
2026-06-15 16:43:07.809,Igor,right,49.067,2944,,,,,,,-0.3340,0.5902,5.3855,4.3562,4.3562,10.9864
2026-06-15 16:43:07.839,Igor,right,49.100,2946,,,,,,,-0.3201,0.5658,5.3939,4.3755,4.3755,11.0347
2026-06-15 16:43:07.870,Igor,right,49.133,2948,,,,,,,-0.3160,0.5450,5.3936,4.3268,4.3268,11.0440
2026-06-15 16:43:07.900,Igor,right,49.167,2950,,,,,,,-0.3211,0.4885,5.3820,4.2794,4.2794,11.0927
2026-06-15 16:43:07.930,Igor,right,49.200,2952,,,,,,,-0.3102,0.4479,5.3651,4.3125,4.3125,11.1595
2026-06-15 16:43:07.961,Igor,right,49.233,2954,,,,,,,-0.2707,0.3755,5.3638,4.3015,4.3015,11.1114
2026-06-15 16:43:07.992,Igor,right,49.250,2955,,,,,,,-0.2195,0.2329,5.3724,4.2936,4.2936,11.0540
2026-06-15 16:43:08.023,Igor,right,49.283,2957,,,,,,,-0.2086,0.0993,5.3887,4.2964,4.2964,11.0033
2026-06-15 16:43:08.053,Igor,right,49.317,2959,,,,,,,-0.2074,0.0561,5.3944,4.2962,4.2962,10.9679
2026-06-15 16:43:08.084,Igor,right,49.350,2961,,,,,,,-0.1802,-0.0637,5.4155,4.3497,4.3497,11.1182
2026-06-15 16:43:08.114,Igor,right,49.383,2963,,,,,,,-0.1349,-0.1513,5.4367,4.3236,4.3236,11.1470
2026-06-15 16:43:08.145,Igor,right,49.417,2965,,,,,,,-0.1140,-0.2110,5.4447,4.3184,4.3184,11.2320
2026-06-15 16:43:08.175,Igor,right,49.433,2966,,,,,,,-0.1006,-0.2921,5.4374,4.2915,4.2915,11.1430
2026-06-15 16:43:08.206,Igor,right,49.467,2968,,,,,,,-0.1003,-0.3251,5.4335,4.2750,4.2750,11.1281
2026-06-15 16:43:08.236,Igor,right,49.500,2970,,,,,,,-0.0859,-0.3993,5.4182,4.2394,4.2394,11.0550
2026-06-15 16:43:08.267,Igor,right,49.533,2972,,,,,,,0.0142,-0.5025,5.4071,4.2162,4.2162,11.0233
2026-06-15 16:43:08.297,Igor,right,49.567,2974,,,,,,,0.0793,-0.5912,5.4082,4.2258,4.2258,10.9941
2026-06-15 16:43:08.328,Igor,right,49.600,2976,,,,,,,0.1191,-0.6875,5.4135,4.1556,4.1556,10.8628
2026-06-15 16:43:08.358,Igor,right,49.617,2977,,,,,,,0.1368,-0.7245,5.4140,4.1576,4.1576,10.9141
2026-06-15 16:43:08.389,Igor,right,49.650,2979,,,,,,,0.1435,-0.7834,5.3983,4.1360,4.1360,10.9304
2026-06-15 16:43:08.420,Igor,right,49.683,2981,,,,,,,0.1472,-0.8198,5.3831,4.1287,4.1287,10.8913
2026-06-15 16:43:08.451,Igor,right,49.717,2983,,,,,,,0.1446,-0.8467,5.3802,4.1311,4.1311,10.8332
2026-06-15 16:43:08.482,Igor,right,49.750,2985,,,,,,,0.1547,-0.8593,5.3842,4.1483,4.1483,10.7837
2026-06-15 16:43:08.513,Igor,right,49.783,2987,,,,,,,0.1581,-0.8931,5.3892,4.1650,4.1650,10.8127
2026-06-15 16:43:08.543,Igor,right,49.800,2988,,,,,,,0.1507,-0.8999,5.3959,4.1911,4.1911,11.0499
2026-06-15 16:43:08.574,Igor,right,49.833,2990,,,,,,,0.1458,-0.9053,5.3996,4.2154,4.2154,11.1336
2026-06-15 16:43:08.604,Igor,right,49.867,2992,,,,,,,0.1297,-0.9133,5.3920,4.1976,4.1976,11.1683
2026-06-15 16:43:08.635,Igor,right,49.900,2994,,,,,,,0.1269,-0.9156,5.3878,4.1938,4.1938,11.1910
2026-06-15 16:43:08.665,Igor,right,49.933,2996,,,,,,,0.1452,-0.9465,5.3662,4.2026,4.2026,11.2103
2026-06-15 16:43:08.696,Igor,right,49.967,2998,,,,,,,0.0914,-0.9202,5.3407,4.1488,4.1488,11.1569
2026-06-15 16:43:08.726,Igor,right,49.983,2999,,,,,,,0.0362,-0.8936,5.3209,4.1350,4.1350,11.1223
2026-06-15 16:43:08.757,Igor,right,50.017,3001,,,,,,,0.0316,-0.8897,5.3080,4.1135,4.1135,11.0360
2026-06-15 16:43:08.787,Igor,right,50.050,3003,,,,,,,0.0186,-0.8761,5.2834,4.0767,4.0767,10.9600
2026-06-15 16:43:08.818,Igor,right,50.083,3005,,,,,,,0.0334,-0.8515,5.2804,4.1386,4.1386,10.9706
2026-06-15 16:43:08.848,Igor,right,50.117,3007,,,,,,,0.0084,-0.8132,5.2915,4.2019,4.2019,11.0899
2026-06-15 16:43:08.879,Igor,right,50.150,3009,,,,,,,-0.0186,-0.7744,5.3117,4.2616,4.2616,11.1851
2026-06-15 16:43:08.909,Igor,right,50.167,3010,,,,,,,-0.0143,-0.7651,5.3245,4.2506,4.2506,11.1723
2026-06-15 16:43:08.940,Igor,right,50.200,3012,,,,,,,-0.0423,-0.6173,5.3501,4.3058,4.3058,11.3341
2026-06-15 16:43:08.970,Igor,right,50.233,3014,,,,,,,-0.0514,-0.4492,5.3442,4.3107,4.3107,11.2748
2026-06-15 16:43:09.000,Igor,right,50.267,3016,,,,,,,-0.0496,-0.3851,5.3357,4.3111,4.3111,11.2523
2026-06-15 16:43:09.033,Igor,right,50.300,3018,,,,,,,-0.0632,-0.2472,5.3186,4.2970,4.2970,11.1506
2026-06-15 16:43:09.064,Igor,right,50.333,3020,,,,,,,-0.0778,-0.1940,5.3204,4.2947,4.2947,11.0633
2026-06-15 16:43:09.095,Igor,right,50.367,3022,,,,,,,-0.1102,-0.1004,5.3299,4.3060,4.3060,11.0659
2026-06-15 16:43:09.125,Igor,right,50.383,3023,,,,,,,-0.1570,-0.0428,5.3317,4.3644,4.3644,10.9751
2026-06-15 16:43:09.155,Igor,right,50.417,3025,,,,,,,-0.1832,-0.0089,5.3353,4.3931,4.3931,10.9947
2026-06-15 16:43:09.186,Igor,right,50.450,3027,,,,,,,-0.2128,0.0706,5.3484,4.4260,4.4260,11.1456
2026-06-15 16:43:09.216,Igor,right,50.483,3029,,,,,,,-0.2315,0.1296,5.3727,4.3954,4.3954,11.1947
2026-06-15 16:43:09.246,Igor,right,50.517,3031,,,,,,,-0.2537,0.1915,5.3817,4.3630,4.3630,11.0385
2026-06-15 16:43:09.277,Igor,right,50.550,3033,,,,,,,-0.2835,0.2209,5.3839,4.4080,4.4080,11.1093
2026-06-15 16:43:09.308,Igor,right,50.567,3034,,,,,,,-0.3247,0.2718,5.4013,4.4564,4.4564,11.2562
2026-06-15 16:43:09.339,Igor,right,50.600,3036,,,,,,,-0.3624,0.3032,5.4036,4.4317,4.4317,11.3210
2026-06-15 16:43:09.369,Igor,right,50.633,3038,,,,,,,-0.4128,0.3683,5.4004,4.3876,4.3876,11.3780
2026-06-15 16:43:09.400,Igor,right,50.667,3040,,,,,,,-0.4643,0.4280,5.3996,4.3707,4.3707,11.2905
2026-06-15 16:43:09.430,Igor,right,50.700,3042,,,,,,,-0.4825,0.4815,5.3984,4.3482,4.3482,11.2448
2026-06-15 16:43:09.460,Igor,right,50.717,3043,,,,,,,-0.5176,0.5383,5.4106,4.4204,4.4204,11.2356
2026-06-15 16:43:09.491,Igor,right,50.750,3045,,,,,,,-0.5650,0.6664,5.4133,4.4524,4.4524,11.1095
2026-06-15 16:43:09.522,Igor,right,50.783,3047,,,,,,,-0.6787,0.8417,5.4048,4.4575,4.4575,11.0339
2026-06-15 16:43:09.552,Igor,right,50.817,3049,,,,,,,-0.7429,0.9231,5.3911,4.4804,4.4804,10.9056
2026-06-15 16:43:09.583,Igor,right,50.850,3051,,,,,,,-0.7809,1.0056,5.3864,4.5089,4.5089,10.7905
2026-06-15 16:43:09.614,Igor,right,50.883,3053,,,,,,,-0.7942,1.0517,5.3822,4.5160,4.5160,10.7068
2026-06-15 16:43:09.644,Igor,right,50.900,3054,,,,,,,-0.8056,1.0899,5.3968,4.4798,4.4798,10.7284
2026-06-15 16:43:09.675,Igor,right,50.933,3056,,,,,,,-0.8147,1.1069,5.4202,4.4274,4.4274,10.7483
2026-06-15 16:43:09.705,Igor,right,50.967,3058,,,,,,,-0.8251,1.1078,5.4270,4.4316,4.4316,10.8249
2026-06-15 16:43:09.736,Igor,right,51.000,3060,,,,,,,-0.8420,1.1162,5.4240,4.4294,4.4294,10.8662
2026-06-15 16:43:09.766,Igor,right,51.033,3062,,,,,,,-0.8734,1.1270,5.4191,4.4363,4.4363,10.9355
2026-06-15 16:43:09.797,Igor,right,51.067,3064,,,,,,,-0.8999,1.1508,5.4115,4.4296,4.4296,10.8145
2026-06-15 16:43:09.828,Igor,right,51.100,3066,,,,,,,-0.9223,1.1617,5.4050,4.4253,4.4253,10.7601
2026-06-15 16:43:09.858,Igor,right,51.117,3067,,,,,,,-0.9337,1.1661,5.3913,4.4498,4.4498,10.7944
2026-06-15 16:43:09.889,Igor,right,51.150,3069,,,,,,,-0.9494,1.1628,5.3905,4.4489,4.4489,10.8292
2026-06-15 16:43:09.920,Igor,right,51.183,3071,,,,,,,-1.0137,1.1571,5.4104,4.4129,4.4129,10.8339
2026-06-15 16:43:09.950,Igor,right,51.217,3073,,,,,,,-1.1685,1.1591,5.4448,4.4437,4.4437,10.8958
2026-06-15 16:43:09.981,Igor,right,51.250,3075,,,,,,,-1.2432,1.1575,5.4749,4.4788,4.4788,10.9215
2026-06-15 16:43:10.012,Igor,right,51.283,3077,,,,,,,-1.2898,1.1550,5.4978,4.4838,4.4838,10.9347
2026-06-15 16:43:10.045,Igor,right,51.317,3079,,,,,,,-1.2859,1.1461,5.5165,4.4641,4.4641,10.9185
2026-06-15 16:43:10.076,Igor,right,51.333,3080,,,,,,,-1.3106,1.1278,5.5289,4.4803,4.4803,10.8748
2026-06-15 16:43:10.106,Igor,right,51.367,3082,,,,,,,-1.3628,1.0999,5.5305,4.4638,4.4638,10.8565
2026-06-15 16:43:10.137,Igor,right,51.400,3084,,,,,,,-1.3874,1.0348,5.5316,4.4226,4.4226,10.7212
2026-06-15 16:43:10.167,Igor,right,51.433,3086,,,,,,,-1.4963,0.8256,5.5538,4.3721,4.3721,10.6936
2026-06-15 16:43:10.198,Igor,right,51.467,3088,,,,,,,-1.5648,0.7066,5.5881,4.3744,4.3744,10.6559
2026-06-15 16:43:10.228,Igor,right,51.500,3090,,,,,,,-1.5790,0.6593,5.5976,4.3541,4.3541,10.6458
2026-06-15 16:43:10.259,Igor,right,51.517,3091,,,,,,,-1.6004,0.5990,5.5991,4.3372,4.3372,10.6046
2026-06-15 16:43:10.290,Igor,right,51.550,3093,,,,,,,-1.6199,0.5471,5.6083,4.3961,4.3961,10.5827
2026-06-15 16:43:10.321,Igor,right,51.583,3095,,,,,,,-1.6264,0.5199,5.6152,4.3742,4.3742,10.5842
2026-06-15 16:43:10.351,Igor,right,51.617,3097,,,,,,,-1.6670,0.4707,5.6419,4.4085,4.4085,10.6115
2026-06-15 16:43:10.382,Igor,right,51.650,3099,,,,,,,-1.6865,0.4128,5.6602,4.4130,4.4130,10.6210
2026-06-15 16:43:10.413,Igor,right,51.683,3101,,,,,,,-1.6996,0.3403,5.6828,4.3910,4.3910,10.5135
2026-06-15 16:43:10.444,Igor,right,51.717,3103,,,,,,,-1.6801,0.2811,5.6731,4.3798,4.3798,10.2623
2026-06-15 16:43:10.475,Igor,right,51.733,3104,,,,,,,-1.6956,0.2483,5.6648,4.4172,4.4172,10.2539
2026-06-15 16:43:10.505,Igor,right,51.767,3106,,,,,,,-1.7114,0.1792,5.6512,4.4389,4.4389,10.1798
2026-06-15 16:43:10.536,Igor,right,51.800,3108,,,,,,,-1.7314,0.1056,5.6546,4.4736,4.4736,10.1384
2026-06-15 16:43:10.566,Igor,right,51.833,3110,,,,,,,-1.7466,0.0379,5.6744,4.4630,4.4630,10.1267
2026-06-15 16:43:10.597,Igor,right,51.867,3112,,,,,,,-1.7908,-0.0582,5.6969,4.4080,4.4080,10.1883
2026-06-15 16:43:10.628,Igor,right,51.900,3114,,,,,,,-1.8509,-0.1146,5.7059,4.4091,4.4091,10.2363
2026-06-15 16:43:10.658,Igor,right,51.917,3115,,,,,,,-1.8774,-0.1890,5.7007,4.4035,4.4035,9.9609
2026-06-15 16:43:10.689,Igor,right,51.950,3117,,,,,,,-1.8977,-0.2214,5.6909,4.3607,4.3607,9.8531
2026-06-15 16:43:10.719,Igor,right,51.983,3119,,,,,,,-1.8932,-0.2607,5.6830,4.2527,4.2527,9.6066
2026-06-15 16:43:10.750,Igor,right,52.017,3121,,,,,,,-1.9269,-0.3195,5.6729,4.2738,4.2738,9.5772
2026-06-15 16:43:10.780,Igor,right,52.050,3123,,,,,,,-1.9611,-0.3742,5.6550,4.3457,4.3457,9.6140
2026-06-15 16:43:10.811,Igor,right,52.083,3125,,,,,,,-1.9566,-0.4171,5.6475,4.2675,4.2675,9.6171
2026-06-15 16:43:10.842,Igor,right,52.100,3126,,,,,,,-1.9599,-0.4447,5.6482,4.2396,4.2396,9.5656
2026-06-15 16:43:10.872,Igor,right,52.133,3128,,,,,,,-1.9377,-0.4979,5.6353,4.2835,4.2835,9.7957
2026-06-15 16:43:10.903,Igor,right,52.167,3130,,,,,,,-1.9522,-0.5474,5.6369,4.2866,4.2866,9.8182
2026-06-15 16:43:10.933,Igor,right,52.200,3132,,,,,,,-1.9435,-0.5692,5.6356,4.3292,4.3292,9.9163
2026-06-15 16:43:10.964,Igor,right,52.233,3134,,,,,,,-1.9429,-0.5929,5.6414,4.3253,4.3253,9.8660
2026-06-15 16:43:10.995,Igor,right,52.267,3136,,,,,,,-1.9428,-0.5973,5.6450,4.3202,4.3202,9.8603
2026-06-15 16:43:11.026,Igor,right,52.283,3137,,,,,,,-1.9593,-0.5966,5.6384,4.3336,4.3336,9.8140
2026-06-15 16:43:11.058,Igor,right,52.317,3139,,,,,,,-1.9722,-0.6104,5.6289,4.3612,4.3612,9.8294
2026-06-15 16:43:11.089,Igor,right,52.350,3141,,,,,,,-1.9714,-0.6260,5.6284,4.3761,4.3761,9.8304
2026-06-15 16:43:11.119,Igor,right,52.383,3143,,,,,,,-1.9643,-0.6249,5.6287,4.3700,4.3700,9.8142
2026-06-15 16:43:11.150,Igor,right,52.417,3145,,,,,,,-1.9646,-0.6281,5.6313,4.3643,4.3643,9.8178
2026-06-15 16:43:11.180,Igor,right,52.450,3147,,,,,,,-1.9737,-0.6281,5.6374,4.3699,4.3699,9.9249
2026-06-15 16:43:11.211,Igor,right,52.483,3149,,,,,,,-1.9883,-0.6221,5.6367,4.3636,4.3636,10.0501
2026-06-15 16:43:11.241,Igor,right,52.500,3150,,,,,,,-1.9833,-0.6159,5.6369,4.3521,4.3521,10.1014
2026-06-15 16:43:11.272,Igor,right,52.533,3152,,,,,,,-1.9754,-0.6051,5.6356,4.3582,4.3582,10.0980
2026-06-15 16:43:11.302,Igor,right,52.567,3154,,,,,,,-1.9617,-0.5680,5.6406,4.3601,4.3601,9.9523
2026-06-15 16:43:11.333,Igor,right,52.600,3156,,,,,,,-1.9530,-0.5244,5.6384,4.3888,4.3888,9.9414
2026-06-15 16:43:11.363,Igor,right,52.617,3157,,,,,,,-1.9164,-0.4843,5.6249,4.3699,4.3699,9.9321
2026-06-15 16:43:11.394,Igor,right,52.650,3159,,,,,,,-1.8622,-0.4735,5.6154,4.3828,4.3828,9.8550
2026-06-15 16:43:11.424,Igor,right,52.667,3160,,,,,,,-1.8531,-0.3819,5.6068,4.4028,4.4028,9.8294
2026-06-15 16:43:11.455,Igor,right,52.700,3162,,,,,,,-1.8671,-0.2835,5.5714,4.3969,4.3969,9.9476
2026-06-15 16:43:11.485,Igor,right,52.733,3164,,,,,,,-1.8783,-0.2183,5.5577,4.4042,4.4042,9.9631
2026-06-15 16:43:11.515,Igor,right,52.767,3166,,,,,,,-1.8555,-0.1533,5.5731,4.3499,4.3499,9.9520
2026-06-15 16:43:11.546,Igor,right,52.800,3168,,,,,,,-1.8467,-0.1278,5.5860,4.3597,4.3597,9.9491
2026-06-15 16:43:11.576,Igor,right,52.817,3169,,,,,,,-1.8165,-0.0825,5.6042,4.3555,4.3555,9.8148
2026-06-15 16:43:11.607,Igor,right,52.850,3171,,,,,,,-1.8133,-0.0709,5.6159,4.3652,4.3652,10.0494
2026-06-15 16:43:11.637,Igor,right,52.883,3173,,,,,,,-1.7961,-0.0288,5.6306,4.3634,4.3634,10.3231
2026-06-15 16:43:11.668,Igor,right,52.917,3175,,,,,,,-1.7750,0.0038,5.6476,4.3958,4.3958,10.3870
2026-06-15 16:43:11.699,Igor,right,52.950,3177,,,,,,,-1.7429,0.0738,5.6616,4.3975,4.3975,10.3086
2026-06-15 16:43:11.729,Igor,right,52.983,3179,,,,,,,-1.6708,0.1837,5.6537,4.3899,4.3899,10.3558
2026-06-15 16:43:11.760,Igor,right,53.000,3180,,,,,,,-1.5261,0.3827,5.6061,4.4073,4.4073,10.5096
2026-06-15 16:43:11.791,Igor,right,53.033,3182,,,,,,,-1.4905,0.4537,5.5826,4.4228,4.4228,10.5328
2026-06-15 16:43:11.821,Igor,right,53.067,3184,,,,,,,-1.4563,0.5535,5.5597,4.4538,4.4538,10.7934
2026-06-15 16:43:11.852,Igor,right,53.100,3186,,,,,,,-1.4150,0.6396,5.5514,4.4564,4.4564,10.7525
2026-06-15 16:43:11.883,Igor,right,53.133,3188,,,,,,,-1.3796,0.7060,5.5576,4.4068,4.4068,10.8068
2026-06-15 16:43:11.913,Igor,right,53.167,3190,,,,,,,-1.3562,0.7515,5.5498,4.4403,4.4403,10.6410
2026-06-15 16:43:11.944,Igor,right,53.183,3191,,,,,,,-1.3466,0.8093,5.5222,4.4771,4.4771,10.4219
2026-06-15 16:43:11.974,Igor,right,53.217,3193,,,,,,,-1.3258,0.8634,5.5062,4.4415,4.4415,10.4462
2026-06-15 16:43:12.005,Igor,right,53.250,3195,,,,,,,-1.3052,0.8907,5.4976,4.4293,4.4293,10.6298
2026-06-15 16:43:12.035,Igor,right,53.283,3197,,,,,,,-1.2808,0.8875,5.4948,4.4334,4.4334,10.7670
2026-06-15 16:43:12.068,Igor,right,53.317,3199,,,,,,,-1.2559,0.9329,5.4828,4.3812,4.3812,10.8938
2026-06-15 16:43:12.099,Igor,right,53.350,3201,,,,,,,-1.2055,0.9893,5.4827,4.3691,4.3691,10.8115
2026-06-15 16:43:12.130,Igor,right,53.383,3203,,,,,,,-1.2294,0.9853,5.4965,4.3937,4.3937,10.9203
2026-06-15 16:43:12.160,Igor,right,53.417,3205,,,,,,,-1.2391,0.9973,5.5013,4.3999,4.3999,10.9949
2026-06-15 16:43:12.191,Igor,right,53.433,3206,,,,,,,-1.1858,0.9992,5.5024,4.3726,4.3726,10.8535
2026-06-15 16:43:12.222,Igor,right,53.467,3208,,,,,,,-1.1566,1.0055,5.4968,4.3743,4.3743,10.8803
2026-06-15 16:43:12.252,Igor,right,53.500,3210,,,,,,,-1.1062,1.0389,5.4765,4.3729,4.3729,10.6761
2026-06-15 16:43:12.283,Igor,right,53.533,3212,,,,,,,-1.0692,1.0445,5.4707,4.3984,4.3984,10.5972
2026-06-15 16:43:12.314,Igor,right,53.567,3214,,,,,,,-1.0239,1.0711,5.4636,4.4015,4.4015,10.4793
2026-06-15 16:43:12.345,Igor,right,53.600,3216,,,,,,,-0.9762,1.0585,5.4718,4.3477,4.3477,10.6303
2026-06-15 16:43:12.376,Igor,right,53.617,3217,,,,,,,-0.9470,1.0559,5.4683,4.3600,4.3600,10.7899
2026-06-15 16:43:12.406,Igor,right,53.650,3219,,,,,,,-0.9134,1.0468,5.4479,4.3714,4.3714,10.9624
2026-06-15 16:43:12.437,Igor,right,53.683,3221,,,,,,,-0.8782,1.0478,5.4259,4.3738,4.3738,11.0165
2026-06-15 16:43:12.467,Igor,right,53.717,3223,,,,,,,-0.8465,1.0380,5.4107,4.3745,4.3745,11.0004
2026-06-15 16:43:12.499,Igor,right,53.750,3225,,,,,,,-0.7999,1.0209,5.4072,4.3729,4.3729,10.9555
2026-06-15 16:43:12.530,Igor,right,53.783,3227,,,,,,,-0.7791,1.0160,5.4040,4.3582,4.3582,10.9175
2026-06-15 16:43:12.560,Igor,right,53.800,3228,,,,,,,-0.7290,1.0025,5.3849,4.3064,4.3064,10.7038
2026-06-15 16:43:12.590,Igor,right,53.833,3230,,,,,,,-0.7005,0.9844,5.3638,4.2753,4.2753,10.6693
2026-06-15 16:43:12.621,Igor,right,53.867,3232,,,,,,,-0.6894,0.9710,5.3551,4.2788,4.2788,10.7046
2026-06-15 16:43:12.652,Igor,right,53.900,3234,,,,,,,-0.6057,0.9484,5.3426,4.2947,4.2947,10.6016
2026-06-15 16:43:12.682,Igor,right,53.933,3236,,,,,,,-0.3819,0.8268,5.3251,4.3073,4.3073,10.7067
2026-06-15 16:43:12.713,Igor,right,53.967,3238,,,,,,,-0.2612,0.7472,5.3223,4.3135,4.3135,10.6413
2026-06-15 16:43:12.743,Igor,right,53.983,3239,,,,,,,-0.1785,0.6876,5.3291,4.2958,4.2958,10.6782
2026-06-15 16:43:12.774,Igor,right,54.017,3241,,,,,,,-0.1504,0.6698,5.3283,4.2887,4.2887,10.6673
2026-06-15 16:43:12.805,Igor,right,54.050,3243,,,,,,,-0.1104,0.6336,5.3361,4.2461,4.2461,10.6455
2026-06-15 16:43:12.835,Igor,right,54.083,3245,,,,,,,-0.1268,0.5830,5.3280,4.2082,4.2082,10.6093
2026-06-15 16:43:12.866,Igor,right,54.117,3247,,,,,,,-0.1993,0.4995,5.3155,4.1216,4.1216,10.5450
2026-06-15 16:43:12.896,Igor,right,54.150,3249,,,,,,,-0.2315,0.4648,5.3153,4.1242,4.1242,10.6339
2026-06-15 16:43:12.927,Igor,right,54.167,3250,,,,,,,-0.2345,0.3827,5.3255,4.1468,4.1468,10.6231
2026-06-15 16:43:12.957,Igor,right,54.200,3252,,,,,,,-0.2244,0.2842,5.3474,4.1748,4.1748,10.6465
2026-06-15 16:43:12.988,Igor,right,54.233,3254,,,,,,,-0.2013,0.2100,5.3522,4.1198,4.1198,10.4964
2026-06-15 16:43:13.018,Igor,right,54.267,3256,,,,,,,-0.1741,0.1871,5.3664,4.1141,4.1141,10.4871
2026-06-15 16:43:13.048,Igor,right,54.300,3258,,,,,,,-0.1192,0.0954,5.3898,4.1178,4.1178,10.3775
2026-06-15 16:43:13.079,Igor,right,54.333,3260,,,,,,,-0.1061,0.0565,5.4004,4.1409,4.1409,10.3696
2026-06-15 16:43:13.110,Igor,right,54.350,3261,,,,,,,-0.0837,-0.0074,5.4153,4.1737,4.1737,10.4009
2026-06-15 16:43:13.140,Igor,right,54.383,3263,,,,,,,-0.0739,-0.0798,5.4262,4.1787,4.1787,10.4897
2026-06-15 16:43:13.171,Igor,right,54.417,3265,,,,,,,-0.0633,-0.1075,5.4314,4.1495,4.1495,10.5468
2026-06-15 16:43:13.201,Igor,right,54.450,3267,,,,,,,-0.0168,-0.1236,5.4431,4.2015,4.2015,10.4407
2026-06-15 16:43:13.232,Igor,right,54.483,3269,,,,,,,0.0587,-0.1750,5.4514,4.1995,4.1995,10.4426
2026-06-15 16:43:13.263,Igor,right,54.517,3271,,,,,,,0.1044,-0.2318,5.4617,4.1825,4.1825,10.5994
2026-06-15 16:43:13.293,Igor,right,54.533,3272,,,,,,,0.1332,-0.2817,5.4791,4.0854,4.0854,10.6639
2026-06-15 16:43:13.324,Igor,right,54.567,3274,,,,,,,0.1489,-0.3010,5.4847,4.0575,4.0575,10.5643
2026-06-15 16:43:13.355,Igor,right,54.600,3276,,,,,,,0.1619,-0.3299,5.4921,4.0924,4.0924,10.4681
2026-06-15 16:43:13.385,Igor,right,54.633,3278,,,,,,,0.1695,-0.3576,5.4924,4.1433,4.1433,10.6791
2026-06-15 16:43:13.416,Igor,right,54.667,3280,,,,,,,0.1814,-0.3909,5.4977,4.2026,4.2026,10.9871
2026-06-15 16:43:13.447,Igor,right,54.700,3282,,,,,,,0.1865,-0.4078,5.4955,4.2043,4.2043,11.0661
2026-06-15 16:43:13.478,Igor,right,54.733,3284,,,,,,,0.1835,-0.4187,5.4950,4.1964,4.1964,11.1079
2026-06-15 16:43:13.508,Igor,right,54.750,3285,,,,,,,0.2145,-0.3910,5.4762,4.1974,4.1974,10.6713
2026-06-15 16:43:13.539,Igor,right,54.783,3287,,,,,,,0.2351,-0.3688,5.4575,4.2341,4.2341,10.5725
2026-06-15 16:43:13.569,Igor,right,54.817,3289,,,,,,,0.2210,-0.3441,5.4435,4.1771,4.1771,10.5369
2026-06-15 16:43:13.600,Igor,right,54.850,3291,,,,,,,0.2207,-0.3368,5.4456,4.1615,4.1615,10.5067
2026-06-15 16:43:13.630,Igor,right,54.883,3293,,,,,,,0.2117,-0.3278,5.4409,4.1637,4.1637,10.5400
2026-06-15 16:43:13.660,Igor,right,54.917,3295,,,,,,,0.2180,-0.3265,5.4385,4.1722,4.1722,10.5552
2026-06-15 16:43:13.691,Igor,right,54.933,3296,,,,,,,0.2246,-0.3198,5.4358,4.2005,4.2005,10.5944
2026-06-15 16:43:13.721,Igor,right,54.967,3298,,,,,,,0.2152,-0.2936,5.4385,4.2569,4.2569,10.7875
2026-06-15 16:43:13.752,Igor,right,55.000,3300,,,,,,,0.2110,-0.2806,5.4476,4.2549,4.2549,10.8202
2026-06-15 16:43:13.783,Igor,right,55.033,3302,,,,,,,0.2191,-0.2652,5.4693,4.2452,4.2452,10.7548
2026-06-15 16:43:13.813,Igor,right,55.083,3305,,,,,,,0.2277,-0.2465,5.4717,4.2110,4.2110,10.5469
2026-06-15 16:43:13.844,Igor,right,55.117,3307,,,,,,,0.2196,-0.2170,5.4583,4.1297,4.1297,10.3653
2026-06-15 16:43:13.874,Igor,right,55.133,3308,,,,,,,0.1886,-0.1844,5.4389,4.1124,4.1124,10.3051
2026-06-15 16:43:13.905,Igor,right,55.167,3310,,,,,,,0.1532,-0.1320,5.4320,4.1021,4.1021,10.3451
2026-06-15 16:43:13.936,Igor,right,55.200,3312,,,,,,,0.1252,-0.0798,5.4345,4.1267,4.1267,10.4565
2026-06-15 16:43:13.966,Igor,right,55.233,3314,,,,,,,0.1204,-0.0523,5.4295,4.1488,4.1488,10.5351
2026-06-15 16:43:13.997,Igor,right,55.267,3316,,,,,,,0.1088,0.0017,5.4249,4.0731,4.0731,10.3961
2026-06-15 16:43:14.027,Igor,right,55.283,3317,,,,,,,0.0889,0.0595,5.4188,4.0481,4.0481,10.2899
2026-06-15 16:43:14.058,Igor,right,55.317,3319,,,,,,,0.0412,0.1130,5.4262,4.0354,4.0354,10.1437
2026-06-15 16:43:14.089,Igor,right,55.350,3321,,,,,,,0.0016,0.1749,5.4418,4.0447,4.0447,10.1167
2026-06-15 16:43:14.119,Igor,right,55.383,3323,,,,,,,-0.0091,0.2154,5.4454,4.0561,4.0561,10.0432
2026-06-15 16:43:14.150,Igor,right,55.417,3325,,,,,,,-0.0540,0.2776,5.4451,4.0040,4.0040,10.1552
2026-06-15 16:43:14.180,Igor,right,55.450,3327,,,,,,,-0.1099,0.3366,5.4497,4.0478,4.0478,10.2977
2026-06-15 16:43:14.211,Igor,right,55.483,3329,,,,,,,-0.1362,0.3670,5.4380,4.0775,4.0775,10.2242
2026-06-15 16:43:14.241,Igor,right,55.500,3330,,,,,,,-0.1344,0.4980,5.4501,4.0580,4.0580,10.2389
2026-06-15 16:43:14.272,Igor,right,55.533,3332,,,,,,,-0.1389,0.5637,5.4546,4.0604,4.0604,10.2402
2026-06-15 16:43:14.302,Igor,right,55.567,3334,,,,,,,-0.1640,0.6827,5.4433,4.0899,4.0899,10.1848
2026-06-15 16:43:14.333,Igor,right,55.600,3336,,,,,,,-0.2317,0.7817,5.4117,4.0816,4.0816,10.1909
2026-06-15 16:43:14.363,Igor,right,55.633,3338,,,,,,,-0.3025,0.8495,5.4022,4.0765,4.0765,10.1164
2026-06-15 16:43:14.394,Igor,right,55.667,3340,,,,,,,-0.3393,0.9131,5.4213,4.1134,4.1134,10.1127
2026-06-15 16:43:14.425,Igor,right,55.683,3341,,,,,,,-0.3598,0.9331,5.4345,4.1350,4.1350,10.1575
2026-06-15 16:43:14.455,Igor,right,55.717,3343,,,,,,,-0.3889,0.9303,5.4501,4.1065,4.1065,10.0904
2026-06-15 16:43:14.486,Igor,right,55.750,3345,,,,,,,-0.4162,0.8901,5.4640,4.0569,4.0569,9.9778
2026-06-15 16:43:14.516,Igor,right,55.783,3347,,,,,,,-0.4579,0.8846,5.4777,4.0067,4.0067,9.7957
2026-06-15 16:43:14.547,Igor,right,55.817,3349,,,,,,,-0.4846,0.9040,5.4937,4.0190,4.0190,9.8137
2026-06-15 16:43:14.579,Igor,right,55.850,3351,,,,,,,-0.5813,0.9610,5.5130,4.1337,4.1337,9.9899
2026-06-15 16:43:14.609,Igor,right,55.867,3352,,,,,,,-0.6241,1.0679,5.5106,4.1482,4.1482,9.8544
2026-06-15 16:43:14.640,Igor,right,55.900,3354,,,,,,,-0.6481,1.1164,5.5111,4.1475,4.1475,9.8569
2026-06-15 16:43:14.670,Igor,right,55.933,3356,,,,,,,-0.6569,1.1908,5.4966,4.1692,4.1692,9.5492
2026-06-15 16:43:14.701,Igor,right,55.967,3358,,,,,,,-0.6776,1.1924,5.4882,4.1830,4.1830,9.5859
2026-06-15 16:43:14.732,Igor,right,56.000,3360,,,,,,,-0.6994,1.1772,5.4707,4.1940,4.1940,9.4302
2026-06-15 16:43:14.762,Igor,right,56.033,3362,,,,,,,-0.7192,1.1565,5.4619,4.2053,4.2053,9.3313
2026-06-15 16:43:14.793,Igor,right,56.050,3363,,,,,,,-0.8238,0.9541,5.4615,4.2455,4.2455,9.6329
2026-06-15 16:43:14.823,Igor,right,56.083,3365,,,,,,,-0.8466,0.8794,5.4555,4.2174,4.2174,9.6696
2026-06-15 16:43:14.854,Igor,right,56.117,3367,,,,,,,-0.9960,0.7895,5.4440,4.1983,4.1983,9.3102
2026-06-15 16:43:14.884,Igor,right,56.150,3369,,,,,,,-1.1236,0.6852,5.4677,4.1839,4.1839,9.5789
2026-06-15 16:43:14.915,Igor,right,56.167,3370,,,,,,,-1.1799,0.6474,5.4763,4.2015,4.2015,9.6357
2026-06-15 16:43:14.946,Igor,right,56.217,3373,,,,,,,-1.2478,0.5627,5.4873,4.2075,4.2075,9.7661
2026-06-15 16:43:14.976,Igor,right,56.233,3374,,,,,,,-1.2585,0.5002,5.4810,4.2192,4.2192,9.6351
2026-06-15 16:43:15.006,Igor,right,56.267,3376,,,,,,,-1.1385,0.4788,5.4657,4.2261,4.2261,9.7130
2026-06-15 16:43:15.037,Igor,right,56.300,3378,,,,,,,-1.1425,0.5379,5.4646,4.2942,4.2942,9.9824
2026-06-15 16:43:15.067,Igor,right,56.333,3380,,,,,,,-1.1706,0.5865,5.4669,4.2953,4.2953,10.1243
2026-06-15 16:43:15.100,Igor,right,56.367,3382,,,,,,,-1.1751,0.5576,5.4678,4.3173,4.3173,10.1802
2026-06-15 16:43:15.131,Igor,right,56.400,3384,,,,,,,-1.1818,0.4754,5.4661,4.3106,4.3106,10.3168
2026-06-15 16:43:15.161,Igor,right,56.433,3386,,,,,,,-1.2086,0.3782,5.4664,4.2853,4.2853,10.4502
2026-06-15 16:43:15.192,Igor,right,56.450,3387,,,,,,,-1.2933,0.3280,5.4682,4.2608,4.2608,10.1611
2026-06-15 16:43:15.222,Igor,right,56.483,3389,,,,,,,-1.3820,0.2348,5.4704,4.2223,4.2223,9.9801
2026-06-15 16:43:15.253,Igor,right,56.517,3391,,,,,,,-1.3944,0.1715,5.4949,4.1987,4.1987,9.9075
2026-06-15 16:43:15.283,Igor,right,56.550,3393,,,,,,,-1.4500,0.0968,5.5337,4.2117,4.2117,9.9753
2026-06-15 16:43:15.314,Igor,right,56.583,3395,,,,,,,-1.5071,-0.0332,5.5849,4.1902,4.1902,9.9705
2026-06-15 16:43:15.345,Igor,right,56.617,3397,,,,,,,-1.5822,-0.1506,5.6114,4.1953,4.1953,9.9694
2026-06-15 16:43:15.375,Igor,right,56.633,3398,,,,,,,-1.6116,-0.1847,5.6232,4.1575,4.1575,9.9469
2026-06-15 16:43:15.406,Igor,right,56.667,3400,,,,,,,-1.6729,-0.2418,5.6239,4.2712,4.2712,9.9359
2026-06-15 16:43:15.437,Igor,right,56.700,3402,,,,,,,-1.7124,-0.3041,5.6102,4.3554,4.3554,9.9019
2026-06-15 16:43:15.467,Igor,right,56.733,3404,,,,,,,-1.7302,-0.4318,5.6012,4.4056,4.4056,10.0978
2026-06-15 16:43:15.498,Igor,right,56.767,3406,,,,,,,-1.7394,-0.4767,5.5990,4.4370,4.4370,9.9883
2026-06-15 16:43:15.528,Igor,right,56.800,3408,,,,,,,-1.7190,-0.5448,5.6010,4.3910,4.3910,9.9882
2026-06-15 16:43:15.559,Igor,right,56.817,3409,,,,,,,-1.7189,-0.5536,5.6202,4.3801,4.3801,9.8768
2026-06-15 16:43:15.590,Igor,right,56.850,3411,,,,,,,-1.7279,-0.5550,5.6261,4.3479,4.3479,9.8049
2026-06-15 16:43:15.620,Igor,right,56.883,3413,,,,,,,-1.7507,-0.5844,5.6342,4.3689,4.3689,9.7520
2026-06-15 16:43:15.650,Igor,right,56.917,3415,,,,,,,-1.7889,-0.6841,5.6207,4.3529,4.3529,9.7059
2026-06-15 16:43:15.681,Igor,right,56.950,3417,,,,,,,-1.8615,-0.8294,5.6034,4.3623,4.3623,9.7333
2026-06-15 16:43:15.712,Igor,right,56.983,3419,,,,,,,-1.9310,-0.9370,5.5899,4.3393,4.3393,9.6614
2026-06-15 16:43:15.742,Igor,right,57.000,3420,,,,,,,-1.9445,-0.9866,5.5810,4.3138,4.3138,9.7446
2026-06-15 16:43:15.773,Igor,right,57.033,3422,,,,,,,-1.9203,-1.0605,5.5749,4.2630,4.2630,9.8264
2026-06-15 16:43:15.803,Igor,right,57.067,3424,,,,,,,-1.9084,-1.0887,5.5710,4.2446,4.2446,9.8735
2026-06-15 16:43:15.833,Igor,right,57.100,3426,,,,,,,-1.9188,-1.1372,5.5576,4.2631,4.2631,10.0057
2026-06-15 16:43:15.864,Igor,right,57.133,3428,,,,,,,-1.8952,-1.1312,5.5529,4.2405,4.2405,9.9690
2026-06-15 16:43:15.895,Igor,right,57.167,3430,,,,,,,-1.7988,-1.0593,5.5595,4.2242,4.2242,9.8195
2026-06-15 16:43:15.926,Igor,right,57.183,3431,,,,,,,-1.7297,-0.9039,5.5546,4.1001,4.1001,9.2451
2026-06-15 16:43:15.957,Igor,right,57.217,3433,,,,,,,-1.5595,-0.4993,5.4593,3.4996,3.4996,7.1111
2026-06-15 16:43:15.988,Igor,right,57.250,3435,,,,,,,-1.5739,-0.4517,5.3946,3.5153,3.5153,6.9571
2026-06-15 16:43:16.018,Igor,right,57.283,3437,,,,,,,-1.6629,-0.6394,5.3918,3.7846,3.7846,7.8266
2026-06-15 16:43:16.049,Igor,right,57.317,3439,,,,,,,-1.7969,-0.8100,5.4211,4.0198,4.0198,8.8507
2026-06-15 16:43:16.080,Igor,right,57.350,3441,,,,,,,-1.8341,-0.8513,5.4467,4.0814,4.0814,9.0919
2026-06-15 16:43:16.115,Igor,right,57.383,3443,,,,,,,-1.8682,-0.8821,5.5016,4.1678,4.1678,9.5001
2026-06-15 16:43:16.145,Igor,right,57.417,3445,,,,,,,-1.8002,-0.8064,5.4804,4.0357,4.0357,8.9030
2026-06-15 16:43:16.176,Igor,right,57.433,3446,,,,,,,-1.8003,-0.8029,5.4429,4.0682,4.0682,8.7600
2026-06-15 16:43:16.207,Igor,right,57.467,3448,,,,,,,-1.8199,-0.7758,5.4319,4.0621,4.0621,8.8800
2026-06-15 16:43:16.237,Igor,right,57.500,3450,,,,,,,-1.8658,-0.7474,5.4359,4.1118,4.1118,9.2234
2026-06-15 16:43:16.267,Igor,right,57.533,3452,,,,,,,-1.9035,-0.7230,5.4545,4.2581,4.2581,9.6482
2026-06-15 16:43:16.298,Igor,right,57.567,3454,,,,,,,-1.8768,-0.6706,5.4849,4.2852,4.2852,9.9153
2026-06-15 16:43:16.329,Igor,right,57.600,3456,,,,,,,-1.8807,-0.6398,5.5009,4.3018,4.3018,10.1047
2026-06-15 16:43:16.359,Igor,right,57.617,3457,,,,,,,-1.8743,-0.5837,5.5030,4.2810,4.2810,9.9534
2026-06-15 16:43:16.390,Igor,right,57.650,3459,,,,,,,-1.8398,-0.4975,5.4880,4.2365,4.2365,9.7396
2026-06-15 16:43:16.421,Igor,right,57.683,3461,,,,,,,-1.8431,-0.4263,5.4876,4.2391,4.2391,9.8473
2026-06-15 16:43:16.452,Igor,right,57.717,3463,,,,,,,-1.8890,-0.3459,5.4798,4.4004,4.4004,10.0179
2026-06-15 16:43:16.482,Igor,right,57.750,3465,,,,,,,-1.8947,-0.2765,5.4535,4.4636,4.4636,10.1007
2026-06-15 16:43:16.513,Igor,right,57.783,3467,,,,,,,-1.8847,-0.2508,5.4490,4.4589,4.4589,10.1782
2026-06-15 16:43:16.545,Igor,right,57.800,3468,,,,,,,-1.8713,-0.2003,5.4530,4.4680,4.4680,10.2100
2026-06-15 16:43:16.575,Igor,right,57.833,3470,,,,,,,-1.8467,-0.1532,5.4771,4.4487,4.4487,10.4773
2026-06-15 16:43:16.606,Igor,right,57.867,3472,,,,,,,-1.7510,0.0221,5.5002,4.4125,4.4125,10.6050
2026-06-15 16:43:16.636,Igor,right,57.900,3474,,,,,,,-1.6385,0.3112,5.4873,4.4395,4.4395,10.4928
2026-06-15 16:43:16.667,Igor,right,57.933,3476,,,,,,,-1.6276,0.3938,5.4862,4.4117,4.4117,10.5365
2026-06-15 16:43:16.698,Igor,right,57.967,3478,,,,,,,-1.5968,0.5314,5.4827,4.4173,4.4173,10.6502
2026-06-15 16:43:16.728,Igor,right,58.000,3480,,,,,,,-1.5087,0.6360,5.5105,4.3873,4.3873,10.6249
2026-06-15 16:43:16.758,Igor,right,58.017,3481,,,,,,,-1.4753,0.6859,5.5224,4.3661,4.3661,10.5924
2026-06-15 16:43:16.789,Igor,right,58.050,3483,,,,,,,-1.4552,0.7721,5.5230,4.3498,4.3498,10.7130
2026-06-15 16:43:16.820,Igor,right,58.083,3485,,,,,,,-1.4278,0.8818,5.5121,4.3208,4.3208,10.5089
2026-06-15 16:43:16.850,Igor,right,58.117,3487,,,,,,,-1.4103,0.9661,5.5023,4.3562,4.3562,10.5135
2026-06-15 16:43:16.881,Igor,right,58.150,3489,,,,,,,-1.4061,1.0251,5.5023,4.3818,4.3818,10.6778
2026-06-15 16:43:16.912,Igor,right,58.183,3491,,,,,,,-1.4019,1.0951,5.5123,4.3849,4.3849,10.6352
2026-06-15 16:43:16.943,Igor,right,58.200,3492,,,,,,,-1.4691,1.2161,5.5326,4.4117,4.4117,10.5108
2026-06-15 16:43:16.973,Igor,right,58.233,3494,,,,,,,-1.4545,1.2767,5.5317,4.4436,4.4436,10.3557
2026-06-15 16:43:17.003,Igor,right,58.267,3496,,,,,,,-1.4552,1.3503,5.5350,4.4618,4.4618,10.3744
2026-06-15 16:43:17.034,Igor,right,58.300,3498,,,,,,,-1.4455,1.3919,5.5387,4.4281,4.4281,10.5917
2026-06-15 16:43:17.064,Igor,right,58.333,3500,,,,,,,-1.4306,1.4025,5.5384,4.4124,4.4124,10.6076
2026-06-15 16:43:17.095,Igor,right,58.367,3502,,,,,,,-1.3930,1.4554,5.5266,4.3692,4.3692,10.4337
2026-06-15 16:43:17.126,Igor,right,58.383,3503,,,,,,,-1.3438,1.5091,5.5122,4.3383,4.3383,10.3559
2026-06-15 16:43:17.156,Igor,right,58.417,3505,,,,,,,-1.2888,1.5639,5.4950,4.3263,4.3263,10.1838
2026-06-15 16:43:17.186,Igor,right,58.450,3507,,,,,,,-1.2682,1.5840,5.4870,4.3213,4.3213,10.2273
2026-06-15 16:43:17.217,Igor,right,58.483,3509,,,,,,,-1.0257,1.7028,5.4324,4.3674,4.3674,10.0059
2026-06-15 16:43:17.247,Igor,right,58.517,3511,,,,,,,-0.8314,1.7731,5.3659,4.3935,4.3935,10.0171
2026-06-15 16:43:17.278,Igor,right,58.550,3513,,,,,,,-0.6823,1.8088,5.3194,4.3317,4.3317,9.8466
2026-06-15 16:43:17.308,Igor,right,58.567,3514,,,,,,,-0.6247,1.8159,5.2950,4.3083,4.3083,9.7639
2026-06-15 16:43:17.339,Igor,right,58.600,3516,,,,,,,-0.5858,1.8250,5.2749,4.3176,4.3176,9.8226
2026-06-15 16:43:17.370,Igor,right,58.633,3518,,,,,,,-0.5419,1.8373,5.2435,4.3214,4.3214,9.8254
2026-06-15 16:43:17.400,Igor,right,58.667,3520,,,,,,,-0.5204,1.8243,5.2326,4.3206,4.3206,10.0194
2026-06-15 16:43:17.431,Igor,right,58.700,3522,,,,,,,-0.4844,1.8170,5.2477,4.2563,4.2563,10.2178
2026-06-15 16:43:17.461,Igor,right,58.733,3524,,,,,,,-0.4864,1.8016,5.2533,4.2757,4.2757,10.3133
2026-06-15 16:43:17.491,Igor,right,58.750,3525,,,,,,,-0.5486,1.7508,5.2438,4.2927,4.2927,10.1673
2026-06-15 16:43:17.522,Igor,right,58.783,3527,,,,,,,-0.5733,1.7165,5.2230,4.3002,4.3002,10.1310
2026-06-15 16:43:17.552,Igor,right,58.817,3529,,,,,,,-0.5617,1.6715,5.2174,4.3054,4.3054,10.0201
2026-06-15 16:43:17.583,Igor,right,58.850,3531,,,,,,,-0.5154,1.6040,5.2208,4.3068,4.3068,9.9938
2026-06-15 16:43:17.614,Igor,right,58.883,3533,,,,,,,-0.4590,1.5704,5.2140,4.2446,4.2446,9.7434
2026-06-15 16:43:17.644,Igor,right,58.917,3535,,,,,,,-0.3903,1.5035,5.1753,4.1799,4.1799,9.4180
2026-06-15 16:43:17.675,Igor,right,58.933,3536,,,,,,,-0.3314,1.4303,5.1397,4.1680,4.1680,9.3221
2026-06-15 16:43:17.705,Igor,right,58.967,3538,,,,,,,-0.2996,1.4053,5.1333,4.1568,4.1568,9.2513
2026-06-15 16:43:17.736,Igor,right,59.000,3540,,,,,,,-0.2518,1.3102,5.1623,4.1297,4.1297,9.5234
2026-06-15 16:43:17.767,Igor,right,59.033,3542,,,,,,,-0.1846,1.1960,5.1736,4.1552,4.1552,9.7435
2026-06-15 16:43:17.797,Igor,right,59.067,3544,,,,,,,-0.1346,1.1410,5.1568,4.1028,4.1028,9.8147
2026-06-15 16:43:17.828,Igor,right,59.100,3546,,,,,,,-0.1159,1.0707,5.1565,4.1237,4.1237,10.2617
2026-06-15 16:43:17.858,Igor,right,59.117,3547,,,,,,,-0.0667,0.9897,5.1817,4.1343,4.1343,10.4393
2026-06-15 16:43:17.889,Igor,right,59.150,3549,,,,,,,-0.0384,0.9521,5.2015,4.1428,4.1428,10.4259
2026-06-15 16:43:17.919,Igor,right,59.183,3551,,,,,,,-0.0175,0.8696,5.2490,4.1578,4.1578,10.4135
2026-06-15 16:43:17.950,Igor,right,59.217,3553,,,,,,,0.0115,0.7933,5.2877,4.1756,4.1756,10.3261
2026-06-15 16:43:17.980,Igor,right,59.250,3555,,,,,,,0.0248,0.7295,5.2931,4.2267,4.2267,10.4358
2026-06-15 16:43:18.010,Igor,right,59.267,3556,,,,,,,0.0184,0.6783,5.2990,4.2329,4.2329,10.5651
2026-06-15 16:43:18.041,Igor,right,59.300,3558,,,,,,,0.0217,0.5641,5.3083,4.1451,4.1451,10.3582
2026-06-15 16:43:18.072,Igor,right,59.333,3560,,,,,,,0.0283,0.4547,5.3224,4.0827,4.0827,10.3183
2026-06-15 16:43:18.102,Igor,right,59.367,3562,,,,,,,0.0583,0.3676,5.3412,4.0963,4.0963,10.2216
2026-06-15 16:43:18.133,Igor,right,59.400,3564,,,,,,,0.0676,0.3394,5.3517,4.0695,4.0695,10.1106
2026-06-15 16:43:18.165,Igor,right,59.417,3565,,,,,,,0.0894,0.2939,5.3704,4.0311,4.0311,10.0100
2026-06-15 16:43:18.196,Igor,right,59.467,3568,,,,,,,0.0973,0.2658,5.3951,4.0334,4.0334,10.0601
2026-06-15 16:43:18.226,Igor,right,59.483,3569,,,,,,,0.1121,0.2351,5.4119,4.0314,4.0314,10.1040
2026-06-15 16:43:18.257,Igor,right,59.517,3571,,,,,,,0.1197,0.2361,5.4083,3.9968,3.9968,10.0219
2026-06-15 16:43:18.288,Igor,right,59.550,3573,,,,,,,0.1340,0.2230,5.4032,3.9772,3.9772,10.0302
2026-06-15 16:43:18.318,Igor,right,59.583,3575,,,,,,,0.1541,0.1971,5.3980,3.9792,3.9792,10.0447
2026-06-15 16:43:18.349,Igor,right,59.617,3577,,,,,,,0.1922,0.1832,5.3904,4.0135,4.0135,9.9712
2026-06-15 16:43:18.380,Igor,right,59.650,3579,,,,,,,0.2033,0.1763,5.3684,3.9651,3.9651,9.9575
2026-06-15 16:43:18.410,Igor,right,59.667,3580,,,,,,,0.2000,0.1231,5.3353,3.9801,3.9801,10.0059
2026-06-15 16:43:18.441,Igor,right,59.700,3582,,,,,,,0.2016,0.1056,5.3257,3.9873,3.9873,10.0531
2026-06-15 16:43:18.472,Igor,right,59.733,3584,,,,,,,0.1947,0.0507,5.3335,3.9988,3.9988,10.2265
2026-06-15 16:43:18.502,Igor,right,59.767,3586,,,,,,,0.1773,0.0280,5.3594,4.0118,4.0118,10.3040
2026-06-15 16:43:18.533,Igor,right,59.800,3588,,,,,,,0.1689,0.0213,5.3611,3.9910,3.9910,10.3175
2026-06-15 16:43:18.564,Igor,right,59.833,3590,,,,,,,0.1772,0.0199,5.3607,3.9931,3.9931,10.3213
2026-06-15 16:43:18.594,Igor,right,59.867,3592,,,,,,,0.1907,0.0200,5.3702,4.0056,4.0056,10.3479
2026-06-15 16:43:18.625,Igor,right,59.883,3593,,,,,,,0.1789,0.0347,5.3662,3.9991,3.9991,10.3562
2026-06-15 16:43:18.655,Igor,right,59.917,3595,,,,,,,0.1659,0.0304,5.3668,3.9617,3.9617,10.4014
2026-06-15 16:43:18.686,Igor,right,59.950,3597,,,,,,,0.1400,0.0472,5.3836,3.9692,3.9692,10.4498
2026-06-15 16:43:18.717,Igor,right,59.983,3599,,,,,,,0.1509,0.0565,5.4150,3.9817,3.9817,10.4508
2026-06-15 16:43:18.747,Igor,right,60.017,3601,,,,,,,0.1523,0.0720,5.4310,3.9883,3.9883,10.5494
2026-06-15 16:43:18.777,Igor,right,60.050,3603,,,,,,,0.1753,0.0789,5.4429,3.9755,3.9755,10.4969
2026-06-15 16:43:18.808,Igor,right,60.067,3604,,,,,,,0.1557,0.1085,5.4506,4.0417,4.0417,10.5898
2026-06-15 16:43:18.839,Igor,right,60.100,3606,,,,,,,0.1412,0.1569,5.4516,3.9906,3.9906,10.4694
2026-06-15 16:43:18.869,Igor,right,60.133,3608,,,,,,,0.1321,0.2270,5.4431,3.9536,3.9536,10.2655
2026-06-15 16:43:18.900,Igor,right,60.167,3610,,,,,,,0.2042,0.4322,5.4357,3.9943,3.9943,10.1724
2026-06-15 16:43:18.931,Igor,right,60.200,3612,,,,,,,0.2487,0.5616,5.4470,4.0218,4.0218,10.1060
2026-06-15 16:43:18.962,Igor,right,60.233,3614,,,,,,,0.2507,0.6181,5.4523,4.0234,4.0234,10.0702
2026-06-15 16:43:18.992,Igor,right,60.250,3615,,,,,,,0.2172,0.6854,5.4799,4.0972,4.0972,10.2173
2026-06-15 16:43:19.022,Igor,right,60.283,3617,,,,,,,0.1982,0.7318,5.5008,4.1205,4.1205,10.2647
2026-06-15 16:43:19.053,Igor,right,60.317,3619,,,,,,,0.2013,0.7704,5.5159,4.1519,4.1519,10.2513
2026-06-15 16:43:19.083,Igor,right,60.350,3621,,,,,,,0.1890,0.7853,5.5270,4.1631,4.1631,10.2294
2026-06-15 16:43:19.114,Igor,right,60.383,3623,,,,,,,0.1634,0.8174,5.5440,4.1664,4.1664,10.2744
2026-06-15 16:43:19.145,Igor,right,60.417,3625,,,,,,,0.1269,0.8305,5.5405,4.1634,4.1634,10.2744
2026-06-15 16:43:19.176,Igor,right,60.433,3626,,,,,,,0.0867,0.8525,5.5094,4.1466,4.1466,10.1970
2026-06-15 16:43:19.206,Igor,right,60.467,3628,,,,,,,0.0603,0.8871,5.4934,4.1188,4.1188,10.2085
2026-06-15 16:43:19.237,Igor,right,60.500,3630,,,,,,,0.0409,0.9053,5.4866,4.1033,4.1033,10.2566
2026-06-15 16:43:19.267,Igor,right,60.533,3632,,,,,,,-0.0766,0.9661,5.4656,4.0870,4.0870,10.0617
2026-06-15 16:43:19.298,Igor,right,60.567,3634,,,,,,,-0.1945,1.0513,5.4247,4.0808,4.0808,9.8986
2026-06-15 16:43:19.329,Igor,right,60.600,3636,,,,,,,-0.2833,1.1222,5.3918,4.0811,4.0811,9.8761
2026-06-15 16:43:19.359,Igor,right,60.617,3637,,,,,,,-0.3632,1.1952,5.3837,4.0667,4.0667,9.8181
2026-06-15 16:43:19.390,Igor,right,60.650,3639,,,,,,,-0.4017,1.2487,5.3858,4.0393,4.0393,9.7095
2026-06-15 16:43:19.420,Igor,right,60.683,3641,,,,,,,-0.5135,1.3146,5.3958,4.0529,4.0529,9.7368
2026-06-15 16:43:19.451,Igor,right,60.717,3643,,,,,,,-0.6078,1.3420,5.4252,4.0482,4.0482,9.8257
2026-06-15 16:43:19.481,Igor,right,60.750,3645,,,,,,,-0.6781,1.3825,5.4452,4.0738,4.0738,9.7989
2026-06-15 16:43:19.511,Igor,right,60.783,3647,,,,,,,-0.6954,1.5365,5.4732,4.0675,4.0675,9.5713
2026-06-15 16:43:19.542,Igor,right,60.800,3648,,,,,,,-0.7068,1.6101,5.4882,4.0391,4.0391,9.4588
2026-06-15 16:43:19.573,Igor,right,60.833,3650,,,,,,,-0.7336,1.7386,5.5112,4.0302,4.0302,9.4278
2026-06-15 16:43:19.603,Igor,right,60.867,3652,,,,,,,-0.7636,1.8379,5.5326,4.0132,4.0132,9.3793
2026-06-15 16:43:19.634,Igor,right,60.900,3654,,,,,,,-0.7992,1.8830,5.5434,4.0526,4.0526,9.3422
2026-06-15 16:43:19.664,Igor,right,60.933,3656,,,,,,,-0.7992,1.8830,5.5434,4.0526,4.0526,9.3422
2026-06-15 16:43:19.695,Igor,right,60.967,3658,,,,,,,-0.8477,1.9562,5.5580,4.0534,4.0534,9.2058
2026-06-15 16:43:19.725,Igor,right,60.983,3659,,,,,,,-0.8763,1.9624,5.5606,4.0391,4.0391,9.2149
2026-06-15 16:43:19.756,Igor,right,61.017,3661,,,,,,,-0.9313,1.9549,5.5643,4.0087,4.0087,9.2218
2026-06-15 16:43:19.786,Igor,right,61.050,3663,,,,,,,-0.9731,1.9526,5.5640,4.0563,4.0563,9.1069
2026-06-15 16:43:19.817,Igor,right,61.083,3665,,,,,,,-1.0075,1.9590,5.5677,4.0869,4.0869,9.1024
2026-06-15 16:43:19.847,Igor,right,61.117,3667,,,,,,,-1.0530,1.9843,5.5712,4.0997,4.0997,8.8986
2026-06-15 16:43:19.878,Igor,right,61.150,3669,,,,,,,-1.1063,1.9880,5.5707,4.0806,4.0806,8.7951
2026-06-15 16:43:19.909,Igor,right,61.167,3670,,,,,,,-1.1511,1.9994,5.5632,4.0487,4.0487,8.6950
2026-06-15 16:43:19.939,Igor,right,61.200,3672,,,,,,,-1.1681,1.9856,5.5621,4.0464,4.0464,8.6276
2026-06-15 16:43:19.970,Igor,right,61.233,3674,,,,,,,-1.2036,1.9763,5.5646,4.0567,4.0567,8.5778
2026-06-15 16:43:20.000,Igor,right,61.267,3676,,,,,,,-1.2435,1.9758,5.5709,4.1242,4.1242,8.6629
2026-06-15 16:43:20.031,Igor,right,61.300,3678,,,,,,,-1.3058,1.9699,5.5878,4.1382,4.1382,8.7291
2026-06-15 16:43:20.061,Igor,right,61.333,3680,,,,,,,-1.3339,1.9683,5.5967,4.1297,4.1297,8.5800
2026-06-15 16:43:20.092,Igor,right,61.350,3681,,,,,,,-1.3560,1.9424,5.6052,4.1231,4.1231,8.6001
2026-06-15 16:43:20.122,Igor,right,61.383,3683,,,,,,,-1.3866,1.8725,5.6299,4.1078,4.1078,8.8051
2026-06-15 16:43:20.153,Igor,right,61.417,3685,,,,,,,-1.4167,1.7846,5.6472,4.1169,4.1169,8.6841
2026-06-15 16:43:20.184,Igor,right,61.450,3687,,,,,,,-1.5518,1.6744,5.6673,4.1324,4.1324,8.8665
2026-06-15 16:43:20.214,Igor,right,61.483,3689,,,,,,,-1.6973,1.5076,5.7164,4.1233,4.1233,9.0828
2026-06-15 16:43:20.245,Igor,right,61.517,3691,,,,,,,-1.7821,1.3648,5.7472,4.1525,4.1525,9.1623
2026-06-15 16:43:20.275,Igor,right,61.533,3692,,,,,,,-1.8137,1.2453,5.7700,4.1438,4.1438,9.1636
2026-06-15 16:43:20.306,Igor,right,61.567,3694,,,,,,,-1.7677,1.1685,5.7725,4.1422,4.1422,9.1550
2026-06-15 16:43:20.336,Igor,right,61.600,3696,,,,,,,-1.7242,1.1195,5.7596,4.1394,4.1394,9.2211
2026-06-15 16:43:20.367,Igor,right,61.633,3698,,,,,,,-1.6842,1.0084,5.7285,4.1327,4.1327,9.2235
2026-06-15 16:43:20.397,Igor,right,61.667,3700,,,,,,,-1.6617,0.9199,5.6974,4.1454,4.1454,9.1970
2026-06-15 16:43:20.428,Igor,right,61.683,3701,,,,,,,-1.6897,0.8435,5.6684,4.2167,4.2167,9.2035
2026-06-15 16:43:20.458,Igor,right,61.717,3703,,,,,,,-1.7071,0.7978,5.6558,4.2339,4.2339,9.1658
2026-06-15 16:43:20.489,Igor,right,61.750,3705,,,,,,,-1.7071,0.7148,5.6419,4.2442,4.2442,9.1475
2026-06-15 16:43:20.519,Igor,right,61.783,3707,,,,,,,-1.7081,0.6271,5.6542,4.1191,4.1191,9.2522
2026-06-15 16:43:20.550,Igor,right,61.817,3709,,,,,,,-1.7423,0.5618,5.6710,4.1370,4.1370,9.1151
2026-06-15 16:43:20.580,Igor,right,61.850,3711,,,,,,,-1.8535,0.5206,5.6881,4.1062,4.1062,8.8547
2026-06-15 16:43:20.611,Igor,right,61.867,3712,,,,,,,-1.8732,0.4867,5.6932,4.0901,4.0901,8.7545
2026-06-15 16:43:20.641,Igor,right,61.900,3714,,,,,,,-1.8940,0.4616,5.6966,4.0961,4.0961,8.7087
2026-06-15 16:43:20.672,Igor,right,61.933,3716,,,,,,,-1.9444,0.4073,5.7022,4.1740,4.1740,8.7288
2026-06-15 16:43:20.702,Igor,right,61.967,3718,,,,,,,-1.9790,0.3638,5.6792,4.1821,4.1821,8.5835
2026-06-15 16:43:20.733,Igor,right,62.000,3720,,,,,,,-1.9905,0.3162,5.6620,4.1377,4.1377,8.5332
2026-06-15 16:43:20.763,Igor,right,62.033,3722,,,,,,,-1.9922,0.2875,5.6623,4.1012,4.1012,8.6029
2026-06-15 16:43:20.794,Igor,right,62.050,3723,,,,,,,-2.0119,0.2607,5.6675,4.1521,4.1521,8.6224
2026-06-15 16:43:20.825,Igor,right,62.083,3725,,,,,,,-1.9929,0.2323,5.6786,4.1334,4.1334,8.5313
2026-06-15 16:43:20.855,Igor,right,62.117,3727,,,,,,,-2.0063,0.2117,5.6668,4.1049,4.1049,8.5056
2026-06-15 16:43:20.885,Igor,right,62.150,3729,,,,,,,-2.0064,0.1848,5.6607,4.1241,4.1241,8.6253
2026-06-15 16:43:20.916,Igor,right,62.183,3731,,,,,,,-1.9914,0.1525,5.6592,4.1138,4.1138,8.6925
2026-06-15 16:43:20.946,Igor,right,62.217,3733,,,,,,,-1.9782,0.1136,5.6653,4.0935,4.0935,8.7093
2026-06-15 16:43:20.977,Igor,right,62.233,3734,,,,,,,-1.9962,0.1061,5.6763,4.0738,4.0738,8.6460
2026-06-15 16:43:21.007,Igor,right,62.267,3736,,,,,,,-1.9973,0.1293,5.6759,4.0529,4.0529,8.4847
2026-06-15 16:43:21.038,Igor,right,62.300,3738,,,,,,,-1.9848,0.1443,5.6710,4.0355,4.0355,8.5058
2026-06-15 16:43:21.068,Igor,right,62.333,3740,,,,,,,-1.9652,0.1570,5.6721,4.0283,4.0283,8.5456
2026-06-15 16:43:21.099,Igor,right,62.367,3742,,,,,,,-1.9798,0.1345,5.6976,4.0589,4.0589,8.7379
2026-06-15 16:43:21.129,Igor,right,62.400,3744,,,,,,,-2.0160,0.1322,5.7228,4.1012,4.1012,8.7427
2026-06-15 16:43:21.160,Igor,right,62.417,3745,,,,,,,-2.0266,0.1150,5.7214,4.1087,4.1087,8.7928
2026-06-15 16:43:21.191,Igor,right,62.450,3747,,,,,,,-2.0339,0.0962,5.7097,4.0926,4.0926,8.7816
2026-06-15 16:43:21.222,Igor,right,62.483,3749,,,,,,,-2.0329,0.0895,5.7021,4.1008,4.1008,8.8161
2026-06-15 16:43:21.252,Igor,right,62.517,3751,,,,,,,-2.0238,0.0957,5.7021,4.0835,4.0835,8.7517
2026-06-15 16:43:21.282,Igor,right,62.550,3753,,,,,,,-2.0186,0.0929,5.7021,4.0677,4.0677,8.7197
2026-06-15 16:43:21.313,Igor,right,62.583,3755,,,,,,,-2.0205,0.1177,5.6830,4.1583,4.1583,8.7600
2026-06-15 16:43:21.344,Igor,right,62.600,3756,,,,,,,-2.0032,0.1482,5.6794,4.1615,4.1615,8.7558
2026-06-15 16:43:21.374,Igor,right,62.633,3758,,,,,,,-2.0062,0.1893,5.6773,4.2036,4.2036,8.7254
2026-06-15 16:43:21.405,Igor,right,62.667,3760,,,,,,,-2.0080,0.2141,5.6806,4.2284,4.2284,8.7900
2026-06-15 16:43:21.435,Igor,right,62.700,3762,,,,,,,-1.9834,0.2444,5.6858,4.2014,4.2014,8.7820
2026-06-15 16:43:21.466,Igor,right,62.733,3764,,,,,,,-1.9556,0.2908,5.6989,4.2070,4.2070,8.9095
2026-06-15 16:43:21.497,Igor,right,62.767,3766,,,,,,,-1.9202,0.3466,5.7114,4.2048,4.2048,9.0020
2026-06-15 16:43:21.527,Igor,right,62.783,3767,,,,,,,-1.9329,0.3879,5.7202,4.2073,4.2073,8.9311
2026-06-15 16:43:21.559,Igor,right,62.817,3769,,,,,,,-1.9372,0.4572,5.7338,4.2161,4.2161,8.9487
2026-06-15 16:43:21.590,Igor,right,62.850,3771,,,,,,,-1.9135,0.5004,5.7568,4.2330,4.2330,9.1158
2026-06-15 16:43:21.620,Igor,right,62.883,3773,,,,,,,-1.8997,0.5389,5.7776,4.2266,4.2266,9.1707
2026-06-15 16:43:21.650,Igor,right,62.917,3775,,,,,,,-1.8848,0.5802,5.7958,4.2243,4.2243,9.2549
2026-06-15 16:43:21.681,Igor,right,62.950,3777,,,,,,,-1.9046,0.6261,5.8069,4.2966,4.2966,9.4262
2026-06-15 16:43:21.712,Igor,right,62.983,3779,,,,,,,-1.8837,0.6612,5.8112,4.2735,4.2735,9.4209
2026-06-15 16:43:21.742,Igor,right,63.000,3780,,,,,,,-1.7595,0.8380,5.8056,4.2501,4.2501,9.4850
2026-06-15 16:43:21.773,Igor,right,63.033,3782,,,,,,,-1.6828,0.9927,5.7815,4.2281,4.2281,9.2072
2026-06-15 16:43:21.804,Igor,right,63.067,3784,,,,,,,-1.6366,1.0767,5.7489,4.2657,4.2657,9.4081
2026-06-15 16:43:21.834,Igor,right,63.100,3786,,,,,,,-1.5919,1.1628,5.7226,4.3083,4.3083,9.4880
2026-06-15 16:43:21.865,Igor,right,63.133,3788,,,,,,,-1.5639,1.1841,5.7203,4.2924,4.2924,9.6066
2026-06-15 16:43:21.895,Igor,right,63.167,3790,,,,,,,-1.5321,1.2825,5.7158,4.2803,4.2803,9.4944
2026-06-15 16:43:21.926,Igor,right,63.183,3791,,,,,,,-1.4921,1.3642,5.7160,4.2612,4.2612,9.4142
2026-06-15 16:43:21.957,Igor,right,63.217,3793,,,,,,,-1.4612,1.3933,5.7115,4.2681,4.2681,9.5185
2026-06-15 16:43:21.987,Igor,right,63.250,3795,,,,,,,-1.4249,1.4127,5.7160,4.2452,4.2452,9.5376
2026-06-15 16:43:22.018,Igor,right,63.283,3797,,,,,,,-1.4233,1.5303,5.7167,4.2512,4.2512,9.3607
2026-06-15 16:43:22.049,Igor,right,63.317,3799,,,,,,,-1.3942,1.6492,5.6900,4.2790,4.2790,9.1954
2026-06-15 16:43:22.079,Igor,right,63.350,3801,,,,,,,-1.3802,1.6853,5.6733,4.2851,4.2851,9.1762
2026-06-15 16:43:22.110,Igor,right,63.367,3802,,,,,,,-1.3387,1.7283,5.6662,4.2409,4.2409,9.3651
2026-06-15 16:43:22.141,Igor,right,63.400,3804,,,,,,,-1.3103,1.7663,5.6684,4.2213,4.2213,9.3159
2026-06-15 16:43:22.172,Igor,right,63.433,3806,,,,,,,-1.2796,1.7956,5.6670,4.2062,4.2062,9.2365
2026-06-15 16:43:22.203,Igor,right,63.467,3808,,,,,,,-1.2215,1.8446,5.6595,4.1719,4.1719,9.1698
2026-06-15 16:43:22.233,Igor,right,63.500,3810,,,,,,,-1.1605,1.8950,5.6533,4.1639,4.1639,9.1744
2026-06-15 16:43:22.263,Igor,right,63.533,3812,,,,,,,-1.1187,1.9217,5.6421,4.1877,4.1877,9.1004
2026-06-15 16:43:22.294,Igor,right,63.550,3813,,,,,,,-1.0434,1.9461,5.6220,4.2079,4.2079,9.0762
2026-06-15 16:43:22.325,Igor,right,63.583,3815,,,,,,,-0.7713,2.0019,5.5609,4.1355,4.1355,9.1262
2026-06-15 16:43:22.355,Igor,right,63.617,3817,,,,,,,-0.6360,2.0218,5.5063,4.0925,4.0925,9.1693
2026-06-15 16:43:22.386,Igor,right,63.650,3819,,,,,,,-0.5568,2.0282,5.4638,4.0870,4.0870,9.0824
2026-06-15 16:43:22.416,Igor,right,63.683,3821,,,,,,,-0.5321,2.0246,5.4475,4.0651,4.0651,9.0715
2026-06-15 16:43:22.447,Igor,right,63.717,3823,,,,,,,-0.4862,2.0049,5.4331,4.0667,4.0667,9.0215
2026-06-15 16:43:22.477,Igor,right,63.750,3825,,,,,,,-0.4897,1.9768,5.4320,4.0541,4.0541,9.0761
2026-06-15 16:43:22.508,Igor,right,63.767,3826,,,,,,,-0.5428,1.9302,5.4401,4.0455,4.0455,9.0384
2026-06-15 16:43:22.538,Igor,right,63.800,3828,,,,,,,-0.5864,1.8743,5.4350,4.0242,4.0242,8.8143
2026-06-15 16:43:22.569,Igor,right,63.833,3830,,,,,,,-0.5979,1.8096,5.4240,4.0398,4.0398,8.9835
2026-06-15 16:43:22.600,Igor,right,63.867,3832,,,,,,,-0.5868,1.7456,5.4158,4.0487,4.0487,9.2301
2026-06-15 16:43:22.631,Igor,right,63.900,3834,,,,,,,-0.5238,1.6986,5.4218,4.0784,4.0784,9.1613
2026-06-15 16:43:22.661,Igor,right,63.933,3836,,,,,,,-0.4752,1.6596,5.4321,4.0597,4.0597,9.1072
2026-06-15 16:43:22.692,Igor,right,63.950,3837,,,,,,,-0.4594,1.6381,5.4358,4.0508,4.0508,9.1907
2026-06-15 16:43:22.723,Igor,right,63.983,3839,,,,,,,-0.4042,1.5869,5.4303,3.9939,3.9939,9.1812
2026-06-15 16:43:22.753,Igor,right,64.017,3841,,,,,,,-0.3405,1.5252,5.4121,3.9259,3.9259,9.0584
2026-06-15 16:43:22.784,Igor,right,64.050,3843,,,,,,,-0.3303,1.4782,5.4182,3.9400,3.9400,9.1388
2026-06-15 16:43:22.814,Igor,right,64.083,3845,,,,,,,-0.3038,1.3912,5.4309,3.9263,3.9263,9.2407
2026-06-15 16:43:22.845,Igor,right,64.117,3847,,,,,,,-0.2613,1.3061,5.4355,3.8920,3.8920,9.1763
2026-06-15 16:43:22.875,Igor,right,64.133,3848,,,,,,,-0.2406,1.2161,5.4425,3.8632,3.8632,9.3411
2026-06-15 16:43:22.906,Igor,right,64.167,3850,,,,,,,-0.2181,1.1230,5.4524,3.8719,3.8719,9.2953
2026-06-15 16:43:22.936,Igor,right,64.200,3852,,,,,,,-0.2070,1.0817,5.4609,3.8867,3.8867,9.3656
2026-06-15 16:43:22.967,Igor,right,64.233,3854,,,,,,,-0.1199,0.9757,5.4727,3.9324,3.9324,9.4854
2026-06-15 16:43:22.998,Igor,right,64.267,3856,,,,,,,-0.0400,0.8667,5.4861,3.9939,3.9939,9.7214
2026-06-15 16:43:23.029,Igor,right,64.300,3858,,,,,,,-0.0092,0.7918,5.4966,3.9464,3.9464,9.6288
2026-06-15 16:43:23.059,Igor,right,64.317,3859,,,,,,,0.0049,0.7603,5.4922,3.9239,3.9239,9.6367
2026-06-15 16:43:23.090,Igor,right,64.350,3861,,,,,,,0.0565,0.7003,5.4910,3.9693,3.9693,9.7066
2026-06-15 16:43:23.120,Igor,right,64.383,3863,,,,,,,0.0990,0.6401,5.4955,3.9971,3.9971,9.6257
2026-06-15 16:43:23.151,Igor,right,64.417,3865,,,,,,,0.1538,0.5758,5.4957,4.0154,4.0154,9.5168
2026-06-15 16:43:23.183,Igor,right,64.450,3867,,,,,,,0.1568,0.5533,5.5032,4.0144,4.0144,9.5171
2026-06-15 16:43:23.214,Igor,right,64.483,3869,,,,,,,0.1540,0.4981,5.5083,3.8917,3.8917,9.5989
2026-06-15 16:43:23.244,Igor,right,64.517,3871,,,,,,,0.1549,0.4368,5.5019,3.8141,3.8141,9.6353
2026-06-15 16:43:23.275,Igor,right,64.533,3872,,,,,,,0.1385,0.3962,5.4886,3.7848,3.7848,9.7004
2026-06-15 16:43:23.306,Igor,right,64.567,3874,,,,,,,0.1517,0.3776,5.4780,3.7432,3.7432,9.5932
2026-06-15 16:43:23.337,Igor,right,64.600,3876,,,,,,,0.1627,0.3738,5.4527,3.7287,3.7287,9.4775
2026-06-15 16:43:23.367,Igor,right,64.633,3878,,,,,,,0.1560,0.3680,5.4292,3.6695,3.6695,9.4094
2026-06-15 16:43:23.398,Igor,right,64.667,3880,,,,,,,0.1763,0.3829,5.4195,3.7014,3.7014,9.2668
2026-06-15 16:43:23.429,Igor,right,64.700,3882,,,,,,,0.1769,0.3634,5.4160,3.7061,3.7061,9.3641
2026-06-15 16:43:23.460,Igor,right,64.717,3883,,,,,,,0.2091,0.3675,5.4205,3.7710,3.7710,9.2873
2026-06-15 16:43:23.490,Igor,right,64.750,3885,,,,,,,0.2709,0.3717,5.4592,3.8567,3.8567,9.3253
2026-06-15 16:43:23.521,Igor,right,64.783,3887,,,,,,,0.2757,0.3575,5.4741,3.8811,3.8811,9.3792
2026-06-15 16:43:23.552,Igor,right,64.817,3889,,,,,,,0.2793,0.3425,5.4885,3.8470,3.8470,9.4797
2026-06-15 16:43:23.582,Igor,right,64.850,3891,,,,,,,0.2648,0.3386,5.4908,3.8277,3.8277,9.5265
2026-06-15 16:43:23.613,Igor,right,64.883,3893,,,,,,,0.2627,0.3398,5.4918,3.8156,3.8156,9.5067
2026-06-15 16:43:23.643,Igor,right,64.900,3894,,,,,,,0.2675,0.3562,5.4904,3.8030,3.8030,9.3954
2026-06-15 16:43:23.674,Igor,right,64.933,3896,,,,,,,0.2743,0.3719,5.4894,3.8025,3.8025,9.3017
2026-06-15 16:43:23.705,Igor,right,64.967,3898,,,,,,,0.2804,0.4045,5.4829,3.7933,3.7933,9.2588
2026-06-15 16:43:23.735,Igor,right,65.000,3900,,,,,,,0.2613,0.4365,5.4878,3.8268,3.8268,9.4364
2026-06-15 16:43:23.766,Igor,right,65.033,3902,,,,,,,0.2588,0.4439,5.4938,3.8407,3.8407,9.4801
2026-06-15 16:43:23.796,Igor,right,65.067,3904,,,,,,,0.1973,0.5364,5.4820,3.7505,3.7505,9.5326
2026-06-15 16:43:23.827,Igor,right,65.083,3905,,,,,,,0.1146,0.7534,5.4410,3.6521,3.6521,8.9995
2026-06-15 16:43:23.857,Igor,right,65.117,3907,,,,,,,0.0635,0.8697,5.4137,3.6691,3.6691,9.0110
2026-06-15 16:43:23.888,Igor,right,65.150,3909,,,,,,,0.0575,0.9156,5.4084,3.6740,3.6740,9.0567
2026-06-15 16:43:23.918,Igor,right,65.183,3911,,,,,,,0.0417,0.9787,5.3996,3.6795,3.6795,9.0640
2026-06-15 16:43:23.949,Igor,right,65.217,3913,,,,,,,0.0312,1.0031,5.3949,3.7127,3.7127,8.9956
2026-06-15 16:43:23.979,Igor,right,65.250,3915,,,,,,,0.0092,1.0317,5.3872,3.7216,3.7216,9.0269
2026-06-15 16:43:24.010,Igor,right,65.267,3916,,,,,,,-0.0113,1.0724,5.3853,3.7327,3.7327,9.0569
2026-06-15 16:43:24.040,Igor,right,65.300,3918,,,,,,,-0.0273,1.0864,5.3900,3.7444,3.7444,9.0511
2026-06-15 16:43:24.071,Igor,right,65.333,3920,,,,,,,-0.0524,1.1061,5.4025,3.7686,3.7686,8.9977
2026-06-15 16:43:24.101,Igor,right,65.367,3922,,,,,,,-0.0611,1.1157,5.4033,3.7450,3.7450,8.9434
2026-06-15 16:43:24.132,Igor,right,65.400,3924,,,,,,,-0.0980,1.1296,5.4107,3.7356,3.7356,9.1583
2026-06-15 16:43:24.163,Igor,right,65.433,3926,,,,,,,-0.1299,1.1568,5.4169,3.7542,3.7542,9.0815
2026-06-15 16:43:24.194,Igor,right,65.450,3927,,,,,,,-0.1416,1.1667,5.4176,3.7635,3.7635,9.0757
2026-06-15 16:43:24.224,Igor,right,65.483,3929,,,,,,,-0.1927,1.2132,5.4236,3.7740,3.7740,9.1539
2026-06-15 16:43:24.255,Igor,right,65.517,3931,,,,,,,-0.2297,1.2321,5.4289,3.8237,3.8237,9.2170
2026-06-15 16:43:24.285,Igor,right,65.550,3933,,,,,,,-0.2821,1.3439,5.4119,3.7972,3.7972,8.8579
2026-06-15 16:43:24.316,Igor,right,65.583,3935,,,,,,,-0.3017,1.3513,5.4166,3.8115,3.8115,8.8752
2026-06-15 16:43:24.346,Igor,right,65.617,3937,,,,,,,-0.3322,1.4045,5.4247,3.7890,3.7890,8.7436
2026-06-15 16:43:24.377,Igor,right,65.633,3938,,,,,,,-0.3683,1.4911,5.4191,3.8012,3.8012,8.5269
2026-06-15 16:43:24.407,Igor,right,65.667,3940,,,,,,,-0.4205,1.5300,5.4284,3.8494,3.8494,8.6074
2026-06-15 16:43:24.439,Igor,right,65.700,3942,,,,,,,-0.4460,1.5827,5.4363,3.8468,3.8468,8.4199
2026-06-15 16:43:24.469,Igor,right,65.733,3944,,,,,,,-0.4802,1.5916,5.4428,3.8705,3.8705,8.5037
2026-06-15 16:43:24.500,Igor,right,65.767,3946,,,,,,,-0.4989,1.6358,5.4515,3.8564,3.8564,8.5194
2026-06-15 16:43:24.530,Igor,right,65.800,3948,,,,,,,-0.4434,1.7580,5.4343,3.8813,3.8813,8.4303
2026-06-15 16:43:24.561,Igor,right,65.833,3950,,,,,,,-0.4301,1.8107,5.4274,3.8794,3.8794,8.3233
2026-06-15 16:43:24.592,Igor,right,65.850,3951,,,,,,,-0.4384,1.8304,5.4068,3.8921,3.8921,8.2411
2026-06-15 16:43:24.622,Igor,right,65.883,3953,,,,,,,-0.4371,1.8441,5.3974,3.8731,3.8731,8.1893
2026-06-15 16:43:24.653,Igor,right,65.917,3955,,,,,,,-0.4661,1.8781,5.4008,3.8574,3.8574,8.1662
2026-06-15 16:43:24.683,Igor,right,65.950,3957,,,,,,,-0.5303,1.8703,5.4334,3.8916,3.8916,8.3380
2026-06-15 16:43:24.714,Igor,right,65.983,3959,,,,,,,-0.5992,1.8919,5.4639,3.8935,3.8935,8.3581
2026-06-15 16:43:24.744,Igor,right,66.017,3961,,,,,,,-0.6809,1.9197,5.4761,3.8870,3.8870,8.3311
2026-06-15 16:43:24.775,Igor,right,66.033,3962,,,,,,,-0.7706,1.9465,5.4869,3.8847,3.8847,8.3876
2026-06-15 16:43:24.806,Igor,right,66.067,3964,,,,,,,-0.8174,1.9656,5.4914,3.8759,3.8759,8.3054
2026-06-15 16:43:24.837,Igor,right,66.100,3966,,,,,,,-0.8561,1.9589,5.4967,3.8665,3.8665,8.3492
2026-06-15 16:43:24.868,Igor,right,66.133,3968,,,,,,,-0.9086,1.9554,5.5074,3.8787,3.8787,8.3615
2026-06-15 16:43:24.898,Igor,right,66.167,3970,,,,,,,-0.9528,1.9623,5.5271,3.8807,3.8807,8.2408
2026-06-15 16:43:24.929,Igor,right,66.200,3972,,,,,,,-1.0151,1.9180,5.5481,3.9247,3.9247,8.1958
2026-06-15 16:43:24.960,Igor,right,66.217,3973,,,,,,,-1.0617,1.8838,5.5598,3.8938,3.8938,8.0468
2026-06-15 16:43:24.990,Igor,right,66.250,3975,,,,,,,-1.0617,1.8838,5.5598,3.8938,3.8938,8.0468
2026-06-15 16:43:25.021,Igor,right,66.283,3977,,,,,,,-1.0684,1.8560,5.5526,3.9038,3.9038,7.8538
2026-06-15 16:43:25.052,Igor,right,66.317,3979,,,,,,,-1.0899,1.8176,5.5488,3.9278,3.9278,7.7858
2026-06-15 16:43:25.082,Igor,right,66.350,3981,,,,,,,-1.1378,1.7799,5.5445,3.9478,3.9478,7.8114
2026-06-15 16:43:25.113,Igor,right,66.383,3983,,,,,,,-1.1557,1.7474,5.5398,3.9272,3.9272,7.6406
2026-06-15 16:43:25.144,Igor,right,66.400,3984,,,,,,,-1.1669,1.7396,5.5368,3.9012,3.9012,7.5850
2026-06-15 16:43:25.174,Igor,right,66.433,3986,,,,,,,-1.1815,1.7007,5.5450,3.8692,3.8692,7.6976
2026-06-15 16:43:25.205,Igor,right,66.467,3988,,,,,,,-1.3180,1.5627,5.5743,3.8898,3.8898,7.8529
2026-06-15 16:43:25.235,Igor,right,66.500,3990,,,,,,,-1.4703,1.4135,5.6216,3.9191,3.9191,8.0946
2026-06-15 16:43:25.266,Igor,right,66.533,3992,,,,,,,-1.5611,1.3124,5.6756,3.9393,3.9393,8.1895
2026-06-15 16:43:25.297,Igor,right,66.567,3994,,,,,,,-1.5635,1.2723,5.6961,3.9327,3.9327,8.1582
2026-06-15 16:43:25.327,Igor,right,66.583,3995,,,,,,,-1.6100,1.1907,5.7435,3.9912,3.9912,8.4542
2026-06-15 16:43:25.358,Igor,right,66.617,3997,,,,,,,-1.6454,1.1358,5.7721,4.0163,4.0163,8.4862
2026-06-15 16:43:25.388,Igor,right,66.650,3999,,,,,,,-1.6653,1.1097,5.7842,4.0153,4.0153,8.4972
2026-06-15 16:43:25.419,Igor,right,66.683,4001,,,,,,,-1.6855,1.0394,5.8003,3.9835,3.9835,8.4057
2026-06-15 16:43:25.449,Igor,right,66.717,4003,,,,,,,-1.7002,0.9909,5.8037,3.9163,3.9163,8.2413
2026-06-15 16:43:25.480,Igor,right,66.750,4005,,,,,,,-1.7140,0.9302,5.8043,3.9095,3.9095,8.1704
2026-06-15 16:43:25.510,Igor,right,66.767,4006,,,,,,,-1.7118,0.9069,5.8060,3.9075,3.9075,8.1613
2026-06-15 16:43:25.541,Igor,right,66.800,4008,,,,,,,-1.7098,0.8376,5.8068,3.9390,3.9390,8.3103
2026-06-15 16:43:25.571,Igor,right,66.833,4010,,,,,,,-1.7146,0.7974,5.8022,3.9727,3.9727,8.3965
2026-06-15 16:43:25.602,Igor,right,66.867,4012,,,,,,,-1.7307,0.7758,5.7960,4.0263,4.0263,8.4265
2026-06-15 16:43:25.632,Igor,right,66.900,4014,,,,,,,-1.3758,0.8545,5.7507,3.9366,3.9366,8.3244
2026-06-15 16:43:25.663,Igor,right,66.933,4016,,,,,,,-1.2599,0.8754,5.7115,3.9026,3.9026,8.2478
2026-06-15 16:43:25.694,Igor,right,66.950,4017,,,,,,,-1.1036,0.9063,5.6406,3.9125,3.9125,8.2531
2026-06-15 16:43:25.724,Igor,right,66.983,4019,,,,,,,-1.0156,0.9240,5.5860,3.8665,3.8665,8.1247
2026-06-15 16:43:25.755,Igor,right,67.017,4021,,,,,,,-0.9796,0.9273,5.5535,3.8699,3.8699,8.1627
2026-06-15 16:43:25.786,Igor,right,67.050,4023,,,,,,,-0.9704,0.9274,5.5446,3.8699,3.8699,8.1855
2026-06-15 16:43:25.816,Igor,right,67.083,4025,,,,,,,-0.9595,0.9432,5.5377,3.8444,3.8444,8.2550
2026-06-15 16:43:25.847,Igor,right,67.117,4027,,,,,,,-0.8958,0.9259,5.5345,3.8298,3.8298,8.3590
2026-06-15 16:43:25.877,Igor,right,67.133,4028,,,,,,,-0.8679,0.9172,5.5355,3.8366,3.8366,8.4232
2026-06-15 16:43:25.907,Igor,right,67.167,4030,,,,,,,-0.8354,0.9359,5.5329,3.8151,3.8151,8.4783
2026-06-15 16:43:25.938,Igor,right,67.200,4032,,,,,,,-0.8233,0.9375,5.5309,3.8089,3.8089,8.4931
