timestamp,username,active_eye,playback_time_s,video_frame,left_x,left_y,left_z,left_w_mm,left_h_mm,left_area_mm2,right_x,right_y,right_z,right_w_mm,right_h_mm,right_area_mm2
2026-06-15 16:39:27.635,John,right,0.033,2,,,,,,,0.9257,1.8793,2.1556,5.9310,5.9310,22.1649
2026-06-15 16:39:27.666,John,right,0.033,2,,,,,,,0.9714,1.8640,2.1856,5.8833,5.8833,21.9378
2026-06-15 16:39:27.696,John,right,0.033,2,,,,,,,0.9617,1.8823,2.2225,5.9351,5.9351,21.8915
2026-06-15 16:39:27.727,John,right,0.033,2,,,,,,,0.9424,1.9237,2.2367,6.0021,6.0021,21.8923
2026-06-15 16:39:27.757,John,right,0.033,2,,,,,,,0.9306,1.9068,2.2494,5.9927,5.9927,21.7168
2026-06-15 16:39:27.788,John,right,0.033,2,,,,,,,0.9367,1.9101,2.2625,6.0100,6.0100,21.7413
2026-06-15 16:39:27.819,John,right,0.033,2,,,,,,,0.9616,1.9318,2.3166,5.9714,5.9714,21.6019
2026-06-15 16:39:27.849,John,right,0.033,2,,,,,,,0.9577,1.9324,2.3609,5.8858,5.8858,21.3386
2026-06-15 16:39:27.880,John,right,0.033,2,,,,,,,0.9690,1.9459,2.3851,5.8967,5.8967,21.2830
2026-06-15 16:39:27.911,John,right,0.033,2,,,,,,,0.9302,1.9291,2.4073,5.9126,5.9126,21.1651
2026-06-15 16:39:27.941,John,right,0.017,1,,,,,,,0.8665,1.9379,2.3921,5.9544,5.9544,21.2987
2026-06-15 16:39:27.972,John,right,0.050,3,,,,,,,0.8105,1.9261,2.3871,5.9416,5.9416,21.2417
2026-06-15 16:39:28.003,John,right,0.083,5,,,,,,,0.8591,1.9541,2.4160,5.8675,5.8675,21.1167
2026-06-15 16:39:28.033,John,right,0.100,6,,,,,,,0.9131,1.9892,2.4918,5.8105,5.8105,20.9285
2026-06-15 16:39:28.063,John,right,0.133,8,,,,,,,0.8954,1.9824,2.5422,5.7857,5.7857,20.6050
2026-06-15 16:39:28.094,John,right,0.167,10,,,,,,,0.9036,1.9760,2.5623,5.7139,5.7139,20.4400
2026-06-15 16:39:28.125,John,right,0.200,12,,,,,,,0.8844,1.9683,2.5947,5.6810,5.6810,20.1061
2026-06-15 16:39:28.156,John,right,0.233,14,,,,,,,0.8558,1.9609,2.6109,5.6054,5.6054,19.6688
2026-06-15 16:39:28.187,John,right,0.267,16,,,,,,,0.8701,1.9731,2.6259,5.5884,5.5884,19.4125
2026-06-15 16:39:28.217,John,right,0.283,17,,,,,,,0.8664,1.9793,2.6308,5.6332,5.6332,19.3763
2026-06-15 16:39:28.248,John,right,0.317,19,,,,,,,0.8556,1.9943,2.6306,5.6722,5.6722,19.3452
2026-06-15 16:39:28.278,John,right,0.350,21,,,,,,,0.8500,2.0022,2.6314,5.6925,5.6925,19.3538
2026-06-15 16:39:28.309,John,right,0.383,23,,,,,,,0.8519,1.9837,2.6440,5.7139,5.7139,19.3137
2026-06-15 16:39:28.339,John,right,0.417,25,,,,,,,0.8321,1.9257,2.6471,5.6804,5.6804,19.4777
2026-06-15 16:39:28.370,John,right,0.450,27,,,,,,,0.8467,1.9070,2.6584,5.6752,5.6752,19.5981
2026-06-15 16:39:28.401,John,right,0.467,28,,,,,,,0.8431,1.8894,2.6530,5.6519,5.6519,19.7129
2026-06-15 16:39:28.431,John,right,0.500,30,,,,,,,0.8504,1.8804,2.6604,5.7313,5.7313,19.7318
2026-06-15 16:39:28.462,John,right,0.533,32,,,,,,,0.8151,1.8762,2.6536,5.7623,5.7623,19.7859
2026-06-15 16:39:28.493,John,right,0.567,34,,,,,,,0.8521,1.8960,2.6713,5.7573,5.7573,19.8848
2026-06-15 16:39:28.524,John,right,0.600,36,,,,,,,0.8682,1.9129,2.6807,5.8285,5.8285,20.1200
2026-06-15 16:39:28.554,John,right,0.633,38,,,,,,,0.8911,1.9160,2.6847,5.8422,5.8422,20.2502
2026-06-15 16:39:28.585,John,right,0.667,40,,,,,,,0.9390,1.9086,2.6753,5.8521,5.8521,20.3171
2026-06-15 16:39:28.616,John,right,0.683,41,,,,,,,0.9707,1.9021,2.6599,5.8540,5.8540,20.4817
2026-06-15 16:39:28.647,John,right,0.717,43,,,,,,,0.9382,1.8838,2.6094,5.8418,5.8418,20.6582
2026-06-15 16:39:28.678,John,right,0.750,45,,,,,,,0.9549,1.8874,2.5678,5.8374,5.8374,20.5695
2026-06-15 16:39:28.708,John,right,0.783,47,,,,,,,0.9830,1.8809,2.5658,5.8051,5.8051,20.5437
2026-06-15 16:39:28.739,John,right,0.817,49,,,,,,,0.9789,1.8578,2.5644,5.8542,5.8542,20.7211
2026-06-15 16:39:28.770,John,right,0.850,51,,,,,,,0.9755,1.8587,2.5600,5.8500,5.8500,20.8573
2026-06-15 16:39:28.800,John,right,0.867,52,,,,,,,1.0065,1.8610,2.5862,5.9119,5.9119,20.9271
2026-06-15 16:39:28.831,John,right,0.900,54,,,,,,,0.9805,1.8511,2.5812,5.9176,5.9176,20.9663
2026-06-15 16:39:28.861,John,right,0.933,56,,,,,,,0.9620,1.8450,2.5688,5.9855,5.9855,21.1153
2026-06-15 16:39:28.892,John,right,0.967,58,,,,,,,0.9560,1.8293,2.5581,5.9707,5.9707,21.1788
2026-06-15 16:39:28.922,John,right,1.000,60,,,,,,,1.0373,1.9673,2.5341,6.0263,6.0263,21.4289
2026-06-15 16:39:28.953,John,right,1.033,62,,,,,,,1.0820,2.0576,2.5114,6.0521,6.0521,21.5416
2026-06-15 16:39:28.983,John,right,1.050,63,,,,,,,1.0970,2.0816,2.5059,6.0483,6.0483,21.5991
2026-06-15 16:39:29.013,John,right,1.083,65,,,,,,,1.1519,2.0828,2.4926,6.0211,6.0211,21.5633
2026-06-15 16:39:29.044,John,right,1.117,67,,,,,,,1.1599,2.0768,2.4890,6.0436,6.0436,21.5981
2026-06-15 16:39:29.075,John,right,1.150,69,,,,,,,1.2061,2.0734,2.4959,6.0357,6.0357,21.7746
2026-06-15 16:39:29.105,John,right,1.183,71,,,,,,,1.1986,2.0264,2.4787,6.0431,6.0431,21.9788
2026-06-15 16:39:29.136,John,right,1.217,73,,,,,,,1.2368,2.0082,2.4431,6.0336,6.0336,22.0528
2026-06-15 16:39:29.166,John,right,1.233,74,,,,,,,1.3053,2.0318,2.3988,6.1079,6.1079,22.4117
2026-06-15 16:39:29.197,John,right,1.267,76,,,,,,,1.3581,2.0499,2.3820,6.1152,6.1152,22.5780
2026-06-15 16:39:29.228,John,right,1.300,78,,,,,,,1.4732,2.0711,2.3281,6.1466,6.1466,22.9517
2026-06-15 16:39:29.258,John,right,1.333,80,,,,,,,1.6390,2.0582,2.2251,6.1490,6.1490,23.0880
2026-06-15 16:39:29.289,John,right,1.367,82,,,,,,,1.8236,2.0229,2.0906,6.1829,6.1829,23.4894
2026-06-15 16:39:29.320,John,right,1.400,84,,,,,,,1.8984,1.9996,2.0217,6.1943,6.1943,23.7158
2026-06-15 16:39:29.350,John,right,1.417,85,,,,,,,1.9973,1.9572,1.8961,6.1680,6.1680,23.9668
2026-06-15 16:39:29.381,John,right,1.450,87,,,,,,,2.0302,1.9586,1.8472,6.1820,6.1820,24.1068
2026-06-15 16:39:29.412,John,right,1.483,89,,,,,,,2.0943,1.9390,1.7633,6.1269,6.1269,24.4301
2026-06-15 16:39:29.442,John,right,1.517,91,,,,,,,2.2668,1.9824,1.7864,5.9093,5.9093,24.3320
2026-06-15 16:39:29.473,John,right,1.550,93,,,,,,,2.2651,1.9526,1.7672,6.0254,6.0254,24.3663
2026-06-15 16:39:29.503,John,right,1.583,95,,,,,,,2.2695,1.9631,1.7490,6.0943,6.0943,24.5207
2026-06-15 16:39:29.534,John,right,1.600,96,,,,,,,2.2182,1.9703,1.7378,6.1099,6.1099,24.6436
2026-06-15 16:39:29.564,John,right,1.633,98,,,,,,,2.1977,1.9632,1.7414,6.1406,6.1406,24.6988
2026-06-15 16:39:29.595,John,right,1.667,100,,,,,,,2.1888,1.9259,1.7488,6.1607,6.1607,24.7235
2026-06-15 16:39:29.627,John,right,1.700,102,,,,,,,2.2006,1.9289,1.7520,6.1457,6.1457,24.7505
2026-06-15 16:39:29.657,John,right,1.733,104,,,,,,,2.1997,1.8647,1.7329,6.1853,6.1853,24.7076
2026-06-15 16:39:29.688,John,right,1.767,106,,,,,,,2.2673,1.7738,1.7179,6.1221,6.1221,24.8342
2026-06-15 16:39:29.719,John,right,1.800,108,,,,,,,2.2610,1.7502,1.6882,6.1877,6.1877,24.8951
2026-06-15 16:39:29.749,John,right,1.817,109,,,,,,,2.5648,1.5481,1.6938,5.8523,5.8523,24.4256
2026-06-15 16:39:29.780,John,right,1.850,111,,,,,,,2.2942,1.4685,1.3439,5.4592,5.4592,24.9268
2026-06-15 16:39:29.810,John,right,1.883,113,,,,,,,2.8400,1.1749,0.8284,5.7066,5.7066,25.5892
2026-06-15 16:39:29.841,John,right,1.917,115,,,,,,,3.1578,0.9448,0.3480,5.9225,5.9225,26.4004
2026-06-15 16:39:29.871,John,right,1.950,117,,,,,,,3.3170,0.6446,-0.1244,6.0650,6.0650,27.1267
2026-06-15 16:39:29.902,John,right,1.983,119,,,,,,,3.6022,0.3423,-0.4974,6.1031,6.1031,27.6498
2026-06-15 16:39:29.932,John,right,2.000,120,,,,,,,3.7498,0.1526,-0.7025,6.1566,6.1566,27.7201
2026-06-15 16:39:29.963,John,right,2.033,122,,,,,,,4.1659,-0.2660,-1.1328,6.0101,6.0101,28.6575
2026-06-15 16:39:29.994,John,right,2.067,124,,,,,,,4.3660,-0.4171,-1.3573,6.0206,6.0206,28.0720
2026-06-15 16:39:30.024,John,right,2.100,126,,,,,,,4.7734,-0.5172,-1.8303,6.1432,6.1432,29.9935
2026-06-15 16:39:30.055,John,right,2.133,128,,,,,,,5.0024,-0.5448,-2.1203,6.1830,6.1830,31.2113
2026-06-15 16:39:30.086,John,right,2.150,129,,,,,,,4.8364,-0.4826,-2.1572,6.0641,6.0641,30.6905
2026-06-15 16:39:30.116,John,right,2.183,131,,,,,,,4.6810,-0.4071,-2.1334,6.1273,6.1273,30.7536
2026-06-15 16:39:30.147,John,right,2.217,133,,,,,,,4.3722,-0.1873,-1.9951,6.1680,6.1680,30.7644
2026-06-15 16:39:30.178,John,right,2.250,135,,,,,,,3.9364,-0.0095,-1.9237,5.7764,5.7764,30.5230
2026-06-15 16:39:30.208,John,right,2.283,137,,,,,,,3.9040,0.0780,-1.8592,5.8730,5.8730,30.3305
2026-06-15 16:39:30.239,John,right,2.317,139,,,,,,,3.7455,0.2220,-1.6517,6.0185,6.0185,29.5123
2026-06-15 16:39:30.269,John,right,2.350,141,,,,,,,3.6849,0.3301,-1.5259,6.0654,6.0654,29.1873
2026-06-15 16:39:30.300,John,right,2.367,142,,,,,,,3.4670,0.6136,-1.1440,6.0906,6.0906,28.2266
2026-06-15 16:39:30.331,John,right,2.400,144,,,,,,,3.2653,0.7951,-0.8693,6.0502,6.0502,27.6413
2026-06-15 16:39:30.361,John,right,2.433,146,,,,,,,2.9358,0.9400,-0.8578,5.6662,5.6662,27.7699
2026-06-15 16:39:30.392,John,right,2.467,148,,,,,,,2.7903,1.0827,-0.5980,5.9219,5.9219,26.9859
2026-06-15 16:39:30.422,John,right,2.500,150,,,,,,,2.3221,1.2495,-0.4418,5.7902,5.7902,26.1197
2026-06-15 16:39:30.453,John,right,2.533,152,,,,,,,1.8673,1.3731,-0.2783,5.6387,5.6387,25.5758
2026-06-15 16:39:30.483,John,right,2.550,153,,,,,,,1.8322,1.4156,-0.0171,5.9701,5.9701,25.3412
2026-06-15 16:39:30.514,John,right,2.583,155,,,,,,,1.7715,1.4278,0.1282,6.0421,6.0421,25.1152
2026-06-15 16:39:30.545,John,right,2.617,157,,,,,,,1.7356,1.4598,0.2815,6.1062,6.1062,24.8411
2026-06-15 16:39:30.575,John,right,2.650,159,,,,,,,1.4811,1.5415,0.5396,6.1170,6.1170,23.7692
2026-06-15 16:39:30.605,John,right,2.683,161,,,,,,,1.1978,1.6736,0.7624,6.1030,6.1030,22.7272
2026-06-15 16:39:30.636,John,right,2.717,163,,,,,,,0.9963,1.7826,0.9567,6.1184,6.1184,22.0114
2026-06-15 16:39:30.667,John,right,2.733,164,,,,,,,0.9188,1.8260,1.0612,6.0760,6.0760,21.5888
2026-06-15 16:39:30.698,John,right,2.767,166,,,,,,,0.7941,1.8271,1.2365,6.1039,6.1039,21.3547
2026-06-15 16:39:30.728,John,right,2.800,168,,,,,,,0.8755,1.8272,1.3738,6.1350,6.1350,21.7604
2026-06-15 16:39:30.759,John,right,2.833,170,,,,,,,0.9591,1.8390,1.4233,6.2091,6.2091,21.9875
2026-06-15 16:39:30.789,John,right,2.867,172,,,,,,,0.9651,1.8465,1.4434,6.2412,6.2412,22.3871
2026-06-15 16:39:30.820,John,right,2.900,174,,,,,,,1.0181,1.8397,1.4937,6.2720,6.2720,22.7822
2026-06-15 16:39:30.850,John,right,2.917,175,,,,,,,1.0866,1.7949,1.5435,6.2937,6.2937,22.9370
2026-06-15 16:39:30.880,John,right,2.950,177,,,,,,,1.1309,1.8007,1.5507,6.3050,6.3050,23.0936
2026-06-15 16:39:30.911,John,right,2.983,179,,,,,,,1.2487,1.7794,1.5656,6.2838,6.2838,23.2864
2026-06-15 16:39:30.942,John,right,3.017,181,,,,,,,1.3480,1.7657,1.5736,6.2523,6.2523,23.2822
2026-06-15 16:39:30.973,John,right,3.050,183,,,,,,,1.3119,1.7901,1.5373,6.1736,6.1736,23.1731
2026-06-15 16:39:31.003,John,right,3.083,185,,,,,,,1.3312,1.7891,1.5019,6.1578,6.1578,23.2775
2026-06-15 16:39:31.034,John,right,3.100,186,,,,,,,1.4265,1.7434,1.4554,6.1091,6.1091,23.1607
2026-06-15 16:39:31.064,John,right,3.133,188,,,,,,,1.4792,1.7530,1.4424,6.1352,6.1352,23.2702
2026-06-15 16:39:31.095,John,right,3.167,190,,,,,,,1.5635,1.7319,1.4289,6.1557,6.1557,23.4864
2026-06-15 16:39:31.125,John,right,3.200,192,,,,,,,1.6237,1.6985,1.4026,6.1121,6.1121,23.3037
2026-06-15 16:39:31.156,John,right,3.233,194,,,,,,,1.6797,1.7348,1.3657,6.1578,6.1578,23.4257
2026-06-15 16:39:31.186,John,right,3.267,196,,,,,,,1.6706,1.7386,1.3420,6.1404,6.1404,23.5429
2026-06-15 16:39:31.217,John,right,3.283,197,,,,,,,1.7352,1.7622,1.3444,6.1404,6.1404,23.6181
2026-06-15 16:39:31.248,John,right,3.317,199,,,,,,,1.7985,1.8097,1.3546,6.0994,6.0994,23.5792
2026-06-15 16:39:31.278,John,right,3.350,201,,,,,,,1.8267,1.8072,1.3470,6.0576,6.0576,23.6137
2026-06-15 16:39:31.309,John,right,3.383,203,,,,,,,1.7707,1.8521,1.1994,5.8523,5.8523,24.1788
2026-06-15 16:39:31.340,John,right,3.417,205,,,,,,,1.8742,1.8366,1.3197,5.1517,5.1517,24.1397
2026-06-15 16:39:31.370,John,right,3.450,207,,,,,,,2.0124,1.7807,1.3093,5.5749,5.5749,24.1294
2026-06-15 16:39:31.401,John,right,3.467,208,,,,,,,2.0538,1.7647,1.3225,5.6973,5.6973,24.1157
2026-06-15 16:39:31.432,John,right,3.500,210,,,,,,,1.7865,1.8077,1.1978,5.4141,5.4141,24.5655
2026-06-15 16:39:31.463,John,right,3.533,212,,,,,,,2.1064,1.8342,1.2049,5.5417,5.5417,24.4392
2026-06-15 16:39:31.493,John,right,3.567,214,,,,,,,2.1287,1.8214,1.2301,5.7005,5.7005,24.3833
2026-06-15 16:39:31.524,John,right,3.600,216,,,,,,,2.5103,1.7069,1.4310,5.2600,5.2600,24.0195
2026-06-15 16:39:31.554,John,right,3.633,218,,,,,,,2.1190,2.0419,1.3612,5.1933,5.1933,23.8123
2026-06-15 16:39:31.585,John,right,3.667,220,,,,,,,1.7922,2.0224,1.0142,5.0193,5.0193,24.5848
2026-06-15 16:39:31.615,John,right,3.683,221,,,,,,,1.9758,1.8999,0.9950,5.2705,5.2705,24.5913
2026-06-15 16:39:31.646,John,right,3.717,223,,,,,,,1.8738,1.8523,0.8908,5.4059,5.4059,25.0744
2026-06-15 16:39:31.677,John,right,3.750,225,,,,,,,2.0219,1.7634,1.1387,4.9792,4.9792,24.6966
2026-06-15 16:39:31.708,John,right,3.783,227,,,,,,,2.1790,1.7795,1.2586,5.3952,5.3952,24.4330
2026-06-15 16:39:31.739,John,right,3.817,229,,,,,,,2.0389,1.8316,1.2265,5.5993,5.5993,24.3830
2026-06-15 16:39:31.769,John,right,3.850,231,,,,,,,2.1171,1.7984,1.2706,5.6901,5.6901,24.3791
2026-06-15 16:39:31.800,John,right,3.867,232,,,,,,,2.0109,1.8469,1.1838,5.6015,5.6015,24.4978
2026-06-15 16:39:31.831,John,right,3.900,234,,,,,,,2.3646,1.7363,1.5304,5.3846,5.3846,23.9602
2026-06-15 16:39:31.861,John,right,3.933,236,,,,,,,2.1253,1.8529,1.5604,5.3069,5.3069,24.0052
2026-06-15 16:39:31.892,John,right,3.967,238,,,,,,,2.1123,1.7916,1.5164,5.5258,5.5258,24.1930
2026-06-15 16:39:31.923,John,right,4.000,240,,,,,,,2.3146,1.7265,1.7130,5.3474,5.3474,23.8906
2026-06-15 16:39:31.953,John,right,4.033,242,,,,,,,2.2502,1.7583,1.7211,5.5440,5.5440,23.7880
2026-06-15 16:39:31.984,John,right,4.050,243,,,,,,,2.1497,1.7663,1.7170,5.7797,5.7797,23.7632
2026-06-15 16:39:32.014,John,right,4.083,245,,,,,,,1.9989,1.8036,1.6888,5.9527,5.9527,23.9144
2026-06-15 16:39:32.045,John,right,4.117,247,,,,,,,1.9622,1.7810,1.6670,6.0337,6.0337,23.8104
2026-06-15 16:39:32.075,John,right,4.150,249,,,,,,,1.9233,1.7349,1.6643,6.0283,6.0283,23.6785
2026-06-15 16:39:32.106,John,right,4.183,251,,,,,,,1.8981,1.7308,1.6687,6.0124,6.0124,23.5295
2026-06-15 16:39:32.136,John,right,4.217,253,,,,,,,1.8273,1.7500,1.7509,5.9332,5.9332,23.1648
2026-06-15 16:39:32.167,John,right,4.233,254,,,,,,,1.6477,1.7533,1.7890,6.0506,6.0506,23.0023
2026-06-15 16:39:32.197,John,right,4.267,256,,,,,,,1.5872,1.7721,1.8100,6.0844,6.0844,23.0054
2026-06-15 16:39:32.228,John,right,4.300,258,,,,,,,1.5339,1.8118,1.8155,6.1195,6.1195,22.9604
2026-06-15 16:39:32.258,John,right,4.333,260,,,,,,,1.4992,1.8177,1.8145,6.1651,6.1651,22.9994
2026-06-15 16:39:32.289,John,right,4.367,262,,,,,,,1.5087,1.8330,1.8195,6.2012,6.2012,22.8931
2026-06-15 16:39:32.320,John,right,4.400,264,,,,,,,1.5648,1.8935,1.7570,6.1977,6.1977,22.7879
2026-06-15 16:39:32.351,John,right,4.417,265,,,,,,,1.6017,1.9640,1.7090,6.1851,6.1851,22.8470
2026-06-15 16:39:32.383,John,right,4.450,267,,,,,,,1.6353,2.1008,1.6353,6.1708,6.1708,23.0167
2026-06-15 16:39:32.413,John,right,4.483,269,,,,,,,1.6447,2.2612,1.6079,6.0568,6.0568,22.8736
2026-06-15 16:39:32.444,John,right,4.517,271,,,,,,,1.6743,2.3178,1.5943,5.9479,5.9479,22.8082
2026-06-15 16:39:32.474,John,right,4.550,273,,,,,,,1.6715,2.3002,1.5940,5.9646,5.9646,22.6655
2026-06-15 16:39:32.505,John,right,4.583,275,,,,,,,1.6449,2.2276,1.5950,5.9618,5.9618,22.6523
2026-06-15 16:39:32.536,John,right,4.617,277,,,,,,,1.6501,2.1910,1.5927,6.0120,6.0120,22.6099
2026-06-15 16:39:32.566,John,right,4.633,278,,,,,,,1.6307,2.1842,1.5991,6.0849,6.0849,22.7564
2026-06-15 16:39:32.596,John,right,4.667,280,,,,,,,1.5415,2.2224,1.5892,6.0379,6.0379,22.5156
2026-06-15 16:39:32.627,John,right,4.700,282,,,,,,,1.5318,2.2690,1.5780,6.0500,6.0500,22.4803
2026-06-15 16:39:32.658,John,right,4.733,284,,,,,,,1.5428,2.3132,1.5879,6.0273,6.0273,22.4247
2026-06-15 16:39:32.688,John,right,4.767,286,,,,,,,1.4435,2.3191,1.6043,6.0192,6.0192,22.3566
2026-06-15 16:39:32.720,John,right,4.800,288,,,,,,,1.3868,2.3293,1.5932,6.0088,6.0088,21.8189
2026-06-15 16:39:32.750,John,right,4.817,289,,,,,,,1.3039,2.3726,1.5670,5.9813,5.9813,21.3803
2026-06-15 16:39:32.781,John,right,4.850,291,,,,,,,1.2869,2.3856,1.5574,5.9580,5.9580,21.2831
2026-06-15 16:39:32.811,John,right,4.883,293,,,,,,,1.2746,2.4068,1.5647,5.9780,5.9780,21.2553
2026-06-15 16:39:32.842,John,right,4.917,295,,,,,,,1.1960,2.4263,1.5522,6.0139,6.0139,21.1908
2026-06-15 16:39:32.872,John,right,4.950,297,,,,,,,1.1407,2.4332,1.5309,6.0092,6.0092,21.1752
2026-06-15 16:39:32.903,John,right,4.983,299,,,,,,,1.0781,2.4046,1.5106,6.0524,6.0524,20.7297
2026-06-15 16:39:32.933,John,right,5.000,300,,,,,,,1.0479,2.4222,1.4929,6.0126,6.0126,20.6511
2026-06-15 16:39:32.964,John,right,5.033,302,,,,,,,1.0367,2.3974,1.4779,6.0391,6.0391,20.3228
2026-06-15 16:39:32.995,John,right,5.067,304,,,,,,,0.8709,2.3851,1.4783,6.0624,6.0624,20.5299
2026-06-15 16:39:33.025,John,right,5.100,306,,,,,,,0.7972,2.3739,1.4833,6.0728,6.0728,20.2583
2026-06-15 16:39:33.056,John,right,5.133,308,,,,,,,0.7628,2.3573,1.4936,6.0377,6.0377,19.9212
2026-06-15 16:39:33.087,John,right,5.167,310,,,,,,,0.7238,2.3619,1.5343,5.9973,5.9973,19.8204
2026-06-15 16:39:33.118,John,right,5.183,311,,,,,,,0.7373,2.3336,1.5700,5.9732,5.9732,20.4102
2026-06-15 16:39:33.148,John,right,5.217,313,,,,,,,0.6894,2.3038,1.5966,5.9756,5.9756,20.4543
2026-06-15 16:39:33.178,John,right,5.250,315,,,,,,,0.6523,2.3011,1.6042,6.0196,6.0196,20.2793
2026-06-15 16:39:33.209,John,right,5.283,317,,,,,,,0.6380,2.3140,1.5990,6.0449,6.0449,20.1986
2026-06-15 16:39:33.240,John,right,5.317,319,,,,,,,0.6831,2.2889,1.5222,6.0449,6.0449,19.2957
2026-06-15 16:39:33.271,John,right,5.350,321,,,,,,,0.8154,2.2310,1.4233,5.7640,5.7640,17.1902
2026-06-15 16:39:33.302,John,right,5.383,323,,,,,,,0.9238,2.2113,1.3298,5.5943,5.5943,15.8551
2026-06-15 16:39:33.332,John,right,5.400,324,,,,,,,0.8095,2.2725,1.3063,5.6920,5.6920,17.3258
2026-06-15 16:39:33.363,John,right,5.433,326,,,,,,,0.7898,2.2151,1.2925,5.4426,5.4426,15.5176
2026-06-15 16:39:33.393,John,right,5.467,328,,,,,,,0.5584,2.2656,1.3141,5.6870,5.6870,16.9261
2026-06-15 16:39:33.424,John,right,5.500,330,,,,,,,0.6081,2.2202,1.2872,5.4843,5.4843,15.6009
2026-06-15 16:39:33.455,John,right,5.533,332,,,,,,,0.5480,2.2115,1.2961,5.4565,5.4565,15.1789
2026-06-15 16:39:33.485,John,right,5.550,334,,,,,,,0.5583,2.1743,1.2357,5.3851,5.3851,14.4569
2026-06-15 16:39:33.515,John,right,5.583,335,,,,,,,0.3661,2.2168,1.3309,5.7257,5.7257,16.5923
2026-06-15 16:39:33.546,John,right,5.617,337,,,,,,,0.4328,2.2316,1.3573,5.5402,5.5402,15.1075
2026-06-15 16:39:33.577,John,right,5.650,339,,,,,,,0.5452,2.1811,1.2315,5.3066,5.3066,13.4063
2026-06-15 16:39:33.607,John,right,5.683,341,,,,,,,0.5606,2.1439,1.0913,5.2574,5.2574,12.8870
2026-06-15 16:39:33.638,John,right,5.717,343,,,,,,,0.6467,2.1134,0.9591,5.1273,5.1273,12.2095
2026-06-15 16:39:33.669,John,right,5.733,344,,,,,,,0.6915,2.0599,0.8634,5.0418,5.0418,12.2141
2026-06-15 16:39:33.699,John,right,5.767,346,,,,,,,0.5181,2.1459,0.9174,5.3806,5.3806,14.1124
2026-06-15 16:39:33.730,John,right,5.800,348,,,,,,,0.5993,2.0802,0.8809,5.2743,5.2743,12.7367
2026-06-15 16:39:33.761,John,right,5.833,350,,,,,,,0.6725,2.0637,0.7765,5.1598,5.1598,11.6972
2026-06-15 16:39:33.791,John,right,5.867,352,,,,,,,0.6786,2.0593,0.7268,5.1602,5.1602,11.4386
2026-06-15 16:39:33.822,John,right,5.900,354,,,,,,,0.6975,2.0630,0.6838,5.0339,5.0339,11.5280
2026-06-15 16:39:33.852,John,right,5.933,356,,,,,,,0.3822,2.1721,0.9022,5.5446,5.5446,15.4140
2026-06-15 16:39:33.883,John,right,5.950,357,,,,,,,0.2348,2.2216,1.1371,5.7271,5.7271,16.8655
2026-06-15 16:39:33.914,John,right,5.983,359,,,,,,,0.3321,2.1205,1.1357,5.5600,5.5600,15.3976
2026-06-15 16:39:33.944,John,right,6.017,361,,,,,,,0.1541,2.1980,1.2262,5.8733,5.8733,16.7541
2026-06-15 16:39:33.974,John,right,6.050,363,,,,,,,0.1505,2.2501,1.2291,5.7421,5.7421,15.8280
2026-06-15 16:39:34.005,John,right,6.083,365,,,,,,,0.2579,2.3557,1.1536,5.4328,5.4328,14.3299
2026-06-15 16:39:34.035,John,right,6.117,367,,,,,,,0.2583,2.2855,1.1927,5.3726,5.3726,13.8599
2026-06-15 16:39:34.066,John,right,6.133,368,,,,,,,0.2001,2.3258,1.2307,5.4490,5.4490,15.1320
2026-06-15 16:39:34.096,John,right,6.167,370,,,,,,,0.3622,2.1829,1.1623,5.1907,5.1907,12.8541
2026-06-15 16:39:34.127,John,right,6.200,372,,,,,,,0.3934,2.1391,1.1087,5.1325,5.1325,12.3552
2026-06-15 16:39:34.157,John,right,6.233,374,,,,,,,0.3461,2.1650,1.1105,5.2761,5.2761,13.3040
2026-06-15 16:39:34.188,John,right,6.267,376,,,,,,,0.2472,2.2292,1.1483,5.4935,5.4935,15.2495
2026-06-15 16:39:34.219,John,right,6.283,377,,,,,,,0.1733,2.2320,1.2154,5.6627,5.6627,16.3005
2026-06-15 16:39:34.250,John,right,6.333,380,,,,,,,0.2667,2.1791,1.2770,5.5432,5.5432,15.0520
2026-06-15 16:39:34.280,John,right,6.367,382,,,,,,,0.4154,2.1413,1.1625,5.2439,5.2439,13.2537
2026-06-15 16:39:34.310,John,right,6.400,384,,,,,,,0.3822,2.1626,1.1733,5.2893,5.2893,13.9280
2026-06-15 16:39:34.341,John,right,6.433,386,,,,,,,0.2734,2.2457,1.1768,5.4492,5.4492,14.6425
2026-06-15 16:39:34.372,John,right,6.467,388,,,,,,,0.0553,2.2997,1.3002,5.7045,5.7045,16.3582
2026-06-15 16:39:34.402,John,right,6.500,390,,,,,,,0.1697,2.2318,1.2694,5.4929,5.4929,14.6302
2026-06-15 16:39:34.433,John,right,6.517,391,,,,,,,0.0483,2.2503,1.2986,5.6894,5.6894,15.9960
2026-06-15 16:39:34.463,John,right,6.550,393,,,,,,,-0.0415,2.2677,1.3973,5.8926,5.8926,17.3067
2026-06-15 16:39:34.493,John,right,6.583,395,,,,,,,-0.0893,2.2691,1.5056,5.9256,5.9256,17.2608
2026-06-15 16:39:34.524,John,right,6.617,397,,,,,,,-0.0852,2.3033,1.5740,5.8900,5.8900,17.1261
2026-06-15 16:39:34.555,John,right,6.633,398,,,,,,,-0.0404,2.3126,1.5867,5.8500,5.8500,17.2399
2026-06-15 16:39:34.586,John,right,6.650,399,,,,,,,-0.0289,2.2959,1.6183,5.8449,5.8449,17.0196
2026-06-15 16:39:34.616,John,right,6.683,401,,,,,,,0.0635,2.2594,1.5777,5.7336,5.7336,16.2305
2026-06-15 16:39:34.647,John,right,6.717,403,,,,,,,0.2027,2.1594,1.5020,5.4794,5.4794,14.6086
2026-06-15 16:39:34.677,John,right,6.750,405,,,,,,,0.2327,2.1888,1.4472,5.5125,5.5125,14.9933
2026-06-15 16:39:34.708,John,right,6.783,407,,,,,,,0.4230,2.0757,1.2821,5.2921,5.2921,13.5229
2026-06-15 16:39:34.741,John,right,6.817,409,,,,,,,0.5390,1.9966,1.1109,5.1282,5.1282,12.7448
2026-06-15 16:39:34.771,John,right,6.850,411,,,,,,,0.5507,1.9211,0.9728,5.2129,5.2129,12.9925
2026-06-15 16:39:34.802,John,right,6.867,412,,,,,,,0.4691,2.0403,0.9373,5.4837,5.4837,14.5599
2026-06-15 16:39:34.832,John,right,6.900,414,,,,,,,0.3164,2.1635,1.0999,5.8487,5.8487,16.9609
2026-06-15 16:39:34.863,John,right,6.933,416,,,,,,,0.4442,2.0979,1.1042,5.6177,5.6177,15.6575
2026-06-15 16:39:34.894,John,right,6.967,418,,,,,,,0.5397,2.0983,1.1040,5.3974,5.3974,14.7037
2026-06-15 16:39:34.924,John,right,7.000,420,,,,,,,0.7242,2.0208,0.9576,5.0307,5.0307,12.8597
2026-06-15 16:39:34.955,John,right,7.033,422,,,,,,,0.7831,2.0090,0.9075,4.9840,4.9840,12.6318
2026-06-15 16:39:34.985,John,right,7.067,424,,,,,,,0.8657,1.9835,0.8404,4.9439,4.9439,12.1173
2026-06-15 16:39:35.016,John,right,7.083,425,,,,,,,0.5733,2.1015,1.0032,5.5804,5.5804,15.8076
2026-06-15 16:39:35.046,John,right,7.117,427,,,,,,,0.5116,2.1670,1.2038,5.7979,5.7979,17.0286
2026-06-15 16:39:35.077,John,right,7.150,429,,,,,,,0.4952,2.1719,1.3428,5.9776,5.9776,18.1918
2026-06-15 16:39:35.107,John,right,7.183,431,,,,,,,0.5352,2.1870,1.3755,6.0221,6.0221,19.2747
2026-06-15 16:39:35.137,John,right,7.217,433,,,,,,,0.5373,2.2264,1.4550,6.0786,6.0786,19.6647
2026-06-15 16:39:35.168,John,right,7.233,434,,,,,,,0.5610,2.2392,1.5059,6.0898,6.0898,19.8624
2026-06-15 16:39:35.198,John,right,7.267,436,,,,,,,0.5739,2.2436,1.5329,6.0952,6.0952,19.9445
2026-06-15 16:39:35.229,John,right,7.300,438,,,,,,,0.5471,2.2234,1.5826,6.0677,6.0677,19.0880
2026-06-15 16:39:35.260,John,right,7.333,440,,,,,,,0.5970,2.1910,1.5909,6.0766,6.0766,18.6742
2026-06-15 16:39:35.290,John,right,7.367,442,,,,,,,0.6983,2.1954,1.5513,6.1025,6.1025,19.2765
2026-06-15 16:39:35.322,John,right,7.400,444,,,,,,,0.7476,2.2199,1.5131,6.1550,6.1550,20.1516
2026-06-15 16:39:35.353,John,right,7.433,446,,,,,,,0.7736,2.2597,1.4787,6.1494,6.1494,20.6309
2026-06-15 16:39:35.383,John,right,7.450,447,,,,,,,0.8337,2.2691,1.4761,6.1201,6.1201,20.9411
2026-06-15 16:39:35.414,John,right,7.483,449,,,,,,,0.8641,2.2734,1.4682,6.1372,6.1372,20.9791
2026-06-15 16:39:35.444,John,right,7.517,451,,,,,,,0.9118,2.2828,1.5215,6.0774,6.0774,21.1942
2026-06-15 16:39:35.475,John,right,7.550,453,,,,,,,0.9317,2.2884,1.5517,6.0806,6.0806,21.3745
2026-06-15 16:39:35.505,John,right,7.583,455,,,,,,,0.9844,2.3092,1.6134,6.0457,6.0457,21.2541
2026-06-15 16:39:35.536,John,right,7.617,457,,,,,,,0.9820,2.3171,1.6400,6.0538,6.0538,21.3771
2026-06-15 16:39:35.566,John,right,7.633,458,,,,,,,1.0111,2.3166,1.6749,6.1036,6.1036,21.8425
2026-06-15 16:39:35.597,John,right,7.667,460,,,,,,,1.0620,2.3432,1.6813,6.0776,6.0776,21.9077
2026-06-15 16:39:35.627,John,right,7.700,462,,,,,,,1.1097,2.3486,1.6780,6.0849,6.0849,22.1293
2026-06-15 16:39:35.658,John,right,7.733,464,,,,,,,1.1305,2.3447,1.6726,6.0924,6.0924,22.1222
2026-06-15 16:39:35.688,John,right,7.767,466,,,,,,,1.1851,2.3344,1.6689,6.0684,6.0684,22.3697
2026-06-15 16:39:35.719,John,right,7.783,467,,,,,,,1.2163,2.3426,1.6718,6.1113,6.1113,22.4644
2026-06-15 16:39:35.752,John,right,7.833,470,,,,,,,1.2984,2.3636,1.6620,6.0769,6.0769,22.2134
2026-06-15 16:39:35.783,John,right,7.850,471,,,,,,,1.3113,2.3188,1.6351,6.0597,6.0597,22.2848
2026-06-15 16:39:35.814,John,right,7.883,473,,,,,,,1.3151,2.3317,1.6106,6.0543,6.0543,22.3103
2026-06-15 16:39:35.844,John,right,7.917,475,,,,,,,1.3737,2.2942,1.5952,6.0428,6.0428,22.5587
2026-06-15 16:39:35.875,John,right,7.950,477,,,,,,,1.4221,2.2869,1.5642,6.0511,6.0511,22.5633
2026-06-15 16:39:35.905,John,right,7.983,479,,,,,,,1.5025,2.2737,1.5758,6.0882,6.0882,22.5654
2026-06-15 16:39:35.936,John,right,8.017,481,,,,,,,1.5363,2.2452,1.5881,6.0900,6.0900,22.8063
2026-06-15 16:39:35.967,John,right,8.033,482,,,,,,,1.5406,2.2185,1.5897,6.0803,6.0803,22.9515
2026-06-15 16:39:35.997,John,right,8.067,484,,,,,,,1.5756,2.2283,1.6002,6.0730,6.0730,22.9115
2026-06-15 16:39:36.028,John,right,8.100,486,,,,,,,1.5917,2.2483,1.6072,6.0572,6.0572,23.0488
2026-06-15 16:39:36.058,John,right,8.133,488,,,,,,,1.3878,2.3544,1.5043,5.6251,5.6251,23.2885
2026-06-15 16:39:36.089,John,right,8.167,490,,,,,,,1.5422,2.3241,1.4770,5.8174,5.8174,23.2507
2026-06-15 16:39:36.119,John,right,8.200,492,,,,,,,1.6468,2.3217,1.5160,5.9029,5.9029,23.1644
2026-06-15 16:39:36.149,John,right,8.217,493,,,,,,,1.7490,2.4071,1.5709,5.6478,5.6478,23.0502
2026-06-15 16:39:36.180,John,right,8.250,495,,,,,,,1.7880,2.3540,1.6277,5.8610,5.8610,23.0330
2026-06-15 16:39:36.210,John,right,8.283,497,,,,,,,1.8709,2.3320,1.6920,5.8157,5.8157,22.9502
2026-06-15 16:39:36.241,John,right,8.317,499,,,,,,,1.8518,2.2638,1.6896,5.8787,5.8787,22.9415
2026-06-15 16:39:36.271,John,right,8.350,501,,,,,,,1.8570,2.2437,1.6853,5.9164,5.9164,23.0335
2026-06-15 16:39:36.302,John,right,8.383,503,,,,,,,1.8898,2.2507,1.6807,5.8935,5.8935,23.0454
2026-06-15 16:39:36.332,John,right,8.400,504,,,,,,,1.8622,2.2399,1.6678,5.9009,5.9009,23.0955
2026-06-15 16:39:36.363,John,right,8.433,506,,,,,,,1.8754,2.2083,1.6503,5.8719,5.8719,22.9620
2026-06-15 16:39:36.394,John,right,8.467,508,,,,,,,1.7386,2.2824,1.4715,5.5824,5.5824,23.1962
2026-06-15 16:39:36.424,John,right,8.500,510,,,,,,,1.7955,2.2584,1.4702,5.6583,5.6583,23.2057
2026-06-15 16:39:36.455,John,right,8.533,512,,,,,,,1.8633,2.2729,1.5082,5.8896,5.8896,23.1157
2026-06-15 16:39:36.485,John,right,8.550,513,,,,,,,1.8991,2.2736,1.5532,5.9724,5.9724,22.9663
2026-06-15 16:39:36.516,John,right,8.583,515,,,,,,,1.9056,2.2962,1.5886,5.9874,5.9874,22.8445
2026-06-15 16:39:36.546,John,right,8.617,517,,,,,,,1.8955,2.3005,1.5922,6.0109,6.0109,22.7504
2026-06-15 16:39:36.577,John,right,8.650,519,,,,,,,1.8533,2.2436,1.5867,5.9556,5.9556,22.7782
2026-06-15 16:39:36.607,John,right,8.683,521,,,,,,,1.8497,2.2078,1.5854,5.9513,5.9513,22.8051
2026-06-15 16:39:36.637,John,right,8.717,523,,,,,,,1.6040,2.2856,1.4732,5.6498,5.6498,23.0541
2026-06-15 16:39:36.668,John,right,8.733,524,,,,,,,1.7004,2.2710,1.4440,5.8048,5.8048,23.1297
2026-06-15 16:39:36.698,John,right,8.767,526,,,,,,,1.8124,2.2475,1.4874,5.8835,5.8835,22.8952
2026-06-15 16:39:36.729,John,right,8.800,528,,,,,,,1.8499,2.2619,1.5430,5.9003,5.9003,22.4880
2026-06-15 16:39:36.763,John,right,8.833,530,,,,,,,1.8863,2.2667,1.5995,5.8703,5.8703,22.1585
2026-06-15 16:39:36.793,John,right,8.867,532,,,,,,,1.8738,2.2334,1.6505,5.7922,5.7922,22.2459
2026-06-15 16:39:36.824,John,right,8.900,534,,,,,,,2.1987,2.1548,1.8596,5.2074,5.2074,22.1186
2026-06-15 16:39:36.854,John,right,8.933,536,,,,,,,2.0043,2.1979,1.9451,5.5870,5.5870,22.0585
2026-06-15 16:39:36.885,John,right,8.950,537,,,,,,,1.9218,2.2115,1.9164,5.7047,5.7047,21.9824
2026-06-15 16:39:36.915,John,right,8.983,539,,,,,,,1.8436,2.2364,1.8310,5.8445,5.8445,21.9387
2026-06-15 16:39:36.946,John,right,9.017,541,,,,,,,1.8214,2.2660,1.7732,5.8959,5.8959,21.9588
2026-06-15 16:39:36.976,John,right,9.050,543,,,,,,,1.7828,2.2776,1.7333,5.9168,5.9168,21.9264
2026-06-15 16:39:37.007,John,right,9.083,545,,,,,,,1.7656,2.2666,1.7066,5.9251,5.9251,21.9658
2026-06-15 16:39:37.038,John,right,9.117,547,,,,,,,1.7633,2.2729,1.6964,5.9424,5.9424,22.0422
2026-06-15 16:39:37.069,John,right,9.150,549,,,,,,,1.7341,2.2731,1.6545,5.9567,5.9567,22.1640
2026-06-15 16:39:37.099,John,right,9.167,550,,,,,,,1.7281,2.2645,1.6368,5.9518,5.9518,22.0966
2026-06-15 16:39:37.130,John,right,9.200,552,,,,,,,1.6975,2.2648,1.6191,5.9400,5.9400,21.8121
2026-06-15 16:39:37.160,John,right,9.233,554,,,,,,,1.6835,2.2749,1.6193,5.9094,5.9094,21.7065
2026-06-15 16:39:37.191,John,right,9.267,556,,,,,,,1.6675,2.2759,1.6252,5.9013,5.9013,21.4946
2026-06-15 16:39:37.221,John,right,9.300,558,,,,,,,1.6373,2.2871,1.6314,5.8977,5.8977,21.4920
2026-06-15 16:39:37.252,John,right,9.333,560,,,,,,,1.6059,2.2593,1.6470,5.9029,5.9029,21.4184
2026-06-15 16:39:37.283,John,right,9.350,561,,,,,,,1.5789,2.2649,1.6509,5.9126,5.9126,21.3759
2026-06-15 16:39:37.313,John,right,9.383,563,,,,,,,1.5446,2.2378,1.6620,5.9496,5.9496,21.3454
2026-06-15 16:39:37.344,John,right,9.417,565,,,,,,,1.5267,2.2431,1.6628,5.9234,5.9234,21.2073
2026-06-15 16:39:37.375,John,right,9.450,567,,,,,,,1.4987,2.2479,1.6546,5.8673,5.8673,20.9577
2026-06-15 16:39:37.405,John,right,9.483,569,,,,,,,1.4811,2.2545,1.6781,5.7895,5.7895,20.6998
2026-06-15 16:39:37.437,John,right,9.517,571,,,,,,,1.4621,2.2684,1.6903,5.7627,5.7627,20.5748
2026-06-15 16:39:37.467,John,right,9.533,572,,,,,,,1.4442,2.2705,1.6993,5.7592,5.7592,20.5498
2026-06-15 16:39:37.498,John,right,9.567,574,,,,,,,1.3858,2.2913,1.7066,5.7976,5.7976,20.2350
2026-06-15 16:39:37.528,John,right,9.600,576,,,,,,,1.3313,2.2938,1.7035,5.7949,5.7949,20.0558
2026-06-15 16:39:37.559,John,right,9.633,578,,,,,,,1.2775,2.2821,1.6907,5.7743,5.7743,19.7503
2026-06-15 16:39:37.589,John,right,9.667,580,,,,,,,1.2455,2.2686,1.6998,5.7734,5.7734,19.7939
2026-06-15 16:39:37.620,John,right,9.700,582,,,,,,,1.2287,2.2905,1.7172,5.7057,5.7057,19.9038
2026-06-15 16:39:37.651,John,right,9.717,583,,,,,,,1.1835,2.2862,1.7272,5.6936,5.6936,19.4615
2026-06-15 16:39:37.682,John,right,9.750,585,,,,,,,1.1370,2.2478,1.7428,5.7393,5.7393,19.6426
2026-06-15 16:39:37.712,John,right,9.783,587,,,,,,,1.1270,2.2461,1.7392,5.7189,5.7189,19.6748
2026-06-15 16:39:37.743,John,right,9.817,589,,,,,,,1.0810,2.2710,1.7074,5.7128,5.7128,19.3460
2026-06-15 16:39:37.776,John,right,9.850,591,,,,,,,1.0609,2.2853,1.6526,5.6448,5.6448,18.1997
2026-06-15 16:39:37.807,John,right,9.883,593,,,,,,,1.0227,2.3045,1.6341,5.6480,5.6480,17.8921
2026-06-15 16:39:37.837,John,right,9.917,595,,,,,,,0.9628,2.3087,1.6525,5.6577,5.6577,17.8645
2026-06-15 16:39:37.868,John,right,9.933,596,,,,,,,0.8745,2.3119,1.6556,5.6309,5.6309,17.4342
2026-06-15 16:39:37.898,John,right,9.967,598,,,,,,,0.8026,2.3409,1.6527,5.6215,5.6215,17.4787
2026-06-15 16:39:37.929,John,right,10.000,600,,,,,,,0.7307,2.3711,1.6500,5.6042,5.6042,17.6350
2026-06-15 16:39:37.959,John,right,10.033,602,,,,,,,0.6956,2.3933,1.6471,5.5602,5.5602,17.4456
2026-06-15 16:39:37.990,John,right,10.067,604,,,,,,,0.6513,2.3977,1.6596,5.5688,5.5688,17.2327
2026-06-15 16:39:38.021,John,right,10.100,606,,,,,,,0.6178,2.4125,1.6856,5.5479,5.5479,17.0625
2026-06-15 16:39:38.051,John,right,10.117,607,,,,,,,0.6240,2.4287,1.6915,5.4501,5.4501,16.7430
2026-06-15 16:39:38.082,John,right,10.150,609,,,,,,,0.6918,2.3269,1.5977,5.2923,5.2923,15.1620
2026-06-15 16:39:38.112,John,right,10.183,611,,,,,,,0.6440,2.3763,1.6214,5.3927,5.3927,16.2365
2026-06-15 16:39:38.143,John,right,10.217,613,,,,,,,0.7842,2.3171,1.5634,5.2634,5.2634,14.5099
2026-06-15 16:39:38.174,John,right,10.250,615,,,,,,,0.5987,2.3894,1.6000,5.4700,5.4700,16.2713
2026-06-15 16:39:38.205,John,right,10.283,617,,,,,,,0.5268,2.4057,1.6444,5.5495,5.5495,16.7069
2026-06-15 16:39:38.235,John,right,10.300,618,,,,,,,0.4344,2.4042,1.7238,5.6568,5.6568,17.1953
2026-06-15 16:39:38.265,John,right,10.333,620,,,,,,,0.4181,2.4214,1.7568,5.6300,5.6300,17.1354
2026-06-15 16:39:38.296,John,right,10.367,622,,,,,,,0.4317,2.3544,1.7760,5.6385,5.6385,17.0475
2026-06-15 16:39:38.327,John,right,10.400,624,,,,,,,0.3952,2.3562,1.7759,5.6277,5.6277,17.1206
2026-06-15 16:39:38.357,John,right,10.433,626,,,,,,,0.4583,2.3192,1.6792,5.4449,5.4449,15.4006
2026-06-15 16:39:38.388,John,right,10.467,628,,,,,,,0.4130,2.3784,1.6806,5.4477,5.4477,16.1264
2026-06-15 16:39:38.418,John,right,10.483,629,,,,,,,0.4515,2.3609,1.6327,5.4506,5.4506,16.1123
2026-06-15 16:39:38.449,John,right,10.517,631,,,,,,,0.4404,2.3874,1.5889,5.4852,5.4852,15.8742
2026-06-15 16:39:38.480,John,right,10.550,633,,,,,,,0.3404,2.4176,1.5985,5.5704,5.5704,16.4689
2026-06-15 16:39:38.511,John,right,10.583,635,,,,,,,0.2958,2.3796,1.6527,5.6398,5.6398,16.6092
2026-06-15 16:39:38.541,John,right,10.617,637,,,,,,,0.4465,2.3429,1.5188,5.3189,5.3189,13.9316
2026-06-15 16:39:38.572,John,right,10.650,639,,,,,,,0.3690,2.3363,1.4187,5.4375,5.4375,14.6949
2026-06-15 16:39:38.602,John,right,10.683,641,,,,,,,0.3380,2.3648,1.4495,5.5629,5.5629,16.5921
2026-06-15 16:39:38.633,John,right,10.700,642,,,,,,,0.3632,2.3637,1.4422,5.5862,5.5862,17.2199
2026-06-15 16:39:38.663,John,right,10.733,644,,,,,,,0.3415,2.3230,1.4276,5.4891,5.4891,15.9606
2026-06-15 16:39:38.694,John,right,10.767,646,,,,,,,0.2720,2.3501,1.4815,5.5663,5.5663,16.1135
2026-06-15 16:39:38.724,John,right,10.800,648,,,,,,,0.4431,2.3285,1.4118,5.2282,5.2282,13.2251
2026-06-15 16:39:38.755,John,right,10.833,650,,,,,,,0.4894,2.3101,1.3388,5.1456,5.1456,12.5797
2026-06-15 16:39:38.787,John,right,10.867,652,,,,,,,0.5091,2.3021,1.1999,5.1153,5.1153,11.9271
2026-06-15 16:39:38.817,John,right,10.883,653,,,,,,,0.2149,2.3660,1.2851,5.4815,5.4815,14.6735
2026-06-15 16:39:38.848,John,right,10.917,655,,,,,,,0.1279,2.4053,1.3495,5.5685,5.5685,14.8904
2026-06-15 16:39:38.878,John,right,10.950,657,,,,,,,0.1142,2.3919,1.4088,5.5065,5.5065,14.8784
2026-06-15 16:39:38.909,John,right,10.983,659,,,,,,,0.2030,2.3360,1.3376,5.2190,5.2190,12.8698
2026-06-15 16:39:38.940,John,right,11.017,661,,,,,,,0.1208,2.3803,1.3625,5.4001,5.4001,14.0490
2026-06-15 16:39:38.970,John,right,11.050,663,,,,,,,0.2357,2.3613,1.2974,5.1668,5.1668,12.5328
2026-06-15 16:39:39.001,John,right,11.067,664,,,,,,,0.3015,2.3218,1.2281,5.0242,5.0242,12.0085
2026-06-15 16:39:39.031,John,right,11.100,666,,,,,,,0.1143,2.4194,1.3388,5.3930,5.3930,14.6844
2026-06-15 16:39:39.062,John,right,11.133,668,,,,,,,0.0787,2.4343,1.4108,5.4953,5.4953,15.3287
2026-06-15 16:39:39.092,John,right,11.167,670,,,,,,,0.1621,2.3680,1.4620,5.3878,5.3878,14.3068
2026-06-15 16:39:39.123,John,right,11.200,672,,,,,,,0.2733,2.3445,1.3832,5.2859,5.2859,13.2731
2026-06-15 16:39:39.154,John,right,11.233,674,,,,,,,0.3927,2.3159,1.2090,5.1583,5.1583,12.4891
2026-06-15 16:39:39.184,John,right,11.250,675,,,,,,,0.3112,2.3693,1.1409,5.3108,5.3108,14.3512
2026-06-15 16:39:39.214,John,right,11.283,677,,,,,,,0.1315,2.4913,1.2700,5.5094,5.5094,16.2054
2026-06-15 16:39:39.245,John,right,11.317,679,,,,,,,0.0058,2.5338,1.4238,5.6202,5.6202,16.7980
2026-06-15 16:39:39.275,John,right,11.350,681,,,,,,,-0.0314,2.5446,1.4892,5.6523,5.6523,16.9572
2026-06-15 16:39:39.306,John,right,11.383,683,,,,,,,-0.0635,2.5336,1.6014,5.7267,5.7267,17.1265
2026-06-15 16:39:39.337,John,right,11.417,685,,,,,,,0.1558,2.4727,1.5866,5.4020,5.4020,14.7204
2026-06-15 16:39:39.367,John,right,11.433,686,,,,,,,0.2862,2.3917,1.4986,5.1969,5.1969,13.3174
2026-06-15 16:39:39.398,John,right,11.467,688,,,,,,,0.2907,2.3744,1.4444,5.2031,5.2031,13.3877
2026-06-15 16:39:39.429,John,right,11.500,690,,,,,,,0.2018,2.4173,1.4569,5.3453,5.3453,14.6358
2026-06-15 16:39:39.459,John,right,11.533,692,,,,,,,0.3892,2.3194,1.3395,5.0838,5.0838,12.5138
2026-06-15 16:39:39.489,John,right,11.567,694,,,,,,,0.3708,2.3201,1.3087,5.1740,5.1740,13.1215
2026-06-15 16:39:39.520,John,right,11.600,696,,,,,,,0.4631,2.2930,1.1904,5.0347,5.0347,11.9422
2026-06-15 16:39:39.551,John,right,11.617,697,,,,,,,0.3047,2.3594,1.2309,5.3014,5.3014,13.8525
2026-06-15 16:39:39.582,John,right,11.650,699,,,,,,,0.2239,2.4071,1.3540,5.5921,5.5921,16.5119
2026-06-15 16:39:39.612,John,right,11.683,701,,,,,,,0.3183,2.3660,1.3852,5.4126,5.4126,15.1401
2026-06-15 16:39:39.643,John,right,11.717,703,,,,,,,0.2399,2.4297,1.4399,5.6567,5.6567,17.0006
2026-06-15 16:39:39.673,John,right,11.750,705,,,,,,,0.2139,2.4359,1.4824,5.7312,5.7312,17.2310
2026-06-15 16:39:39.704,John,right,11.783,707,,,,,,,0.3051,2.4370,1.5326,5.6187,5.6187,16.4082
2026-06-15 16:39:39.735,John,right,11.800,708,,,,,,,0.2907,2.4219,1.5515,5.6790,5.6790,16.8199
2026-06-15 16:39:39.765,John,right,11.833,710,,,,,,,0.3737,2.3860,1.5383,5.4209,5.4209,14.8533
2026-06-15 16:39:39.796,John,right,11.867,712,,,,,,,0.3737,2.3860,1.5383,5.4209,5.4209,14.8533
2026-06-15 16:39:39.827,John,right,11.900,714,,,,,,,0.4876,2.3385,1.4445,5.4193,5.4193,14.7828
2026-06-15 16:39:39.857,John,right,11.933,716,,,,,,,0.2616,2.4176,1.5413,5.6268,5.6268,15.8672
2026-06-15 16:39:39.888,John,right,11.967,718,,,,,,,0.2170,2.4380,1.6175,5.7375,5.7375,16.1926
2026-06-15 16:39:39.919,John,right,11.967,718,,,,,,,0.5531,2.3277,1.4954,5.2005,5.2005,12.9778
2026-06-15 16:39:39.950,John,right,11.967,718,,,,,,,0.7670,2.2395,1.2393,4.9161,4.9161,11.7017
2026-06-15 16:39:39.980,John,right,12.000,720,,,,,,,0.8213,2.2298,1.1992,4.8368,4.8368,11.7462
2026-06-15 16:39:40.011,John,right,12.067,724,,,,,,,0.6145,2.3712,1.2910,5.4328,5.4328,15.7084
2026-06-15 16:39:40.042,John,right,12.117,727,,,,,,,0.5565,2.4057,1.3597,5.6074,5.6074,16.6172
2026-06-15 16:39:40.072,John,right,12.150,729,,,,,,,0.5623,2.4343,1.4353,5.7138,5.7138,16.9522
2026-06-15 16:39:40.103,John,right,12.183,731,,,,,,,0.5311,2.4515,1.4895,5.8858,5.8858,18.1400
2026-06-15 16:39:40.133,John,right,12.200,732,,,,,,,0.5065,2.4626,1.5580,6.0404,6.0404,18.9111
2026-06-15 16:39:40.164,John,right,12.233,734,,,,,,,0.5332,2.4713,1.5858,6.0319,6.0319,19.3667
2026-06-15 16:39:40.195,John,right,12.267,736,,,,,,,0.5677,2.4507,1.6488,6.0319,6.0319,19.4261
2026-06-15 16:39:40.225,John,right,12.300,738,,,,,,,0.6102,2.4531,1.7096,6.0415,6.0415,19.8523
2026-06-15 16:39:40.256,John,right,12.333,740,,,,,,,0.6705,2.4611,1.7461,6.0317,6.0317,20.4563
2026-06-15 16:39:40.286,John,right,12.367,742,,,,,,,0.6727,2.4765,1.7615,6.0408,6.0408,20.4609
2026-06-15 16:39:40.316,John,right,12.383,743,,,,,,,0.6963,2.4910,1.7773,6.0757,6.0757,20.4307
2026-06-15 16:39:40.347,John,right,12.417,745,,,,,,,0.7143,2.4917,1.7811,6.0548,6.0548,20.4143
2026-06-15 16:39:40.377,John,right,12.450,747,,,,,,,0.7660,2.5031,1.7536,6.1116,6.1116,20.5980
2026-06-15 16:39:40.408,John,right,12.483,749,,,,,,,0.7851,2.5121,1.7156,6.1152,6.1152,20.8674
2026-06-15 16:39:40.439,John,right,12.517,751,,,,,,,0.8321,2.4884,1.6428,6.1733,6.1733,20.8962
2026-06-15 16:39:40.469,John,right,12.550,753,,,,,,,0.8873,2.4571,1.6173,6.0969,6.0969,20.9174
2026-06-15 16:39:40.500,John,right,12.567,754,,,,,,,0.9686,2.4210,1.5748,6.1068,6.1068,21.2048
2026-06-15 16:39:40.530,John,right,12.600,756,,,,,,,0.9917,2.4038,1.5677,6.1059,6.1059,21.0850
2026-06-15 16:39:40.561,John,right,12.633,758,,,,,,,1.0488,2.4016,1.5344,6.1340,6.1340,21.1898
2026-06-15 16:39:40.591,John,right,12.667,760,,,,,,,1.0535,2.4209,1.5291,6.1364,6.1364,21.4653
2026-06-15 16:39:40.622,John,right,12.700,762,,,,,,,1.0844,2.4133,1.5593,6.1337,6.1337,21.9519
2026-06-15 16:39:40.652,John,right,12.733,764,,,,,,,1.0939,2.4118,1.5775,6.1411,6.1411,22.1497
2026-06-15 16:39:40.683,John,right,12.750,765,,,,,,,1.1412,2.4148,1.6125,6.1014,6.1014,22.3538
2026-06-15 16:39:40.713,John,right,12.783,767,,,,,,,1.2135,2.4283,1.6452,6.0528,6.0528,22.2380
2026-06-15 16:39:40.744,John,right,12.817,769,,,,,,,1.2458,2.4360,1.6654,6.0488,6.0488,22.2780
2026-06-15 16:39:40.775,John,right,12.850,771,,,,,,,1.2954,2.4187,1.6853,6.0839,6.0839,22.3820
2026-06-15 16:39:40.806,John,right,12.883,773,,,,,,,1.3488,2.4172,1.6998,6.1113,6.1113,22.4549
2026-06-15 16:39:40.836,John,right,12.917,775,,,,,,,1.3746,2.3763,1.7172,6.1142,6.1142,22.3629
2026-06-15 16:39:40.867,John,right,12.933,776,,,,,,,1.3951,2.3692,1.7226,6.1228,6.1228,22.3961
2026-06-15 16:39:40.897,John,right,12.967,778,,,,,,,1.4513,2.3721,1.7416,6.1098,6.1098,22.5173
2026-06-15 16:39:40.928,John,right,13.000,780,,,,,,,1.4756,2.3444,1.7497,6.0931,6.0931,22.3988
2026-06-15 16:39:40.959,John,right,13.033,782,,,,,,,1.5162,2.3364,1.7595,6.1056,6.1056,22.4990
2026-06-15 16:39:40.989,John,right,13.067,784,,,,,,,1.5751,2.3247,1.7674,6.0640,6.0640,22.4946
2026-06-15 16:39:41.020,John,right,13.100,786,,,,,,,1.6173,2.3077,1.7866,5.9829,5.9829,22.6652
2026-06-15 16:39:41.050,John,right,13.117,787,,,,,,,1.6155,2.2657,1.7912,5.9530,5.9530,22.5947
2026-06-15 16:39:41.081,John,right,13.150,789,,,,,,,1.6530,2.2878,1.7840,6.0230,6.0230,22.7559
2026-06-15 16:39:41.112,John,right,13.183,791,,,,,,,1.6964,2.2880,1.7504,6.0472,6.0472,22.9104
2026-06-15 16:39:41.142,John,right,13.217,793,,,,,,,1.5356,2.4306,1.6070,5.6728,5.6728,23.4542
2026-06-15 16:39:41.173,John,right,13.250,795,,,,,,,1.6465,2.4154,1.5637,5.8255,5.8255,23.6838
2026-06-15 16:39:41.203,John,right,13.283,797,,,,,,,1.7135,2.3662,1.5547,5.8576,5.8576,23.8505
2026-06-15 16:39:41.234,John,right,13.300,798,,,,,,,1.6725,2.4359,1.4538,5.7438,5.7438,24.2697
2026-06-15 16:39:41.265,John,right,13.333,800,,,,,,,1.8219,2.3638,1.5739,5.9152,5.9152,24.1728
2026-06-15 16:39:41.295,John,right,13.367,802,,,,,,,1.8768,2.3812,1.6337,5.9394,5.9394,24.0801
2026-06-15 16:39:41.326,John,right,13.400,804,,,,,,,1.9486,2.3940,1.7316,5.9760,5.9760,23.9006
2026-06-15 16:39:41.357,John,right,13.433,806,,,,,,,1.9726,2.3886,1.7703,5.9726,5.9726,23.8902
2026-06-15 16:39:41.387,John,right,13.467,808,,,,,,,2.0000,2.3394,1.7997,5.9409,5.9409,23.9393
2026-06-15 16:39:41.418,John,right,13.483,809,,,,,,,1.9337,2.3235,1.7847,6.1187,6.1187,24.0903
2026-06-15 16:39:41.448,John,right,13.517,811,,,,,,,1.9485,2.3198,1.7807,6.1589,6.1589,23.9020
2026-06-15 16:39:41.479,John,right,13.550,813,,,,,,,1.9675,2.3148,1.7796,6.1815,6.1815,23.7919
2026-06-15 16:39:41.509,John,right,13.583,815,,,,,,,1.9693,2.3148,1.7757,6.1903,6.1903,23.7441
2026-06-15 16:39:41.540,John,right,13.617,817,,,,,,,1.9755,2.2945,1.7692,6.1885,6.1885,23.8087
2026-06-15 16:39:41.571,John,right,13.650,819,,,,,,,1.9838,2.2605,1.7595,6.1895,6.1895,24.0339
2026-06-15 16:39:41.601,John,right,13.667,820,,,,,,,1.9874,2.2796,1.7587,6.1971,6.1971,24.2107
2026-06-15 16:39:41.632,John,right,13.700,822,,,,,,,2.0247,2.2937,1.7704,6.0488,6.0488,24.2577
2026-06-15 16:39:41.662,John,right,13.733,824,,,,,,,2.0161,2.3070,1.7907,5.9686,5.9686,24.3682
2026-06-15 16:39:41.693,John,right,13.767,826,,,,,,,2.0101,2.3188,1.8009,5.9824,5.9824,24.3478
2026-06-15 16:39:41.724,John,right,13.800,828,,,,,,,2.0327,2.3478,1.8281,6.0207,6.0207,24.3165
2026-06-15 16:39:41.755,John,right,13.833,830,,,,,,,2.0275,2.3867,1.8517,6.0282,6.0282,24.1071
2026-06-15 16:39:41.785,John,right,13.850,831,,,,,,,1.9990,2.3941,1.8509,5.9972,5.9972,24.0340
2026-06-15 16:39:41.820,John,right,13.900,834,,,,,,,1.9671,2.3524,1.8553,6.0439,6.0439,23.8635
2026-06-15 16:39:41.851,John,right,13.917,835,,,,,,,1.9388,2.3529,1.8538,6.1078,6.1078,23.6822
2026-06-15 16:39:41.881,John,right,13.950,837,,,,,,,1.9091,2.3441,1.8566,6.1271,6.1271,23.4902
2026-06-15 16:39:41.912,John,right,13.983,839,,,,,,,1.9003,2.3428,1.8581,6.1381,6.1381,23.4977
2026-06-15 16:39:41.943,John,right,14.017,841,,,,,,,1.8251,2.3008,1.8325,6.0694,6.0694,23.5159
2026-06-15 16:39:41.974,John,right,14.050,843,,,,,,,1.8478,2.3586,1.8368,6.0524,6.0524,23.4790
2026-06-15 16:39:42.004,John,right,14.083,845,,,,,,,1.8271,2.3877,1.8410,6.0737,6.0737,23.4241
2026-06-15 16:39:42.035,John,right,14.100,846,,,,,,,1.8209,2.4407,1.8407,6.0767,6.0767,23.4511
2026-06-15 16:39:42.066,John,right,14.133,848,,,,,,,1.7888,2.4640,1.8414,6.0920,6.0920,23.5137
2026-06-15 16:39:42.096,John,right,14.167,850,,,,,,,1.7742,2.4526,1.8507,6.0699,6.0699,23.4635
2026-06-15 16:39:42.126,John,right,14.200,852,,,,,,,1.7482,2.4544,1.8485,6.1004,6.1004,23.4778
2026-06-15 16:39:42.157,John,right,14.233,854,,,,,,,1.6996,2.4445,1.8279,6.1775,6.1775,23.6727
2026-06-15 16:39:42.188,John,right,14.267,856,,,,,,,1.6739,2.4351,1.8202,6.1784,6.1784,23.4344
2026-06-15 16:39:42.218,John,right,14.283,857,,,,,,,1.6572,2.4292,1.8134,6.2109,6.2109,23.2913
2026-06-15 16:39:42.249,John,right,14.317,859,,,,,,,1.6412,2.4502,1.8037,6.1683,6.1683,23.3190
2026-06-15 16:39:42.280,John,right,14.350,861,,,,,,,1.6156,2.4674,1.7978,6.1681,6.1681,23.2442
2026-06-15 16:39:42.310,John,right,14.383,863,,,,,,,1.5921,2.4729,1.7950,6.1632,6.1632,23.1901
2026-06-15 16:39:42.341,John,right,14.417,865,,,,,,,1.5599,2.5004,1.7941,6.1708,6.1708,23.2100
2026-06-15 16:39:42.371,John,right,14.450,867,,,,,,,1.5536,2.5016,1.7930,6.1805,6.1805,23.2058
2026-06-15 16:39:42.401,John,right,14.467,868,,,,,,,1.5068,2.5177,1.7990,6.1659,6.1659,23.0792
2026-06-15 16:39:42.432,John,right,14.500,870,,,,,,,1.4755,2.5268,1.8108,6.1388,6.1388,22.9251
2026-06-15 16:39:42.462,John,right,14.533,872,,,,,,,1.4440,2.5220,1.8261,6.0562,6.0562,22.7809
2026-06-15 16:39:42.493,John,right,14.567,874,,,,,,,1.4380,2.5133,1.8414,6.0330,6.0330,22.6655
2026-06-15 16:39:42.523,John,right,14.600,876,,,,,,,1.4148,2.5184,1.8679,6.0271,6.0271,22.6787
2026-06-15 16:39:42.554,John,right,14.633,878,,,,,,,1.4011,2.5166,1.8736,6.0039,6.0039,22.5479
2026-06-15 16:39:42.585,John,right,14.650,879,,,,,,,1.4097,2.5082,1.9031,5.9341,5.9341,22.0323
2026-06-15 16:39:42.615,John,right,14.683,881,,,,,,,1.3293,2.4845,1.9153,6.0540,6.0540,22.1475
2026-06-15 16:39:42.646,John,right,14.717,883,,,,,,,1.2748,2.4903,1.9034,6.0666,6.0666,22.1055
2026-06-15 16:39:42.676,John,right,14.750,885,,,,,,,1.2082,2.5270,1.8676,6.1124,6.1124,22.2662
2026-06-15 16:39:42.707,John,right,14.783,887,,,,,,,1.1766,2.5445,1.8283,6.1150,6.1150,22.4410
2026-06-15 16:39:42.737,John,right,14.817,889,,,,,,,1.1455,2.5237,1.8133,6.1328,6.1328,22.4107
2026-06-15 16:39:42.768,John,right,14.833,890,,,,,,,1.1242,2.5221,1.8177,6.1273,6.1273,22.3595
2026-06-15 16:39:42.799,John,right,14.867,892,,,,,,,1.0833,2.5149,1.8193,6.1358,6.1358,22.2962
2026-06-15 16:39:42.830,John,right,14.900,894,,,,,,,1.0745,2.5066,1.8173,6.1145,6.1145,22.2167
2026-06-15 16:39:42.860,John,right,14.933,896,,,,,,,1.0288,2.4941,1.8237,6.0814,6.0814,21.8049
2026-06-15 16:39:42.891,John,right,14.967,898,,,,,,,0.9444,2.4432,1.8480,6.1213,6.1213,21.5428
2026-06-15 16:39:42.921,John,right,15.000,900,,,,,,,0.9282,2.4207,1.8574,6.1161,6.1161,21.5114
2026-06-15 16:39:42.951,John,right,15.017,901,,,,,,,0.8745,2.4065,1.8795,6.1286,6.1286,21.4419
2026-06-15 16:39:42.982,John,right,15.050,903,,,,,,,0.8593,2.4037,1.8908,6.1086,6.1086,21.4133
2026-06-15 16:39:43.012,John,right,15.083,905,,,,,,,0.7394,2.4080,1.8803,6.1254,6.1254,21.1449
2026-06-15 16:39:43.043,John,right,15.117,907,,,,,,,0.7296,2.4043,1.8813,6.1226,6.1226,21.1164
2026-06-15 16:39:43.073,John,right,15.150,909,,,,,,,0.6752,2.4095,1.8981,6.0483,6.0483,20.5687
2026-06-15 16:39:43.104,John,right,15.183,911,,,,,,,0.5603,2.4105,1.8768,6.0894,6.0894,20.1829
2026-06-15 16:39:43.135,John,right,15.200,912,,,,,,,0.4319,2.3978,1.8676,6.1889,6.1889,20.6462
2026-06-15 16:39:43.165,John,right,15.233,914,,,,,,,0.3384,2.3769,1.8625,6.2169,6.2169,20.1812
2026-06-15 16:39:43.196,John,right,15.267,916,,,,,,,0.3239,2.3723,1.8838,6.1361,6.1361,19.5784
2026-06-15 16:39:43.226,John,right,15.300,918,,,,,,,0.3323,2.3779,1.9114,6.0514,6.0514,19.1764
2026-06-15 16:39:43.257,John,right,15.333,920,,,,,,,0.3468,2.3816,1.9019,5.9587,5.9587,18.5326
2026-06-15 16:39:43.288,John,right,15.367,922,,,,,,,0.3373,2.3725,1.8904,5.9420,5.9420,18.2857
2026-06-15 16:39:43.318,John,right,15.383,923,,,,,,,0.3362,2.3680,1.8649,5.9028,5.9028,17.8737
2026-06-15 16:39:43.349,John,right,15.417,925,,,,,,,0.2895,2.3495,1.8773,5.9288,5.9288,18.4856
2026-06-15 16:39:43.380,John,right,15.450,927,,,,,,,0.2274,2.3144,1.8915,5.9703,5.9703,18.6148
2026-06-15 16:39:43.410,John,right,15.483,929,,,,,,,0.2051,2.3013,1.9146,5.9751,5.9751,18.6722
2026-06-15 16:39:43.441,John,right,15.517,931,,,,,,,0.1765,2.3089,1.9392,5.9391,5.9391,18.2948
2026-06-15 16:39:43.472,John,right,15.550,933,,,,,,,0.1478,2.3393,1.9662,5.9849,5.9849,18.2637
2026-06-15 16:39:43.502,John,right,15.583,935,,,,,,,0.1042,2.3537,1.9615,6.0083,6.0083,18.4088
2026-06-15 16:39:43.533,John,right,15.600,936,,,,,,,0.1063,2.3356,1.9332,6.0155,6.0155,18.0780
2026-06-15 16:39:43.564,John,right,15.633,938,,,,,,,0.1737,2.2588,1.7971,5.8765,5.8765,16.9459
2026-06-15 16:39:43.594,John,right,15.667,940,,,,,,,0.1306,2.2674,1.7862,5.9541,5.9541,17.7819
2026-06-15 16:39:43.624,John,right,15.700,942,,,,,,,0.0582,2.2229,1.7895,6.0296,6.0296,17.9420
2026-06-15 16:39:43.654,John,right,15.733,944,,,,,,,-0.0196,2.2222,1.8102,6.0905,6.0905,18.1363
2026-06-15 16:39:43.685,John,right,15.750,945,,,,,,,-0.0751,2.2073,1.8234,6.1352,6.1352,18.4920
2026-06-15 16:39:43.716,John,right,15.783,947,,,,,,,0.0458,2.1255,1.7721,5.9073,5.9073,16.9809
2026-06-15 16:39:43.746,John,right,15.817,949,,,,,,,-0.0344,2.1272,1.7566,6.0209,6.0209,17.8858
2026-06-15 16:39:43.777,John,right,15.850,951,,,,,,,0.0375,2.0573,1.5735,5.6128,5.6128,15.0787
2026-06-15 16:39:43.808,John,right,15.883,953,,,,,,,0.0909,2.0126,1.3826,5.4221,5.4221,13.8940
2026-06-15 16:39:43.838,John,right,15.917,955,,,,,,,0.1394,2.0222,1.2683,5.2887,5.2887,13.0089
2026-06-15 16:39:43.869,John,right,15.950,957,,,,,,,0.1490,1.9938,1.2303,5.2645,5.2645,12.9779
2026-06-15 16:39:43.900,John,right,15.967,958,,,,,,,0.0526,2.0501,1.2451,5.5194,5.5194,14.6056
2026-06-15 16:39:43.930,John,right,16.000,960,,,,,,,0.1544,1.9593,1.2332,5.3168,5.3168,13.4752
2026-06-15 16:39:43.961,John,right,16.033,962,,,,,,,0.0546,2.0131,1.2685,5.5790,5.5790,15.1117
2026-06-15 16:39:43.991,John,right,16.067,964,,,,,,,0.1827,1.9106,1.2400,5.3827,5.3827,13.5096
2026-06-15 16:39:44.022,John,right,16.100,966,,,,,,,0.1504,1.9444,1.2398,5.3021,5.3021,12.9913
2026-06-15 16:39:44.052,John,right,16.133,968,,,,,,,0.0285,2.0002,1.2911,5.6086,5.6086,15.4757
2026-06-15 16:39:44.083,John,right,16.150,969,,,,,,,0.1545,1.9374,1.2861,5.3170,5.3170,13.4066
2026-06-15 16:39:44.113,John,right,16.183,971,,,,,,,0.0351,2.0242,1.3749,5.4893,5.4893,14.0672
2026-06-15 16:39:44.144,John,right,16.217,973,,,,,,,0.0609,1.9752,1.3449,5.4466,5.4466,13.5036
2026-06-15 16:39:44.174,John,right,16.250,975,,,,,,,0.1260,1.9057,1.3091,5.3068,5.3068,13.2378
2026-06-15 16:39:44.205,John,right,16.283,977,,,,,,,0.1506,1.9114,1.2815,5.2428,5.2428,13.1166
2026-06-15 16:39:44.236,John,right,16.300,978,,,,,,,0.1652,1.9369,1.2717,5.2307,5.2307,12.9922
2026-06-15 16:39:44.267,John,right,16.333,980,,,,,,,0.1727,1.9631,1.2598,5.2164,5.2164,12.9819
2026-06-15 16:39:44.297,John,right,16.367,982,,,,,,,-0.1032,2.0784,1.3830,5.8228,5.8228,16.0531
2026-06-15 16:39:44.328,John,right,16.400,984,,,,,,,-0.0257,2.0409,1.5083,5.7043,5.7043,15.3809
2026-06-15 16:39:44.358,John,right,16.433,986,,,,,,,0.0369,2.0114,1.4612,5.5613,5.5613,14.3958
2026-06-15 16:39:44.389,John,right,16.467,988,,,,,,,0.0890,1.9791,1.3316,5.4419,5.4419,13.7126
2026-06-15 16:39:44.420,John,right,16.500,990,,,,,,,0.0283,2.0357,1.3299,5.6139,5.6139,14.5356
2026-06-15 16:39:44.450,John,right,16.517,991,,,,,,,0.0561,2.0129,1.2940,5.5571,5.5571,14.0604
2026-06-15 16:39:44.481,John,right,16.550,993,,,,,,,0.1904,1.9627,1.2485,5.3057,5.3057,13.2700
2026-06-15 16:39:44.511,John,right,16.583,995,,,,,,,0.0868,2.0315,1.3122,5.5079,5.5079,14.9399
2026-06-15 16:39:44.542,John,right,16.617,997,,,,,,,0.0759,2.0641,1.4270,5.5335,5.5335,15.1452
2026-06-15 16:39:44.572,John,right,16.650,999,,,,,,,-0.0609,2.1445,1.5750,5.8513,5.8513,17.1189
2026-06-15 16:39:44.603,John,right,16.683,1001,,,,,,,0.1017,2.1338,1.5818,5.5499,5.5499,15.2443
2026-06-15 16:39:44.634,John,right,16.700,1002,,,,,,,0.1302,2.1339,1.5661,5.5353,5.5353,15.1698
2026-06-15 16:39:44.664,John,right,16.733,1004,,,,,,,0.0915,2.1158,1.5813,5.6707,5.6707,16.1351
2026-06-15 16:39:44.695,John,right,16.767,1006,,,,,,,0.0353,2.0631,1.6991,5.9688,5.9688,17.2938
2026-06-15 16:39:44.726,John,right,16.800,1008,,,,,,,0.1132,2.0359,1.6849,5.7904,5.7904,16.2005
2026-06-15 16:39:44.757,John,right,16.833,1010,,,,,,,0.1264,2.0420,1.6595,5.7902,5.7902,16.1614
2026-06-15 16:39:44.787,John,right,16.867,1012,,,,,,,0.0552,2.0261,1.6660,5.9527,5.9527,16.9704
2026-06-15 16:39:44.818,John,right,16.883,1013,,,,,,,-0.0023,2.0147,1.7250,6.0774,6.0774,17.6229
2026-06-15 16:39:44.849,John,right,16.917,1015,,,,,,,0.1364,1.9287,1.6889,5.8454,5.8454,16.8552
2026-06-15 16:39:44.880,John,right,16.950,1017,,,,,,,0.2410,1.8791,1.6114,5.6673,5.6673,16.2608
2026-06-15 16:39:44.910,John,right,16.983,1019,,,,,,,0.1212,2.0025,1.6451,5.9399,5.9399,17.8051
2026-06-15 16:39:44.940,John,right,17.017,1021,,,,,,,0.1060,2.1123,1.7280,5.9764,5.9764,18.3224
2026-06-15 16:39:44.972,John,right,17.050,1023,,,,,,,0.1363,2.1866,1.7755,6.0004,6.0004,18.5209
2026-06-15 16:39:45.002,John,right,17.083,1025,,,,,,,0.3517,2.1732,1.7212,5.6567,5.6567,16.4618
2026-06-15 16:39:45.033,John,right,17.100,1026,,,,,,,0.3271,2.1775,1.7027,5.7920,5.7920,17.1001
2026-06-15 16:39:45.063,John,right,17.133,1028,,,,,,,0.4423,2.0913,1.6530,5.6762,5.6762,16.2603
2026-06-15 16:39:45.094,John,right,17.167,1030,,,,,,,0.3613,2.1503,1.6909,5.8882,5.8882,17.5428
2026-06-15 16:39:45.125,John,right,17.200,1032,,,,,,,0.4091,2.1412,1.7287,5.9816,5.9816,18.3225
2026-06-15 16:39:45.155,John,right,17.233,1034,,,,,,,0.4484,2.1101,1.7746,6.0526,6.0526,18.8860
2026-06-15 16:39:45.186,John,right,17.267,1036,,,,,,,0.4536,2.1016,1.8045,6.0483,6.0483,18.9636
2026-06-15 16:39:45.217,John,right,17.283,1037,,,,,,,0.4004,2.1203,1.8424,6.1876,6.1876,20.0691
2026-06-15 16:39:45.247,John,right,17.317,1039,,,,,,,0.4642,2.1054,1.8058,6.2522,6.2522,20.0565
2026-06-15 16:39:45.278,John,right,17.350,1041,,,,,,,0.5493,2.1369,1.7754,6.2129,6.2129,20.0989
2026-06-15 16:39:45.308,John,right,17.383,1043,,,,,,,0.6630,2.2178,1.7982,6.0302,6.0302,19.9325
2026-06-15 16:39:45.339,John,right,17.417,1045,,,,,,,0.6494,2.2358,1.8549,6.0752,6.0752,20.7607
2026-06-15 16:39:45.369,John,right,17.450,1047,,,,,,,0.6596,2.2292,1.8836,6.0691,6.0691,20.7170
2026-06-15 16:39:45.400,John,right,17.467,1048,,,,,,,0.6404,2.2551,1.9036,6.0573,6.0573,20.4827
2026-06-15 16:39:45.431,John,right,17.500,1050,,,,,,,0.6324,2.2469,1.9000,6.0845,6.0845,20.7441
2026-06-15 16:39:45.462,John,right,17.533,1052,,,,,,,0.6270,2.2652,1.8893,6.0856,6.0856,20.5368
2026-06-15 16:39:45.492,John,right,17.567,1054,,,,,,,0.6059,2.2694,1.8764,6.1101,6.1101,20.4917
2026-06-15 16:39:45.523,John,right,17.600,1056,,,,,,,0.6391,2.2586,1.8457,6.1736,6.1736,20.8857
2026-06-15 16:39:45.554,John,right,17.633,1058,,,,,,,0.7332,2.3151,1.7861,6.0671,6.0671,20.6770
2026-06-15 16:39:45.584,John,right,17.650,1059,,,,,,,0.8281,2.3322,1.7089,5.9982,5.9982,20.8370
2026-06-15 16:39:45.615,John,right,17.683,1061,,,,,,,0.8966,2.3265,1.6572,6.0122,6.0122,21.2507
2026-06-15 16:39:45.646,John,right,17.717,1063,,,,,,,0.9596,2.3336,1.6474,5.9817,5.9817,21.4597
2026-06-15 16:39:45.676,John,right,17.750,1065,,,,,,,1.0025,2.3429,1.6650,5.9699,5.9699,21.0919
2026-06-15 16:39:45.706,John,right,17.783,1067,,,,,,,1.0104,2.3596,1.6922,5.9844,5.9844,20.8777
2026-06-15 16:39:45.737,John,right,17.817,1069,,,,,,,1.0018,2.3931,1.7347,5.9673,5.9673,20.5603
2026-06-15 16:39:45.767,John,right,17.833,1070,,,,,,,0.9808,2.3751,1.7710,6.0016,6.0016,20.5445
2026-06-15 16:39:45.798,John,right,17.867,1072,,,,,,,0.9747,2.3615,1.7939,6.0218,6.0218,20.6094
2026-06-15 16:39:45.828,John,right,17.900,1074,,,,,,,0.9147,2.4317,1.8225,5.9948,5.9948,20.3433
2026-06-15 16:39:45.859,John,right,17.933,1076,,,,,,,0.8386,2.5090,1.8366,5.9924,5.9924,20.3312
2026-06-15 16:39:45.889,John,right,17.967,1078,,,,,,,0.8580,2.5810,1.8331,5.9135,5.9135,20.0302
2026-06-15 16:39:45.920,John,right,18.000,1080,,,,,,,0.8494,2.5738,1.8341,5.9361,5.9361,20.3285
2026-06-15 16:39:45.951,John,right,18.017,1081,,,,,,,0.7791,2.5790,1.8150,6.0714,6.0714,20.7072
2026-06-15 16:39:45.981,John,right,18.050,1083,,,,,,,0.8034,2.5983,1.7659,6.0743,6.0743,20.2537
2026-06-15 16:39:46.012,John,right,18.083,1085,,,,,,,0.7843,2.5961,1.7530,6.0989,6.0989,20.3935
2026-06-15 16:39:46.042,John,right,18.117,1087,,,,,,,0.8269,2.6210,1.7154,6.0798,6.0798,20.1943
2026-06-15 16:39:46.073,John,right,18.150,1089,,,,,,,0.8418,2.6144,1.7082,6.1442,6.1442,20.3902
2026-06-15 16:39:46.103,John,right,18.183,1091,,,,,,,0.8140,2.6354,1.7201,6.1651,6.1651,20.7645
2026-06-15 16:39:46.134,John,right,18.200,1092,,,,,,,0.8099,2.6450,1.7413,6.2039,6.2039,20.9381
2026-06-15 16:39:46.164,John,right,18.233,1094,,,,,,,0.8517,2.6710,1.7414,6.1765,6.1765,20.4516
2026-06-15 16:39:46.194,John,right,18.267,1096,,,,,,,0.9313,2.7049,1.6442,5.9208,5.9208,19.0235
2026-06-15 16:39:46.225,John,right,18.300,1098,,,,,,,0.8527,2.8196,1.6691,5.9239,5.9239,19.2607
2026-06-15 16:39:46.256,John,right,18.333,1100,,,,,,,0.8283,2.8946,1.7160,5.9748,5.9748,19.6605
2026-06-15 16:39:46.286,John,right,18.367,1102,,,,,,,0.8114,2.9082,1.7338,5.9673,5.9673,19.7775
2026-06-15 16:39:46.317,John,right,18.383,1103,,,,,,,1.0579,2.7790,1.5801,5.5500,5.5500,16.8938
2026-06-15 16:39:46.347,John,right,18.417,1105,,,,,,,1.1870,2.7256,1.3719,5.3251,5.3251,15.4593
2026-06-15 16:39:46.378,John,right,18.450,1107,,,,,,,1.0894,2.7990,1.3596,5.4968,5.4968,17.0342
2026-06-15 16:39:46.409,John,right,18.483,1109,,,,,,,0.9071,2.8328,1.4739,5.8276,5.8276,18.9705
2026-06-15 16:39:46.439,John,right,18.517,1111,,,,,,,0.8357,2.8765,1.5988,5.9671,5.9671,19.8110
2026-06-15 16:39:46.470,John,right,18.550,1113,,,,,,,0.8099,2.8889,1.6884,5.9954,5.9954,20.0552
2026-06-15 16:39:46.500,John,right,18.567,1114,,,,,,,0.7864,2.9109,1.7288,6.0442,6.0442,20.4980
2026-06-15 16:39:46.531,John,right,18.600,1116,,,,,,,0.7918,2.8922,1.7870,6.0585,6.0585,20.6414
2026-06-15 16:39:46.561,John,right,18.633,1118,,,,,,,0.7710,2.8742,1.8022,6.0498,6.0498,20.7965
2026-06-15 16:39:46.592,John,right,18.667,1120,,,,,,,0.7765,2.8521,1.8042,6.0931,6.0931,20.7620
2026-06-15 16:39:46.623,John,right,18.700,1122,,,,,,,0.8003,2.8992,1.7922,6.1220,6.1220,20.9165
2026-06-15 16:39:46.653,John,right,18.733,1124,,,,,,,0.7963,2.9171,1.7855,6.1701,6.1701,21.1518
2026-06-15 16:39:46.683,John,right,18.750,1125,,,,,,,0.7833,2.9131,1.7897,6.1684,6.1684,21.2379
2026-06-15 16:39:46.714,John,right,18.783,1127,,,,,,,0.7684,2.9062,1.7884,6.2008,6.2008,21.4329
2026-06-15 16:39:46.744,John,right,18.817,1129,,,,,,,0.7487,2.9157,1.7952,6.2057,6.2057,21.4815
2026-06-15 16:39:46.775,John,right,18.850,1131,,,,,,,0.7392,2.8836,1.7783,6.2100,6.2100,21.2404
2026-06-15 16:39:46.806,John,right,18.883,1133,,,,,,,0.7365,2.8846,1.7736,6.2362,6.2362,21.4764
2026-06-15 16:39:46.837,John,right,18.917,1135,,,,,,,0.7313,2.9117,1.7794,6.2101,6.2101,21.4718
2026-06-15 16:39:46.869,John,right,18.950,1137,,,,,,,0.7171,2.8993,1.7984,6.2334,6.2334,21.6884
2026-06-15 16:39:46.900,John,right,18.967,1138,,,,,,,0.7317,2.8592,1.8147,6.2048,6.2048,21.0260
2026-06-15 16:39:46.931,John,right,19.000,1140,,,,,,,0.8679,2.7447,1.6897,6.0318,6.0318,19.9060
2026-06-15 16:39:46.961,John,right,19.033,1142,,,,,,,1.0090,2.6694,1.6026,5.7869,5.7869,18.3331
2026-06-15 16:39:46.992,John,right,19.067,1144,,,,,,,1.1330,2.5490,1.4113,5.5580,5.5580,16.7456
2026-06-15 16:39:47.022,John,right,19.100,1146,,,,,,,1.0663,2.5741,1.3311,5.7116,5.7116,17.6634
2026-06-15 16:39:47.053,John,right,19.133,1148,,,,,,,1.0446,2.5536,1.3093,5.7672,5.7672,17.8293
2026-06-15 16:39:47.083,John,right,19.150,1149,,,,,,,1.1098,2.4920,1.2875,5.6221,5.6221,17.0427
2026-06-15 16:39:47.114,John,right,19.183,1151,,,,,,,1.1202,2.4764,1.3021,5.6655,5.6655,18.0351
2026-06-15 16:39:47.144,John,right,19.217,1153,,,,,,,0.9573,2.5128,1.4903,5.9293,5.9293,20.2346
2026-06-15 16:39:47.174,John,right,19.250,1155,,,,,,,0.8777,2.5621,1.6651,6.0967,6.0967,21.4711
2026-06-15 16:39:47.205,John,right,19.283,1157,,,,,,,0.8425,2.5696,1.7476,6.1290,6.1290,21.4012
2026-06-15 16:39:47.236,John,right,19.317,1159,,,,,,,0.8672,2.5723,1.7603,6.1481,6.1481,21.2969
2026-06-15 16:39:47.267,John,right,19.333,1160,,,,,,,0.8879,2.6056,1.7607,6.1294,6.1294,21.1397
2026-06-15 16:39:47.297,John,right,19.367,1162,,,,,,,1.0237,2.5326,1.6891,5.9148,5.9148,19.3193
2026-06-15 16:39:47.328,John,right,19.400,1164,,,,,,,0.9421,2.5099,1.6829,6.0846,6.0846,20.5049
2026-06-15 16:39:47.359,John,right,19.433,1166,,,,,,,0.9520,2.4827,1.7347,6.0592,6.0592,20.8972
2026-06-15 16:39:47.389,John,right,19.467,1168,,,,,,,0.8456,2.3538,1.7622,6.0981,6.0981,20.3619
2026-06-15 16:39:47.420,John,right,19.500,1170,,,,,,,0.7742,2.3152,1.7553,6.1237,6.1237,20.5433
2026-06-15 16:39:47.451,John,right,19.517,1171,,,,,,,0.7104,2.2369,1.7527,6.1675,6.1675,20.7450
2026-06-15 16:39:47.481,John,right,19.550,1173,,,,,,,0.6714,2.1803,1.7519,6.2265,6.2265,20.8471
2026-06-15 16:39:47.512,John,right,19.583,1175,,,,,,,0.6305,2.1507,1.7583,6.2897,6.2897,21.0293
2026-06-15 16:39:47.543,John,right,19.600,1176,,,,,,,0.6210,2.1523,1.7554,6.2781,6.2781,20.7820
2026-06-15 16:39:47.574,John,right,19.650,1179,,,,,,,0.6049,2.1480,1.7443,6.2499,6.2499,21.1238
2026-06-15 16:39:47.604,John,right,19.683,1181,,,,,,,0.6416,2.0816,1.7656,6.2282,6.2282,21.4259
2026-06-15 16:39:47.635,John,right,19.700,1182,,,,,,,0.6288,2.0731,1.7620,6.2384,6.2384,21.5482
2026-06-15 16:39:47.665,John,right,19.733,1184,,,,,,,0.6067,2.0989,1.7577,6.1431,6.1431,21.0846
2026-06-15 16:39:47.696,John,right,19.767,1186,,,,,,,0.6015,2.0886,1.7590,6.1439,6.1439,20.9674
2026-06-15 16:39:47.726,John,right,19.800,1188,,,,,,,0.6496,2.0925,1.7244,6.0898,6.0898,20.7158
2026-06-15 16:39:47.757,John,right,19.833,1190,,,,,,,0.6307,2.0444,1.7217,6.1430,6.1430,21.1242
2026-06-15 16:39:47.787,John,right,19.867,1192,,,,,,,0.6288,2.0037,1.7317,6.1821,6.1821,21.1524
2026-06-15 16:39:47.818,John,right,19.883,1193,,,,,,,0.6246,1.9605,1.7467,6.1385,6.1385,21.3607
2026-06-15 16:39:47.848,John,right,19.917,1195,,,,,,,0.7104,1.9278,1.8021,6.1058,6.1058,21.4319
2026-06-15 16:39:47.880,John,right,19.950,1197,,,,,,,0.7248,1.8644,1.8760,6.1398,6.1398,21.6587
2026-06-15 16:39:47.910,John,right,19.983,1199,,,,,,,0.7284,1.8466,1.9302,6.1535,6.1535,21.4600
2026-06-15 16:39:47.941,John,right,20.017,1201,,,,,,,0.6539,1.8266,1.9172,6.1745,6.1745,21.3467
2026-06-15 16:39:47.971,John,right,20.050,1203,,,,,,,0.6363,1.7801,1.9060,6.2070,6.2070,21.2558
2026-06-15 16:39:48.002,John,right,20.067,1204,,,,,,,0.5803,1.7445,1.8768,6.1334,6.1334,21.0896
2026-06-15 16:39:48.033,John,right,20.100,1206,,,,,,,0.5668,1.7482,1.8639,6.1177,6.1177,21.0060
2026-06-15 16:39:48.064,John,right,20.133,1208,,,,,,,0.5512,1.7475,1.8613,6.1152,6.1152,20.6498
2026-06-15 16:39:48.094,John,right,20.167,1210,,,,,,,0.5258,1.7137,1.8848,6.1596,6.1596,20.5089
2026-06-15 16:39:48.125,John,right,20.200,1212,,,,,,,0.5216,1.6655,1.9009,6.1982,6.1982,20.7008
2026-06-15 16:39:48.155,John,right,20.233,1214,,,,,,,0.5364,1.6478,1.9034,6.1642,6.1642,20.7994
2026-06-15 16:39:48.186,John,right,20.267,1216,,,,,,,0.5482,1.6002,1.9090,6.1627,6.1627,20.4596
2026-06-15 16:39:48.216,John,right,20.283,1217,,,,,,,0.5478,1.5870,1.9131,6.0982,6.0982,20.0135
2026-06-15 16:39:48.247,John,right,20.317,1219,,,,,,,0.5167,1.5914,1.9213,6.0585,6.0585,19.9387
2026-06-15 16:39:48.278,John,right,20.350,1221,,,,,,,0.5266,1.5745,1.9033,6.0548,6.0548,20.1135
2026-06-15 16:39:48.308,John,right,20.383,1223,,,,,,,0.5081,1.5550,1.8810,6.0476,6.0476,20.3973
2026-06-15 16:39:48.339,John,right,20.417,1225,,,,,,,0.4934,1.5572,1.8663,6.0366,6.0366,20.7482
2026-06-15 16:39:48.369,John,right,20.433,1226,,,,,,,0.5156,1.5601,1.8654,6.0197,6.0197,20.7116
2026-06-15 16:39:48.400,John,right,20.467,1228,,,,,,,0.5615,1.5633,1.8857,5.8917,5.8917,20.6283
2026-06-15 16:39:48.430,John,right,20.500,1230,,,,,,,0.5725,1.5044,1.9117,5.9380,5.9380,20.7439
2026-06-15 16:39:48.461,John,right,20.533,1232,,,,,,,0.5835,1.4610,1.9325,5.9075,5.9075,20.8977
2026-06-15 16:39:48.491,John,right,20.567,1234,,,,,,,0.5527,1.4543,1.9233,5.8649,5.8649,20.9431
2026-06-15 16:39:48.522,John,right,20.600,1236,,,,,,,0.5566,1.3800,1.8645,5.8711,5.8711,20.2704
2026-06-15 16:39:48.552,John,right,20.617,1237,,,,,,,0.5604,1.3486,1.8068,5.9104,5.9104,20.1735
2026-06-15 16:39:48.583,John,right,20.650,1239,,,,,,,0.6045,1.3842,1.8009,5.8867,5.8867,20.0554
2026-06-15 16:39:48.614,John,right,20.683,1241,,,,,,,0.5941,1.4055,1.8461,5.8369,5.8369,19.6271
2026-06-15 16:39:48.644,John,right,20.717,1243,,,,,,,0.6048,1.4286,1.8531,5.8168,5.8168,19.5040
2026-06-15 16:39:48.675,John,right,20.750,1245,,,,,,,0.5885,1.4541,1.8680,5.7368,5.7368,18.6940
2026-06-15 16:39:48.706,John,right,20.783,1247,,,,,,,0.5898,1.4079,1.8541,5.8228,5.8228,19.1229
2026-06-15 16:39:48.737,John,right,20.817,1249,,,,,,,0.5815,1.3716,1.8507,5.8257,5.8257,19.7851
2026-06-15 16:39:48.768,John,right,20.833,1250,,,,,,,0.5843,1.3264,1.8089,5.8407,5.8407,19.7807
2026-06-15 16:39:48.798,John,right,20.867,1252,,,,,,,0.5999,1.3291,1.7999,5.8267,5.8267,20.0065
2026-06-15 16:39:48.829,John,right,20.900,1254,,,,,,,0.6167,1.2865,1.7661,5.8089,5.8089,19.7146
2026-06-15 16:39:48.859,John,right,20.933,1256,,,,,,,0.6618,1.2591,1.6690,5.7683,5.7683,19.4716
2026-06-15 16:39:48.890,John,right,20.967,1258,,,,,,,0.6646,1.2598,1.6274,5.7937,5.7937,19.5775
2026-06-15 16:39:48.921,John,right,21.000,1260,,,,,,,0.6617,1.2002,1.5982,5.8261,5.8261,19.7949
2026-06-15 16:39:48.951,John,right,21.017,1261,,,,,,,0.6361,1.2288,1.6551,5.7507,5.7507,20.3875
2026-06-15 16:39:48.981,John,right,21.050,1263,,,,,,,0.6399,1.2399,1.6953,5.6804,5.6804,20.1493
2026-06-15 16:39:49.012,John,right,21.083,1265,,,,,,,0.6149,1.2266,1.7050,5.6987,5.6987,20.3774
2026-06-15 16:39:49.043,John,right,21.117,1267,,,,,,,0.6216,1.2527,1.6969,5.6499,5.6499,19.7994
2026-06-15 16:39:49.073,John,right,21.150,1269,,,,,,,0.6188,1.2655,1.6877,5.6571,5.6571,19.6202
2026-06-15 16:39:49.104,John,right,21.183,1271,,,,,,,0.6222,1.2830,1.6999,5.6831,5.6831,20.2083
2026-06-15 16:39:49.134,John,right,21.200,1272,,,,,,,0.6372,1.2749,1.6817,5.6739,5.6739,20.0574
2026-06-15 16:39:49.165,John,right,21.233,1274,,,,,,,0.6038,1.3134,1.7281,5.7363,5.7363,20.7281
2026-06-15 16:39:49.195,John,right,21.267,1276,,,,,,,0.5941,1.3081,1.7330,5.7150,5.7150,20.7527
2026-06-15 16:39:49.226,John,right,21.300,1278,,,,,,,0.6738,1.3052,1.7585,5.7655,5.7655,20.6157
2026-06-15 16:39:49.256,John,right,21.333,1280,,,,,,,0.7291,1.2991,1.8326,5.8531,5.8531,20.5251
2026-06-15 16:39:49.287,John,right,21.367,1282,,,,,,,0.7723,1.3465,1.9158,5.6764,5.6764,20.3819
2026-06-15 16:39:49.318,John,right,21.383,1283,,,,,,,0.7219,1.2903,1.8859,5.7685,5.7685,20.3019
2026-06-15 16:39:49.348,John,right,21.417,1285,,,,,,,0.6832,1.2897,1.8098,5.7605,5.7605,20.5547
2026-06-15 16:39:49.378,John,right,21.450,1287,,,,,,,0.6802,1.3486,1.7414,5.7265,5.7265,20.4931
2026-06-15 16:39:49.409,John,right,21.483,1289,,,,,,,0.6651,1.3663,1.7205,5.7409,5.7409,20.6327
2026-06-15 16:39:49.440,John,right,21.517,1291,,,,,,,0.6857,1.3652,1.7138,5.7661,5.7661,20.6505
2026-06-15 16:39:49.470,John,right,21.550,1293,,,,,,,0.6390,1.3479,1.7292,5.8504,5.8504,20.9705
2026-06-15 16:39:49.501,John,right,21.567,1294,,,,,,,0.6226,1.3566,1.7395,5.9052,5.9052,21.1108
2026-06-15 16:39:49.532,John,right,21.600,1296,,,,,,,0.5904,1.3792,1.7353,5.8868,5.8868,21.0952
2026-06-15 16:39:49.562,John,right,21.633,1298,,,,,,,0.6081,1.3489,1.7165,5.9021,5.9021,21.0519
2026-06-15 16:39:49.593,John,right,21.667,1300,,,,,,,0.6184,1.3953,1.6751,5.8239,5.8239,20.9304
2026-06-15 16:39:49.624,John,right,21.700,1302,,,,,,,0.6555,1.3937,1.6521,5.8205,5.8205,20.9964
2026-06-15 16:39:49.654,John,right,21.733,1304,,,,,,,0.6634,1.3776,1.6443,5.8865,5.8865,20.9603
2026-06-15 16:39:49.685,John,right,21.750,1305,,,,,,,0.6956,1.3009,1.5995,5.8894,5.8894,20.5670
2026-06-15 16:39:49.716,John,right,21.783,1307,,,,,,,0.7546,1.3017,1.5660,5.8401,5.8401,20.2280
2026-06-15 16:39:49.746,John,right,21.817,1309,,,,,,,0.7949,1.3651,1.5756,5.6884,5.6884,20.0532
2026-06-15 16:39:49.777,John,right,21.850,1311,,,,,,,0.7629,1.3956,1.5901,5.7589,5.7589,20.4255
2026-06-15 16:39:49.808,John,right,21.883,1313,,,,,,,0.7554,1.4457,1.5874,5.6468,5.6468,20.1902
2026-06-15 16:39:49.838,John,right,21.917,1315,,,,,,,0.7936,1.4758,1.6046,5.6940,5.6940,20.1917
2026-06-15 16:39:49.869,John,right,21.933,1316,,,,,,,0.8146,1.4998,1.6210,5.7214,5.7214,20.0017
2026-06-15 16:39:49.901,John,right,21.967,1318,,,,,,,0.7683,1.5351,1.6848,5.8666,5.8666,20.9069
2026-06-15 16:39:49.932,John,right,22.000,1320,,,,,,,0.7202,1.5491,1.7566,5.9854,5.9854,21.2108
2026-06-15 16:39:49.963,John,right,22.033,1322,,,,,,,0.6776,1.6082,1.7369,5.8319,5.8319,20.9171
2026-06-15 16:39:49.993,John,right,22.067,1324,,,,,,,0.7192,1.5994,1.6605,5.8776,5.8776,20.9188
2026-06-15 16:39:50.024,John,right,22.100,1326,,,,,,,0.7388,1.6194,1.6049,5.8933,5.8933,21.1240
2026-06-15 16:39:50.055,John,right,22.133,1328,,,,,,,0.7982,1.6321,1.6167,5.9106,5.9106,21.0627
2026-06-15 16:39:50.086,John,right,22.150,1329,,,,,,,0.8305,1.6623,1.6286,5.9177,5.9177,21.0888
2026-06-15 16:39:50.116,John,right,22.183,1331,,,,,,,0.7813,1.6722,1.6449,5.9280,5.9280,21.2222
2026-06-15 16:39:50.147,John,right,22.217,1333,,,,,,,0.6949,1.8768,1.6959,6.1480,6.1480,21.7470
2026-06-15 16:39:50.178,John,right,22.250,1335,,,,,,,0.7260,2.0223,1.7060,6.2191,6.2191,21.7066
2026-06-15 16:39:50.209,John,right,22.283,1337,,,,,,,0.7347,2.0666,1.7029,6.2508,6.2508,21.6253
2026-06-15 16:39:50.240,John,right,22.317,1339,,,,,,,0.7700,2.1098,1.6897,6.2877,6.2877,21.6451
2026-06-15 16:39:50.271,John,right,22.350,1341,,,,,,,0.7925,2.1527,1.6646,6.3019,6.3019,21.4700
2026-06-15 16:39:50.301,John,right,22.367,1342,,,,,,,0.6885,2.1761,1.7120,6.3734,6.3734,21.9828
2026-06-15 16:39:50.332,John,right,22.400,1344,,,,,,,0.6419,2.1885,1.7845,6.3904,6.3904,22.0101
2026-06-15 16:39:50.362,John,right,22.433,1346,,,,,,,0.6591,2.1924,1.8205,6.3362,6.3362,21.9781
2026-06-15 16:39:50.393,John,right,22.467,1348,,,,,,,0.7431,2.1976,1.8507,6.2733,6.2733,21.5655
2026-06-15 16:39:50.424,John,right,22.500,1350,,,,,,,0.7463,2.2514,1.8883,6.2194,6.2194,21.8854
2026-06-15 16:39:50.454,John,right,22.533,1352,,,,,,,0.7327,2.2822,1.9175,6.2210,6.2210,21.8315
2026-06-15 16:39:50.484,John,right,22.550,1353,,,,,,,0.7189,2.3220,1.9389,6.2502,6.2502,21.8375
2026-06-15 16:39:50.515,John,right,22.583,1355,,,,,,,0.7344,2.3797,1.9611,6.2456,6.2456,21.7333
2026-06-15 16:39:50.546,John,right,22.617,1357,,,,,,,0.7482,2.4140,1.9538,6.2171,6.2171,21.5022
2026-06-15 16:39:50.576,John,right,22.650,1359,,,,,,,0.7155,2.4345,1.9369,6.2439,6.2439,21.5738
2026-06-15 16:39:50.607,John,right,22.683,1361,,,,,,,0.7085,2.4474,1.9388,6.2479,6.2479,21.6476
2026-06-15 16:39:50.638,John,right,22.717,1363,,,,,,,0.7110,2.4466,1.9481,6.2264,6.2264,21.6076
2026-06-15 16:39:50.669,John,right,22.733,1364,,,,,,,0.7331,2.4651,1.9678,6.1655,6.1655,20.8148
2026-06-15 16:39:50.699,John,right,22.767,1366,,,,,,,0.9161,2.4087,1.8934,5.8952,5.8952,18.5847
2026-06-15 16:39:50.730,John,right,22.800,1368,,,,,,,0.8227,2.4155,1.8416,6.0466,6.0466,19.6200
2026-06-15 16:39:50.760,John,right,22.833,1370,,,,,,,0.7922,2.4400,1.8353,6.0925,6.0925,20.1284
2026-06-15 16:39:50.792,John,right,22.867,1372,,,,,,,0.7682,2.4417,1.8300,6.1179,6.1179,19.9581
2026-06-15 16:39:50.822,John,right,22.900,1374,,,,,,,0.7014,2.4477,1.8239,6.2503,6.2503,20.6779
2026-06-15 16:39:50.853,John,right,22.933,1376,,,,,,,0.6363,2.4722,1.8634,6.3314,6.3314,21.2895
2026-06-15 16:39:50.884,John,right,22.950,1377,,,,,,,0.6898,2.5116,1.8674,6.2468,6.2468,20.9289
2026-06-15 16:39:50.916,John,right,22.983,1379,,,,,,,0.7521,2.5339,1.9043,6.1285,6.1285,20.7223
2026-06-15 16:39:50.947,John,right,23.017,1381,,,,,,,0.7715,2.5354,1.9126,6.0730,6.0730,20.3828
2026-06-15 16:39:50.977,John,right,23.050,1383,,,,,,,0.7828,2.5510,1.8866,6.0420,6.0420,20.1689
2026-06-15 16:39:51.008,John,right,23.083,1385,,,,,,,0.6364,2.5430,1.9131,6.1308,6.1308,20.3201
2026-06-15 16:39:51.038,John,right,23.117,1387,,,,,,,0.6189,2.5535,1.9182,6.1704,6.1704,20.0906
2026-06-15 16:39:51.068,John,right,23.133,1388,,,,,,,0.6429,2.5537,1.9038,6.2163,6.2163,20.7144
2026-06-15 16:39:51.099,John,right,23.167,1390,,,,,,,0.6680,2.5445,1.8656,6.2696,6.2696,21.1368
2026-06-15 16:39:51.130,John,right,23.200,1392,,,,,,,0.7417,2.5654,1.8356,6.2208,6.2208,21.1742
2026-06-15 16:39:51.160,John,right,23.233,1394,,,,,,,0.7357,2.6567,1.8215,6.1352,6.1352,20.6973
2026-06-15 16:39:51.191,John,right,23.267,1396,,,,,,,0.6915,2.7369,1.8293,6.1741,6.1741,21.2356
2026-06-15 16:39:51.222,John,right,23.300,1398,,,,,,,0.6985,2.8155,1.8303,6.1592,6.1592,20.9084
2026-06-15 16:39:51.252,John,right,23.317,1399,,,,,,,0.6542,2.8297,1.8507,6.2041,6.2041,21.2469
2026-06-15 16:39:51.283,John,right,23.350,1401,,,,,,,0.6212,2.8355,1.8990,6.2169,6.2169,21.3644
2026-06-15 16:39:51.313,John,right,23.383,1403,,,,,,,0.5994,2.8463,1.9338,6.1828,6.1828,21.1829
2026-06-15 16:39:51.344,John,right,23.417,1405,,,,,,,0.6392,2.8289,1.9318,6.1678,6.1678,20.9104
2026-06-15 16:39:51.375,John,right,23.450,1407,,,,,,,0.6430,2.8556,1.9131,6.1967,6.1967,21.1399
2026-06-15 16:39:51.406,John,right,23.483,1409,,,,,,,0.6586,2.8915,1.8727,6.2010,6.2010,21.1274
2026-06-15 16:39:51.436,John,right,23.517,1411,,,,,,,0.7056,2.9156,1.8547,6.1445,6.1445,21.1541
2026-06-15 16:39:51.467,John,right,23.533,1412,,,,,,,0.7328,2.9458,1.8389,6.0964,6.0964,20.7660
2026-06-15 16:39:51.497,John,right,23.567,1414,,,,,,,0.8966,2.8741,1.7550,5.8068,5.8068,18.3614
2026-06-15 16:39:51.528,John,right,23.600,1416,,,,,,,0.8478,2.8974,1.7281,5.8695,5.8695,18.9930
2026-06-15 16:39:51.559,John,right,23.633,1418,,,,,,,0.8734,2.8832,1.6453,5.8156,5.8156,18.8132
2026-06-15 16:39:51.589,John,right,23.667,1420,,,,,,,0.7711,2.8974,1.6953,6.0153,6.0153,20.2503
2026-06-15 16:39:51.620,John,right,23.700,1422,,,,,,,0.7546,2.9019,1.7229,6.0684,6.0684,20.3972
2026-06-15 16:39:51.650,John,right,23.717,1423,,,,,,,0.7716,2.8711,1.7363,6.1356,6.1356,20.8993
2026-06-15 16:39:51.681,John,right,23.750,1425,,,,,,,0.6968,2.8330,1.7927,6.2238,6.2238,21.5055
2026-06-15 16:39:51.711,John,right,23.783,1427,,,,,,,0.6954,2.8024,1.8093,6.2441,6.2441,21.5170
2026-06-15 16:39:51.742,John,right,23.817,1429,,,,,,,0.7156,2.7753,1.8460,6.2410,6.2410,21.6567
2026-06-15 16:39:51.773,John,right,23.850,1431,,,,,,,0.7535,2.7477,1.8642,6.2236,6.2236,21.1364
2026-06-15 16:39:51.803,John,right,23.883,1433,,,,,,,1.0460,2.6427,1.6731,5.6949,5.6949,17.3626
2026-06-15 16:39:51.834,John,right,23.900,1434,,,,,,,0.9323,2.7495,1.6231,5.8298,5.8298,18.7392
2026-06-15 16:39:51.865,John,right,23.933,1436,,,,,,,0.7963,2.8076,1.7035,6.0368,6.0368,20.8609
2026-06-15 16:39:51.895,John,right,23.967,1438,,,,,,,0.7856,2.8683,1.7815,6.1150,6.1150,21.2589
2026-06-15 16:39:51.926,John,right,24.000,1440,,,,,,,0.7898,2.8969,1.8088,6.1751,6.1751,21.5227
2026-06-15 16:39:51.957,John,right,24.033,1442,,,,,,,0.8446,2.8629,1.8028,6.2141,6.2141,21.4767
2026-06-15 16:39:51.988,John,right,24.067,1444,,,,,,,0.8531,2.9020,1.7884,6.2055,6.2055,21.7139
2026-06-15 16:39:52.019,John,right,24.083,1445,,,,,,,0.8500,2.9022,1.7901,6.1961,6.1961,21.7134
2026-06-15 16:39:52.049,John,right,24.117,1447,,,,,,,0.7986,2.9040,1.8420,6.0949,6.0949,20.6125
2026-06-15 16:39:52.080,John,right,24.150,1449,,,,,,,0.7874,2.8706,1.8721,6.1547,6.1547,21.3817
2026-06-15 16:39:52.110,John,right,24.183,1451,,,,,,,0.7579,2.8049,1.8792,6.1865,6.1865,21.7129
2026-06-15 16:39:52.141,John,right,24.217,1453,,,,,,,0.7028,2.7544,1.8851,6.2041,6.2041,21.6176
2026-06-15 16:39:52.171,John,right,24.250,1455,,,,,,,0.6892,2.7080,1.8876,6.1762,6.1762,21.5569
2026-06-15 16:39:52.202,John,right,24.267,1456,,,,,,,0.6959,2.6512,1.8829,6.1845,6.1845,21.3911
2026-06-15 16:39:52.232,John,right,24.300,1458,,,,,,,0.7064,2.6330,1.8606,6.1866,6.1866,21.3962
2026-06-15 16:39:52.262,John,right,24.333,1460,,,,,,,0.7176,2.6196,1.8526,6.1738,6.1738,21.4205
2026-06-15 16:39:52.293,John,right,24.367,1462,,,,,,,0.8585,2.5329,1.7733,5.9182,5.9182,19.0415
2026-06-15 16:39:52.324,John,right,24.400,1464,,,,,,,0.8531,2.5350,1.7285,5.9641,5.9641,19.5574
2026-06-15 16:39:52.354,John,right,24.433,1466,,,,,,,0.8584,2.5416,1.6756,6.0191,6.0191,20.3574
2026-06-15 16:39:52.385,John,right,24.450,1467,,,,,,,0.8878,2.5426,1.6929,5.9530,5.9530,20.1341
2026-06-15 16:39:52.416,John,right,24.483,1469,,,,,,,0.8863,2.5271,1.7027,5.9968,5.9968,20.3511
2026-06-15 16:39:52.446,John,right,24.517,1471,,,,,,,0.8965,2.5128,1.7358,6.0188,6.0188,20.6428
2026-06-15 16:39:52.477,John,right,24.550,1473,,,,,,,0.8827,2.5019,1.7491,6.0633,6.0633,20.6266
2026-06-15 16:39:52.508,John,right,24.583,1475,,,,,,,0.8854,2.5084,1.7571,6.0614,6.0614,20.4151
2026-06-15 16:39:52.538,John,right,24.617,1477,,,,,,,0.8331,2.5340,1.8137,6.0526,6.0526,19.9867
2026-06-15 16:39:52.568,John,right,24.633,1478,,,,,,,0.8542,2.4808,1.8373,6.0926,6.0926,20.7348
2026-06-15 16:39:52.599,John,right,24.667,1480,,,,,,,0.9199,2.4417,1.8321,6.0280,6.0280,20.4914
2026-06-15 16:39:52.630,John,right,24.700,1482,,,,,,,0.8788,2.4291,1.8243,6.0778,6.0778,21.2564
2026-06-15 16:39:52.660,John,right,24.733,1484,,,,,,,0.9065,2.4094,1.8427,6.0380,6.0380,21.7116
2026-06-15 16:39:52.692,John,right,24.767,1486,,,,,,,0.8898,2.3703,1.8435,6.0974,6.0974,21.8751
2026-06-15 16:39:52.722,John,right,24.800,1488,,,,,,,0.9309,2.3493,1.8439,6.0603,6.0603,21.9221
2026-06-15 16:39:52.753,John,right,24.833,1490,,,,,,,0.9461,2.3561,1.8304,6.0598,6.0598,21.7117
2026-06-15 16:39:52.784,John,right,24.850,1491,,,,,,,0.8918,2.3202,1.8080,6.1660,6.1660,21.6250
2026-06-15 16:39:52.814,John,right,24.883,1493,,,,,,,0.8702,2.3142,1.7711,6.1452,6.1452,21.3653
2026-06-15 16:39:52.845,John,right,24.917,1495,,,,,,,0.9193,2.2969,1.7486,6.1258,6.1258,21.3266
2026-06-15 16:39:52.876,John,right,24.950,1497,,,,,,,0.9012,2.2835,1.7417,6.1271,6.1271,21.1178
2026-06-15 16:39:52.906,John,right,24.983,1499,,,,,,,0.8882,2.2419,1.6797,6.1544,6.1544,21.4521
2026-06-15 16:39:52.937,John,right,25.017,1501,,,,,,,0.8701,2.2258,1.6219,6.1041,6.1041,21.8754
2026-06-15 16:39:52.967,John,right,25.033,1502,,,,,,,0.8496,2.2302,1.6174,6.0760,6.0760,22.2535
2026-06-15 16:39:52.998,John,right,25.067,1504,,,,,,,0.9101,2.1419,1.5701,6.1107,6.1107,22.0869
2026-06-15 16:39:53.028,John,right,25.100,1506,,,,,,,0.9216,2.1263,1.5336,6.1474,6.1474,21.9284
2026-06-15 16:39:53.059,John,right,25.133,1508,,,,,,,0.8768,2.1063,1.5189,6.1204,6.1204,21.6883
2026-06-15 16:39:53.089,John,right,25.167,1510,,,,,,,0.8340,2.1188,1.5446,5.9855,5.9855,21.3767
2026-06-15 16:39:53.120,John,right,25.200,1512,,,,,,,0.7997,2.1095,1.5444,6.0095,6.0095,21.3519
2026-06-15 16:39:53.150,John,right,25.217,1513,,,,,,,0.8068,2.0963,1.5343,6.0343,6.0343,21.2926
2026-06-15 16:39:53.180,John,right,25.250,1515,,,,,,,0.8243,2.0437,1.5431,6.0987,6.0987,21.3309
2026-06-15 16:39:53.211,John,right,25.283,1517,,,,,,,0.8502,2.0014,1.5667,6.0917,6.0917,21.1519
2026-06-15 16:39:53.242,John,right,25.317,1519,,,,,,,0.8939,1.9556,1.5961,6.0526,6.0526,21.0126
2026-06-15 16:39:53.272,John,right,25.350,1521,,,,,,,0.9461,1.9111,1.6437,6.0248,6.0248,20.9928
2026-06-15 16:39:53.303,John,right,25.383,1523,,,,,,,0.9538,1.8920,1.6530,6.0217,6.0217,20.7786
2026-06-15 16:39:53.334,John,right,25.400,1524,,,,,,,0.9051,1.8811,1.6524,5.9384,5.9384,20.9483
2026-06-15 16:39:53.364,John,right,25.433,1526,,,,,,,0.8893,1.8864,1.6640,5.8587,5.8587,20.8549
2026-06-15 16:39:53.395,John,right,25.467,1528,,,,,,,0.8526,1.8710,1.6626,5.9079,5.9079,21.1009
2026-06-15 16:39:53.426,John,right,25.500,1530,,,,,,,0.8551,1.8872,1.6602,5.8381,5.8381,20.8511
2026-06-15 16:39:53.456,John,right,25.533,1532,,,,,,,0.8457,1.8874,1.6617,5.8703,5.8703,20.7950
2026-06-15 16:39:53.487,John,right,25.567,1534,,,,,,,0.8135,1.9160,1.6543,5.7913,5.7913,20.8861
2026-06-15 16:39:53.518,John,right,25.583,1535,,,,,,,0.7983,1.9096,1.6601,5.7938,5.7938,20.9114
2026-06-15 16:39:53.548,John,right,25.617,1537,,,,,,,0.8333,1.9278,1.6701,5.7678,5.7678,20.7841
2026-06-15 16:39:53.578,John,right,25.650,1539,,,,,,,0.8093,1.8756,1.6856,5.7877,5.7877,20.9640
2026-06-15 16:39:53.609,John,right,25.683,1541,,,,,,,0.7426,1.8502,1.7232,5.7883,5.7883,21.3094
2026-06-15 16:39:53.640,John,right,25.717,1543,,,,,,,0.7405,1.8062,1.7818,5.9122,5.9122,21.4827
2026-06-15 16:39:53.670,John,right,25.750,1545,,,,,,,0.7426,1.7728,1.8386,5.9395,5.9395,21.6177
2026-06-15 16:39:53.701,John,right,25.767,1546,,,,,,,0.7092,1.7331,1.8186,5.8432,5.8432,21.4203
2026-06-15 16:39:53.731,John,right,25.800,1548,,,,,,,0.7014,1.7463,1.8071,5.8356,5.8356,21.3577
2026-06-15 16:39:53.762,John,right,25.833,1550,,,,,,,0.6904,1.6616,1.8075,5.8577,5.8577,21.4240
2026-06-15 16:39:53.792,John,right,25.867,1552,,,,,,,0.8152,1.6610,1.7559,5.7297,5.7297,20.7361
2026-06-15 16:39:53.823,John,right,25.900,1554,,,,,,,0.8971,1.6720,1.7401,5.7961,5.7961,20.4365
2026-06-15 16:39:53.854,John,right,25.933,1556,,,,,,,0.8421,1.6528,1.7092,5.7953,5.7953,20.1277
2026-06-15 16:39:53.884,John,right,25.950,1557,,,,,,,0.7756,1.6456,1.7050,5.8362,5.8362,20.4936
2026-06-15 16:39:53.915,John,right,25.983,1559,,,,,,,0.7268,1.6413,1.7148,5.8700,5.8700,20.7743
2026-06-15 16:39:53.949,John,right,26.017,1561,,,,,,,0.6976,1.6677,1.7510,5.8369,5.8369,20.9936
2026-06-15 16:39:53.980,John,right,26.050,1563,,,,,,,0.6896,1.6527,1.7984,5.8999,5.8999,21.1691
2026-06-15 16:39:54.011,John,right,26.083,1565,,,,,,,0.7188,1.6250,1.8028,5.8575,5.8575,20.9272
2026-06-15 16:39:54.041,John,right,26.117,1567,,,,,,,0.7014,1.6494,1.8144,5.8422,5.8422,20.9708
2026-06-15 16:39:54.071,John,right,26.150,1569,,,,,,,0.6708,1.6415,1.8554,5.8741,5.8741,20.7889
2026-06-15 16:39:54.102,John,right,26.167,1570,,,,,,,0.6901,1.6483,1.9303,5.9660,5.9660,20.6622
2026-06-15 16:39:54.133,John,right,26.200,1572,,,,,,,0.7085,1.6016,1.9824,6.0480,6.0480,21.0646
2026-06-15 16:39:54.163,John,right,26.233,1574,,,,,,,0.6667,1.5750,1.9776,5.9860,5.9860,21.0910
2026-06-15 16:39:54.194,John,right,26.267,1576,,,,,,,0.6473,1.5463,1.8661,5.9351,5.9351,20.7384
2026-06-15 16:39:54.224,John,right,26.300,1578,,,,,,,0.7142,1.5124,1.7417,5.9261,5.9261,20.5311
2026-06-15 16:39:54.254,John,right,26.333,1580,,,,,,,0.7254,1.5386,1.6907,5.9058,5.9058,20.4652
2026-06-15 16:39:54.285,John,right,26.350,1581,,,,,,,0.7559,1.5959,1.5974,5.7116,5.7116,19.9642
2026-06-15 16:39:54.316,John,right,26.383,1583,,,,,,,0.7799,1.6197,1.5654,5.7566,5.7566,19.9721
2026-06-15 16:39:54.346,John,right,26.417,1585,,,,,,,0.7531,1.6120,1.5440,5.7378,5.7378,20.1474
2026-06-15 16:39:54.377,John,right,26.450,1587,,,,,,,0.8013,1.5736,1.5165,5.8593,5.8593,20.2915
2026-06-15 16:39:54.407,John,right,26.483,1589,,,,,,,0.7612,1.5876,1.5214,5.8120,5.8120,20.3801
2026-06-15 16:39:54.438,John,right,26.517,1591,,,,,,,0.7404,1.6110,1.5385,5.7929,5.7929,20.3919
2026-06-15 16:39:54.469,John,right,26.533,1592,,,,,,,0.7615,1.6158,1.5606,5.8599,5.8599,20.3637
2026-06-15 16:39:54.500,John,right,26.567,1594,,,,,,,0.8128,1.6191,1.6131,5.9005,5.9005,20.4010
2026-06-15 16:39:54.530,John,right,26.600,1596,,,,,,,0.8617,1.6827,1.6897,5.6682,5.6682,20.0477
2026-06-15 16:39:54.561,John,right,26.633,1598,,,,,,,0.9869,1.7897,1.7707,5.3592,5.3592,19.6068
2026-06-15 16:39:54.592,John,right,26.667,1600,,,,,,,0.9394,1.7467,1.7523,5.6253,5.6253,19.6763
2026-06-15 16:39:54.623,John,right,26.700,1602,,,,,,,0.8784,1.7656,1.7769,5.7076,5.7076,20.3503
2026-06-15 16:39:54.653,John,right,26.733,1604,,,,,,,0.8832,1.8161,1.8506,5.7118,5.7118,20.6710
2026-06-15 16:39:54.684,John,right,26.750,1605,,,,,,,0.7939,1.7863,1.8639,5.8406,5.8406,20.9468
2026-06-15 16:39:54.714,John,right,26.783,1607,,,,,,,0.7756,1.7555,1.8564,5.9229,5.9229,20.9169
2026-06-15 16:39:54.745,John,right,26.817,1609,,,,,,,0.7848,1.7226,1.7564,5.8756,5.8756,21.0424
2026-06-15 16:39:54.775,John,right,26.850,1611,,,,,,,0.8141,1.6797,1.6810,5.9437,5.9437,21.2317
2026-06-15 16:39:54.806,John,right,26.883,1613,,,,,,,0.9452,1.7395,1.7171,5.6768,5.6768,20.9657
2026-06-15 16:39:54.836,John,right,26.917,1615,,,,,,,1.0938,1.8077,1.8237,5.4239,5.4239,20.7752
2026-06-15 16:39:54.867,John,right,26.933,1616,,,,,,,1.1137,1.7786,1.8819,5.4568,5.4568,20.7035
2026-06-15 16:39:54.898,John,right,26.967,1618,,,,,,,0.9988,1.6985,1.8895,5.5768,5.5768,20.9317
2026-06-15 16:39:54.928,John,right,27.000,1620,,,,,,,0.9429,1.6395,1.8320,5.6596,5.6596,20.8737
2026-06-15 16:39:54.961,John,right,27.033,1622,,,,,,,0.8499,1.5843,1.7340,5.8088,5.8088,21.0047
2026-06-15 16:39:54.991,John,right,27.067,1624,,,,,,,0.8103,1.5864,1.6744,5.9701,5.9701,21.1193
2026-06-15 16:39:55.022,John,right,27.100,1626,,,,,,,0.8993,1.5874,1.7089,6.0277,6.0277,20.9929
2026-06-15 16:39:55.053,John,right,27.133,1628,,,,,,,0.9225,1.6404,1.7316,5.9406,5.9406,20.8779
2026-06-15 16:39:55.083,John,right,27.150,1629,,,,,,,0.9365,1.6720,1.7504,5.9364,5.9364,20.7321
2026-06-15 16:39:55.113,John,right,27.183,1631,,,,,,,0.9506,1.6843,1.7700,5.9894,5.9894,20.5612
2026-06-15 16:39:55.144,John,right,27.217,1633,,,,,,,0.9638,1.7241,1.7725,5.9679,5.9679,20.4261
2026-06-15 16:39:55.175,John,right,27.250,1635,,,,,,,0.9532,1.7697,1.7821,5.9950,5.9950,20.4715
2026-06-15 16:39:55.205,John,right,27.283,1637,,,,,,,0.9126,1.7649,1.7693,6.0702,6.0702,20.5531
2026-06-15 16:39:55.236,John,right,27.300,1638,,,,,,,0.8896,1.7830,1.7545,6.0960,6.0960,20.4895
2026-06-15 16:39:55.267,John,right,27.333,1640,,,,,,,0.8315,1.8568,1.7403,6.0557,6.0557,20.6039
2026-06-15 16:39:55.297,John,right,27.367,1642,,,,,,,0.8112,1.9158,1.7142,6.1147,6.1147,20.5306
2026-06-15 16:39:55.328,John,right,27.400,1644,,,,,,,0.8102,1.9537,1.6842,6.1350,6.1350,20.4994
2026-06-15 16:39:55.358,John,right,27.433,1646,,,,,,,0.8603,2.0144,1.6156,6.1530,6.1530,20.5774
2026-06-15 16:39:55.389,John,right,27.467,1648,,,,,,,0.8493,2.0645,1.5977,6.1440,6.1440,20.5646
2026-06-15 16:39:55.419,John,right,27.500,1650,,,,,,,0.8134,2.0826,1.6133,6.2090,6.2090,20.8557
2026-06-15 16:39:55.450,John,right,27.517,1651,,,,,,,0.8138,2.1694,1.6696,6.1594,6.1594,21.0086
2026-06-15 16:39:55.480,John,right,27.550,1653,,,,,,,0.8075,2.1555,1.7271,6.2664,6.2664,20.9648
2026-06-15 16:39:55.511,John,right,27.583,1655,,,,,,,0.9158,2.1752,1.7070,6.0856,6.0856,19.8190
2026-06-15 16:39:55.541,John,right,27.617,1657,,,,,,,0.8629,2.1757,1.7321,6.2450,6.2450,20.5853
2026-06-15 16:39:55.571,John,right,27.650,1659,,,,,,,0.8030,2.2276,1.7532,6.2748,6.2748,21.0974
2026-06-15 16:39:55.602,John,right,27.667,1660,,,,,,,0.7971,2.2708,1.7586,6.2038,6.2038,21.2267
2026-06-15 16:39:55.632,John,right,27.700,1662,,,,,,,0.8646,2.3077,1.7897,6.1513,6.1513,21.1714
2026-06-15 16:39:55.663,John,right,27.733,1664,,,,,,,0.9011,2.3292,1.7977,6.1232,6.1232,20.9394
2026-06-15 16:39:55.693,John,right,27.767,1666,,,,,,,0.8866,2.3502,1.8571,6.1615,6.1615,21.7909
2026-06-15 16:39:55.724,John,right,27.800,1668,,,,,,,0.8712,2.3638,1.9319,6.1742,6.1742,22.0193
2026-06-15 16:39:55.754,John,right,27.833,1670,,,,,,,0.8541,2.3822,1.9465,6.2052,6.2052,21.9748
2026-06-15 16:39:55.785,John,right,27.850,1671,,,,,,,0.8715,2.3589,1.9123,6.2205,6.2205,21.8193
2026-06-15 16:39:55.815,John,right,27.883,1673,,,,,,,0.8841,2.3437,1.8956,6.2289,6.2289,21.8248
2026-06-15 16:39:55.846,John,right,27.917,1675,,,,,,,0.8510,2.3529,1.9037,6.2543,6.2543,22.1559
2026-06-15 16:39:55.877,John,right,27.950,1677,,,,,,,0.8652,2.3994,1.9665,6.1695,6.1695,22.2515
2026-06-15 16:39:55.908,John,right,27.983,1679,,,,,,,0.8743,2.4644,1.9293,6.1913,6.1913,21.5847
2026-06-15 16:39:55.938,John,right,28.000,1680,,,,,,,1.0076,2.4307,1.8445,5.9321,5.9321,19.5742
2026-06-15 16:39:55.971,John,right,28.050,1683,,,,,,,1.0671,2.4735,1.7454,5.8120,5.8120,18.4053
2026-06-15 16:39:56.002,John,right,28.067,1684,,,,,,,1.1683,2.4221,1.5482,5.6210,5.6210,17.1922
2026-06-15 16:39:56.033,John,right,28.100,1686,,,,,,,1.0344,2.5012,1.5191,5.8855,5.8855,19.0803
2026-06-15 16:39:56.063,John,right,28.133,1688,,,,,,,1.0168,2.5535,1.5347,5.8422,5.8422,18.6057
2026-06-15 16:39:56.094,John,right,28.167,1690,,,,,,,1.0222,2.5679,1.5154,5.8438,5.8438,18.3399
2026-06-15 16:39:56.125,John,right,28.200,1692,,,,,,,0.8395,2.5795,1.5951,6.0912,6.0912,19.6277
2026-06-15 16:39:56.156,John,right,28.233,1694,,,,,,,0.7557,2.6212,1.7077,6.2347,6.2347,20.2826
2026-06-15 16:39:56.186,John,right,28.267,1696,,,,,,,0.7615,2.6430,1.8030,6.2085,6.2085,20.5148
2026-06-15 16:39:56.217,John,right,28.283,1697,,,,,,,0.9238,2.6459,1.7352,5.9531,5.9531,18.8781
2026-06-15 16:39:56.248,John,right,28.317,1699,,,,,,,0.8947,2.6225,1.7285,6.0199,6.0199,19.7463
2026-06-15 16:39:56.278,John,right,28.367,1702,,,,,,,0.9178,2.6446,1.7137,5.9707,5.9707,19.7591
2026-06-15 16:39:56.309,John,right,28.400,1704,,,,,,,0.9236,2.6633,1.7231,5.9444,5.9444,19.8691
2026-06-15 16:39:56.340,John,right,28.433,1706,,,,,,,0.8815,2.6838,1.7862,6.0487,6.0487,20.5917
2026-06-15 16:39:56.370,John,right,28.467,1708,,,,,,,0.8933,2.6630,1.7388,5.9554,5.9554,19.7619
2026-06-15 16:39:56.401,John,right,28.483,1709,,,,,,,0.8563,2.6793,1.7617,6.0037,6.0037,20.1790
2026-06-15 16:39:56.432,John,right,28.517,1711,,,,,,,0.8319,2.7705,1.8198,6.0730,6.0730,20.7805
2026-06-15 16:39:56.462,John,right,28.550,1713,,,,,,,0.7721,2.8359,1.8427,6.1655,6.1655,21.1237
2026-06-15 16:39:56.493,John,right,28.583,1715,,,,,,,0.7388,2.8599,1.9023,6.2063,6.2063,21.6752
2026-06-15 16:39:56.524,John,right,28.617,1717,,,,,,,0.7263,2.8636,1.9313,6.2155,6.2155,21.8369
2026-06-15 16:39:56.554,John,right,28.650,1719,,,,,,,0.7185,2.8755,1.9834,6.2129,6.2129,21.8882
2026-06-15 16:39:56.585,John,right,28.667,1720,,,,,,,0.7274,2.8499,2.0023,6.1882,6.1882,21.7271
2026-06-15 16:39:56.615,John,right,28.700,1722,,,,,,,0.7743,2.7705,1.9874,6.1635,6.1635,21.1862
2026-06-15 16:39:56.646,John,right,28.733,1724,,,,,,,0.9026,2.7149,1.8526,5.9925,5.9925,19.7024
2026-06-15 16:39:56.676,John,right,28.767,1726,,,,,,,0.8868,2.7105,1.8326,6.0535,6.0535,20.0867
2026-06-15 16:39:56.707,John,right,28.800,1728,,,,,,,0.8757,2.6920,1.8415,6.0628,6.0628,20.5641
2026-06-15 16:39:56.737,John,right,28.833,1730,,,,,,,0.8052,2.7535,1.8851,6.1139,6.1139,21.3077
2026-06-15 16:39:56.768,John,right,28.850,1731,,,,,,,0.8192,2.7487,1.9180,6.1267,6.1267,21.1543
2026-06-15 16:39:56.799,John,right,28.883,1733,,,,,,,0.7767,2.7667,1.9237,6.1920,6.1920,21.5706
2026-06-15 16:39:56.829,John,right,28.917,1735,,,,,,,0.7843,2.7787,1.9079,6.2166,6.2166,21.4177
2026-06-15 16:39:56.860,John,right,28.950,1737,,,,,,,0.7848,2.7855,1.8682,6.2818,6.2818,21.7410
2026-06-15 16:39:56.891,John,right,28.983,1739,,,,,,,0.7888,2.7523,1.8350,6.3258,6.3258,21.9272
2026-06-15 16:39:56.921,John,right,29.017,1741,,,,,,,0.9063,2.7578,1.8266,6.1974,6.1974,21.4891
2026-06-15 16:39:56.952,John,right,29.033,1742,,,,,,,0.9008,2.7691,1.8338,6.1649,6.1649,21.2972
2026-06-15 16:39:56.985,John,right,29.067,1744,,,,,,,0.9064,2.7464,1.8579,6.1725,6.1725,21.1553
2026-06-15 16:39:57.015,John,right,29.100,1746,,,,,,,1.0756,2.6724,1.7848,5.9044,5.9044,18.9447
2026-06-15 16:39:57.046,John,right,29.133,1748,,,,,,,0.9578,2.7257,1.7627,6.0882,6.0882,20.5163
2026-06-15 16:39:57.076,John,right,29.167,1750,,,,,,,1.0932,2.6711,1.6720,5.8883,5.8883,19.2247
2026-06-15 16:39:57.107,John,right,29.200,1752,,,,,,,1.0852,2.6783,1.6389,5.9128,5.9128,19.2223
2026-06-15 16:39:57.138,John,right,29.233,1754,,,,,,,1.0353,2.6150,1.5465,5.9761,5.9761,19.4055
2026-06-15 16:39:57.168,John,right,29.250,1755,,,,,,,0.9351,2.6117,1.5752,6.1954,6.1954,20.9143
2026-06-15 16:39:57.199,John,right,29.283,1757,,,,,,,0.8562,2.5964,1.7001,6.2016,6.2016,21.4346
2026-06-15 16:39:57.230,John,right,29.317,1759,,,,,,,1.0097,2.5155,1.6401,6.0434,6.0434,19.7923
2026-06-15 16:39:57.260,John,right,29.350,1761,,,,,,,0.9365,2.5114,1.6443,6.1607,6.1607,20.4688
2026-06-15 16:39:57.291,John,right,29.383,1763,,,,,,,0.8248,2.5039,1.6984,6.3274,6.3274,22.0061
2026-06-15 16:39:57.321,John,right,29.417,1765,,,,,,,0.8238,2.4320,1.7713,6.3322,6.3322,22.4297
2026-06-15 16:39:57.352,John,right,29.433,1766,,,,,,,0.9026,2.4074,1.8378,6.2439,6.2439,21.9446
2026-06-15 16:39:57.382,John,right,29.467,1768,,,,,,,0.9382,2.3836,1.8643,6.2347,6.2347,21.9481
2026-06-15 16:39:57.413,John,right,29.500,1770,,,,,,,0.9250,2.3812,1.8546,6.2670,6.2670,21.8821
2026-06-15 16:39:57.444,John,right,29.533,1772,,,,,,,0.9141,2.3767,1.8351,6.2895,6.2895,21.8441
2026-06-15 16:39:57.474,John,right,29.550,1773,,,,,,,0.8685,2.3609,1.8081,6.3057,6.3057,22.0368
2026-06-15 16:39:57.504,John,right,29.583,1775,,,,,,,0.8353,2.3544,1.8179,6.3263,6.3263,22.3453
2026-06-15 16:39:57.535,John,right,29.600,1776,,,,,,,0.8100,2.3101,1.8167,6.3688,6.3688,22.5660
2026-06-15 16:39:57.565,John,right,29.633,1778,,,,,,,0.9086,2.2728,1.8426,6.2800,6.2800,22.2120
2026-06-15 16:39:57.596,John,right,29.667,1780,,,,,,,0.9871,2.2275,1.8350,6.2710,6.2710,22.2641
2026-06-15 16:39:57.626,John,right,29.700,1782,,,,,,,1.0397,2.2035,1.8254,6.1943,6.1943,22.0976
2026-06-15 16:39:57.657,John,right,29.733,1784,,,,,,,0.9920,2.2011,1.8344,6.2020,6.2020,21.7914
2026-06-15 16:39:57.687,John,right,29.767,1786,,,,,,,0.9971,2.1723,1.8184,6.1938,6.1938,21.9924
2026-06-15 16:39:57.717,John,right,29.783,1787,,,,,,,0.9547,2.1888,1.8062,6.1868,6.1868,21.4378
2026-06-15 16:39:57.748,John,right,29.817,1789,,,,,,,0.9661,2.1818,1.8078,6.1766,6.1766,21.2185
2026-06-15 16:39:57.778,John,right,29.850,1791,,,,,,,0.9878,2.1577,1.7877,6.1961,6.1961,21.4965
2026-06-15 16:39:57.809,John,right,29.883,1793,,,,,,,1.0007,2.1265,1.7747,6.1751,6.1751,21.1752
2026-06-15 16:39:57.839,John,right,29.917,1795,,,,,,,0.9962,2.0250,1.7484,6.2264,6.2264,21.2812
2026-06-15 16:39:57.869,John,right,29.950,1797,,,,,,,0.8778,2.0005,1.7726,6.3367,6.3367,21.8711
2026-06-15 16:39:57.900,John,right,29.967,1798,,,,,,,0.8612,1.9698,1.7697,6.3429,6.3429,21.6990
2026-06-15 16:39:57.931,John,right,30.000,1800,,,,,,,0.7886,1.9596,1.7949,6.3076,6.3076,22.1273
2026-06-15 16:39:57.962,John,right,30.033,1802,,,,,,,0.7860,1.9448,1.8112,6.3046,6.3046,22.0961
2026-06-15 16:39:57.993,John,right,30.067,1804,,,,,,,0.7626,1.9356,1.8276,6.2999,6.2999,22.2942
2026-06-15 16:39:58.024,John,right,30.100,1806,,,,,,,0.7913,1.9067,1.8203,6.2667,6.2667,21.8177
2026-06-15 16:39:58.054,John,right,30.133,1808,,,,,,,0.7947,1.9127,1.8098,6.2241,6.2241,21.5012
2026-06-15 16:39:58.085,John,right,30.150,1809,,,,,,,0.8417,1.9314,1.8165,6.1183,6.1183,21.1030
2026-06-15 16:39:58.115,John,right,30.183,1811,,,,,,,0.8130,1.8768,1.8733,6.1097,6.1097,21.7442
2026-06-15 16:39:58.146,John,right,30.217,1813,,,,,,,0.7972,1.8586,1.9087,6.0841,6.0841,21.8099
2026-06-15 16:39:58.177,John,right,30.250,1815,,,,,,,0.8192,1.7910,1.9620,6.0701,6.0701,21.4060
2026-06-15 16:39:58.207,John,right,30.283,1817,,,,,,,0.7964,1.7007,2.0122,6.1558,6.1558,21.4908
2026-06-15 16:39:58.237,John,right,30.317,1819,,,,,,,0.7542,1.6631,2.0274,6.1365,6.1365,21.6269
2026-06-15 16:39:58.268,John,right,30.333,1820,,,,,,,0.7232,1.6026,2.0441,6.0682,6.0682,21.6042
2026-06-15 16:39:58.298,John,right,30.367,1822,,,,,,,0.7290,1.5287,2.0490,6.0036,6.0036,21.1196
2026-06-15 16:39:58.328,John,right,30.400,1824,,,,,,,0.7459,1.4918,1.9888,5.9406,5.9406,21.0089
2026-06-15 16:39:58.359,John,right,30.433,1826,,,,,,,0.7340,1.4928,1.9532,5.9243,5.9243,21.0263
2026-06-15 16:39:58.390,John,right,30.467,1828,,,,,,,0.7612,1.4914,1.9311,5.8822,5.8822,20.7278
2026-06-15 16:39:58.420,John,right,30.500,1830,,,,,,,0.7828,1.5043,1.9481,5.8805,5.8805,20.8265
2026-06-15 16:39:58.451,John,right,30.517,1831,,,,,,,0.8149,1.5008,1.9473,5.8721,5.8721,20.7553
2026-06-15 16:39:58.482,John,right,30.550,1833,,,,,,,0.7660,1.5005,1.9399,5.8594,5.8594,20.9702
2026-06-15 16:39:58.512,John,right,30.583,1835,,,,,,,0.7712,1.5316,1.8983,5.8143,5.8143,20.9744
2026-06-15 16:39:58.543,John,right,30.617,1837,,,,,,,0.6801,1.5051,1.8940,5.9488,5.9488,21.8023
2026-06-15 16:39:58.574,John,right,30.650,1839,,,,,,,0.6247,1.5217,1.8965,5.9941,5.9941,22.1310
2026-06-15 16:39:58.604,John,right,30.683,1841,,,,,,,0.6985,1.5795,1.9208,5.9726,5.9726,21.9333
2026-06-15 16:39:58.635,John,right,30.700,1842,,,,,,,0.7089,1.5703,1.8620,5.9530,5.9530,21.2126
2026-06-15 16:39:58.666,John,right,30.733,1844,,,,,,,0.7411,1.5813,1.8399,5.9432,5.9432,21.0826
2026-06-15 16:39:58.696,John,right,30.767,1846,,,,,,,0.7909,1.5936,1.8191,5.9645,5.9645,20.6986
2026-06-15 16:39:58.727,John,right,30.800,1848,,,,,,,0.7907,1.5995,1.8157,5.9979,5.9979,20.6378
2026-06-15 16:39:58.757,John,right,30.833,1850,,,,,,,0.8008,1.5952,1.7858,5.9338,5.9338,20.4329
2026-06-15 16:39:58.788,John,right,30.867,1852,,,,,,,0.7870,1.5675,1.7746,5.9101,5.9101,20.6237
2026-06-15 16:39:58.818,John,right,30.883,1853,,,,,,,0.8694,1.6377,1.8095,5.6791,5.6791,20.6731
2026-06-15 16:39:58.849,John,right,30.917,1855,,,,,,,0.8488,1.6039,1.8075,5.7747,5.7747,20.5270
2026-06-15 16:39:58.879,John,right,30.950,1857,,,,,,,0.8647,1.5606,1.8339,5.8727,5.8727,20.5677
2026-06-15 16:39:58.910,John,right,30.983,1859,,,,,,,0.9319,1.5864,1.9020,5.8149,5.8149,20.3374
2026-06-15 16:39:58.941,John,right,31.017,1861,,,,,,,0.9317,1.6173,1.9234,5.8957,5.8957,20.2837
2026-06-15 16:39:58.971,John,right,31.050,1863,,,,,,,0.8720,1.5956,1.8787,5.9319,5.9319,20.3369
2026-06-15 16:39:59.002,John,right,31.067,1864,,,,,,,0.8413,1.5250,1.8483,5.9074,5.9074,20.3028
2026-06-15 16:39:59.033,John,right,31.100,1866,,,,,,,0.8387,1.4796,1.8182,5.8566,5.8566,20.3383
2026-06-15 16:39:59.063,John,right,31.133,1868,,,,,,,0.8304,1.4631,1.8414,5.8498,5.8498,20.4787
2026-06-15 16:39:59.094,John,right,31.167,1870,,,,,,,0.8361,1.4735,1.8543,5.8262,5.8262,20.1594
2026-06-15 16:39:59.125,John,right,31.200,1872,,,,,,,0.7982,1.4696,1.8464,5.8043,5.8043,20.2241
2026-06-15 16:39:59.156,John,right,31.217,1873,,,,,,,0.7385,1.4787,1.8374,5.8103,5.8103,20.4180
2026-06-15 16:39:59.186,John,right,31.283,1877,,,,,,,0.7538,1.4718,1.8091,5.8158,5.8158,20.3716
2026-06-15 16:39:59.217,John,right,31.300,1878,,,,,,,0.7928,1.4218,1.7536,5.8617,5.8617,20.3544
2026-06-15 16:39:59.247,John,right,31.333,1880,,,,,,,0.7709,1.4858,1.6659,5.7854,5.7854,20.4017
2026-06-15 16:39:59.278,John,right,31.367,1882,,,,,,,0.7137,1.5415,1.6937,5.7171,5.7171,20.5684
2026-06-15 16:39:59.308,John,right,31.400,1884,,,,,,,0.7314,1.4953,1.7467,5.8285,5.8285,20.5453
2026-06-15 16:39:59.339,John,right,31.433,1886,,,,,,,0.9909,1.4645,1.7607,5.5241,5.5241,18.7468
2026-06-15 16:39:59.369,John,right,31.450,1888,,,,,,,1.0084,1.6267,1.9357,5.3046,5.3046,19.4186
2026-06-15 16:39:59.400,John,right,31.483,1889,,,,,,,1.0480,1.6686,2.0325,5.2022,5.2022,19.2429
2026-06-15 16:39:59.431,John,right,31.517,1891,,,,,,,1.0273,1.6973,2.1982,5.2198,5.2198,19.7051
2026-06-15 16:39:59.461,John,right,31.550,1893,,,,,,,1.0434,1.7411,2.3014,5.1845,5.1845,19.6329
2026-06-15 16:39:59.492,John,right,31.583,1895,,,,,,,1.0821,1.7984,2.2935,5.1340,5.1340,19.5396
2026-06-15 16:39:59.523,John,right,31.617,1897,,,,,,,1.0872,1.7748,2.2444,5.1766,5.1766,19.5642
2026-06-15 16:39:59.553,John,right,31.650,1899,,,,,,,0.9625,1.7099,2.1571,5.4246,5.4246,19.7957
2026-06-15 16:39:59.584,John,right,31.667,1900,,,,,,,0.8206,1.6633,1.9632,5.6431,5.6431,20.1534
2026-06-15 16:39:59.614,John,right,31.700,1902,,,,,,,0.7422,1.6651,1.8325,5.7104,5.7104,20.6302
2026-06-15 16:39:59.644,John,right,31.733,1904,,,,,,,0.7066,1.6882,1.7896,5.7452,5.7452,20.9132
2026-06-15 16:39:59.676,John,right,31.767,1906,,,,,,,0.9250,1.8255,1.8990,5.3802,5.3802,20.8404
2026-06-15 16:39:59.706,John,right,31.800,1908,,,,,,,1.0043,1.8425,1.9537,5.3150,5.3150,20.6574
2026-06-15 16:39:59.737,John,right,31.833,1910,,,,,,,0.9809,1.8184,2.0018,5.5038,5.5038,20.7310
2026-06-15 16:39:59.768,John,right,31.850,1911,,,,,,,1.0294,1.9218,2.0030,5.3946,5.3946,20.5867
2026-06-15 16:39:59.798,John,right,31.883,1913,,,,,,,0.9342,1.8573,1.9195,5.7404,5.7404,20.6762
2026-06-15 16:39:59.828,John,right,31.917,1915,,,,,,,0.9108,1.8498,1.8830,5.8506,5.8506,20.7999
2026-06-15 16:39:59.859,John,right,31.950,1917,,,,,,,1.0407,1.9317,1.9051,5.5874,5.5874,20.6412
2026-06-15 16:39:59.889,John,right,31.983,1919,,,,,,,0.9045,1.8843,1.8906,5.8578,5.8578,21.2982
2026-06-15 16:39:59.920,John,right,32.017,1921,,,,,,,0.8801,1.8728,1.8493,5.9760,5.9760,21.4341
2026-06-15 16:39:59.951,John,right,32.033,1922,,,,,,,0.9259,1.9241,1.8684,5.8225,5.8225,21.6105
2026-06-15 16:39:59.981,John,right,32.067,1924,,,,,,,0.8558,1.9244,1.8604,5.9356,5.9356,21.5893
2026-06-15 16:40:00.011,John,right,32.100,1926,,,,,,,0.8520,1.8955,1.8175,5.9491,5.9491,21.3243
2026-06-15 16:40:00.042,John,right,32.133,1928,,,,,,,0.8722,1.8489,1.7869,6.0727,6.0727,21.3435
2026-06-15 16:40:00.073,John,right,32.167,1930,,,,,,,0.8730,1.9196,1.7582,5.9695,5.9695,21.0880
2026-06-15 16:40:00.103,John,right,32.200,1932,,,,,,,0.8508,1.9355,1.7511,5.9904,5.9904,21.2768
2026-06-15 16:40:00.134,John,right,32.217,1933,,,,,,,0.8382,1.9236,1.7407,6.0828,6.0828,21.3745
2026-06-15 16:40:00.165,John,right,32.250,1935,,,,,,,0.8084,1.9450,1.7324,6.1392,6.1392,21.5476
2026-06-15 16:40:00.195,John,right,32.283,1937,,,,,,,0.8214,2.0230,1.7687,6.1604,6.1604,21.2792
2026-06-15 16:40:00.226,John,right,32.317,1939,,,,,,,0.8428,2.1159,1.7984,6.1353,6.1353,21.2794
2026-06-15 16:40:00.256,John,right,32.350,1941,,,,,,,0.7852,2.1099,1.8531,6.1748,6.1748,21.7814
2026-06-15 16:40:00.287,John,right,32.383,1943,,,,,,,0.7934,2.1215,1.8684,6.1597,6.1597,21.6455
2026-06-15 16:40:00.318,John,right,32.400,1944,,,,,,,0.7619,2.1512,1.9019,6.1660,6.1660,21.6772
2026-06-15 16:40:00.348,John,right,32.433,1946,,,,,,,0.8085,2.1249,1.8877,6.1676,6.1676,20.8081
2026-06-15 16:40:00.378,John,right,32.467,1948,,,,,,,0.7977,2.1028,1.8816,6.2154,6.2154,20.8805
2026-06-15 16:40:00.409,John,right,32.500,1950,,,,,,,0.8320,2.1015,1.8727,6.2244,6.2244,20.5644
2026-06-15 16:40:00.439,John,right,32.533,1952,,,,,,,0.8719,2.1025,1.8518,6.2526,6.2526,20.8520
2026-06-15 16:40:00.470,John,right,32.550,1953,,,,,,,0.8826,2.1295,1.8386,6.2287,6.2287,20.9181
2026-06-15 16:40:00.500,John,right,32.567,1954,,,,,,,0.8693,2.1497,1.7642,6.2849,6.2849,21.4072
2026-06-15 16:40:00.531,John,right,32.600,1956,,,,,,,0.7981,2.1740,1.7188,6.2511,6.2511,21.5525
2026-06-15 16:40:00.562,John,right,32.633,1958,,,,,,,0.7753,2.1824,1.7050,6.2416,6.2416,21.6819
2026-06-15 16:40:00.593,John,right,32.667,1960,,,,,,,0.8096,2.1678,1.6738,6.2812,6.2812,21.5936
2026-06-15 16:40:00.624,John,right,32.700,1962,,,,,,,0.8158,2.1904,1.6010,6.2029,6.2029,21.0032
2026-06-15 16:40:00.654,John,right,32.733,1964,,,,,,,0.7441,2.1957,1.6387,6.2904,6.2904,21.4652
2026-06-15 16:40:00.685,John,right,32.750,1965,,,,,,,0.7264,2.1934,1.6765,6.3304,6.3304,21.7422
2026-06-15 16:40:00.715,John,right,32.783,1967,,,,,,,0.7897,2.2256,1.7054,6.2365,6.2365,21.3471
2026-06-15 16:40:00.748,John,right,32.817,1969,,,,,,,0.8206,2.2104,1.7672,6.2502,6.2502,21.8370
2026-06-15 16:40:00.778,John,right,32.850,1971,,,,,,,0.7836,1.9711,1.7035,6.1124,6.1124,21.9856
2026-06-15 16:40:00.809,John,right,32.883,1973,,,,,,,0.7647,1.9032,1.6681,6.1259,6.1259,22.2295
2026-06-15 16:40:00.840,John,right,32.917,1975,,,,,,,0.8717,1.8751,1.6781,6.0269,6.0269,22.2645
2026-06-15 16:40:00.870,John,right,32.950,1977,,,,,,,0.8866,1.8548,1.6849,6.0557,6.0557,22.5491
2026-06-15 16:40:00.901,John,right,32.967,1978,,,,,,,0.8969,1.8365,1.6463,6.0061,6.0061,22.5535
2026-06-15 16:40:00.931,John,right,33.000,1980,,,,,,,1.0012,1.7691,1.6603,6.0099,6.0099,22.9296
2026-06-15 16:40:00.962,John,right,33.033,1982,,,,,,,1.0629,1.6905,1.6768,6.0178,6.0178,23.1815
2026-06-15 16:40:00.992,John,right,33.067,1984,,,,,,,1.1829,1.6109,1.7717,5.9949,5.9949,22.9006
2026-06-15 16:40:01.027,John,right,33.100,1986,,,,,,,1.3161,1.5617,1.8464,6.0473,6.0473,23.4824
2026-06-15 16:40:01.058,John,right,33.133,1988,,,,,,,1.3660,1.5263,1.8477,6.0131,6.0131,23.5051
2026-06-15 16:40:01.089,John,right,33.167,1990,,,,,,,1.3882,1.5668,1.8164,6.0214,6.0214,23.7845
2026-06-15 16:40:01.119,John,right,33.183,1991,,,,,,,1.4460,1.5975,1.8030,6.0440,6.0440,23.6768
2026-06-15 16:40:01.150,John,right,33.217,1993,,,,,,,1.4507,1.6088,1.7606,6.0011,6.0011,24.0219
2026-06-15 16:40:01.180,John,right,33.250,1995,,,,,,,1.4869,1.6807,1.7111,5.9324,5.9324,23.8411
2026-06-15 16:40:01.211,John,right,33.283,1997,,,,,,,1.4934,1.6979,1.6690,5.9289,5.9289,23.8382
2026-06-15 16:40:01.241,John,right,33.317,1999,,,,,,,1.0868,1.8975,1.3145,5.1859,5.1859,24.1509
2026-06-15 16:40:01.272,John,right,33.350,2001,,,,,,,0.9752,2.0008,0.9754,4.9150,4.9150,24.9333
2026-06-15 16:40:01.303,John,right,33.367,2002,,,,,,,1.1527,1.9705,0.8280,5.1968,5.1968,25.0163
2026-06-15 16:40:01.333,John,right,33.400,2004,,,,,,,1.1527,1.9705,0.8280,5.1968,5.1968,25.0163
2026-06-15 16:40:01.364,John,right,33.433,2006,,,,,,,1.4848,1.9119,1.0317,5.5355,5.5355,24.8506
2026-06-15 16:40:01.394,John,right,33.467,2008,,,,,,,1.5592,1.9259,1.2553,5.7278,5.7278,24.5707
2026-06-15 16:40:01.425,John,right,33.500,2010,,,,,,,1.5744,1.9871,1.4299,5.8399,5.8399,24.5230
2026-06-15 16:40:01.456,John,right,33.533,2012,,,,,,,1.3978,2.0858,1.3624,5.6878,5.6878,24.5696
2026-06-15 16:40:01.486,John,right,33.550,2013,,,,,,,1.4419,2.0817,1.4017,5.8152,5.8152,24.7234
2026-06-15 16:40:01.517,John,right,33.583,2015,,,,,,,1.2544,2.2207,1.3945,5.6066,5.6066,25.0926
2026-06-15 16:40:01.547,John,right,33.617,2017,,,,,,,1.2436,2.1656,1.2815,5.5082,5.5082,25.4788
2026-06-15 16:40:01.578,John,right,33.650,2019,,,,,,,1.4970,2.1846,1.3952,5.7508,5.7508,24.9777
2026-06-15 16:40:01.608,John,right,33.683,2021,,,,,,,1.5656,2.1888,1.4782,5.9365,5.9365,24.6134
2026-06-15 16:40:01.639,John,right,33.717,2023,,,,,,,1.6381,2.2147,1.5255,6.0102,6.0102,24.3865
2026-06-15 16:40:01.669,John,right,33.733,2024,,,,,,,1.7456,2.1711,1.6905,5.9010,5.9010,24.3405
2026-06-15 16:40:01.700,John,right,33.767,2026,,,,,,,1.5996,2.2056,1.7164,6.0394,6.0394,24.7513
2026-06-15 16:40:01.730,John,right,33.800,2028,,,,,,,1.5579,2.2042,1.7034,6.1128,6.1128,24.8617
2026-06-15 16:40:01.761,John,right,33.833,2030,,,,,,,1.5453,2.2842,1.6762,6.2178,6.2178,25.0504
2026-06-15 16:40:01.791,John,right,33.867,2032,,,,,,,1.5762,2.2826,1.6890,6.1664,6.1664,25.1375
2026-06-15 16:40:01.822,John,right,33.900,2034,,,,,,,1.6903,2.2098,1.7949,5.9988,5.9988,24.7793
2026-06-15 16:40:01.853,John,right,33.933,2036,,,,,,,1.7846,2.1047,1.8653,5.7872,5.7872,24.5411
2026-06-15 16:40:01.883,John,right,33.950,2037,,,,,,,1.7264,2.2344,1.8995,5.9818,5.9818,24.2792
2026-06-15 16:40:01.914,John,right,33.983,2039,,,,,,,1.6635,2.2892,1.8842,6.0584,6.0584,24.7264
2026-06-15 16:40:01.944,John,right,34.017,2041,,,,,,,1.6123,2.3279,1.8463,6.1240,6.1240,24.8131
2026-06-15 16:40:01.976,John,right,34.050,2043,,,,,,,1.6143,2.3485,1.8502,6.0232,6.0232,24.6763
2026-06-15 16:40:02.006,John,right,34.083,2045,,,,,,,1.6143,2.3485,1.8502,6.0232,6.0232,24.6763
2026-06-15 16:40:02.037,John,right,34.117,2047,,,,,,,1.6028,2.3739,1.8768,5.9842,5.9842,24.6512
2026-06-15 16:40:02.068,John,right,34.133,2048,,,,,,,1.5514,2.3666,1.8729,5.9817,5.9817,24.5762
2026-06-15 16:40:02.098,John,right,34.167,2050,,,,,,,1.5380,2.3866,1.8837,6.0106,6.0106,24.5971
2026-06-15 16:40:02.129,John,right,34.200,2052,,,,,,,1.5289,2.4394,1.9130,5.9908,5.9908,24.4752
2026-06-15 16:40:02.160,John,right,34.233,2054,,,,,,,1.5289,2.4684,1.9319,5.9995,5.9995,24.4727
2026-06-15 16:40:02.190,John,right,34.267,2056,,,,,,,1.5317,2.4777,1.9452,5.9957,5.9957,24.3293
2026-06-15 16:40:02.221,John,right,34.300,2058,,,,,,,1.4910,2.5047,1.9379,5.9821,5.9821,24.1308
2026-06-15 16:40:02.251,John,right,34.317,2059,,,,,,,1.4249,2.5459,1.9087,6.0175,6.0175,24.0639
2026-06-15 16:40:02.282,John,right,34.350,2061,,,,,,,1.3963,2.5737,1.8840,6.0894,6.0894,24.1313
2026-06-15 16:40:02.312,John,right,34.383,2063,,,,,,,1.3796,2.5576,1.8795,6.1141,6.1141,24.1224
2026-06-15 16:40:02.343,John,right,34.417,2065,,,,,,,1.2943,2.6170,1.8471,6.1533,6.1533,24.0767
2026-06-15 16:40:02.373,John,right,34.450,2067,,,,,,,1.3097,2.6587,1.8508,6.2299,6.2299,24.0543
2026-06-15 16:40:02.404,John,right,34.483,2069,,,,,,,1.3036,2.6930,1.8644,6.2205,6.2205,23.9833
2026-06-15 16:40:02.434,John,right,34.500,2070,,,,,,,1.2800,2.7112,1.8902,6.1724,6.1724,23.7441
2026-06-15 16:40:02.465,John,right,34.533,2072,,,,,,,1.2217,2.7320,1.9034,6.1877,6.1877,23.7565
2026-06-15 16:40:02.495,John,right,34.567,2074,,,,,,,1.2061,2.7323,1.9300,6.1915,6.1915,23.4652
2026-06-15 16:40:02.526,John,right,34.600,2076,,,,,,,1.1760,2.7646,1.9445,6.2550,6.2550,23.4154
2026-06-15 16:40:02.557,John,right,34.633,2078,,,,,,,1.1188,2.8205,1.9397,6.2860,6.2860,23.2678
2026-06-15 16:40:02.587,John,right,34.667,2080,,,,,,,1.0653,2.8512,1.9179,6.3276,6.3276,23.2341
2026-06-15 16:40:02.618,John,right,34.683,2081,,,,,,,1.0114,2.9424,1.8865,6.2729,6.2729,23.2268
2026-06-15 16:40:02.648,John,right,34.717,2083,,,,,,,1.0283,2.9583,1.8935,6.2601,6.2601,23.3963
2026-06-15 16:40:02.679,John,right,34.750,2085,,,,,,,0.9944,2.9784,1.8952,6.2224,6.2224,23.1227
2026-06-15 16:40:02.709,John,right,34.783,2087,,,,,,,0.8782,3.0337,1.8822,6.1748,6.1748,22.4923
2026-06-15 16:40:02.740,John,right,34.817,2089,,,,,,,0.8008,3.0501,1.8883,6.1477,6.1477,22.2548
2026-06-15 16:40:02.771,John,right,34.850,2091,,,,,,,0.7842,3.0466,1.8780,6.1137,6.1137,21.9170
2026-06-15 16:40:02.801,John,right,34.867,2092,,,,,,,0.7539,3.0409,1.8637,6.0960,6.0960,21.5912
2026-06-15 16:40:02.832,John,right,34.900,2094,,,,,,,0.7049,3.0235,1.8466,6.0964,6.0964,21.2434
2026-06-15 16:40:02.863,John,right,34.933,2096,,,,,,,0.7054,3.0403,1.8129,6.1011,6.1011,20.6998
2026-06-15 16:40:02.893,John,right,34.967,2098,,,,,,,0.8333,2.9486,1.7084,5.8614,5.8614,18.6269
2026-06-15 16:40:02.924,John,right,35.000,2100,,,,,,,1.0055,2.8139,1.4446,5.5104,5.5104,16.2344
2026-06-15 16:40:02.954,John,right,35.033,2102,,,,,,,1.0134,2.8342,1.3663,5.4750,5.4750,16.3655
2026-06-15 16:40:02.985,John,right,35.050,2103,,,,,,,1.1210,2.7762,1.2257,5.2710,5.2710,14.6699
2026-06-15 16:40:03.015,John,right,35.083,2105,,,,,,,1.1451,2.7796,1.1636,5.1875,5.1875,14.2196
2026-06-15 16:40:03.046,John,right,35.117,2107,,,,,,,1.1177,2.7020,1.0746,5.1031,5.1031,13.7175
2026-06-15 16:40:03.076,John,right,35.150,2109,,,,,,,1.1139,2.7339,1.0219,5.0706,5.0706,13.6670
2026-06-15 16:40:03.107,John,right,35.183,2111,,,,,,,0.9654,2.7670,1.1168,5.2714,5.2714,15.3838
2026-06-15 16:40:03.137,John,right,35.217,2113,,,,,,,0.8049,2.8223,1.1934,5.5452,5.5452,17.4537
2026-06-15 16:40:03.168,John,right,35.233,2114,,,,,,,0.7316,2.8350,1.2656,5.6501,5.6501,17.8736
2026-06-15 16:40:03.198,John,right,35.267,2116,,,,,,,0.6920,2.8677,1.3724,5.6733,5.6733,17.9516
2026-06-15 16:40:03.229,John,right,35.300,2118,,,,,,,0.7584,2.8050,1.3562,5.4978,5.4978,16.6046
2026-06-15 16:40:03.259,John,right,35.333,2120,,,,,,,0.8077,2.7565,1.2754,5.2858,5.2858,14.8602
2026-06-15 16:40:03.290,John,right,35.367,2122,,,,,,,0.7334,2.7612,1.2229,5.4212,5.4212,15.7114
2026-06-15 16:40:03.320,John,right,35.400,2124,,,,,,,0.5991,2.7738,1.2843,5.5909,5.5909,16.9764
2026-06-15 16:40:03.351,John,right,35.417,2125,,,,,,,0.4620,2.7637,1.4208,5.8027,5.8027,18.2097
2026-06-15 16:40:03.381,John,right,35.450,2127,,,,,,,0.3848,2.7498,1.5064,5.9106,5.9106,18.4766
2026-06-15 16:40:03.411,John,right,35.483,2129,,,,,,,0.5570,2.6047,1.3862,5.4694,5.4694,15.1409
2026-06-15 16:40:03.442,John,right,35.517,2131,,,,,,,0.5669,2.5722,1.3136,5.4251,5.4251,14.5963
2026-06-15 16:40:03.473,John,right,35.550,2133,,,,,,,0.6192,2.5036,1.1934,5.2446,5.2446,13.9851
2026-06-15 16:40:03.503,John,right,35.583,2135,,,,,,,0.6630,2.5042,1.1006,5.0297,5.0297,12.7854
2026-06-15 16:40:03.534,John,right,35.600,2136,,,,,,,0.4668,2.6427,1.1851,5.2984,5.2984,14.8834
2026-06-15 16:40:03.564,John,right,35.633,2138,,,,,,,0.4998,2.5640,1.1222,5.0337,5.0337,12.8086
2026-06-15 16:40:03.595,John,right,35.667,2140,,,,,,,0.4899,2.5274,1.0711,4.9665,4.9665,12.0017
2026-06-15 16:40:03.625,John,right,35.700,2142,,,,,,,0.4656,2.4646,0.9899,4.8967,4.8967,11.2676
2026-06-15 16:40:03.655,John,right,35.733,2144,,,,,,,0.4819,2.4268,0.9419,4.8992,4.8992,11.2746
2026-06-15 16:40:03.686,John,right,35.767,2146,,,,,,,0.4875,2.4209,0.9346,4.8859,4.8859,11.2338
2026-06-15 16:40:03.717,John,right,35.783,2147,,,,,,,0.4673,2.3739,0.9497,4.8216,4.8216,10.7466
2026-06-15 16:40:03.748,John,right,35.817,2149,,,,,,,0.3973,2.3582,0.9554,4.9378,4.9378,11.1608
2026-06-15 16:40:03.778,John,right,35.850,2151,,,,,,,0.3932,2.3409,0.9622,4.9496,4.9496,11.1778
2026-06-15 16:40:03.809,John,right,35.883,2153,,,,,,,0.3789,2.2749,0.9315,4.8881,4.8881,10.4720
2026-06-15 16:40:03.840,John,right,35.917,2155,,,,,,,0.3696,2.2139,0.8760,4.8372,4.8372,10.3778
2026-06-15 16:40:03.870,John,right,35.950,2157,,,,,,,0.3579,2.2033,0.8771,4.8351,4.8351,10.6238
2026-06-15 16:40:03.901,John,right,35.967,2158,,,,,,,0.3372,2.2118,0.8629,4.9714,4.9714,11.0475
2026-06-15 16:40:03.931,John,right,36.000,2160,,,,,,,0.2923,2.2132,0.8693,5.1312,5.1312,11.6886
2026-06-15 16:40:03.962,John,right,36.033,2162,,,,,,,0.2219,2.2393,0.9132,5.0951,5.0951,11.5597
2026-06-15 16:40:03.992,John,right,36.067,2164,,,,,,,0.2574,2.2068,0.9160,5.0928,5.0928,11.4027
2026-06-15 16:40:04.023,John,right,36.083,2165,,,,,,,0.2714,2.1832,0.9063,5.0254,5.0254,11.1740
2026-06-15 16:40:04.054,John,right,36.133,2168,,,,,,,0.2899,2.1404,0.9156,5.0130,5.0130,11.3500
2026-06-15 16:40:04.085,John,right,36.150,2169,,,,,,,0.1405,2.2053,1.0059,5.3401,5.3401,13.5957
2026-06-15 16:40:04.115,John,right,36.183,2171,,,,,,,0.1787,2.1262,1.0432,5.2571,5.2571,12.7939
2026-06-15 16:40:04.146,John,right,36.217,2173,,,,,,,0.2135,2.0627,1.0183,5.2109,5.2109,12.2288
2026-06-15 16:40:04.177,John,right,36.250,2175,,,,,,,0.2300,2.0362,0.9945,5.1926,5.1926,11.9731
2026-06-15 16:40:04.208,John,right,36.283,2177,,,,,,,0.2540,2.0521,0.9704,5.1433,5.1433,11.8235
2026-06-15 16:40:04.238,John,right,36.317,2179,,,,,,,0.1573,2.1656,1.0490,5.2872,5.2872,13.6843
2026-06-15 16:40:04.269,John,right,36.333,2180,,,,,,,-0.0046,2.1617,1.1995,5.5386,5.5386,14.9521
2026-06-15 16:40:04.300,John,right,36.367,2182,,,,,,,-0.0251,2.1174,1.3655,5.5329,5.5329,15.5408
2026-06-15 16:40:04.330,John,right,36.400,2184,,,,,,,-0.0687,2.1669,1.4290,5.5893,5.5893,16.0178
2026-06-15 16:40:04.360,John,right,36.433,2186,,,,,,,-0.0539,2.1411,1.5383,5.6138,5.6138,16.1560
2026-06-15 16:40:04.391,John,right,36.467,2188,,,,,,,-0.0715,2.0996,1.5510,5.6223,5.6223,15.8478
2026-06-15 16:40:04.421,John,right,36.500,2190,,,,,,,-0.1394,2.0840,1.6206,5.7799,5.7799,16.6505
2026-06-15 16:40:04.452,John,right,36.517,2191,,,,,,,-0.1634,2.0555,1.7207,5.9379,5.9379,17.1377
2026-06-15 16:40:04.482,John,right,36.550,2193,,,,,,,-0.1566,2.0374,1.8130,5.9658,5.9658,17.2969
2026-06-15 16:40:04.513,John,right,36.583,2195,,,,,,,-0.0289,2.0112,1.8030,5.7315,5.7315,16.0663
2026-06-15 16:40:04.544,John,right,36.617,2197,,,,,,,-0.0879,1.9985,1.8081,5.9229,5.9229,17.2658
2026-06-15 16:40:04.575,John,right,36.650,2199,,,,,,,-0.1177,1.9839,1.8328,5.9713,5.9713,17.3268
2026-06-15 16:40:04.605,John,right,36.683,2201,,,,,,,-0.0858,1.9871,1.8415,5.9624,5.9624,17.2823
2026-06-15 16:40:04.636,John,right,36.700,2202,,,,,,,-0.0819,1.9614,1.8691,6.0322,6.0322,17.3826
2026-06-15 16:40:04.666,John,right,36.733,2204,,,,,,,-0.0065,1.9615,1.8641,5.9357,5.9357,17.5317
2026-06-15 16:40:04.697,John,right,36.767,2206,,,,,,,0.0512,1.9262,1.8524,5.8571,5.8571,17.8178
2026-06-15 16:40:04.727,John,right,36.800,2208,,,,,,,0.0222,1.9335,1.8449,5.8768,5.8768,18.1126
2026-06-15 16:40:04.758,John,right,36.833,2210,,,,,,,0.0107,1.8993,1.8524,5.8961,5.8961,18.2057
2026-06-15 16:40:04.788,John,right,36.867,2212,,,,,,,0.0509,1.9048,1.8744,5.8124,5.8124,18.3313
2026-06-15 16:40:04.819,John,right,36.883,2213,,,,,,,0.0312,1.8709,1.8979,5.9241,5.9241,18.4680
2026-06-15 16:40:04.849,John,right,36.917,2215,,,,,,,0.0695,1.8740,1.9015,5.8991,5.8991,18.1725
2026-06-15 16:40:04.880,John,right,36.950,2217,,,,,,,0.1583,1.9089,1.8415,5.8546,5.8546,17.9509
2026-06-15 16:40:04.911,John,right,36.983,2219,,,,,,,0.1386,1.8901,1.8337,5.9296,5.9296,18.3737
2026-06-15 16:40:04.941,John,right,37.017,2221,,,,,,,0.2048,1.9365,1.8767,5.7199,5.7199,18.2163
2026-06-15 16:40:04.972,John,right,37.050,2223,,,,,,,0.3500,1.9806,1.9734,5.5345,5.5345,18.6148
2026-06-15 16:40:05.002,John,right,37.067,2224,,,,,,,0.3759,1.9741,2.0006,5.5491,5.5491,18.6128
2026-06-15 16:40:05.033,John,right,37.100,2226,,,,,,,0.4570,2.0110,2.0139,5.3994,5.3994,18.4100
2026-06-15 16:40:05.064,John,right,37.133,2228,,,,,,,0.4757,2.0016,2.0140,5.4043,5.4043,18.6640
2026-06-15 16:40:05.094,John,right,37.167,2230,,,,,,,0.4985,1.9413,1.9832,5.4117,5.4117,18.8553
2026-06-15 16:40:05.125,John,right,37.200,2232,,,,,,,0.5318,1.9315,1.9712,5.4145,5.4145,18.8988
2026-06-15 16:40:05.155,John,right,37.233,2234,,,,,,,0.5434,1.9221,1.9775,5.4542,5.4542,19.1275
2026-06-15 16:40:05.186,John,right,37.267,2236,,,,,,,0.5694,1.9135,1.9680,5.5062,5.5062,18.9441
2026-06-15 16:40:05.217,John,right,37.283,2237,,,,,,,0.6292,1.9206,1.9625,5.3911,5.3911,19.1475
2026-06-15 16:40:05.248,John,right,37.317,2239,,,,,,,0.5584,1.8304,1.9334,5.5313,5.5313,19.6436
2026-06-15 16:40:05.278,John,right,37.350,2241,,,,,,,0.5808,1.8032,1.8661,5.6404,5.6404,19.3641
2026-06-15 16:40:05.309,John,right,37.383,2243,,,,,,,0.5792,1.7350,1.7635,5.8994,5.8994,19.9419
2026-06-15 16:40:05.339,John,right,37.417,2245,,,,,,,0.5943,1.7144,1.6888,6.0110,6.0110,20.1009
2026-06-15 16:40:05.369,John,right,37.433,2246,,,,,,,0.6300,1.7097,1.6751,6.0471,6.0471,20.3587
2026-06-15 16:40:05.400,John,right,37.467,2248,,,,,,,0.6739,1.7168,1.6423,6.0102,6.0102,20.4657
2026-06-15 16:40:05.431,John,right,37.500,2250,,,,,,,0.7159,1.7492,1.5913,5.9990,5.9990,20.3559
2026-06-15 16:40:05.461,John,right,37.533,2252,,,,,,,0.8389,1.8424,1.5959,5.7802,5.7802,20.7303
2026-06-15 16:40:05.492,John,right,37.567,2254,,,,,,,0.9124,1.9658,1.6957,5.5504,5.5504,21.3562
2026-06-15 16:40:05.523,John,right,37.600,2256,,,,,,,0.8668,1.9310,1.7116,5.7097,5.7097,21.7732
2026-06-15 16:40:05.553,John,right,37.633,2258,,,,,,,0.9885,1.9969,1.8072,5.4294,5.4294,22.0645
2026-06-15 16:40:05.584,John,right,37.650,2259,,,,,,,0.9861,2.0434,1.8346,5.3149,5.3149,22.0684
2026-06-15 16:40:05.614,John,right,37.683,2261,,,,,,,1.0831,2.0716,1.8776,5.2161,5.2161,22.1616
2026-06-15 16:40:05.645,John,right,37.733,2264,,,,,,,1.0977,2.0682,1.8813,5.2032,5.2032,22.1006
2026-06-15 16:40:05.676,John,right,37.767,2266,,,,,,,0.8079,1.9557,1.5608,5.6590,5.6590,22.5671
2026-06-15 16:40:05.707,John,right,37.800,2268,,,,,,,0.5662,1.9619,1.3851,5.4613,5.4613,23.2027
2026-06-15 16:40:05.737,John,right,37.817,2269,,,,,,,0.7198,1.9299,1.2598,5.7517,5.7517,23.7690
2026-06-15 16:40:05.767,John,right,37.850,2271,,,,,,,0.8670,1.9225,1.2913,5.8520,5.8520,23.6785
2026-06-15 16:40:05.798,John,right,37.883,2273,,,,,,,0.9587,1.9364,1.3409,5.9092,5.9092,23.4056
2026-06-15 16:40:05.829,John,right,37.917,2275,,,,,,,1.0136,1.9438,1.3447,5.9596,5.9596,23.2277
2026-06-15 16:40:05.859,John,right,37.950,2277,,,,,,,1.0794,1.9246,1.3434,5.9789,5.9789,23.1821
2026-06-15 16:40:05.890,John,right,37.983,2279,,,,,,,1.2217,1.8748,1.3919,6.0216,6.0216,23.2700
2026-06-15 16:40:05.920,John,right,38.017,2281,,,,,,,1.2405,1.8452,1.4696,6.0801,6.0801,23.7360
2026-06-15 16:40:05.951,John,right,38.033,2282,,,,,,,1.2685,1.8539,1.5387,6.1632,6.1632,24.1794
2026-06-15 16:40:05.982,John,right,38.067,2284,,,,,,,1.2316,1.8911,1.5310,6.2267,6.2267,24.4888
2026-06-15 16:40:06.013,John,right,38.100,2286,,,,,,,1.2791,1.9067,1.5299,6.2013,6.2013,24.4152
2026-06-15 16:40:06.043,John,right,38.133,2288,,,,,,,1.3176,1.9501,1.5218,6.1259,6.1259,24.0985
2026-06-15 16:40:06.075,John,right,38.167,2290,,,,,,,1.3703,1.9826,1.5276,6.1700,6.1700,24.1670
2026-06-15 16:40:06.106,John,right,38.200,2292,,,,,,,1.1754,1.9956,1.4358,5.7746,5.7746,24.5354
2026-06-15 16:40:06.136,John,right,38.217,2293,,,,,,,1.3316,2.0086,1.3846,5.9538,5.9538,24.5561
2026-06-15 16:40:06.167,John,right,38.250,2295,,,,,,,1.2333,2.0789,1.3035,5.6672,5.6672,24.4322
2026-06-15 16:40:06.198,John,right,38.283,2297,,,,,,,1.0640,2.1513,1.0184,5.2875,5.2875,24.9878
2026-06-15 16:40:06.228,John,right,38.317,2299,,,,,,,0.9587,2.1325,0.8353,5.2292,5.2292,26.2578
2026-06-15 16:40:06.259,John,right,38.350,2301,,,,,,,0.9569,2.1374,0.7798,5.2468,5.2468,26.6743
2026-06-15 16:40:06.290,John,right,38.383,2303,,,,,,,0.9021,2.2079,0.6926,5.1599,5.1599,27.1416
2026-06-15 16:40:06.321,John,right,38.417,2305,,,,,,,0.8879,2.2308,0.6494,5.1651,5.1651,27.2394
2026-06-15 16:40:06.351,John,right,38.433,2306,,,,,,,0.8573,2.3141,0.5496,5.0548,5.0548,27.0249
2026-06-15 16:40:06.382,John,right,38.467,2308,,,,,,,0.8677,2.3533,0.4535,4.9837,4.9837,26.8471
2026-06-15 16:40:06.413,John,right,38.500,2310,,,,,,,0.8982,2.3692,0.4087,4.9819,4.9819,26.9452
2026-06-15 16:40:06.443,John,right,38.533,2312,,,,,,,0.9082,2.3982,0.3866,4.9647,4.9647,27.1845
2026-06-15 16:40:06.474,John,right,38.567,2314,,,,,,,0.9277,2.4060,0.3624,4.9708,4.9708,27.5242
2026-06-15 16:40:06.505,John,right,38.600,2316,,,,,,,0.9478,2.4039,0.3656,4.9864,4.9864,27.7628
2026-06-15 16:40:06.535,John,right,38.617,2317,,,,,,,0.9658,2.3598,0.3779,5.0886,5.0886,27.9591
2026-06-15 16:40:06.565,John,right,38.650,2319,,,,,,,0.9763,2.3171,0.4015,5.1463,5.1463,28.0195
2026-06-15 16:40:06.596,John,right,38.683,2321,,,,,,,1.1548,2.3254,0.4994,5.4186,5.4186,27.6601
2026-06-15 16:40:06.627,John,right,38.717,2323,,,,,,,1.1998,2.3094,0.6898,5.4253,5.4253,27.4481
2026-06-15 16:40:06.658,John,right,38.750,2325,,,,,,,1.3109,2.3217,0.8073,5.3768,5.3768,27.0195
2026-06-15 16:40:06.688,John,right,38.783,2327,,,,,,,1.5801,2.2845,0.9651,5.7136,5.7136,26.2579
2026-06-15 16:40:06.719,John,right,38.800,2328,,,,,,,1.6097,2.3057,1.0505,5.8645,5.8645,26.3557
2026-06-15 16:40:06.749,John,right,38.833,2330,,,,,,,1.6855,2.3174,1.1836,5.9515,5.9515,26.1283
2026-06-15 16:40:06.780,John,right,38.867,2332,,,,,,,1.5358,2.4278,1.1425,5.8003,5.8003,26.1877
2026-06-15 16:40:06.811,John,right,38.900,2334,,,,,,,1.5791,2.4367,1.1748,5.8970,5.8970,26.1222
2026-06-15 16:40:06.842,John,right,38.933,2336,,,,,,,1.6927,2.4556,1.3050,6.1119,6.1119,26.0986
2026-06-15 16:40:06.872,John,right,38.967,2338,,,,,,,1.6934,2.4611,1.4043,6.2495,6.2495,26.1263
2026-06-15 16:40:06.902,John,right,38.983,2339,,,,,,,1.3546,2.5091,1.2499,5.7411,5.7411,26.8299
2026-06-15 16:40:06.933,John,right,39.017,2341,,,,,,,1.4628,2.5420,1.2343,6.0705,6.0705,27.0320
2026-06-15 16:40:06.963,John,right,39.050,2343,,,,,,,1.4879,2.5348,1.2596,6.1090,6.1090,26.8317
2026-06-15 16:40:06.994,John,right,39.083,2345,,,,,,,1.5227,2.5272,1.3184,6.1943,6.1943,26.5023
2026-06-15 16:40:07.025,John,right,39.117,2347,,,,,,,1.3070,2.5774,1.2468,5.8951,5.8951,26.5090
2026-06-15 16:40:07.055,John,right,39.150,2349,,,,,,,1.0632,2.7288,1.0628,5.5834,5.5834,26.7663
2026-06-15 16:40:07.086,John,right,39.167,2350,,,,,,,1.0406,2.7336,1.0458,5.7177,5.7177,26.8521
2026-06-15 16:40:07.117,John,right,39.200,2352,,,,,,,1.0928,2.7746,1.0380,5.8678,5.8678,26.6786
2026-06-15 16:40:07.147,John,right,39.233,2354,,,,,,,1.1979,2.7311,1.1329,6.0411,6.0411,26.4780
2026-06-15 16:40:07.177,John,right,39.250,2355,,,,,,,1.3225,2.7165,1.3346,6.2399,6.2399,25.9314
2026-06-15 16:40:07.211,John,right,39.283,2357,,,,,,,1.3441,2.7460,1.4842,6.3107,6.3107,25.4663
2026-06-15 16:40:07.242,John,right,39.317,2359,,,,,,,1.3270,2.7815,1.5732,6.3521,6.3521,25.2165
2026-06-15 16:40:07.272,John,right,39.350,2361,,,,,,,1.3029,2.7968,1.6007,6.3934,6.3934,25.1427
2026-06-15 16:40:07.303,John,right,39.367,2362,,,,,,,1.2731,2.8290,1.6200,6.3834,6.3834,24.7328
2026-06-15 16:40:07.334,John,right,39.400,2364,,,,,,,1.2192,2.8131,1.6127,6.3384,6.3384,24.7242
2026-06-15 16:40:07.364,John,right,39.433,2366,,,,,,,1.1755,2.9039,1.5822,6.4005,6.4005,24.6720
2026-06-15 16:40:07.395,John,right,39.467,2368,,,,,,,1.1587,2.9480,1.5675,6.4234,6.4234,24.9101
2026-06-15 16:40:07.425,John,right,39.500,2370,,,,,,,1.1117,2.9858,1.5602,6.4458,6.4458,25.0136
2026-06-15 16:40:07.456,John,right,39.533,2372,,,,,,,1.1054,2.9905,1.5633,6.4416,6.4416,24.8920
2026-06-15 16:40:07.487,John,right,39.567,2374,,,,,,,1.1044,2.9979,1.6001,6.4178,6.4178,24.7962
2026-06-15 16:40:07.518,John,right,39.583,2375,,,,,,,1.1428,3.0384,1.6160,6.3392,6.3392,24.0877
2026-06-15 16:40:07.548,John,right,39.617,2377,,,,,,,1.0866,3.0300,1.6292,6.3970,6.3970,24.1768
2026-06-15 16:40:07.578,John,right,39.650,2379,,,,,,,1.0956,3.0235,1.7135,6.2694,6.2694,24.0158
2026-06-15 16:40:07.609,John,right,39.683,2381,,,,,,,1.1885,3.0404,1.7588,6.1755,6.1755,23.1781
2026-06-15 16:40:07.640,John,right,39.717,2383,,,,,,,1.1180,3.1483,1.6926,6.1525,6.1525,22.8083
2026-06-15 16:40:07.671,John,right,39.750,2385,,,,,,,1.1325,3.1142,1.6682,6.1457,6.1457,22.6853
2026-06-15 16:40:07.701,John,right,39.767,2386,,,,,,,1.0677,3.1171,1.6653,6.1988,6.1988,22.9660
2026-06-15 16:40:07.732,John,right,39.800,2388,,,,,,,1.0253,3.0678,1.7062,6.2107,6.2107,22.9788
2026-06-15 16:40:07.762,John,right,39.833,2390,,,,,,,1.0022,3.0575,1.7191,6.1990,6.1990,22.9014
2026-06-15 16:40:07.793,John,right,39.883,2393,,,,,,,0.9246,3.0332,1.7055,6.2217,6.2217,22.4961
2026-06-15 16:40:07.824,John,right,39.917,2395,,,,,,,1.0392,3.0064,1.5531,5.9905,5.9905,20.5857
2026-06-15 16:40:07.854,John,right,39.950,2397,,,,,,,1.1115,2.9925,1.4709,5.8420,5.8420,19.1040
2026-06-15 16:40:07.885,John,right,39.967,2398,,,,,,,1.0075,3.0289,1.4141,5.9332,5.9332,19.8222
2026-06-15 16:40:07.915,John,right,40.000,2400,,,,,,,0.7849,3.0286,1.5433,6.0567,6.0567,20.3278
2026-06-15 16:40:07.946,John,right,40.033,2402,,,,,,,0.8929,2.9514,1.5214,5.8473,5.8473,18.5675
2026-06-15 16:40:07.977,John,right,40.067,2404,,,,,,,0.8127,2.9463,1.5354,5.9625,5.9625,19.0321
2026-06-15 16:40:08.008,John,right,40.100,2406,,,,,,,0.8586,2.8642,1.5091,5.8027,5.8027,17.4801
2026-06-15 16:40:08.038,John,right,40.133,2408,,,,,,,1.0574,2.8082,1.3081,5.4436,5.4436,15.3304
2026-06-15 16:40:08.069,John,right,40.150,2409,,,,,,,1.1209,2.7760,1.1141,5.2392,5.2392,14.2254
2026-06-15 16:40:08.099,John,right,40.183,2411,,,,,,,1.1215,2.7438,1.0461,5.2322,5.2322,14.0900
2026-06-15 16:40:08.130,John,right,40.217,2413,,,,,,,1.0371,2.8162,0.9609,5.2863,5.2863,14.8183
2026-06-15 16:40:08.161,John,right,40.250,2415,,,,,,,0.9879,2.8123,0.9377,5.3261,5.3261,15.1153
2026-06-15 16:40:08.191,John,right,40.283,2417,,,,,,,0.9869,2.7793,0.9002,5.2763,5.2763,14.4312
2026-06-15 16:40:08.221,John,right,40.317,2419,,,,,,,0.9252,2.8334,0.9127,5.3326,5.3326,15.1269
2026-06-15 16:40:08.252,John,right,40.333,2420,,,,,,,0.8328,2.8189,0.9796,5.3653,5.3653,14.8252
2026-06-15 16:40:08.282,John,right,40.367,2422,,,,,,,0.8078,2.7340,0.9946,5.3353,5.3353,14.4284
2026-06-15 16:40:08.313,John,right,40.400,2424,,,,,,,0.7777,2.6925,1.0019,5.3965,5.3965,14.5236
2026-06-15 16:40:08.343,John,right,40.433,2426,,,,,,,0.6739,2.7578,1.0429,5.5312,5.5312,15.5045
2026-06-15 16:40:08.374,John,right,40.467,2428,,,,,,,0.6248,3.0265,1.0750,5.3596,5.3596,12.5730
2026-06-15 16:40:08.405,John,right,40.500,2430,,,,,,,0.6152,2.9825,0.9767,5.1105,5.1105,10.9613
2026-06-15 16:40:08.435,John,right,40.517,2431,,,,,,,0.6252,2.8654,0.9509,5.0026,5.0026,11.1073
2026-06-15 16:40:08.466,John,right,40.550,2433,,,,,,,0.5609,2.6812,0.9473,4.9384,4.9384,11.5983
2026-06-15 16:40:08.496,John,right,40.583,2435,,,,,,,0.5253,2.6436,0.9539,4.9471,4.9471,11.6230
2026-06-15 16:40:08.527,John,right,40.617,2437,,,,,,,0.5190,2.5798,0.9631,4.9640,4.9640,11.8189
2026-06-15 16:40:08.557,John,right,40.650,2439,,,,,,,0.5106,2.5277,0.9445,5.0095,5.0095,11.7209
2026-06-15 16:40:08.588,John,right,40.683,2441,,,,,,,0.4948,2.5307,0.9497,5.0179,5.0179,11.7772
2026-06-15 16:40:08.618,John,right,40.700,2442,,,,,,,0.4440,2.4760,0.9452,4.9972,4.9972,11.2881
2026-06-15 16:40:08.649,John,right,40.733,2444,,,,,,,0.4303,2.4397,0.8863,5.1079,5.1079,11.2051
2026-06-15 16:40:08.679,John,right,40.767,2446,,,,,,,0.4129,2.3978,0.8372,5.1029,5.1029,11.3291
2026-06-15 16:40:08.710,John,right,40.800,2448,,,,,,,0.3963,2.3839,0.8108,5.1009,5.1009,11.6262
2026-06-15 16:40:08.741,John,right,40.833,2450,,,,,,,0.3858,2.3952,0.7868,5.0632,5.0632,11.3230
2026-06-15 16:40:08.772,John,right,40.867,2452,,,,,,,0.3303,2.4173,0.8111,5.0956,5.0956,11.5438
2026-06-15 16:40:08.804,John,right,40.883,2453,,,,,,,0.2969,2.4133,0.8367,5.1105,5.1105,11.4077
2026-06-15 16:40:08.834,John,right,40.917,2455,,,,,,,0.3127,2.3678,0.8468,5.0918,5.0918,11.3416
2026-06-15 16:40:08.865,John,right,40.950,2457,,,,,,,0.2922,2.3069,0.8359,5.0548,5.0548,11.3172
2026-06-15 16:40:08.896,John,right,40.983,2459,,,,,,,0.3051,2.2886,0.8114,5.0776,5.0776,11.5338
2026-06-15 16:40:08.926,John,right,41.017,2461,,,,,,,0.2762,2.2638,0.8119,5.1012,5.1012,11.7740
2026-06-15 16:40:08.957,John,right,41.050,2463,,,,,,,0.2943,2.2534,0.7818,4.9954,4.9954,11.2981
2026-06-15 16:40:08.988,John,right,41.083,2465,,,,,,,0.3010,2.2254,0.7474,4.9644,4.9644,11.1574
2026-06-15 16:40:09.018,John,right,41.100,2466,,,,,,,0.3302,2.1931,0.7028,5.0161,5.0161,11.3332
2026-06-15 16:40:09.049,John,right,41.133,2468,,,,,,,0.3392,2.1777,0.6982,5.0240,5.0240,11.3915
2026-06-15 16:40:09.079,John,right,41.167,2470,,,,,,,0.2560,2.2296,0.7260,5.1939,5.1939,12.9514
2026-06-15 16:40:09.110,John,right,41.200,2472,,,,,,,0.2377,2.2055,0.7680,5.2066,5.2066,12.8272
2026-06-15 16:40:09.141,John,right,41.233,2474,,,,,,,0.2643,2.1573,0.7714,5.1863,5.1863,12.6454
2026-06-15 16:40:09.171,John,right,41.267,2476,,,,,,,0.1811,2.1868,0.8041,5.2994,5.2994,13.9072
2026-06-15 16:40:09.202,John,right,41.283,2477,,,,,,,0.1774,2.1054,0.8222,5.2557,5.2557,14.2537
2026-06-15 16:40:09.232,John,right,41.317,2479,,,,,,,0.1760,2.0120,0.8458,5.3020,5.3020,14.7318
2026-06-15 16:40:09.263,John,right,41.350,2481,,,,,,,0.1925,2.0491,0.8887,5.3217,5.3217,14.4354
2026-06-15 16:40:09.293,John,right,41.383,2483,,,,,,,0.2707,1.9517,0.8354,5.2156,5.2156,12.7613
2026-06-15 16:40:09.324,John,right,41.417,2485,,,,,,,0.0502,2.0269,0.9682,5.5039,5.5039,14.3533
2026-06-15 16:40:09.355,John,right,41.450,2487,,,,,,,0.0417,2.0398,1.0417,5.5751,5.5751,14.6716
2026-06-15 16:40:09.386,John,right,41.467,2488,,,,,,,0.1033,2.0161,1.0535,5.4479,5.4479,14.1472
2026-06-15 16:40:09.416,John,right,41.500,2490,,,,,,,0.0175,2.0292,1.0953,5.6198,5.6198,15.3524
2026-06-15 16:40:09.447,John,right,41.533,2492,,,,,,,-0.0091,1.9284,1.1375,5.6898,5.6898,15.7198
2026-06-15 16:40:09.478,John,right,41.567,2494,,,,,,,0.0185,1.9507,1.1673,5.6357,5.6357,15.4540
2026-06-15 16:40:09.508,John,right,41.600,2496,,,,,,,-0.1523,1.9907,1.3443,5.7812,5.7812,16.3481
2026-06-15 16:40:09.538,John,right,41.633,2498,,,,,,,-0.2321,2.0089,1.5124,5.8530,5.8530,16.5590
2026-06-15 16:40:09.569,John,right,41.650,2499,,,,,,,-0.2593,2.0013,1.6468,5.8733,5.8733,16.8612
2026-06-15 16:40:09.600,John,right,41.683,2501,,,,,,,-0.2527,1.9818,1.6772,5.8554,5.8554,16.6433
2026-06-15 16:40:09.630,John,right,41.717,2503,,,,,,,-0.1975,1.9890,1.6954,5.8412,5.8412,16.8263
2026-06-15 16:40:09.661,John,right,41.750,2505,,,,,,,-0.1728,1.9819,1.7243,5.8323,5.8323,17.0035
2026-06-15 16:40:09.691,John,right,41.783,2507,,,,,,,-0.1325,1.9997,1.7228,5.8082,5.8082,16.8195
2026-06-15 16:40:09.722,John,right,41.817,2509,,,,,,,-0.0392,1.9937,1.6982,5.8531,5.8531,17.3716
2026-06-15 16:40:09.752,John,right,41.833,2510,,,,,,,-0.0225,1.9529,1.6980,5.8994,5.8994,17.7581
2026-06-15 16:40:09.783,John,right,41.867,2512,,,,,,,0.0170,1.9856,1.6989,5.9117,5.9117,18.0016
2026-06-15 16:40:09.813,John,right,41.900,2514,,,,,,,0.2199,1.9170,1.5272,5.7587,5.7587,16.6491
2026-06-15 16:40:09.844,John,right,41.933,2516,,,,,,,0.1205,1.8867,1.5169,5.9862,5.9862,18.2208
2026-06-15 16:40:09.875,John,right,41.967,2518,,,,,,,0.1656,1.9310,1.5858,5.7622,5.7622,17.9609
2026-06-15 16:40:09.905,John,right,42.000,2520,,,,,,,0.1923,1.9388,1.5959,5.8021,5.8021,18.1076
2026-06-15 16:40:09.936,John,right,42.017,2521,,,,,,,0.1932,1.9225,1.6186,5.8885,5.8885,18.5422
2026-06-15 16:40:09.966,John,right,42.050,2523,,,,,,,0.2701,1.9634,1.6491,5.6448,5.6448,18.3768
2026-06-15 16:40:09.997,John,right,42.083,2525,,,,,,,0.6732,1.7955,1.4875,5.1558,5.1558,15.5304
2026-06-15 16:40:10.028,John,right,42.117,2527,,,,,,,0.6562,1.8442,1.4480,5.1245,5.1245,16.5639
2026-06-15 16:40:10.058,John,right,42.150,2529,,,,,,,0.5956,1.8723,1.5147,5.2481,5.2481,17.7396
2026-06-15 16:40:10.089,John,right,42.183,2531,,,,,,,0.5449,1.9541,1.6538,5.1567,5.1567,17.8285
2026-06-15 16:40:10.120,John,right,42.200,2532,,,,,,,0.7441,1.9114,1.6927,5.0892,5.0892,17.6324
2026-06-15 16:40:10.150,John,right,42.233,2534,,,,,,,0.8755,1.8071,1.6730,4.9323,4.9323,15.8028
2026-06-15 16:40:10.181,John,right,42.267,2536,,,,,,,0.9852,1.7113,1.5704,4.7928,4.7928,14.9799
2026-06-15 16:40:10.211,John,right,42.300,2538,,,,,,,0.8710,1.8007,1.4241,4.9314,4.9314,15.9083
2026-06-15 16:40:10.242,John,right,42.333,2540,,,,,,,0.7776,1.7963,1.3262,5.3187,5.3187,16.1478
2026-06-15 16:40:10.273,John,right,42.367,2542,,,,,,,0.7437,1.7419,1.2597,5.4242,5.4242,16.7060
2026-06-15 16:40:10.304,John,right,42.383,2543,,,,,,,0.8687,1.7856,1.2577,5.3172,5.3172,16.8489
2026-06-15 16:40:10.334,John,right,42.417,2545,,,,,,,0.8305,1.9104,1.4022,5.1245,5.1245,17.4200
2026-06-15 16:40:10.365,John,right,42.450,2547,,,,,,,0.8092,1.8654,1.4714,5.2645,5.2645,17.1162
2026-06-15 16:40:10.395,John,right,42.483,2549,,,,,,,0.8005,1.7477,1.4165,5.5470,5.5470,18.1382
2026-06-15 16:40:10.427,John,right,42.517,2551,,,,,,,0.7896,1.8544,1.4652,5.3849,5.3849,19.0380
2026-06-15 16:40:10.457,John,right,42.550,2553,,,,,,,0.8623,1.8861,1.5260,5.3352,5.3352,19.1137
2026-06-15 16:40:10.488,John,right,42.583,2555,,,,,,,0.8395,1.8431,1.5860,5.4288,5.4288,19.2477
2026-06-15 16:40:10.518,John,right,42.583,2555,,,,,,,0.5683,1.8185,1.3955,5.3685,5.3685,20.3483
2026-06-15 16:40:10.549,John,right,42.617,2557,,,,,,,0.6845,1.8197,1.2876,5.7113,5.7113,20.6569
2026-06-15 16:40:10.579,John,right,42.650,2559,,,,,,,0.8234,1.7531,1.2910,5.8621,5.8621,21.2773
2026-06-15 16:40:10.610,John,right,42.683,2561,,,,,,,0.7879,1.7334,1.2968,5.8654,5.8654,21.2130
2026-06-15 16:40:10.640,John,right,42.717,2563,,,,,,,0.9363,1.7907,1.3791,5.7397,5.7397,21.1439
2026-06-15 16:40:10.671,John,right,42.750,2565,,,,,,,0.7398,1.8274,1.2178,5.6091,5.6091,21.0398
2026-06-15 16:40:10.701,John,right,42.767,2566,,,,,,,0.8639,1.8152,1.2582,5.7378,5.7378,20.9829
2026-06-15 16:40:10.732,John,right,42.800,2568,,,,,,,0.9952,1.8812,1.3242,5.5879,5.5879,20.9963
2026-06-15 16:40:10.762,John,right,42.833,2570,,,,,,,1.2440,1.9346,1.4895,5.4146,5.4146,21.8048
2026-06-15 16:40:10.793,John,right,42.867,2572,,,,,,,1.2341,1.8913,1.6181,5.6370,5.6370,22.7064
2026-06-15 16:40:10.824,John,right,42.900,2574,,,,,,,1.1769,1.8497,1.6184,5.7659,5.7659,22.9593
2026-06-15 16:40:10.855,John,right,42.933,2576,,,,,,,1.1309,1.7837,1.5488,5.8443,5.8443,22.8088
2026-06-15 16:40:10.885,John,right,42.950,2577,,,,,,,1.1256,1.7597,1.4907,5.8889,5.8889,22.8546
2026-06-15 16:40:10.916,John,right,42.983,2579,,,,,,,1.0771,1.7702,1.4415,5.9942,5.9942,23.8209
2026-06-15 16:40:10.947,John,right,43.017,2581,,,,,,,1.1355,1.7702,1.4394,6.0252,6.0252,24.0642
2026-06-15 16:40:10.977,John,right,43.050,2583,,,,,,,1.2544,1.7938,1.4002,6.0311,6.0311,23.6302
2026-06-15 16:40:11.008,John,right,43.083,2585,,,,,,,1.2876,1.8216,1.3773,6.0288,6.0288,23.5173
2026-06-15 16:40:11.038,John,right,43.117,2587,,,,,,,1.0338,1.9486,1.2861,5.6799,5.6799,24.4895
2026-06-15 16:40:11.069,John,right,43.133,2588,,,,,,,1.0642,2.0481,1.1328,5.5610,5.5610,24.9275
2026-06-15 16:40:11.100,John,right,43.167,2590,,,,,,,0.8405,2.0850,0.9630,5.1619,5.1619,25.4916
2026-06-15 16:40:11.131,John,right,43.200,2592,,,,,,,0.7640,2.1304,0.8408,4.9706,4.9706,25.5447
2026-06-15 16:40:11.162,John,right,43.233,2594,,,,,,,0.8593,2.0873,0.8300,5.1051,5.1051,24.9197
2026-06-15 16:40:11.192,John,right,43.267,2596,,,,,,,0.8234,2.0711,0.7858,5.1178,5.1178,25.1831
2026-06-15 16:40:11.223,John,right,43.300,2598,,,,,,,1.1051,2.0390,0.9200,5.6899,5.6899,25.4342
2026-06-15 16:40:11.253,John,right,43.317,2599,,,,,,,0.9798,2.0651,0.9077,5.4538,5.4538,25.6987
2026-06-15 16:40:11.284,John,right,43.350,2601,,,,,,,0.9107,2.1585,0.8044,5.2104,5.2104,26.1491
2026-06-15 16:40:11.314,John,right,43.383,2603,,,,,,,0.8487,2.1666,0.6869,4.9928,4.9928,26.2386
2026-06-15 16:40:11.344,John,right,43.417,2605,,,,,,,0.8761,2.2246,0.5809,4.8924,4.8924,26.0972
2026-06-15 16:40:11.375,John,right,43.450,2607,,,,,,,0.8389,2.2286,0.5294,4.9048,4.9048,26.6835
2026-06-15 16:40:11.405,John,right,43.483,2609,,,,,,,0.8396,2.2572,0.4821,4.9162,4.9162,26.8760
2026-06-15 16:40:11.436,John,right,43.500,2610,,,,,,,0.8133,2.2690,0.4686,4.9833,4.9833,27.1141
2026-06-15 16:40:11.467,John,right,43.533,2612,,,,,,,0.7550,2.3148,0.4568,5.0576,5.0576,27.4129
2026-06-15 16:40:11.497,John,right,43.567,2614,,,,,,,1.0336,2.3596,0.5237,5.3383,5.3383,26.6585
2026-06-15 16:40:11.528,John,right,43.600,2616,,,,,,,1.3135,2.3337,0.8091,5.8045,5.8045,26.0312
2026-06-15 16:40:11.558,John,right,43.633,2618,,,,,,,1.1435,2.3561,0.8215,5.5708,5.5708,26.0906
2026-06-15 16:40:11.589,John,right,43.667,2620,,,,,,,0.9622,2.4459,0.6924,5.3063,5.3063,26.2838
2026-06-15 16:40:11.619,John,right,43.683,2621,,,,,,,0.9116,2.5039,0.5723,5.0723,5.0723,25.9545
2026-06-15 16:40:11.650,John,right,43.717,2623,,,,,,,0.8660,2.5988,0.4412,5.0343,5.0343,26.3870
2026-06-15 16:40:11.680,John,right,43.750,2625,,,,,,,1.0729,2.5338,0.4672,5.3357,5.3357,26.2919
2026-06-15 16:40:11.711,John,right,43.783,2627,,,,,,,1.2180,2.5027,0.6145,5.5502,5.5502,26.2698
2026-06-15 16:40:11.742,John,right,43.817,2629,,,,,,,1.1804,2.5306,0.7516,5.6250,5.6250,26.5390
2026-06-15 16:40:11.772,John,right,43.850,2631,,,,,,,0.9931,2.5650,0.7486,5.4980,5.4980,26.9446
2026-06-15 16:40:11.803,John,right,43.867,2632,,,,,,,1.1893,2.5187,0.8762,5.9304,5.9304,26.9369
2026-06-15 16:40:11.834,John,right,43.900,2634,,,,,,,1.3040,2.4912,1.0544,6.1366,6.1366,26.9297
2026-06-15 16:40:11.865,John,right,43.933,2636,,,,,,,1.3420,2.4837,1.1233,6.1743,6.1743,26.8029
2026-06-15 16:40:11.895,John,right,43.967,2638,,,,,,,1.3799,2.4891,1.1893,6.2564,6.2564,26.6998
2026-06-15 16:40:11.926,John,right,44.000,2640,,,,,,,1.0376,2.6121,1.0205,5.6306,5.6306,26.9360
2026-06-15 16:40:11.957,John,right,44.033,2642,,,,,,,0.9031,2.6535,0.8085,5.4133,5.4133,27.3597
2026-06-15 16:40:11.988,John,right,44.067,2644,,,,,,,0.8382,2.8528,0.6337,5.3106,5.3106,27.3410
2026-06-15 16:40:12.018,John,right,44.083,2645,,,,,,,0.8022,2.7616,0.5255,5.3340,5.3340,27.5355
2026-06-15 16:40:12.049,John,right,44.117,2647,,,,,,,1.0333,2.7231,0.6063,5.6868,5.6868,27.3202
2026-06-15 16:40:12.079,John,right,44.150,2649,,,,,,,1.0764,2.7305,0.6873,5.8636,5.8636,26.9447
2026-06-15 16:40:12.110,John,right,44.183,2651,,,,,,,0.8107,3.0940,0.6039,5.4113,5.4113,27.3445
2026-06-15 16:40:12.141,John,right,44.217,2653,,,,,,,0.9068,2.7902,0.6914,5.4107,5.4107,27.2381
2026-06-15 16:40:12.172,John,right,44.250,2655,,,,,,,1.0574,2.8062,0.8214,5.6955,5.6955,27.1048
2026-06-15 16:40:12.202,John,right,44.267,2656,,,,,,,1.0082,2.8137,0.8847,5.6641,5.6641,26.7269
2026-06-15 16:40:12.233,John,right,44.300,2658,,,,,,,1.0056,2.8440,1.0064,5.8338,5.8338,26.6080
2026-06-15 16:40:12.263,John,right,44.333,2660,,,,,,,1.0867,2.8333,1.0739,6.0112,6.0112,26.3461
2026-06-15 16:40:12.294,John,right,44.367,2662,,,,,,,1.1515,2.8107,1.2283,6.1866,6.1866,26.0033
2026-06-15 16:40:12.324,John,right,44.400,2664,,,,,,,1.2022,2.8373,1.3071,6.2360,6.2360,25.7211
2026-06-15 16:40:12.355,John,right,44.433,2666,,,,,,,1.1953,2.8735,1.3925,6.2418,6.2418,25.4192
2026-06-15 16:40:12.386,John,right,44.450,2667,,,,,,,1.2590,2.9003,1.4293,6.2576,6.2576,25.1670
2026-06-15 16:40:12.416,John,right,44.483,2669,,,,,,,1.2889,2.9666,1.3921,6.1629,6.1629,23.9716
2026-06-15 16:40:12.447,John,right,44.517,2671,,,,,,,1.1967,2.9707,1.3636,6.1562,6.1562,24.2437
2026-06-15 16:40:12.478,John,right,44.550,2673,,,,,,,1.1135,2.9829,1.3744,6.1840,6.1840,23.9773
2026-06-15 16:40:12.509,John,right,44.583,2675,,,,,,,1.1116,3.0280,1.4385,6.1976,6.1976,23.9590
2026-06-15 16:40:12.539,John,right,44.617,2677,,,,,,,1.0077,3.0683,1.4360,6.2961,6.2961,24.2070
2026-06-15 16:40:12.570,John,right,44.650,2679,,,,,,,0.9302,3.0761,1.4189,6.3672,6.3672,24.4231
2026-06-15 16:40:12.601,John,right,44.667,2680,,,,,,,0.9110,3.0907,1.4280,6.4039,6.4039,24.3629
2026-06-15 16:40:12.632,John,right,44.700,2682,,,,,,,0.9088,3.0503,1.4923,6.4177,6.4177,24.2770
2026-06-15 16:40:12.662,John,right,44.733,2684,,,,,,,0.9173,3.0572,1.4845,6.4334,6.4334,23.9640
2026-06-15 16:40:12.693,John,right,44.767,2686,,,,,,,0.8916,3.0688,1.4862,6.4414,6.4414,24.0478
2026-06-15 16:40:12.723,John,right,44.800,2688,,,,,,,0.9409,3.0145,1.4894,6.3355,6.3355,22.9225
2026-06-15 16:40:12.754,John,right,44.833,2690,,,,,,,0.9880,2.9854,1.3893,6.0713,6.0713,20.5786
2026-06-15 16:40:12.785,John,right,44.850,2691,,,,,,,0.8743,3.0000,1.3356,6.1339,6.1339,21.4737
2026-06-15 16:40:12.815,John,right,44.883,2693,,,,,,,0.8652,2.9994,1.3675,6.0188,6.0188,20.4412
2026-06-15 16:40:12.846,John,right,44.917,2695,,,,,,,0.9087,2.9674,1.2606,5.8498,5.8498,18.6443
2026-06-15 16:40:12.876,John,right,44.950,2697,,,,,,,0.9700,2.8777,1.2298,5.7255,5.7255,17.8063
2026-06-15 16:40:12.907,John,right,44.983,2699,,,,,,,1.0709,2.7895,1.1160,5.5104,5.5104,16.0830
2026-06-15 16:40:12.937,John,right,45.017,2701,,,,,,,1.0709,2.7895,1.1160,5.5104,5.5104,16.0830
2026-06-15 16:40:12.967,John,right,45.033,2702,,,,,,,1.0273,2.7533,1.0197,5.4753,5.4753,15.5255
2026-06-15 16:40:12.998,John,right,45.067,2704,,,,,,,1.0367,2.7276,0.9480,5.4295,5.4295,14.7708
2026-06-15 16:40:13.029,John,right,45.100,2706,,,,,,,1.0371,2.7411,0.8861,5.3761,5.3761,14.1173
2026-06-15 16:40:13.059,John,right,45.133,2708,,,,,,,1.0313,2.7332,0.8371,5.3642,5.3642,13.9622
2026-06-15 16:40:13.090,John,right,45.167,2710,,,,,,,0.9380,2.7714,0.9094,5.5328,5.5328,15.5362
2026-06-15 16:40:13.121,John,right,45.200,2712,,,,,,,0.7991,2.8320,0.9846,5.7481,5.7481,17.3097
2026-06-15 16:40:13.155,John,right,45.233,2714,,,,,,,0.8956,2.8071,0.9778,5.5400,5.5400,15.8276
2026-06-15 16:40:13.186,John,right,45.250,2715,,,,,,,0.9247,2.7640,0.9232,5.3868,5.3868,14.8878
2026-06-15 16:40:13.217,John,right,45.283,2717,,,,,,,0.9359,2.7445,0.8721,5.3141,5.3141,14.6398
2026-06-15 16:40:13.248,John,right,45.317,2719,,,,,,,0.9283,2.7374,0.8421,5.3225,5.3225,14.3668
2026-06-15 16:40:13.278,John,right,45.350,2721,,,,,,,0.8756,2.6849,0.8166,5.2966,5.2966,14.0544
2026-06-15 16:40:13.308,John,right,45.383,2723,,,,,,,0.7978,2.7759,0.8483,5.3651,5.3651,14.3841
2026-06-15 16:40:13.339,John,right,45.417,2725,,,,,,,0.7484,2.7294,0.8609,5.3683,5.3683,14.1214
2026-06-15 16:40:13.369,John,right,45.433,2726,,,,,,,0.7331,2.7017,0.8400,5.3491,5.3491,13.6629
2026-06-15 16:40:13.400,John,right,45.467,2728,,,,,,,0.6496,2.6367,0.8692,5.3034,5.3034,13.6544
2026-06-15 16:40:13.430,John,right,45.500,2730,,,,,,,0.6212,2.6136,0.8890,5.3122,5.3122,13.8165
2026-06-15 16:40:13.461,John,right,45.533,2732,,,,,,,0.6101,2.6003,0.8916,5.2592,5.2592,13.1630
2026-06-15 16:40:13.491,John,right,45.567,2734,,,,,,,0.5186,2.7033,0.9371,5.3021,5.3021,14.2685
2026-06-15 16:40:13.522,John,right,45.600,2736,,,,,,,0.4064,2.7695,1.0140,5.3639,5.3639,14.8981
2026-06-15 16:40:13.552,John,right,45.617,2737,,,,,,,0.4350,2.6648,1.0386,5.2526,5.2526,13.8498
2026-06-15 16:40:13.583,John,right,45.650,2739,,,,,,,0.4494,2.5399,1.0363,5.1662,5.1662,13.1156
2026-06-15 16:40:13.613,John,right,45.683,2741,,,,,,,0.4130,2.5726,1.0257,5.2430,5.2430,13.2162
2026-06-15 16:40:13.643,John,right,45.717,2743,,,,,,,0.3378,2.5481,1.0473,5.3001,5.3001,13.2887
2026-06-15 16:40:13.674,John,right,45.750,2745,,,,,,,0.3539,2.5737,1.0477,5.2669,5.2669,12.9892
2026-06-15 16:40:13.705,John,right,45.783,2747,,,,,,,0.3770,2.5070,1.0305,5.2606,5.2606,12.4558
2026-06-15 16:40:13.736,John,right,45.800,2748,,,,,,,0.3362,2.4878,1.0556,5.3070,5.3070,12.7102
2026-06-15 16:40:13.766,John,right,45.833,2750,,,,,,,0.3661,2.4217,1.0467,5.2426,5.2426,12.4370
2026-06-15 16:40:13.797,John,right,45.867,2752,,,,,,,0.2396,2.4520,1.0530,5.2716,5.2716,12.6184
2026-06-15 16:40:13.827,John,right,45.900,2754,,,,,,,0.2466,2.4572,1.0442,5.2558,5.2558,12.4586
2026-06-15 16:40:13.858,John,right,45.933,2756,,,,,,,0.2713,2.4295,0.9863,5.1414,5.1414,11.5202
2026-06-15 16:40:13.888,John,right,45.967,2758,,,,,,,0.2772,2.3801,0.9130,5.0661,5.0661,11.3441
2026-06-15 16:40:13.919,John,right,45.983,2759,,,,,,,0.2549,2.3294,0.8765,5.1196,5.1196,11.7402
2026-06-15 16:40:13.950,John,right,46.017,2761,,,,,,,0.1917,2.2649,0.8776,5.1564,5.1564,11.6074
2026-06-15 16:40:13.980,John,right,46.050,2763,,,,,,,0.1973,2.2206,0.8836,5.0862,5.0862,11.2772
2026-06-15 16:40:14.010,John,right,46.083,2765,,,,,,,0.1371,2.1427,0.9222,5.1241,5.1241,11.3794
2026-06-15 16:40:14.041,John,right,46.117,2767,,,,,,,0.1001,2.1963,0.9530,5.2617,5.2617,13.0415
2026-06-15 16:40:14.071,John,right,46.150,2769,,,,,,,0.1185,2.0619,0.9457,5.2747,5.2747,13.6210
2026-06-15 16:40:14.102,John,right,46.167,2770,,,,,,,0.1141,2.0742,0.9473,5.3395,5.3395,13.5999
2026-06-15 16:40:14.133,John,right,46.200,2772,,,,,,,0.1137,2.0338,0.9520,5.3160,5.3160,13.7318
2026-06-15 16:40:14.164,John,right,46.233,2774,,,,,,,0.1519,1.9729,0.9281,5.2233,5.2233,13.0243
2026-06-15 16:40:14.195,John,right,46.267,2776,,,,,,,0.1582,1.8846,0.9179,5.1693,5.1693,13.4706
2026-06-15 16:40:14.225,John,right,46.300,2778,,,,,,,0.0488,2.0980,0.9651,5.3587,5.3587,14.4003
2026-06-15 16:40:14.256,John,right,46.333,2780,,,,,,,0.1108,2.0540,0.9655,5.3378,5.3378,13.2657
2026-06-15 16:40:14.287,John,right,46.350,2781,,,,,,,0.0992,2.0770,0.9532,5.3284,5.3284,13.4837
2026-06-15 16:40:14.318,John,right,46.383,2783,,,,,,,0.0494,2.1044,0.9584,5.3328,5.3328,14.0342
2026-06-15 16:40:14.348,John,right,46.417,2785,,,,,,,-0.0639,2.1051,0.9907,5.3744,5.3744,14.3637
2026-06-15 16:40:14.379,John,right,46.450,2787,,,,,,,-0.2879,2.0261,1.2004,5.7649,5.7649,16.5444
2026-06-15 16:40:14.409,John,right,46.483,2789,,,,,,,-0.2012,-0.0438,-0.1492,5.7050,5.7050,15.8050
2026-06-15 16:40:14.440,John,right,46.517,2791,,,,,,,-0.2488,1.8846,1.3393,5.9144,5.9144,17.0515
2026-06-15 16:40:14.471,John,right,46.550,2793,,,,,,,-0.1311,1.7966,1.3077,5.7761,5.7761,16.4268
2026-06-15 16:40:14.501,John,right,46.567,2794,,,,,,,-0.0251,1.7479,1.3282,5.6840,5.6840,15.6762
2026-06-15 16:40:14.531,John,right,46.600,2796,,,,,,,-0.0854,1.8206,1.3928,5.9082,5.9082,17.3573
2026-06-15 16:40:14.562,John,right,46.633,2798,,,,,,,-0.1029,1.8424,1.4489,5.9891,5.9891,17.7742
2026-06-15 16:40:14.592,John,right,46.667,2800,,,,,,,-0.2105,1.9678,1.6122,5.8680,5.8680,16.4324
2026-06-15 16:40:14.623,John,right,46.700,2802,,,,,,,-0.2858,1.9700,1.7887,5.8866,5.8866,16.4890
2026-06-15 16:40:14.653,John,right,46.717,2803,,,,,,,-0.2255,1.9011,1.8237,6.0452,6.0452,17.6598
2026-06-15 16:40:14.684,John,right,46.750,2805,,,,,,,-0.1671,1.8735,1.7998,6.0841,6.0841,18.2026
2026-06-15 16:40:14.715,John,right,46.783,2807,,,,,,,-0.0638,1.8566,1.7100,6.0877,6.0877,18.6063
2026-06-15 16:40:14.745,John,right,46.817,2809,,,,,,,-0.0212,1.8445,1.6698,6.0980,6.0980,18.8184
2026-06-15 16:40:14.776,John,right,46.850,2811,,,,,,,0.0253,1.8585,1.5977,6.0066,6.0066,17.9523
2026-06-15 16:40:14.807,John,right,46.883,2813,,,,,,,-0.0272,1.8378,1.5989,6.1248,6.1248,18.3475
2026-06-15 16:40:14.838,John,right,46.917,2815,,,,,,,0.1586,1.8213,1.5125,5.9061,5.9061,17.4400
2026-06-15 16:40:14.868,John,right,46.933,2816,,,,,,,0.2098,1.8593,1.4596,5.8624,5.8624,17.4372
2026-06-15 16:40:14.899,John,right,46.967,2818,,,,,,,0.1194,1.9009,1.4768,5.9894,5.9894,18.7756
2026-06-15 16:40:14.929,John,right,47.000,2820,,,,,,,0.2435,1.8672,1.4842,5.8268,5.8268,17.0097
2026-06-15 16:40:14.960,John,right,47.033,2822,,,,,,,0.4165,1.8400,1.3863,5.7258,5.7258,15.8242
2026-06-15 16:40:14.991,John,right,47.067,2824,,,,,,,0.4182,1.8779,1.4580,5.5902,5.5902,17.4241
2026-06-15 16:40:15.021,John,right,47.100,2826,,,,,,,0.4827,1.9148,1.5536,5.3952,5.3952,17.7609
2026-06-15 16:40:15.051,John,right,47.117,2827,,,,,,,0.6925,1.6450,1.4240,5.2585,5.2585,15.6871
2026-06-15 16:40:15.082,John,right,47.150,2829,,,,,,,0.5442,1.6706,1.3088,5.4907,5.4907,15.9342
2026-06-15 16:40:15.112,John,right,47.183,2831,,,,,,,0.5121,1.8172,1.3852,5.3683,5.3683,18.3116
2026-06-15 16:40:15.143,John,right,47.217,2833,,,,,,,0.6994,1.7930,1.3014,5.0973,5.0973,16.3955
2026-06-15 16:40:15.176,John,right,47.250,2835,,,,,,,0.6412,1.7805,1.2768,5.4616,5.4616,16.9639
2026-06-15 16:40:15.207,John,right,47.283,2837,,,,,,,0.5358,1.7353,1.3111,5.7426,5.7426,18.5814
2026-06-15 16:40:15.237,John,right,47.317,2839,,,,,,,0.4399,1.6944,1.3961,5.8674,5.8674,19.4708
2026-06-15 16:40:15.268,John,right,47.333,2840,,,,,,,0.5398,1.7730,1.5219,5.7529,5.7529,19.6080
2026-06-15 16:40:15.298,John,right,47.367,2842,,,,,,,0.5617,1.7542,1.5210,5.8665,5.8665,19.9288
2026-06-15 16:40:15.328,John,right,47.400,2844,,,,,,,0.5473,1.7456,1.4621,6.0023,6.0023,20.5751
2026-06-15 16:40:15.359,John,right,47.433,2846,,,,,,,0.6380,1.6469,1.3462,6.0096,6.0096,20.4779
2026-06-15 16:40:15.389,John,right,47.467,2848,,,,,,,0.6420,1.5869,1.3263,6.0157,6.0157,20.9835
2026-06-15 16:40:15.420,John,right,47.483,2849,,,,,,,0.6265,1.5928,1.3148,6.0012,6.0012,20.5927
2026-06-15 16:40:15.450,John,right,47.517,2851,,,,,,,0.7217,1.5821,1.2999,5.9364,5.9364,20.0287
2026-06-15 16:40:15.481,John,right,47.550,2853,,,,,,,0.7465,1.6212,1.3454,5.8721,5.8721,20.2299
2026-06-15 16:40:15.511,John,right,47.583,2855,,,,,,,0.7686,1.6299,1.3596,5.8796,5.8796,20.7586
2026-06-15 16:40:15.542,John,right,47.617,2857,,,,,,,0.7501,1.6570,1.3777,5.8256,5.8256,20.8435
2026-06-15 16:40:15.573,John,right,47.650,2859,,,,,,,0.8558,1.6312,1.3614,5.8655,5.8655,21.1970
2026-06-15 16:40:15.604,John,right,47.683,2861,,,,,,,0.9125,1.6449,1.3264,5.9124,5.9124,21.4001
2026-06-15 16:40:15.634,John,right,47.700,2862,,,,,,,0.8529,1.6793,1.3935,6.0955,6.0955,22.9522
2026-06-15 16:40:15.665,John,right,47.733,2864,,,,,,,0.8391,1.6778,1.4052,6.1176,6.1176,23.1855
2026-06-15 16:40:15.695,John,right,47.767,2866,,,,,,,0.8560,1.6903,1.4226,6.1267,6.1267,23.4051
2026-06-15 16:40:15.726,John,right,47.800,2868,,,,,,,0.9173,1.7235,1.4586,6.0932,6.0932,22.3792
2026-06-15 16:40:15.756,John,right,47.833,2870,,,,,,,1.0282,1.7359,1.4228,5.9776,5.9776,21.7892
2026-06-15 16:40:15.787,John,right,47.867,2872,,,,,,,1.0707,1.7494,1.4068,5.9833,5.9833,21.9355
2026-06-15 16:40:15.817,John,right,47.883,2873,,,,,,,1.1074,1.7786,1.3843,5.9431,5.9431,22.0837
2026-06-15 16:40:15.848,John,right,47.917,2875,,,,,,,1.1730,1.7785,1.3896,5.9810,5.9810,22.9709
2026-06-15 16:40:15.879,John,right,47.950,2877,,,,,,,1.2380,1.7938,1.4151,6.0207,6.0207,23.2394
2026-06-15 16:40:15.910,John,right,47.983,2879,,,,,,,1.2802,1.8400,1.4240,6.0607,6.0607,23.2309
2026-06-15 16:40:15.941,John,right,48.017,2881,,,,,,,1.2549,1.8848,1.4581,6.1045,6.1045,23.8966
2026-06-15 16:40:15.972,John,right,48.050,2883,,,,,,,1.2773,1.8775,1.4870,6.1878,6.1878,24.1667
2026-06-15 16:40:16.002,John,right,48.067,2884,,,,,,,1.2627,1.8999,1.5140,6.1546,6.1546,24.3387
2026-06-15 16:40:16.033,John,right,48.100,2886,,,,,,,1.1399,2.0088,1.4123,5.6126,5.6126,23.8345
2026-06-15 16:40:16.064,John,right,48.133,2888,,,,,,,0.9779,2.0023,1.3130,5.5235,5.5235,23.8204
2026-06-15 16:40:16.094,John,right,48.167,2890,,,,,,,0.9259,2.1026,1.2081,5.3529,5.3529,24.0574
2026-06-15 16:40:16.125,John,right,48.200,2892,,,,,,,0.8159,2.0355,0.9659,5.0728,5.0728,24.8439
2026-06-15 16:40:16.156,John,right,48.233,2894,,,,,,,1.1754,1.9814,1.0280,5.6597,5.6597,24.9709
2026-06-15 16:40:16.186,John,right,48.250,2895,,,,,,,0.9782,2.0110,0.9101,5.2188,5.2188,25.2130
2026-06-15 16:40:16.217,John,right,48.283,2897,,,,,,,0.9014,2.0045,0.7652,5.0993,5.0993,25.8881
2026-06-15 16:40:16.247,John,right,48.317,2899,,,,,,,0.9014,2.0045,0.7652,5.0993,5.0993,25.8881
2026-06-15 16:40:16.278,John,right,48.350,2901,,,,,,,1.1484,1.9574,0.8257,5.6643,5.6643,26.1343
2026-06-15 16:40:16.308,John,right,48.383,2903,,,,,,,1.2294,1.9592,0.9312,5.8520,5.8520,26.2568
2026-06-15 16:40:16.338,John,right,48.417,2905,,,,,,,0.9722,2.0304,0.8842,5.4518,5.4518,26.6948
2026-06-15 16:40:16.369,John,right,48.433,2906,,,,,,,0.7953,2.1664,0.7166,5.2155,5.2155,27.3745
2026-06-15 16:40:16.399,John,right,48.467,2908,,,,,,,0.7405,2.2245,0.5954,5.1709,5.1709,27.9754
2026-06-15 16:40:16.430,John,right,48.500,2910,,,,,,,0.9979,2.1879,0.6896,5.5575,5.5575,27.9318
2026-06-15 16:40:16.460,John,right,48.533,2912,,,,,,,1.0772,2.1748,0.8756,5.6279,5.6279,27.6574
2026-06-15 16:40:16.491,John,right,48.567,2914,,,,,,,1.3483,2.1432,1.0560,5.9897,5.9897,26.8772
2026-06-15 16:40:16.521,John,right,48.600,2916,,,,,,,1.2363,2.1902,1.1150,5.7508,5.7508,26.7313
2026-06-15 16:40:16.552,John,right,48.617,2917,,,,,,,1.0587,2.1772,1.0058,5.4981,5.4981,26.9369
2026-06-15 16:40:16.583,John,right,48.650,2919,,,,,,,0.9214,2.2966,0.7538,5.1628,5.1628,26.9119
2026-06-15 16:40:16.613,John,right,48.683,2921,,,,,,,0.8539,2.3306,0.5690,5.0831,5.0831,27.2664
2026-06-15 16:40:16.644,John,right,48.717,2923,,,,,,,0.8780,2.3721,0.4370,4.9962,4.9962,27.3373
2026-06-15 16:40:16.674,John,right,48.750,2925,,,,,,,0.8463,2.4446,0.3754,4.9852,4.9852,27.3728
2026-06-15 16:40:16.705,John,right,48.783,2927,,,,,,,0.8456,2.4674,0.3592,4.9698,4.9698,27.3830
2026-06-15 16:40:16.735,John,right,48.800,2928,,,,,,,1.0239,2.4951,0.4690,5.4059,5.4059,27.1089
2026-06-15 16:40:16.766,John,right,48.833,2930,,,,,,,1.0233,2.7379,0.7775,5.9351,5.9351,25.6688
2026-06-15 16:40:16.796,John,right,48.867,2932,,,,,,,1.0220,2.8407,0.9400,6.0682,6.0682,25.2336
2026-06-15 16:40:16.827,John,right,48.900,2934,,,,,,,0.9464,2.9028,1.1631,6.1958,6.1958,24.1115
2026-06-15 16:40:16.857,John,right,48.933,2936,,,,,,,0.9809,2.9244,1.2954,6.3841,6.3841,24.5527
2026-06-15 16:40:16.888,John,right,48.967,2938,,,,,,,1.0609,2.9090,1.3424,6.4369,6.4369,24.2331
2026-06-15 16:40:16.918,John,right,48.983,2939,,,,,,,1.0781,2.8896,1.3660,6.4784,6.4784,24.4642
2026-06-15 16:40:16.949,John,right,49.017,2941,,,,,,,1.0962,2.8678,1.3903,6.5123,6.5123,24.7767
2026-06-15 16:40:16.979,John,right,49.050,2943,,,,,,,1.1091,2.7952,1.4453,6.4817,6.4817,25.0885
2026-06-15 16:40:17.010,John,right,49.083,2945,,,,,,,1.1403,2.7419,1.4462,6.5062,6.5062,24.9827
2026-06-15 16:40:17.041,John,right,49.117,2947,,,,,,,1.1494,2.7078,1.4351,6.4321,6.4321,24.8995
2026-06-15 16:40:17.072,John,right,49.150,2949,,,,,,,1.1467,2.6249,1.4138,6.3706,6.3706,25.1157
2026-06-15 16:40:17.102,John,right,49.167,2950,,,,,,,1.1501,2.5773,1.4107,6.3132,6.3132,25.0377
2026-06-15 16:40:17.133,John,right,49.200,2952,,,,,,,0.9542,2.5356,1.2928,5.9323,5.9323,25.4707
2026-06-15 16:40:17.164,John,right,49.233,2954,,,,,,,0.8211,2.4854,0.9431,5.5568,5.5568,25.8557
2026-06-15 16:40:17.196,John,right,49.267,2956,,,,,,,0.8197,2.4291,0.6572,5.3596,5.3596,26.1061
2026-06-15 16:40:17.227,John,right,49.300,2958,,,,,,,0.8059,2.3441,0.4581,5.2588,5.2588,26.3186
2026-06-15 16:40:17.257,John,right,49.333,2960,,,,,,,0.7168,2.3247,0.3832,5.1337,5.1337,27.1806
2026-06-15 16:40:17.288,John,right,49.367,2962,,,,,,,0.9587,2.2559,0.4627,5.3903,5.3903,26.7298
2026-06-15 16:40:17.319,John,right,49.383,2963,,,,,,,1.2497,2.1292,0.7815,5.7823,5.7823,26.4594
2026-06-15 16:40:17.349,John,right,49.417,2965,,,,,,,1.3863,2.0517,1.0536,6.0230,6.0230,26.1390
2026-06-15 16:40:17.380,John,right,49.450,2967,,,,,,,1.0548,2.0763,0.9432,5.4206,5.4206,26.3386
2026-06-15 16:40:17.411,John,right,49.483,2969,,,,,,,0.9612,2.0177,0.8273,5.2125,5.2125,26.5104
2026-06-15 16:40:17.441,John,right,49.517,2971,,,,,,,0.9236,1.8891,0.6266,4.9687,4.9687,26.8568
2026-06-15 16:40:17.472,John,right,49.550,2973,,,,,,,1.1638,1.8538,0.5978,5.2837,5.2837,26.9279
2026-06-15 16:40:17.502,John,right,49.567,2974,,,,,,,1.2823,1.8327,0.6777,5.5914,5.5914,26.6903
2026-06-15 16:40:17.533,John,right,49.600,2976,,,,,,,1.4418,1.7141,0.8401,5.7752,5.7752,25.5276
2026-06-15 16:40:17.564,John,right,49.633,2978,,,,,,,1.1261,1.7430,0.7488,5.2487,5.2487,25.6128
2026-06-15 16:40:17.594,John,right,49.667,2980,,,,,,,1.0377,1.7460,0.6330,5.0831,5.0831,26.4603
2026-06-15 16:40:17.625,John,right,49.700,2982,,,,,,,1.0428,1.6961,0.5093,5.0233,5.0233,26.7916
2026-06-15 16:40:17.655,John,right,49.733,2984,,,,,,,1.0214,1.6930,0.4419,4.9095,4.9095,26.8249
2026-06-15 16:40:17.686,John,right,49.750,2985,,,,,,,1.0759,1.6895,0.3740,4.9228,4.9228,26.9696
2026-06-15 16:40:17.717,John,right,49.783,2987,,,,,,,1.2884,1.7070,0.4559,5.1615,5.1615,26.6230
2026-06-15 16:40:17.747,John,right,49.817,2989,,,,,,,1.2198,1.7285,0.4447,5.0369,5.0369,27.1602
2026-06-15 16:40:17.778,John,right,49.850,2991,,,,,,,1.2398,1.7022,0.4569,5.1103,5.1103,27.3787
2026-06-15 16:40:17.808,John,right,49.883,2993,,,,,,,1.0798,1.7390,0.3719,4.9145,4.9145,27.8504
2026-06-15 16:40:17.839,John,right,49.917,2995,,,,,,,1.0256,1.7152,0.2748,4.8821,4.8821,28.0323
2026-06-15 16:40:17.869,John,right,49.933,2996,,,,,,,1.0433,1.7193,0.2449,4.9197,4.9197,28.0525
2026-06-15 16:40:17.900,John,right,49.967,2998,,,,,,,1.0845,1.6803,0.2315,4.9780,4.9780,28.0205
2026-06-15 16:40:17.930,John,right,50.000,3000,,,,,,,1.1224,1.6647,0.2617,5.0690,5.0690,28.1413
2026-06-15 16:40:17.961,John,right,50.033,3002,,,,,,,1.3245,1.7132,0.4351,5.2241,5.2241,26.4866
2026-06-15 16:40:17.991,John,right,50.067,3004,,,,,,,1.3884,1.7299,0.5884,5.2803,5.2803,25.4377
2026-06-15 16:40:18.022,John,right,50.100,3006,,,,,,,1.2610,1.7178,0.5183,4.9364,4.9364,25.2191
2026-06-15 16:40:18.053,John,right,50.117,3007,,,,,,,1.1229,1.7270,0.4138,4.9260,4.9260,26.4196
2026-06-15 16:40:18.083,John,right,50.150,3009,,,,,,,1.0462,1.7459,0.3672,4.9753,4.9753,27.3381
2026-06-15 16:40:18.114,John,right,50.183,3011,,,,,,,1.2876,1.7545,0.4783,5.3941,5.3941,27.4669
2026-06-15 16:40:18.144,John,right,50.217,3013,,,,,,,1.2269,1.8427,0.6355,5.3710,5.3710,27.4031
2026-06-15 16:40:18.175,John,right,50.250,3015,,,,,,,1.1904,1.8942,0.7033,5.3853,5.3853,27.1960
2026-06-15 16:40:18.206,John,right,50.283,3017,,,,,,,0.9303,2.1284,0.5975,5.2551,5.2551,27.1266
2026-06-15 16:40:18.237,John,right,50.317,3019,,,,,,,0.8296,2.1845,0.5225,5.1723,5.1723,27.2134
2026-06-15 16:40:18.268,John,right,50.333,3020,,,,,,,0.7925,2.3015,0.3869,5.0938,5.0938,26.5494
2026-06-15 16:40:18.298,John,right,50.367,3022,,,,,,,0.7373,2.4047,0.2960,5.0270,5.0270,26.3167
2026-06-15 16:40:18.329,John,right,50.400,3024,,,,,,,1.1723,2.3718,0.5197,5.6097,5.6097,25.5333
2026-06-15 16:40:18.359,John,right,50.433,3026,,,,,,,1.2457,2.3633,0.6931,5.8101,5.8101,25.6430
2026-06-15 16:40:18.389,John,right,50.467,3028,,,,,,,1.2305,2.3169,0.9689,6.0736,6.0736,25.9527
2026-06-15 16:40:18.420,John,right,50.483,3029,,,,,,,0.9827,2.3795,1.0577,5.9028,5.9028,26.2925
2026-06-15 16:40:18.450,John,right,50.517,3031,,,,,,,0.9553,2.4687,1.0005,6.0345,6.0345,26.1498
2026-06-15 16:40:18.481,John,right,50.550,3033,,,,,,,1.0107,2.4870,1.0415,6.1450,6.1450,26.0271
2026-06-15 16:40:18.511,John,right,50.583,3035,,,,,,,1.0282,2.4952,1.0846,6.2399,6.2399,25.8543
2026-06-15 16:40:18.542,John,right,50.600,3036,,,,,,,0.8641,2.5984,1.0823,5.9930,5.9930,25.8113
2026-06-15 16:40:18.572,John,right,50.650,3039,,,,,,,1.0092,2.5843,1.1587,6.1727,6.1727,25.4990
2026-06-15 16:40:18.602,John,right,50.667,3040,,,,,,,1.0601,2.6220,1.2879,6.2099,6.2099,24.8617
2026-06-15 16:40:18.633,John,right,50.700,3042,,,,,,,1.0856,2.6645,1.3554,6.2459,6.2459,24.7173
2026-06-15 16:40:18.664,John,right,50.733,3044,,,,,,,0.9768,2.9218,1.3948,6.3844,6.3844,24.3645
2026-06-15 16:40:18.695,John,right,50.767,3046,,,,,,,0.9621,2.9576,1.4078,6.4070,6.4070,24.4391
2026-06-15 16:40:18.725,John,right,50.800,3048,,,,,,,0.9849,2.9622,1.4200,6.3643,6.3643,23.4925
2026-06-15 16:40:18.756,John,right,50.833,3050,,,,,,,0.9773,2.9218,1.4352,6.3423,6.3423,23.7536
2026-06-15 16:40:18.786,John,right,50.850,3051,,,,,,,1.0922,2.9537,1.4642,6.2069,6.2069,22.9101
2026-06-15 16:40:18.817,John,right,50.883,3053,,,,,,,1.1997,2.8512,1.3951,6.0117,6.0117,20.6895
2026-06-15 16:40:18.848,John,right,50.917,3055,,,,,,,1.3257,2.7135,1.1953,5.6577,5.6577,18.0000
2026-06-15 16:40:18.878,John,right,50.950,3057,,,,,,,1.2816,2.8339,1.1290,5.8007,5.8007,19.0471
2026-06-15 16:40:18.909,John,right,50.983,3059,,,,,,,1.0821,2.8543,1.2041,6.0429,6.0429,21.0292
2026-06-15 16:40:18.939,John,right,51.017,3061,,,,,,,1.1033,2.8776,1.2244,6.0678,6.0678,20.7369
2026-06-15 16:40:18.970,John,right,51.033,3062,,,,,,,1.1917,2.8190,1.0454,5.5528,5.5528,16.8595
2026-06-15 16:40:19.001,John,right,51.067,3064,,,,,,,1.1195,2.8616,0.9142,5.4814,5.4814,16.6163
2026-06-15 16:40:19.031,John,right,51.100,3066,,,,,,,1.1088,2.8954,0.8404,5.5546,5.5546,16.1263
2026-06-15 16:40:19.062,John,right,51.133,3068,,,,,,,1.1518,2.8794,0.7437,5.3819,5.3819,15.2644
2026-06-15 16:40:19.093,John,right,51.167,3070,,,,,,,1.1656,2.8070,0.7336,5.3115,5.3115,15.0683
2026-06-15 16:40:19.124,John,right,51.200,3072,,,,,,,1.1868,2.8100,0.7264,5.2260,5.2260,14.6720
2026-06-15 16:40:19.154,John,right,51.233,3074,,,,,,,1.1830,2.8043,0.7105,5.2561,5.2561,14.4647
2026-06-15 16:40:19.184,John,right,51.250,3075,,,,,,,1.1335,2.7614,0.6713,5.2676,5.2676,14.0272
2026-06-15 16:40:19.215,John,right,51.283,3077,,,,,,,1.0112,2.7813,0.7078,5.4168,5.4168,15.5880
2026-06-15 16:40:19.246,John,right,51.317,3079,,,,,,,0.9168,2.7197,0.7756,5.5880,5.5880,16.1917
2026-06-15 16:40:19.277,John,right,51.350,3081,,,,,,,0.8683,2.6558,0.7733,5.5553,5.5553,16.0060
2026-06-15 16:40:19.308,John,right,51.383,3083,,,,,,,0.8712,2.5400,0.7270,5.4184,5.4184,14.9009
2026-06-15 16:40:19.338,John,right,51.417,3085,,,,,,,0.8631,2.5419,0.6966,5.3864,5.3864,14.1748
2026-06-15 16:40:19.369,John,right,51.433,3086,,,,,,,0.8568,2.4657,0.6639,5.4020,5.4020,13.8637
2026-06-15 16:40:19.399,John,right,51.467,3088,,,,,,,0.8507,2.4531,0.6506,5.4039,5.4039,13.6331
2026-06-15 16:40:19.430,John,right,51.500,3090,,,,,,,0.7672,2.4210,0.6804,5.5336,5.5336,14.4935
2026-06-15 16:40:19.460,John,right,51.533,3092,,,,,,,0.7441,2.3216,0.7267,5.5041,5.5041,14.3716
2026-06-15 16:40:19.491,John,right,51.567,3094,,,,,,,0.6598,2.3171,0.7823,5.5838,5.5838,15.3271
2026-06-15 16:40:19.522,John,right,51.600,3096,,,,,,,0.6539,2.2291,0.8073,5.4750,5.4750,13.8930
2026-06-15 16:40:19.552,John,right,51.617,3097,,,,,,,0.5783,2.1538,0.7859,5.4486,5.4486,13.2764
2026-06-15 16:40:19.583,John,right,51.650,3099,,,,,,,0.5772,2.1523,0.7690,5.3420,5.3420,12.6568
2026-06-15 16:40:19.614,John,right,51.683,3101,,,,,,,0.4924,2.1815,0.7787,5.3380,5.3380,13.5846
2026-06-15 16:40:19.644,John,right,51.717,3103,,,,,,,0.3176,2.2432,0.8298,5.3959,5.3959,14.9529
2026-06-15 16:40:19.675,John,right,51.750,3105,,,,,,,0.3324,2.2108,0.8579,5.4354,5.4354,15.2422
2026-06-15 16:40:19.705,John,right,51.783,3107,,,,,,,0.3345,2.1341,0.8882,5.4703,5.4703,14.7815
2026-06-15 16:40:19.736,John,right,51.800,3108,,,,,,,0.2909,2.1715,0.9147,5.4410,5.4410,14.7286
2026-06-15 16:40:19.766,John,right,51.833,3110,,,,,,,0.0631,2.1410,1.0390,5.7161,5.7161,16.7797
2026-06-15 16:40:19.797,John,right,51.867,3112,,,,,,,-0.0934,2.0899,1.2493,5.9855,5.9855,18.0254
2026-06-15 16:40:19.828,John,right,51.900,3114,,,,,,,-0.1511,2.0327,1.3513,5.9888,5.9888,18.0684
2026-06-15 16:40:19.859,John,right,51.933,3116,,,,,,,-0.0901,2.0295,1.5423,5.8041,5.8041,18.3392
2026-06-15 16:40:19.890,John,right,51.967,3118,,,,,,,-0.2042,2.0694,1.7024,5.6818,5.6818,16.4196
2026-06-15 16:40:19.920,John,right,51.983,3119,,,,,,,-0.0380,1.8078,1.6427,5.6792,5.6792,15.1343
2026-06-15 16:40:19.951,John,right,52.017,3121,,,,,,,0.1148,1.6887,1.4558,5.5129,5.5129,14.0353
2026-06-15 16:40:19.982,John,right,52.050,3123,,,,,,,0.1638,1.5722,1.2600,5.4379,5.4379,13.7956
2026-06-15 16:40:20.012,John,right,52.083,3125,,,,,,,0.1047,1.6679,1.2069,5.4578,5.4578,14.3295
2026-06-15 16:40:20.043,John,right,52.117,3127,,,,,,,0.1492,1.6831,1.1655,5.3786,5.3786,15.0615
2026-06-15 16:40:20.073,John,right,52.150,3129,,,,,,,0.2361,1.6330,1.1155,5.3589,5.3589,14.4276
2026-06-15 16:40:20.104,John,right,52.183,3131,,,,,,,0.0648,1.6435,1.1598,5.5671,5.5671,16.2516
2026-06-15 16:40:20.134,John,right,52.200,3132,,,,,,,0.0454,1.6316,1.1543,5.5444,5.5444,16.1400
2026-06-15 16:40:20.165,John,right,52.233,3134,,,,,,,0.1299,1.6498,1.1108,5.3385,5.3385,15.4892
2026-06-15 16:40:20.195,John,right,52.267,3136,,,,,,,0.2168,1.5989,1.1003,5.2463,5.2463,14.8787
2026-06-15 16:40:20.227,John,right,52.300,3138,,,,,,,0.1011,1.6666,1.1218,5.4277,5.4277,16.0487
2026-06-15 16:40:20.257,John,right,52.333,3140,,,,,,,0.1933,1.7561,1.2175,5.2828,5.2828,15.8884
2026-06-15 16:40:20.288,John,right,52.367,3142,,,,,,,0.0848,1.7238,1.2370,5.4368,5.4368,16.0438
2026-06-15 16:40:20.318,John,right,52.383,3143,,,,,,,0.1980,1.7572,1.2764,5.2868,5.2868,15.7602
2026-06-15 16:40:20.349,John,right,52.417,3145,,,,,,,0.2652,1.7404,1.3033,5.1826,5.1826,15.1316
2026-06-15 16:40:20.380,John,right,52.450,3147,,,,,,,0.2102,1.8123,1.3484,5.2510,5.2510,15.5888
2026-06-15 16:40:20.410,John,right,52.483,3149,,,,,,,0.3274,1.6897,1.3330,5.1087,5.1087,14.7610
2026-06-15 16:40:20.441,John,right,52.517,3151,,,,,,,0.1780,1.7059,1.3098,5.4578,5.4578,15.8080
2026-06-15 16:40:20.472,John,right,52.550,3153,,,,,,,0.1659,1.6997,1.3093,5.4200,5.4200,15.5817
2026-06-15 16:40:20.503,John,right,52.567,3154,,,,,,,0.1148,1.7239,1.3330,5.4780,5.4780,15.6675
2026-06-15 16:40:20.533,John,right,52.600,3156,,,,,,,0.1222,1.7304,1.3144,5.4734,5.4734,15.6780
2026-06-15 16:40:20.564,John,right,52.633,3158,,,,,,,0.0274,1.7382,1.3279,5.6801,5.6801,16.4533
2026-06-15 16:40:20.594,John,right,52.667,3160,,,,,,,-0.0483,1.7600,1.3979,5.8016,5.8016,17.0989
2026-06-15 16:40:20.625,John,right,52.700,3162,,,,,,,0.1822,1.8001,1.3669,5.5771,5.5771,15.6484
2026-06-15 16:40:20.655,John,right,52.733,3164,,,,,,,0.2920,1.6772,1.2392,5.4399,5.4399,13.7236
2026-06-15 16:40:20.685,John,right,52.750,3165,,,,,,,0.1118,1.8013,1.3227,5.8209,5.8209,17.1945
2026-06-15 16:40:20.716,John,right,52.783,3167,,,,,,,0.0329,1.8424,1.4716,6.0527,6.0527,19.0849
2026-06-15 16:40:20.747,John,right,52.817,3169,,,,,,,-0.0390,1.8875,1.5425,6.0610,6.0610,18.7736
2026-06-15 16:40:20.778,John,right,52.850,3171,,,,,,,0.0844,1.9530,1.5393,5.8663,5.8663,17.9370
2026-06-15 16:40:20.808,John,right,52.883,3173,,,,,,,-0.0896,1.9396,1.5445,5.9972,5.9972,18.4406
2026-06-15 16:40:20.838,John,right,52.917,3175,,,,,,,-0.0304,1.9674,1.5785,6.0991,6.0991,18.6608
2026-06-15 16:40:20.869,John,right,52.933,3176,,,,,,,0.1418,2.0034,1.5030,5.8321,5.8321,16.9085
2026-06-15 16:40:20.899,John,right,52.967,3178,,,,,,,0.2581,2.0567,1.2261,5.5230,5.5230,14.8365
2026-06-15 16:40:20.930,John,right,53.000,3180,,,,,,,0.3686,2.0801,1.1080,5.4443,5.4443,14.2125
2026-06-15 16:40:20.960,John,right,53.033,3182,,,,,,,0.5154,2.1909,0.9496,5.4085,5.4085,14.3337
2026-06-15 16:40:20.991,John,right,53.067,3184,,,,,,,0.5426,2.3875,0.9345,5.4879,5.4879,15.4499
2026-06-15 16:40:21.022,John,right,53.100,3186,,,,,,,0.6260,2.3599,0.9109,5.5205,5.5205,15.1241
2026-06-15 16:40:21.053,John,right,53.117,3187,,,,,,,0.6319,2.3863,0.9077,5.5841,5.5841,15.6817
2026-06-15 16:40:21.084,John,right,53.150,3189,,,,,,,0.7550,2.2994,0.8837,5.5094,5.5094,14.5414
2026-06-15 16:40:21.114,John,right,53.183,3191,,,,,,,0.8053,2.2974,0.8313,5.4410,5.4410,14.1983
2026-06-15 16:40:21.145,John,right,53.217,3193,,,,,,,0.8480,2.2762,0.7869,5.4531,5.4531,14.3536
2026-06-15 16:40:21.175,John,right,53.250,3195,,,,,,,0.8270,2.3396,0.7040,5.4880,5.4880,14.3075
2026-06-15 16:40:21.206,John,right,53.283,3197,,,,,,,0.8486,2.3740,0.6602,5.5403,5.5403,14.2004
2026-06-15 16:40:21.236,John,right,53.300,3198,,,,,,,0.8555,2.3982,0.5984,5.5763,5.5763,14.3087
2026-06-15 16:40:21.267,John,right,53.333,3200,,,,,,,0.8083,2.4773,0.6004,5.6552,5.6552,15.7132
2026-06-15 16:40:21.297,John,right,53.367,3202,,,,,,,0.8588,2.4222,0.5948,5.6359,5.6359,15.4678
2026-06-15 16:40:21.329,John,right,53.400,3204,,,,,,,0.9369,2.5066,0.6102,5.6522,5.6522,15.7644
2026-06-15 16:40:21.359,John,right,53.433,3206,,,,,,,0.9369,2.5066,0.6102,5.6522,5.6522,15.7644
2026-06-15 16:40:21.390,John,right,53.467,3208,,,,,,,0.9743,2.5704,0.6732,5.6329,5.6329,16.3045
2026-06-15 16:40:21.420,John,right,53.483,3209,,,,,,,1.0331,2.6511,0.6945,5.7096,5.7096,16.9135
2026-06-15 16:40:21.450,John,right,53.517,3211,,,,,,,0.9301,2.7268,0.7932,5.9458,5.9458,18.8945
2026-06-15 16:40:21.481,John,right,53.550,3213,,,,,,,0.9811,2.6560,0.8223,5.8686,5.8686,18.5185
2026-06-15 16:40:21.511,John,right,53.583,3215,,,,,,,0.9991,2.5128,0.8088,5.8000,5.8000,18.0655
2026-06-15 16:40:21.542,John,right,53.617,3217,,,,,,,0.8806,2.5629,0.8966,6.0099,6.0099,19.4789
2026-06-15 16:40:21.573,John,right,53.650,3219,,,,,,,1.0113,2.4563,0.8397,5.8292,5.8292,18.1900
2026-06-15 16:40:21.603,John,right,53.667,3220,,,,,,,1.1742,2.4273,0.8280,5.7774,5.7774,17.5636
2026-06-15 16:40:21.634,John,right,53.700,3222,,,,,,,1.2096,2.4172,0.8160,5.8468,5.8468,17.4744
2026-06-15 16:40:21.664,John,right,53.733,3224,,,,,,,1.2411,2.3479,0.7576,5.7887,5.7887,17.3752
2026-06-15 16:40:21.694,John,right,53.767,3226,,,,,,,1.1536,2.3959,0.8526,5.9887,5.9887,18.8825
2026-06-15 16:40:21.725,John,right,53.800,3228,,,,,,,1.2354,2.3768,0.9052,5.9361,5.9361,18.5049
2026-06-15 16:40:21.755,John,right,53.817,3229,,,,,,,1.0756,2.4673,1.1400,6.1351,6.1351,20.4520
2026-06-15 16:40:21.786,John,right,53.850,3231,,,,,,,1.2737,2.4717,1.1820,6.0254,6.0254,18.5974
2026-06-15 16:40:21.816,John,right,53.883,3233,,,,,,,1.2257,2.3936,1.1483,6.0941,6.0941,19.3674
2026-06-15 16:40:21.847,John,right,53.917,3235,,,,,,,1.1938,2.3776,1.1898,6.1899,6.1899,20.7462
2026-06-15 16:40:21.878,John,right,53.950,3237,,,,,,,1.0618,2.3781,1.3097,6.4298,6.4298,23.0634
2026-06-15 16:40:21.908,John,right,53.983,3239,,,,,,,1.1131,2.3535,1.3563,6.4460,6.4460,23.1842
2026-06-15 16:40:21.939,John,right,54.017,3241,,,,,,,1.0924,2.3171,1.3499,6.4361,6.4361,23.5473
2026-06-15 16:40:21.970,John,right,54.033,3242,,,,,,,1.0573,2.2326,1.3492,6.3166,6.3166,23.6740
2026-06-15 16:40:22.000,John,right,54.067,3244,,,,,,,0.7844,2.1964,1.1554,5.7750,5.7750,24.0538
2026-06-15 16:40:22.030,John,right,54.100,3246,,,,,,,0.6379,2.1575,0.8968,5.5517,5.5517,24.9894
2026-06-15 16:40:22.061,John,right,54.133,3248,,,,,,,0.6116,2.1340,0.5928,5.4432,5.4432,25.6073
2026-06-15 16:40:22.092,John,right,54.167,3250,,,,,,,0.6066,2.0691,0.4764,5.4381,5.4381,25.9849
2026-06-15 16:40:22.123,John,right,54.200,3252,,,,,,,0.6395,2.0456,0.2980,5.4365,5.4365,26.1779
2026-06-15 16:40:22.154,John,right,54.217,3253,,,,,,,1.0805,1.9442,0.5070,5.8597,5.8597,26.0002
2026-06-15 16:40:22.184,John,right,54.250,3255,,,,,,,1.0620,1.9411,0.6729,5.5913,5.5913,25.5524
2026-06-15 16:40:22.215,John,right,54.283,3257,,,,,,,0.8178,2.0553,0.5234,5.3069,5.3069,26.0338
2026-06-15 16:40:22.246,John,right,54.317,3259,,,,,,,0.7573,2.0709,0.4595,5.2139,5.2139,26.2441
2026-06-15 16:40:22.277,John,right,54.350,3261,,,,,,,0.7193,2.0984,0.4083,5.0830,5.0830,26.8862
2026-06-15 16:40:22.308,John,right,54.383,3263,,,,,,,0.7164,2.0426,0.3901,5.0183,5.0183,27.3091
2026-06-15 16:40:22.338,John,right,54.417,3265,,,,,,,0.9793,1.8100,0.4899,5.3650,5.3650,26.7230
2026-06-15 16:40:22.369,John,right,54.433,3266,,,,,,,1.0136,1.6688,0.6721,5.3794,5.3794,26.8242
2026-06-15 16:40:22.400,John,right,54.467,3268,,,,,,,1.1438,1.5870,0.7728,5.6543,5.6543,26.9187
2026-06-15 16:40:22.430,John,right,54.500,3270,,,,,,,1.2396,1.5378,0.8925,5.8575,5.8575,26.9051
2026-06-15 16:40:22.461,John,right,54.533,3272,,,,,,,1.2176,1.5424,0.9654,5.8073,5.8073,27.0021
2026-06-15 16:40:22.492,John,right,54.567,3274,,,,,,,1.1485,1.5632,0.9897,5.4361,5.4361,25.6205
2026-06-15 16:40:22.522,John,right,54.600,3276,,,,,,,1.2155,1.5459,0.8992,5.4816,5.4816,25.5041
2026-06-15 16:40:22.553,John,right,54.617,3277,,,,,,,1.2089,1.5109,0.9435,5.5102,5.5102,25.8005
2026-06-15 16:40:22.583,John,right,54.650,3279,,,,,,,1.3344,1.4541,0.9922,5.7319,5.7319,25.9515
2026-06-15 16:40:22.614,John,right,54.683,3281,,,,,,,1.3744,1.3847,1.0099,5.7014,5.7014,26.1995
2026-06-15 16:40:22.645,John,right,54.717,3283,,,,,,,1.2982,1.4099,1.0449,5.5392,5.5392,26.3996
2026-06-15 16:40:22.675,John,right,54.750,3285,,,,,,,1.0457,1.4789,0.8599,5.0972,5.0972,26.1293
2026-06-15 16:40:22.706,John,right,54.783,3287,,,,,,,0.9549,1.5155,0.6352,4.7662,4.7662,25.1887
2026-06-15 16:40:22.737,John,right,54.800,3288,,,,,,,1.2388,1.3951,0.6703,5.1619,5.1619,24.5632
2026-06-15 16:40:22.767,John,right,54.833,3290,,,,,,,1.2221,1.3379,0.6596,5.0173,5.0173,24.4698
2026-06-15 16:40:22.798,John,right,54.867,3292,,,,,,,1.2967,1.3234,0.7377,5.1695,5.1695,25.1209
2026-06-15 16:40:22.828,John,right,54.900,3294,,,,,,,1.2009,1.3106,0.7078,4.9644,4.9644,24.6626
2026-06-15 16:40:22.859,John,right,54.933,3296,,,,,,,1.1769,1.3899,0.7675,5.0313,5.0313,25.5928
2026-06-15 16:40:22.890,John,right,54.967,3298,,,,,,,1.0955,1.3832,0.7054,5.0013,5.0013,26.2264
2026-06-15 16:40:22.920,John,right,54.983,3299,,,,,,,1.0683,1.3720,0.6489,5.0553,5.0553,26.6108
2026-06-15 16:40:22.951,John,right,55.017,3301,,,,,,,1.1350,1.4616,0.7301,5.1633,5.1633,26.1218
2026-06-15 16:40:22.981,John,right,55.050,3303,,,,,,,1.0632,1.4256,0.6775,5.0382,5.0382,26.8065
2026-06-15 16:40:23.011,John,right,55.083,3305,,,,,,,1.0432,1.4300,0.6550,5.0117,5.0117,26.6871
2026-06-15 16:40:23.042,John,right,55.117,3307,,,,,,,0.9804,1.4846,0.5940,4.9716,4.9716,25.9477
2026-06-15 16:40:23.072,John,right,55.150,3309,,,,,,,1.1914,1.4580,0.6330,5.4219,5.4219,25.6993
2026-06-15 16:40:23.103,John,right,55.167,3310,,,,,,,1.4491,1.4870,0.8535,5.7586,5.7586,24.9283
2026-06-15 16:40:23.134,John,right,55.200,3312,,,,,,,1.5003,1.4858,0.9312,5.8070,5.8070,24.8564
2026-06-15 16:40:23.164,John,right,55.233,3314,,,,,,,1.0895,1.6054,0.7531,5.2924,5.2924,25.6853
2026-06-15 16:40:23.194,John,right,55.267,3316,,,,,,,1.1630,1.6175,0.7171,5.4447,5.4447,25.8686
2026-06-15 16:40:23.225,John,right,55.300,3318,,,,,,,1.1586,1.6596,0.6714,5.4829,5.4829,26.0657
2026-06-15 16:40:23.256,John,right,55.333,3320,,,,,,,1.2575,1.7361,0.8940,5.9193,5.9193,26.1729
2026-06-15 16:40:23.286,John,right,55.350,3321,,,,,,,0.8183,2.0160,0.8391,5.5171,5.5171,26.6791
2026-06-15 16:40:23.317,John,right,55.383,3323,,,,,,,0.7434,2.1458,0.7500,5.3804,5.3804,26.5006
2026-06-15 16:40:23.348,John,right,55.417,3325,,,,,,,1.0878,2.1743,0.8784,5.7171,5.7171,25.8157
2026-06-15 16:40:23.378,John,right,55.450,3327,,,,,,,1.1285,2.1745,0.9771,5.8264,5.8264,25.4313
2026-06-15 16:40:23.409,John,right,55.483,3329,,,,,,,1.2032,2.2035,1.1597,6.0324,6.0324,25.0487
2026-06-15 16:40:23.439,John,right,55.517,3331,,,,,,,1.2017,2.2128,1.2911,6.1553,6.1553,24.8648
2026-06-15 16:40:23.470,John,right,55.533,3332,,,,,,,1.1719,2.2382,1.3980,6.2447,6.2447,25.1249
2026-06-15 16:40:23.500,John,right,55.567,3334,,,,,,,1.1548,2.2431,1.4299,6.1741,6.1741,24.8962
2026-06-15 16:40:23.531,John,right,55.600,3336,,,,,,,1.1442,2.2511,1.4845,6.1754,6.1754,24.4978
2026-06-15 16:40:23.561,John,right,55.633,3338,,,,,,,1.1061,2.2630,1.5143,6.2015,6.2015,24.3567
2026-06-15 16:40:23.592,John,right,55.667,3340,,,,,,,1.1406,2.3180,1.5546,6.2784,6.2784,24.1042
2026-06-15 16:40:23.623,John,right,55.700,3342,,,,,,,1.1439,2.3563,1.5756,6.2792,6.2792,24.0012
2026-06-15 16:40:23.653,John,right,55.717,3343,,,,,,,1.1478,2.4138,1.5996,6.2492,6.2492,23.7166
2026-06-15 16:40:23.683,John,right,55.750,3345,,,,,,,1.1216,2.4594,1.6184,6.2312,6.2312,22.6896
2026-06-15 16:40:23.714,John,right,55.783,3347,,,,,,,1.0017,2.4922,1.6176,6.3204,6.3204,22.8911
2026-06-15 16:40:23.745,John,right,55.817,3349,,,,,,,0.9062,2.4911,1.6134,6.3137,6.3137,21.9373
2026-06-15 16:40:23.775,John,right,55.850,3351,,,,,,,1.0059,2.4544,1.5435,6.0518,6.0518,19.8551
2026-06-15 16:40:23.806,John,right,55.883,3353,,,,,,,1.1064,2.4606,1.3121,5.7378,5.7378,17.2116
2026-06-15 16:40:23.836,John,right,55.900,3354,,,,,,,1.1407,2.4589,1.0819,5.5814,5.5814,15.8005
2026-06-15 16:40:23.867,John,right,55.933,3356,,,,,,,1.0524,2.5442,1.0322,5.6957,5.6957,17.3506
2026-06-15 16:40:23.897,John,right,55.967,3358,,,,,,,1.1214,2.5159,1.0166,5.5522,5.5522,16.2828
2026-06-15 16:40:23.928,John,right,56.000,3360,,,,,,,1.1297,2.4454,0.9531,5.4409,5.4409,15.4384
2026-06-15 16:40:23.958,John,right,56.033,3362,,,,,,,1.0374,2.4420,0.9702,5.5315,5.5315,16.0266
2026-06-15 16:40:23.989,John,right,56.067,3364,,,,,,,1.0207,2.4830,0.9695,5.4587,5.4587,15.5987
2026-06-15 16:40:24.019,John,right,56.083,3365,,,,,,,1.0408,2.4587,0.9457,5.3853,5.3853,14.9325
2026-06-15 16:40:24.050,John,right,56.117,3367,,,,,,,1.0543,2.4214,0.9145,5.3112,5.3112,14.2968
2026-06-15 16:40:24.081,John,right,56.150,3369,,,,,,,0.6416,2.5515,1.1461,5.8347,5.8347,17.7898
2026-06-15 16:40:24.111,John,right,56.183,3371,,,,,,,0.5116,2.5757,1.2917,5.9597,5.9597,18.5228
2026-06-15 16:40:24.142,John,right,56.217,3373,,,,,,,0.5437,2.6426,1.3334,5.8539,5.8539,17.6055
2026-06-15 16:40:24.172,John,right,56.250,3375,,,,,,,0.7686,2.5415,1.2243,5.5981,5.5981,16.0828
2026-06-15 16:40:24.203,John,right,56.267,3376,,,,,,,0.8907,2.4948,1.0624,5.4188,5.4188,14.8155
2026-06-15 16:40:24.234,John,right,56.300,3378,,,,,,,0.9126,2.4516,1.0028,5.3663,5.3663,14.3892
2026-06-15 16:40:24.267,John,right,56.333,3380,,,,,,,0.9123,2.3817,0.9369,5.3742,5.3742,14.1157
2026-06-15 16:40:24.297,John,right,56.367,3382,,,,,,,0.8818,2.2820,0.9018,5.3749,5.3749,13.9524
2026-06-15 16:40:24.328,John,right,56.400,3384,,,,,,,0.8434,2.1998,0.8642,5.3472,5.3472,13.4186
2026-06-15 16:40:24.359,John,right,56.433,3386,,,,,,,0.8270,2.1747,0.8467,5.3852,5.3852,13.6533
2026-06-15 16:40:24.389,John,right,56.467,3388,,,,,,,0.8028,2.1825,0.8500,5.4022,5.4022,13.5675
2026-06-15 16:40:24.420,John,right,56.483,3389,,,,,,,0.6216,1.9663,0.8496,5.2197,5.2197,12.4483
2026-06-15 16:40:24.450,John,right,56.517,3391,,,,,,,0.5291,1.9943,0.9131,5.2723,5.2723,13.5375
2026-06-15 16:40:24.481,John,right,56.550,3393,,,,,,,0.5531,1.9612,0.9334,5.1995,5.1995,13.2234
2026-06-15 16:40:24.511,John,right,56.583,3395,,,,,,,0.4773,1.8590,0.9848,5.3090,5.3090,13.1917
2026-06-15 16:40:24.542,John,right,56.617,3397,,,,,,,0.2811,1.9006,1.0886,5.5618,5.5618,14.5467
2026-06-15 16:40:24.572,John,right,56.633,3398,,,,,,,0.2968,1.7635,1.1279,5.5534,5.5534,13.7447
2026-06-15 16:40:24.603,John,right,56.667,3400,,,,,,,0.1333,1.8222,1.2242,5.7511,5.7511,15.3199
2026-06-15 16:40:24.633,John,right,56.700,3402,,,,,,,-0.0042,1.8520,1.3951,5.8824,5.8824,16.6662
2026-06-15 16:40:24.664,John,right,56.733,3404,,,,,,,-0.0781,1.8406,1.5358,5.9197,5.9197,17.2812
2026-06-15 16:40:24.695,John,right,56.767,3406,,,,,,,-0.0862,1.8179,1.5837,6.0387,6.0387,17.8579
2026-06-15 16:40:24.725,John,right,56.800,3408,,,,,,,-0.1200,1.7376,1.6645,6.1951,6.1951,18.8414
2026-06-15 16:40:24.756,John,right,56.833,3410,,,,,,,-0.1960,1.7129,1.6988,6.2040,6.2040,19.1816
2026-06-15 16:40:24.786,John,right,56.850,3411,,,,,,,-0.1864,1.6901,1.7210,6.1913,6.1913,19.0441
2026-06-15 16:40:24.817,John,right,56.883,3413,,,,,,,-0.1554,1.7878,1.7358,5.8679,5.8679,17.3580
2026-06-15 16:40:24.847,John,right,56.917,3415,,,,,,,-0.1896,1.7943,1.7363,5.8423,5.8423,16.7544
2026-06-15 16:40:24.878,John,right,56.950,3417,,,,,,,-0.1763,1.7867,1.7693,5.7557,5.7557,16.5572
2026-06-15 16:40:24.909,John,right,56.983,3419,,,,,,,-0.1727,1.7254,1.8202,5.7905,5.7905,16.8788
2026-06-15 16:40:24.940,John,right,57.017,3421,,,,,,,-0.2351,1.6554,1.8550,5.8677,5.8677,16.7763
2026-06-15 16:40:24.970,John,right,57.033,3422,,,,,,,-0.1887,1.6866,1.9004,5.6956,5.6956,16.9244
2026-06-15 16:40:25.000,John,right,57.067,3424,,,,,,,-0.2893,1.6539,1.9440,5.7953,5.7953,17.4947
2026-06-15 16:40:25.031,John,right,57.100,3426,,,,,,,-0.2640,1.6524,1.9337,5.6707,5.6707,17.5272
2026-06-15 16:40:25.062,John,right,57.150,3429,,,,,,,-0.2080,1.6747,1.9410,5.5754,5.5754,17.6541
2026-06-15 16:40:25.093,John,right,57.183,3431,,,,,,,-0.3275,1.5740,1.9410,5.8619,5.8619,18.0354
2026-06-15 16:40:25.124,John,right,57.217,3433,,,,,,,-0.3477,1.5479,1.9283,5.9462,5.9462,17.6980
2026-06-15 16:40:25.154,John,right,57.233,3434,,,,,,,-0.1753,1.4490,1.7164,5.7833,5.7833,16.1471
2026-06-15 16:40:25.184,John,right,57.267,3436,,,,,,,-0.1539,1.5842,1.7073,5.5391,5.5391,16.3868
2026-06-15 16:40:25.215,John,right,57.300,3438,,,,,,,0.0715,1.5077,1.6818,5.1135,5.1135,14.9338
2026-06-15 16:40:25.246,John,right,57.333,3440,,,,,,,0.2231,1.3852,1.4466,5.0220,5.0220,12.9005
2026-06-15 16:40:25.277,John,right,57.367,3442,,,,,,,0.1564,1.3850,1.3338,5.1298,5.1298,13.2340
2026-06-15 16:40:25.307,John,right,57.400,3444,,,,,,,0.0333,1.3593,1.2728,5.3776,5.3776,14.4539
2026-06-15 16:40:25.338,John,right,57.433,3446,,,,,,,0.0174,1.3365,1.2651,5.3468,5.3468,14.3586
2026-06-15 16:40:25.369,John,right,57.450,3447,,,,,,,0.1185,1.2762,1.2030,5.3010,5.3010,13.6069
2026-06-15 16:40:25.399,John,right,57.483,3449,,,,,,,0.0077,1.3360,1.2128,5.4141,5.4141,14.3903
2026-06-15 16:40:25.430,John,right,57.517,3451,,,,,,,0.0774,1.4290,1.2537,5.3695,5.3695,14.4914
2026-06-15 16:40:25.461,John,right,57.550,3453,,,,,,,0.1685,1.5289,1.2657,5.1368,5.1368,14.4413
2026-06-15 16:40:25.491,John,right,57.583,3455,,,,,,,0.1375,1.6106,1.2762,5.3055,5.3055,15.1166
2026-06-15 16:40:25.522,John,right,57.617,3457,,,,,,,-0.0662,1.6087,1.4465,5.6501,5.6501,16.9946
2026-06-15 16:40:25.552,John,right,57.633,3458,,,,,,,-0.1631,1.6333,1.6038,5.7986,5.7986,17.5580
2026-06-15 16:40:25.583,John,right,57.667,3460,,,,,,,-0.1926,1.6333,1.6683,5.8856,5.8856,17.9049
2026-06-15 16:40:25.613,John,right,57.700,3462,,,,,,,-0.2118,1.6478,1.7525,5.9014,5.9014,17.7320
2026-06-15 16:40:25.644,John,right,57.733,3464,,,,,,,-0.1587,1.7056,1.7500,5.8574,5.8574,17.4535
2026-06-15 16:40:25.675,John,right,57.767,3466,,,,,,,-0.1377,1.7408,1.7458,5.8343,5.8343,17.2266
2026-06-15 16:40:25.705,John,right,57.800,3468,,,,,,,-0.0682,1.8225,1.7560,5.7483,5.7483,17.2346
2026-06-15 16:40:25.736,John,right,57.817,3469,,,,,,,-0.0625,1.8284,1.7587,5.7513,5.7513,17.2013
2026-06-15 16:40:25.766,John,right,57.850,3471,,,,,,,0.1202,1.8368,1.6490,5.6202,5.6202,16.5954
2026-06-15 16:40:25.797,John,right,57.883,3473,,,,,,,0.2023,1.8207,1.5036,5.6945,5.6945,16.9273
2026-06-15 16:40:25.827,John,right,57.917,3475,,,,,,,0.2134,1.8640,1.3755,5.8407,5.8407,17.2576
2026-06-15 16:40:25.858,John,right,57.950,3477,,,,,,,0.1997,1.9214,1.3859,6.0097,6.0097,18.3540
2026-06-15 16:40:25.888,John,right,57.983,3479,,,,,,,0.1613,1.9740,1.4410,6.0787,6.0787,18.6078
2026-06-15 16:40:25.919,John,right,58.000,3480,,,,,,,0.3317,1.9498,1.3914,5.8540,5.8540,16.7051
2026-06-15 16:40:25.950,John,right,58.033,3482,,,,,,,0.5598,1.9592,1.2016,5.5552,5.5552,14.8333
2026-06-15 16:40:25.980,John,right,58.067,3484,,,,,,,0.6898,1.9946,1.0083,5.4724,5.4724,14.1837
2026-06-15 16:40:26.011,John,right,58.100,3486,,,,,,,0.7465,2.0373,0.9408,5.4536,5.4536,14.0157
2026-06-15 16:40:26.041,John,right,58.133,3488,,,,,,,0.8204,2.0822,0.8546,5.4302,5.4302,14.0348
2026-06-15 16:40:26.072,John,right,58.167,3490,,,,,,,0.7513,2.1836,0.8658,5.6290,5.6290,15.9042
2026-06-15 16:40:26.103,John,right,58.183,3491,,,,,,,0.7301,2.2462,0.8589,5.7686,5.7686,16.5056
2026-06-15 16:40:26.133,John,right,58.217,3493,,,,,,,0.7635,2.2423,0.8878,5.7867,5.7867,16.6838
2026-06-15 16:40:26.163,John,right,58.250,3495,,,,,,,0.7571,2.2947,0.9077,5.8368,5.8368,17.2306
2026-06-15 16:40:26.194,John,right,58.283,3497,,,,,,,0.7814,2.3643,0.9727,5.8458,5.8458,17.8012
2026-06-15 16:40:26.225,John,right,58.317,3499,,,,,,,0.7969,2.3889,1.0046,5.8138,5.8138,17.7225
2026-06-15 16:40:26.255,John,right,58.350,3501,,,,,,,0.8777,2.3376,1.0073,5.6914,5.6914,16.2933
2026-06-15 16:40:26.286,John,right,58.367,3502,,,,,,,0.9517,2.2572,0.9106,5.5774,5.5774,15.7030
2026-06-15 16:40:26.317,John,right,58.400,3504,,,,,,,0.9934,2.2604,0.8083,5.5653,5.5653,15.0966
2026-06-15 16:40:26.347,John,right,58.433,3506,,,,,,,0.9971,2.2369,0.7655,5.5696,5.5696,15.2936
2026-06-15 16:40:26.378,John,right,58.467,3508,,,,,,,0.8577,2.2759,0.7936,5.8793,5.8793,17.8012
2026-06-15 16:40:26.408,John,right,58.500,3510,,,,,,,0.8391,2.3585,0.8665,5.9548,5.9548,18.2111
2026-06-15 16:40:26.439,John,right,58.533,3512,,,,,,,0.7889,2.4344,0.9830,6.0304,6.0304,19.0501
2026-06-15 16:40:26.470,John,right,58.550,3513,,,,,,,0.8970,2.3768,0.9883,5.8386,5.8386,17.8110
2026-06-15 16:40:26.500,John,right,58.583,3515,,,,,,,0.8808,2.4382,1.0013,6.0279,6.0279,18.8766
2026-06-15 16:40:26.531,John,right,58.617,3517,,,,,,,0.9572,2.3718,0.9973,5.9968,5.9968,18.2722
2026-06-15 16:40:26.562,John,right,58.650,3519,,,,,,,1.0059,2.4378,1.0503,6.0452,6.0452,19.9359
2026-06-15 16:40:26.592,John,right,58.683,3521,,,,,,,1.0719,2.5175,1.2261,6.1835,6.1835,21.6096
2026-06-15 16:40:26.623,John,right,58.717,3523,,,,,,,1.0817,2.5337,1.3864,6.2097,6.2097,21.9597
2026-06-15 16:40:26.654,John,right,58.750,3525,,,,,,,1.0518,2.5739,1.4419,6.2795,6.2795,22.6856
2026-06-15 16:40:26.685,John,right,58.767,3526,,,,,,,1.0338,2.5543,1.5339,6.2994,6.2994,22.9618
2026-06-15 16:40:26.715,John,right,58.800,3528,,,,,,,1.0023,2.5749,1.6061,6.3339,6.3339,23.2182
2026-06-15 16:40:26.746,John,right,58.833,3530,,,,,,,0.9574,2.5663,1.6252,6.3603,6.3603,23.0067
2026-06-15 16:40:26.776,John,right,58.867,3532,,,,,,,1.0264,2.5389,1.6456,6.3705,6.3705,23.0602
2026-06-15 16:40:26.807,John,right,58.900,3534,,,,,,,1.0401,2.5121,1.6550,6.3801,6.3801,23.4781
2026-06-15 16:40:26.838,John,right,58.933,3536,,,,,,,1.0271,2.4764,1.6565,6.4273,6.4273,23.9094
2026-06-15 16:40:26.868,John,right,58.950,3537,,,,,,,1.0389,2.4334,1.6454,6.4563,6.4563,24.1170
2026-06-15 16:40:26.899,John,right,58.983,3539,,,,,,,1.0461,2.3835,1.5975,6.3716,6.3716,24.2899
2026-06-15 16:40:26.930,John,right,59.017,3541,,,,,,,1.0420,2.3311,1.5543,6.3815,6.3815,24.3865
2026-06-15 16:40:26.960,John,right,59.050,3543,,,,,,,1.0357,2.3111,1.5341,6.3985,6.3985,24.6093
2026-06-15 16:40:26.991,John,right,59.083,3545,,,,,,,1.1087,2.2703,1.5376,6.2919,6.2919,24.3398
2026-06-15 16:40:27.021,John,right,59.117,3547,,,,,,,1.1239,2.2064,1.5172,6.1778,6.1778,24.4496
2026-06-15 16:40:27.052,John,right,59.133,3548,,,,,,,1.1149,2.1502,1.4899,6.2440,6.2440,24.8003
2026-06-15 16:40:27.082,John,right,59.167,3550,,,,,,,1.1187,2.0393,1.4815,6.2227,6.2227,24.9477
2026-06-15 16:40:27.112,John,right,59.200,3552,,,,,,,1.1240,1.9981,1.4807,6.2500,6.2500,25.0165
2026-06-15 16:40:27.143,John,right,59.233,3554,,,,,,,1.1231,1.9212,1.4810,6.2412,6.2412,25.1741
2026-06-15 16:40:27.173,John,right,59.267,3556,,,,,,,0.7760,1.9409,1.2368,5.8198,5.8198,25.5769
2026-06-15 16:40:27.204,John,right,59.283,3557,,,,,,,0.9223,1.9482,1.0739,5.7518,5.7518,25.4518
2026-06-15 16:40:27.235,John,right,59.317,3559,,,,,,,0.8007,1.9622,0.9854,5.5755,5.5755,25.3411
2026-06-15 16:40:27.265,John,right,59.350,3561,,,,,,,0.7450,1.9511,0.8749,5.4285,5.4285,25.1897
2026-06-15 16:40:27.301,John,right,59.383,3563,,,,,,,0.9262,1.8565,0.7858,5.5129,5.5129,24.9115
2026-06-15 16:40:27.331,John,right,59.417,3565,,,,,,,1.1525,1.7291,0.9787,5.7713,5.7713,24.8737
2026-06-15 16:40:27.362,John,right,59.450,3567,,,,,,,1.1244,1.6748,1.0283,5.6452,5.6452,24.9418
2026-06-15 16:40:27.392,John,right,59.467,3568,,,,,,,1.1401,1.7170,1.0273,5.5912,5.5912,24.7281
2026-06-15 16:40:27.423,John,right,59.500,3570,,,,,,,1.2572,1.6857,1.1011,5.7473,5.7473,24.6925
2026-06-15 16:40:27.454,John,right,59.517,3571,,,,,,,1.3233,1.6268,1.2424,5.8988,5.8988,24.7511
2026-06-15 16:40:27.484,John,right,59.550,3573,,,,,,,1.3513,1.5613,1.3339,5.9700,5.9700,24.8149
2026-06-15 16:40:27.515,John,right,59.583,3575,,,,,,,1.3851,1.5064,1.4149,6.0505,6.0505,24.9217
2026-06-15 16:40:27.545,John,right,59.617,3577,,,,,,,1.4673,1.4727,1.4674,6.0854,6.0854,24.6134
2026-06-15 16:40:27.576,John,right,59.650,3579,,,,,,,1.4860,1.4612,1.4873,6.1075,6.1075,24.5550
2026-06-15 16:40:27.606,John,right,59.683,3581,,,,,,,1.5233,1.4001,1.5213,6.0071,6.0071,23.9551
2026-06-15 16:40:27.637,John,right,59.700,3582,,,,,,,1.2964,1.3947,1.4171,5.5194,5.5194,23.8495
2026-06-15 16:40:27.667,John,right,59.733,3584,,,,,,,1.2660,1.3628,1.2272,5.3683,5.3683,23.3588
2026-06-15 16:40:27.698,John,right,59.767,3586,,,,,,,1.3533,1.3564,1.2498,5.5226,5.5226,23.2319
2026-06-15 16:40:27.729,John,right,59.800,3588,,,,,,,1.4998,1.3881,1.3439,5.7444,5.7444,23.1803
2026-06-15 16:40:27.760,John,right,59.833,3590,,,,,,,1.5386,1.4039,1.4520,5.9399,5.9399,23.9589
2026-06-15 16:40:27.791,John,right,59.867,3592,,,,,,,1.1666,1.4140,1.2540,5.4084,5.4084,24.7349
2026-06-15 16:40:27.821,John,right,59.900,3594,,,,,,,1.3998,1.3566,1.2738,5.7712,5.7712,24.9166
2026-06-15 16:40:27.852,John,right,59.917,3595,,,,,,,1.4883,1.3629,1.3183,5.8270,5.8270,24.5432
2026-06-15 16:40:27.882,John,right,59.950,3597,,,,,,,1.2389,1.3852,1.1311,5.2501,5.2501,24.4505
2026-06-15 16:40:27.912,John,right,59.983,3599,,,,,,,1.1940,1.3676,1.0050,5.1489,5.1489,24.2435
2026-06-15 16:40:27.943,John,right,60.017,3601,,,,,,,1.4589,1.3476,1.0583,5.5784,5.5784,24.3447
2026-06-15 16:40:27.973,John,right,60.050,3603,,,,,,,1.2561,1.3454,1.1347,5.4886,5.4886,24.7220
2026-06-15 16:40:28.004,John,right,60.083,3605,,,,,,,1.3314,1.3277,1.1686,5.7332,5.7332,25.0726
2026-06-15 16:40:28.035,John,right,60.100,3606,,,,,,,1.4679,1.3673,1.3034,5.9368,5.9368,25.0412
2026-06-15 16:40:28.065,John,right,60.133,3608,,,,,,,1.5226,1.4062,1.4638,5.9570,5.9570,24.3183
2026-06-15 16:40:28.096,John,right,60.167,3610,,,,,,,1.5784,1.4522,1.5851,5.8369,5.8369,23.3531
2026-06-15 16:40:28.126,John,right,60.200,3612,,,,,,,1.3808,1.5333,1.4050,5.6505,5.6505,23.8923
2026-06-15 16:40:28.157,John,right,60.233,3614,,,,,,,1.3016,1.6215,1.1946,5.5616,5.5616,24.2825
2026-06-15 16:40:28.188,John,right,60.250,3615,,,,,,,1.0794,1.7394,1.0625,5.2269,5.2269,24.4974
2026-06-15 16:40:28.219,John,right,60.283,3617,,,,,,,1.1193,1.7838,0.9149,5.3254,5.3254,24.9615
2026-06-15 16:40:28.249,John,right,60.317,3619,,,,,,,1.2839,1.7447,1.0464,5.6904,5.6904,24.5880
2026-06-15 16:40:28.280,John,right,60.350,3621,,,,,,,1.2591,1.8539,1.1295,5.9411,5.9411,24.8031
2026-06-15 16:40:28.312,John,right,60.383,3623,,,,,,,0.9910,2.0545,1.1597,5.7040,5.7040,24.7528
2026-06-15 16:40:28.343,John,right,60.417,3625,,,,,,,1.0694,2.1156,1.1980,5.9347,5.9347,24.6023
2026-06-15 16:40:28.374,John,right,60.450,3627,,,,,,,1.0800,2.1518,1.2959,6.0374,6.0374,24.4479
2026-06-15 16:40:28.404,John,right,60.467,3628,,,,,,,1.0824,2.2143,1.3768,6.1129,6.1129,24.2360
2026-06-15 16:40:28.435,John,right,60.500,3630,,,,,,,1.0860,2.2458,1.4266,6.1752,6.1752,24.1309
2026-06-15 16:40:28.465,John,right,60.533,3632,,,,,,,1.0726,2.2954,1.5215,6.2696,6.2696,23.8164
2026-06-15 16:40:28.496,John,right,60.567,3634,,,,,,,1.0224,2.3190,1.5831,6.2897,6.2897,23.2782
2026-06-15 16:40:28.526,John,right,60.600,3636,,,,,,,1.0002,2.3973,1.6242,6.2692,6.2692,22.6238
2026-06-15 16:40:28.557,John,right,60.633,3638,,,,,,,0.9666,2.4398,1.6418,6.2661,6.2661,22.4130
2026-06-15 16:40:28.588,John,right,60.667,3640,,,,,,,0.9994,2.4756,1.6402,6.2706,6.2706,22.6480
2026-06-15 16:40:28.618,John,right,60.683,3641,,,,,,,1.0509,2.5854,1.5997,6.1939,6.1939,22.7172
2026-06-15 16:40:28.649,John,right,60.717,3643,,,,,,,1.0496,2.5987,1.5692,6.1882,6.1882,22.8466
2026-06-15 16:40:28.679,John,right,60.750,3645,,,,,,,1.0617,2.5516,1.5355,6.1790,6.1790,22.4099
2026-06-15 16:40:28.710,John,right,60.783,3647,,,,,,,1.0096,2.5046,1.5159,6.2070,6.2070,22.4509
2026-06-15 16:40:28.741,John,right,60.817,3649,,,,,,,0.9847,2.5165,1.5370,6.2407,6.2407,22.8395
2026-06-15 16:40:28.772,John,right,60.850,3651,,,,,,,0.9116,2.5530,1.5972,6.2751,6.2751,22.8918
2026-06-15 16:40:28.802,John,right,60.867,3652,,,,,,,0.8729,2.5838,1.6360,6.2722,6.2722,22.9395
2026-06-15 16:40:28.833,John,right,60.900,3654,,,,,,,0.8805,2.5601,1.6283,6.2398,6.2398,22.3774
2026-06-15 16:40:28.864,John,right,60.933,3656,,,,,,,0.8537,2.5338,1.6302,6.2509,6.2509,22.5075
2026-06-15 16:40:28.895,John,right,60.967,3658,,,,,,,0.8157,2.5550,1.6654,6.2355,6.2355,22.5918
2026-06-15 16:40:28.926,John,right,61.000,3660,,,,,,,0.8390,2.5659,1.6518,6.1360,6.1360,21.7324
2026-06-15 16:40:28.957,John,right,61.033,3662,,,,,,,0.9101,2.5742,1.5912,5.9498,5.9498,20.5218
2026-06-15 16:40:28.987,John,right,61.050,3663,,,,,,,0.9332,2.6031,1.5067,5.7979,5.7979,19.2008
2026-06-15 16:40:29.018,John,right,61.083,3665,,,,,,,0.6420,2.6494,1.5066,5.9346,5.9346,19.3548
2026-06-15 16:40:29.048,John,right,61.117,3667,,,,,,,0.7877,2.5360,1.3543,5.5925,5.5925,16.0229
2026-06-15 16:40:29.078,John,right,61.150,3669,,,,,,,0.7563,2.5344,1.2498,5.5606,5.5606,15.7823
2026-06-15 16:40:29.110,John,right,61.183,3671,,,,,,,0.7037,2.4984,1.2367,5.5857,5.5857,15.9628
2026-06-15 16:40:29.141,John,right,61.217,3673,,,,,,,0.7723,2.4166,1.1453,5.4919,5.4919,15.1629
2026-06-15 16:40:29.172,John,right,61.250,3675,,,,,,,0.7163,2.4556,1.1303,5.5664,5.5664,16.0287
2026-06-15 16:40:29.202,John,right,61.267,3676,,,,,,,0.7619,2.3695,1.0724,5.4682,5.4682,14.7571
2026-06-15 16:40:29.233,John,right,61.300,3678,,,,,,,0.7471,2.3144,1.0351,5.5009,5.5009,14.5211
2026-06-15 16:40:29.263,John,right,61.333,3680,,,,,,,0.7380,2.2592,1.0152,5.4263,5.4263,14.1064
2026-06-15 16:40:29.294,John,right,61.367,3682,,,,,,,0.7034,2.2325,1.0129,5.4381,5.4381,14.2363
2026-06-15 16:40:29.325,John,right,61.400,3684,,,,,,,0.6891,2.2177,1.0059,5.4418,5.4418,14.0541
2026-06-15 16:40:29.356,John,right,61.433,3686,,,,,,,0.3730,2.2839,1.1883,5.8722,5.8722,17.3321
2026-06-15 16:40:29.386,John,right,61.450,3687,,,,,,,0.3049,2.1969,1.3014,5.8407,5.8407,16.4267
2026-06-15 16:40:29.417,John,right,61.483,3689,,,,,,,0.4729,2.0544,1.2642,5.4588,5.4588,13.8564
2026-06-15 16:40:29.447,John,right,61.517,3691,,,,,,,0.2631,2.0234,1.1966,5.7189,5.7189,15.5069
2026-06-15 16:40:29.478,John,right,61.550,3693,,,,,,,0.0890,2.0329,1.2664,5.8782,5.8782,16.4714
2026-06-15 16:40:29.508,John,right,61.583,3695,,,,,,,-0.0904,2.0560,1.4646,5.9849,5.9849,17.1161
2026-06-15 16:40:29.539,John,right,61.617,3697,,,,,,,-0.1491,2.0183,1.5985,6.0675,6.0675,17.4590
2026-06-15 16:40:29.569,John,right,61.633,3698,,,,,,,0.1505,1.8221,1.4299,5.5662,5.5662,14.4862
2026-06-15 16:40:29.600,John,right,61.667,3700,,,,,,,0.2298,1.7325,1.3315,5.4476,5.4476,13.9005
2026-06-15 16:40:29.631,John,right,61.700,3702,,,,,,,0.3092,1.6335,1.1639,5.3781,5.3781,13.4219
2026-06-15 16:40:29.661,John,right,61.733,3704,,,,,,,0.1240,1.7580,1.2343,5.6875,5.6875,15.7349
2026-06-15 16:40:29.692,John,right,61.767,3706,,,,,,,0.0040,1.7818,1.3552,5.8318,5.8318,16.7653
2026-06-15 16:40:29.722,John,right,61.800,3708,,,,,,,-0.0397,1.8090,1.4811,5.8646,5.8646,17.1223
2026-06-15 16:40:29.753,John,right,61.817,3709,,,,,,,-0.1598,1.7793,1.5440,5.9993,5.9993,17.5208
2026-06-15 16:40:29.783,John,right,61.850,3711,,,,,,,-0.2022,1.7527,1.6087,5.9792,5.9792,17.6306
2026-06-15 16:40:29.814,John,right,61.883,3713,,,,,,,-0.2287,1.7044,1.7287,5.9672,5.9672,18.1539
2026-06-15 16:40:29.845,John,right,61.917,3715,,,,,,,-0.2219,1.7222,1.8416,5.8408,5.8408,17.6650
2026-06-15 16:40:29.877,John,right,61.933,3716,,,,,,,-0.2071,1.6880,1.8730,5.8086,5.8086,17.2674
2026-06-15 16:40:29.907,John,right,61.983,3719,,,,,,,-0.1784,1.7197,1.9148,5.7618,5.7618,17.0831
2026-06-15 16:40:29.938,John,right,62.017,3721,,,,,,,-0.2800,1.7013,1.9531,5.7978,5.7978,17.2481
2026-06-15 16:40:29.968,John,right,62.033,3722,,,,,,,-0.2717,1.7276,1.9381,5.7790,5.7790,17.1496
2026-06-15 16:40:29.999,John,right,62.067,3724,,,,,,,-0.2712,1.8025,1.8922,5.7927,5.7927,16.5109
2026-06-15 16:40:30.029,John,right,62.100,3726,,,,,,,-0.2815,1.7753,1.8686,5.8003,5.8003,16.9361
2026-06-15 16:40:30.060,John,right,62.133,3728,,,,,,,-0.2843,1.7128,1.8369,5.8649,5.8649,17.1758
2026-06-15 16:40:30.090,John,right,62.167,3730,,,,,,,-0.3123,1.6707,1.8013,5.9199,5.9199,17.0273
2026-06-15 16:40:30.121,John,right,62.200,3732,,,,,,,-0.1410,1.6924,1.7702,5.5947,5.5947,16.5014
2026-06-15 16:40:30.152,John,right,62.217,3733,,,,,,,0.0336,1.7113,1.7057,5.2253,5.2253,16.0505
2026-06-15 16:40:30.182,John,right,62.250,3735,,,,,,,0.0911,1.5950,1.6836,5.0550,5.0550,15.1083
2026-06-15 16:40:30.213,John,right,62.283,3737,,,,,,,-0.0786,1.6065,1.6866,5.2402,5.2402,15.6632
2026-06-15 16:40:30.243,John,right,62.317,3739,,,,,,,-0.1954,1.6984,1.8017,5.2757,5.2757,16.6120
2026-06-15 16:40:30.274,John,right,62.350,3741,,,,,,,-0.2461,1.7244,1.8359,5.3621,5.3621,17.0706
2026-06-15 16:40:30.305,John,right,62.383,3743,,,,,,,-0.2674,1.7446,1.8541,5.4502,5.4502,17.3371
2026-06-15 16:40:30.336,John,right,62.400,3744,,,,,,,-0.2824,1.7125,1.8727,5.5539,5.5539,17.6066
2026-06-15 16:40:30.366,John,right,62.433,3746,,,,,,,-0.2388,1.7243,1.9076,5.4704,5.4704,17.6511
2026-06-15 16:40:30.397,John,right,62.467,3748,,,,,,,-0.1352,1.7534,1.9026,5.4794,5.4794,17.1259
2026-06-15 16:40:30.428,John,right,62.500,3750,,,,,,,-0.1898,1.7238,1.8623,5.6770,5.6770,17.4207
2026-06-15 16:40:30.459,John,right,62.533,3752,,,,,,,-0.2633,1.6926,1.7797,5.8632,5.8632,17.9003
2026-06-15 16:40:30.489,John,right,62.567,3754,,,,,,,-0.1442,1.7700,1.7537,5.6115,5.6115,17.2236
2026-06-15 16:40:30.520,John,right,62.583,3755,,,,,,,-0.1163,1.8075,1.7050,5.6211,5.6211,17.0216
2026-06-15 16:40:30.550,John,right,62.617,3757,,,,,,,-0.1476,1.8484,1.6680,5.6528,5.6528,17.1005
2026-06-15 16:40:30.581,John,right,62.650,3759,,,,,,,-0.0987,1.8449,1.6209,5.8215,5.8215,17.4804
2026-06-15 16:40:30.612,John,right,62.683,3761,,,,,,,-0.1584,1.9200,1.6502,5.7049,5.7049,17.1052
2026-06-15 16:40:30.643,John,right,62.717,3763,,,,,,,-0.2124,1.9418,1.6696,5.7062,5.7062,17.0455
2026-06-15 16:40:30.674,John,right,62.750,3765,,,,,,,-0.2295,2.0009,1.6816,5.8223,5.8223,17.6549
2026-06-15 16:40:30.704,John,right,62.783,3767,,,,,,,-0.1000,1.9551,1.5621,5.7485,5.7485,16.8261
2026-06-15 16:40:30.735,John,right,62.800,3768,,,,,,,-0.1461,1.9930,1.5681,5.8165,5.8165,17.2032
2026-06-15 16:40:30.765,John,right,62.833,3770,,,,,,,-0.0491,1.9558,1.4829,5.6830,5.6830,16.4247
2026-06-15 16:40:30.796,John,right,62.867,3772,,,,,,,0.0373,1.9216,1.4028,5.6568,5.6568,15.3826
2026-06-15 16:40:30.826,John,right,62.900,3774,,,,,,,0.0308,1.9921,1.3289,5.6910,5.6910,15.7235
2026-06-15 16:40:30.857,John,right,62.933,3776,,,,,,,0.1094,2.0910,1.2165,5.7122,5.7122,15.7802
2026-06-15 16:40:30.887,John,right,62.950,3777,,,,,,,0.3011,2.0476,1.0899,5.5190,5.5190,14.2944
2026-06-15 16:40:30.918,John,right,62.983,3779,,,,,,,0.3080,2.1164,1.0551,5.4588,5.4588,14.8138
2026-06-15 16:40:30.949,John,right,63.017,3781,,,,,,,0.4024,2.0187,0.9982,5.3610,5.3610,14.0631
2026-06-15 16:40:30.979,John,right,63.050,3783,,,,,,,0.4506,2.1134,0.9725,5.3556,5.3556,13.9068
2026-06-15 16:40:31.010,John,right,63.083,3785,,,,,,,0.5096,2.0272,0.9152,5.3608,5.3608,13.8881
2026-06-15 16:40:31.040,John,right,63.117,3787,,,,,,,0.5473,1.9448,0.8765,5.3750,5.3750,14.4308
2026-06-15 16:40:31.071,John,right,63.150,3789,,,,,,,0.5678,1.9685,0.8476,5.4393,5.4393,14.5839
2026-06-15 16:40:31.101,John,right,63.167,3790,,,,,,,0.6256,1.9640,0.7904,5.5018,5.5018,14.8877
2026-06-15 16:40:31.132,John,right,63.200,3792,,,,,,,0.6890,1.9971,0.7718,5.6160,5.6160,14.7518
2026-06-15 16:40:31.162,John,right,63.233,3794,,,,,,,0.7896,2.0426,0.7590,5.6862,5.6862,14.4768
2026-06-15 16:40:31.193,John,right,63.267,3796,,,,,,,0.7817,2.0995,0.7655,5.6730,5.6730,14.6866
2026-06-15 16:40:31.224,John,right,63.300,3798,,,,,,,0.7639,2.3974,0.8114,5.5925,5.5925,15.2275
2026-06-15 16:40:31.255,John,right,63.333,3800,,,,,,,0.7998,2.4504,0.8138,5.6071,5.6071,15.7065
2026-06-15 16:40:31.285,John,right,63.350,3801,,,,,,,0.8676,2.5238,0.7978,5.5988,5.5988,16.2540
2026-06-15 16:40:31.315,John,right,63.383,3803,,,,,,,0.9343,2.4937,0.7747,5.5375,5.5375,15.8475
2026-06-15 16:40:31.346,John,right,63.417,3805,,,,,,,0.9848,2.4475,0.7435,5.5132,5.5132,15.5584
2026-06-15 16:40:31.377,John,right,63.450,3807,,,,,,,1.0399,2.3887,0.6848,5.4762,5.4762,15.2725
2026-06-15 16:40:31.408,John,right,63.483,3809,,,,,,,1.0837,2.3554,0.6532,5.4471,5.4471,15.4968
2026-06-15 16:40:31.438,John,right,63.517,3811,,,,,,,1.1418,2.3665,0.6583,5.4107,5.4107,15.6659
2026-06-15 16:40:31.469,John,right,63.533,3812,,,,,,,1.0501,2.4551,0.7560,5.6730,5.6730,17.9876
2026-06-15 16:40:31.500,John,right,63.567,3814,,,,,,,1.1064,2.4279,0.7889,5.5919,5.5919,17.2418
2026-06-15 16:40:31.531,John,right,63.600,3816,,,,,,,1.0327,2.3983,0.8222,5.8180,5.8180,18.3602
2026-06-15 16:40:31.561,John,right,63.633,3818,,,,,,,1.1677,2.3750,0.8138,5.6388,5.6388,16.9420
2026-06-15 16:40:31.592,John,right,63.667,3820,,,,,,,1.2601,2.3171,0.7681,5.6106,5.6106,16.2796
2026-06-15 16:40:31.623,John,right,63.700,3822,,,,,,,1.3483,2.2370,0.7265,5.5641,5.5641,16.3205
2026-06-15 16:40:31.654,John,right,63.717,3823,,,,,,,1.3266,2.1955,0.7537,5.6156,5.6156,17.0088
2026-06-15 16:40:31.685,John,right,63.750,3825,,,,,,,1.3641,2.1363,0.8152,5.6217,5.6217,17.6494
2026-06-15 16:40:31.716,John,right,63.783,3827,,,,,,,1.1485,2.2399,0.9982,6.0076,6.0076,20.7052
2026-06-15 16:40:31.746,John,right,63.817,3829,,,,,,,1.0785,2.3455,1.1471,6.1490,6.1490,22.0503
2026-06-15 16:40:31.777,John,right,63.850,3831,,,,,,,1.1003,2.3392,1.1933,6.1764,6.1764,22.1331
2026-06-15 16:40:31.807,John,right,63.883,3833,,,,,,,1.1133,2.3421,1.2438,6.2150,6.2150,22.3262
2026-06-15 16:40:31.838,John,right,63.917,3835,,,,,,,1.1654,2.3214,1.2755,6.1884,6.1884,22.1898
2026-06-15 16:40:31.868,John,right,63.933,3836,,,,,,,1.0530,2.3536,1.3537,6.2414,6.2414,22.4343
2026-06-15 16:40:31.899,John,right,63.967,3838,,,,,,,1.0757,2.3483,1.4173,6.3089,6.3089,23.4618
2026-06-15 16:40:31.929,John,right,64.000,3840,,,,,,,1.0745,2.2882,1.4315,6.3766,6.3766,24.1165
2026-06-15 16:40:31.960,John,right,64.033,3842,,,,,,,1.0621,2.2505,1.4441,6.4041,6.4041,24.5582
2026-06-15 16:40:31.990,John,right,64.067,3844,,,,,,,1.0873,2.1601,1.4144,6.3836,6.3836,24.1300
2026-06-15 16:40:32.021,John,right,64.083,3845,,,,,,,1.0936,2.0944,1.3674,6.3402,6.3402,24.1361
2026-06-15 16:40:32.051,John,right,64.117,3847,,,,,,,0.9535,2.0802,1.2447,6.0699,6.0699,24.1504
2026-06-15 16:40:32.081,John,right,64.150,3849,,,,,,,0.9580,2.1606,0.9954,5.8238,5.8238,24.1105
2026-06-15 16:40:32.112,John,right,64.183,3851,,,,,,,0.7484,2.1907,0.8461,5.5848,5.5848,24.3630
2026-06-15 16:40:32.142,John,right,64.217,3853,,,,,,,0.8633,2.1898,0.6914,5.5429,5.5429,24.6168
2026-06-15 16:40:32.173,John,right,64.250,3855,,,,,,,1.0519,2.0447,0.8234,5.8213,5.8213,24.5021
2026-06-15 16:40:32.204,John,right,64.267,3856,,,,,,,1.1431,1.9214,1.0037,5.8990,5.8990,24.7897
2026-06-15 16:40:32.234,John,right,64.300,3858,,,,,,,1.1633,1.8863,1.0711,5.8885,5.8885,24.6558
2026-06-15 16:40:32.265,John,right,64.333,3860,,,,,,,0.7551,2.0425,0.8681,5.3491,5.3491,25.2862
2026-06-15 16:40:32.295,John,right,64.367,3862,,,,,,,0.7730,1.9400,0.7770,5.3129,5.3129,25.8152
2026-06-15 16:40:32.326,John,right,64.400,3864,,,,,,,1.1032,1.7881,0.8880,5.7559,5.7559,25.7382
2026-06-15 16:40:32.357,John,right,64.433,3866,,,,,,,1.3238,1.6620,1.0727,5.9501,5.9501,25.0026
2026-06-15 16:40:32.387,John,right,64.450,3867,,,,,,,1.3238,1.6620,1.0727,5.9501,5.9501,25.0026
2026-06-15 16:40:32.418,John,right,64.483,3869,,,,,,,1.3821,1.5938,1.2475,6.0737,6.0737,25.4353
2026-06-15 16:40:32.448,John,right,64.517,3871,,,,,,,1.4438,1.5522,1.3746,6.1017,6.1017,25.1989
2026-06-15 16:40:32.479,John,right,64.550,3873,,,,,,,1.2880,1.5890,1.2785,5.7774,5.7774,25.4621
2026-06-15 16:40:32.509,John,right,64.583,3875,,,,,,,1.4290,1.5212,1.3514,5.8316,5.8316,23.7117
2026-06-15 16:40:32.540,John,right,64.617,3877,,,,,,,1.4815,1.4837,1.3949,5.8376,5.8376,23.2206
2026-06-15 16:40:32.570,John,right,64.633,3878,,,,,,,1.2834,1.4625,1.3275,5.5178,5.5178,23.3945
2026-06-15 16:40:32.601,John,right,64.667,3880,,,,,,,1.4023,1.4267,1.2928,5.6672,5.6672,22.9970
2026-06-15 16:40:32.631,John,right,64.700,3882,,,,,,,1.4861,1.4099,1.3166,5.8249,5.8249,23.6047
2026-06-15 16:40:32.662,John,right,64.733,3884,,,,,,,1.4902,1.4192,1.3424,5.8759,5.8759,23.3970
2026-06-15 16:40:32.693,John,right,64.767,3886,,,,,,,1.5206,1.4212,1.4171,5.9076,5.9076,23.0870
2026-06-15 16:40:32.723,John,right,64.800,3888,,,,,,,1.1651,1.5547,1.2228,5.2441,5.2441,23.3586
2026-06-15 16:40:32.754,John,right,64.817,3889,,,,,,,1.3665,1.4862,1.2566,5.6062,5.6062,23.3951
2026-06-15 16:40:32.785,John,right,64.850,3891,,,,,,,1.4596,1.4456,1.3210,5.7703,5.7703,23.3967
2026-06-15 16:40:32.815,John,right,64.883,3893,,,,,,,1.2984,1.4935,1.2610,5.4572,5.4572,23.2529
2026-06-15 16:40:32.846,John,right,64.917,3895,,,,,,,1.4496,1.4253,1.2716,5.6395,5.6395,23.0166
2026-06-15 16:40:32.876,John,right,64.950,3897,,,,,,,1.3777,1.4273,1.2044,5.5254,5.5254,23.1991
2026-06-15 16:40:32.907,John,right,64.983,3899,,,,,,,1.2901,1.4049,1.1073,5.4742,5.4742,24.1437
2026-06-15 16:40:32.937,John,right,65.000,3900,,,,,,,1.4361,1.3948,1.2058,5.8707,5.8707,24.6709
2026-06-15 16:40:32.968,John,right,65.033,3902,,,,,,,1.4506,1.3823,1.2617,5.9611,5.9611,24.8748
2026-06-15 16:40:32.998,John,right,65.067,3904,,,,,,,1.2261,1.5545,1.2190,5.5485,5.5485,25.2825
2026-06-15 16:40:33.029,John,right,65.100,3906,,,,,,,1.4120,1.4938,1.2591,5.8695,5.8695,25.2782
2026-06-15 16:40:33.060,John,right,65.133,3908,,,,,,,1.4220,1.4986,1.3054,5.9209,5.9209,25.4032
2026-06-15 16:40:33.090,John,right,65.167,3910,,,,,,,1.4532,1.5333,1.3952,6.0398,6.0398,25.5186
2026-06-15 16:40:33.121,John,right,65.200,3912,,,,,,,1.1949,1.5606,1.3105,5.6919,5.6919,25.5656
2026-06-15 16:40:33.151,John,right,65.217,3913,,,,,,,1.0074,1.6955,1.0171,5.1764,5.1764,24.9033
2026-06-15 16:40:33.182,John,right,65.250,3915,,,,,,,1.1246,1.7272,0.8999,5.3997,5.3997,25.0642
2026-06-15 16:40:33.213,John,right,65.283,3917,,,,,,,1.1007,1.7598,0.8695,5.5371,5.5371,25.0678
2026-06-15 16:40:33.244,John,right,65.317,3919,,,,,,,1.2438,1.7793,0.9599,5.7988,5.7988,24.6044
2026-06-15 16:40:33.274,John,right,65.350,3921,,,,,,,1.2177,1.7897,1.0075,5.9093,5.9093,24.7830
2026-06-15 16:40:33.305,John,right,65.383,3923,,,,,,,1.2358,1.8102,1.1000,5.9756,5.9756,24.7975
2026-06-15 16:40:33.336,John,right,65.400,3924,,,,,,,1.1817,1.8863,1.1373,5.9356,5.9356,24.6794
2026-06-15 16:40:33.367,John,right,65.433,3926,,,,,,,1.1645,2.0030,1.1676,6.0534,6.0534,24.7595
2026-06-15 16:40:33.397,John,right,65.467,3928,,,,,,,1.1203,2.1459,1.2701,6.2281,6.2281,24.9036
2026-06-15 16:40:33.428,John,right,65.500,3930,,,,,,,1.0670,2.2534,1.3524,6.1934,6.1934,24.5357
2026-06-15 16:40:33.458,John,right,65.533,3932,,,,,,,0.9792,2.3279,1.4090,6.2186,6.2186,24.4885
2026-06-15 16:40:33.489,John,right,65.567,3934,,,,,,,0.9630,2.3875,1.4589,6.2711,6.2711,24.3465
2026-06-15 16:40:33.519,John,right,65.583,3935,,,,,,,0.9532,2.4550,1.5050,6.2973,6.2973,24.2729
2026-06-15 16:40:33.550,John,right,65.617,3937,,,,,,,0.9762,2.4956,1.5238,6.2852,6.2852,23.9076
2026-06-15 16:40:33.580,John,right,65.650,3939,,,,,,,0.9829,2.5651,1.5503,6.2952,6.2952,23.5887
2026-06-15 16:40:33.611,John,right,65.683,3941,,,,,,,1.0322,2.5683,1.5650,6.2802,6.2802,23.0881
2026-06-15 16:40:33.641,John,right,65.717,3943,,,,,,,1.0855,2.6201,1.5704,6.2170,6.2170,22.1945
2026-06-15 16:40:33.672,John,right,65.750,3945,,,,,,,1.0837,2.6313,1.5621,6.1926,6.1926,22.0620
2026-06-15 16:40:33.702,John,right,65.767,3946,,,,,,,0.9635,2.6530,1.6003,6.2796,6.2796,22.9852
2026-06-15 16:40:33.733,John,right,65.800,3948,,,,,,,0.8860,2.6921,1.6180,6.2746,6.2746,22.6842
2026-06-15 16:40:33.763,John,right,65.833,3950,,,,,,,0.8615,2.7023,1.6206,6.2556,6.2556,22.6742
2026-06-15 16:40:33.794,John,right,65.867,3952,,,,,,,0.8652,2.6592,1.6007,6.2419,6.2419,22.1411
2026-06-15 16:40:33.824,John,right,65.900,3954,,,,,,,0.7997,2.6446,1.5712,6.2347,6.2347,21.7791
2026-06-15 16:40:33.855,John,right,65.933,3956,,,,,,,0.7535,2.6599,1.5693,6.2405,6.2405,21.9264
2026-06-15 16:40:33.885,John,right,65.950,3957,,,,,,,0.8370,2.6402,1.4659,6.0098,6.0098,19.8920
2026-06-15 16:40:33.916,John,right,65.983,3959,,,,,,,0.8446,2.6244,1.3671,5.9407,5.9407,19.1462
2026-06-15 16:40:33.946,John,right,66.017,3961,,,,,,,0.8626,2.6371,1.3228,5.8172,5.8172,18.5500
2026-06-15 16:40:33.976,John,right,66.050,3963,,,,,,,0.8620,2.6315,1.3085,5.8154,5.8154,18.3108
2026-06-15 16:40:34.007,John,right,66.083,3965,,,,,,,0.6981,2.6390,1.3874,6.0182,6.0182,19.9327
2026-06-15 16:40:34.037,John,right,66.100,3966,,,,,,,0.6490,2.6458,1.4662,6.0505,6.0505,20.3960
2026-06-15 16:40:34.068,John,right,66.133,3968,,,,,,,0.5574,2.6676,1.5628,6.0332,6.0332,19.9636
2026-06-15 16:40:34.099,John,right,66.167,3970,,,,,,,0.4716,2.6577,1.6823,6.0252,6.0252,19.4758
2026-06-15 16:40:34.129,John,right,66.200,3972,,,,,,,0.5306,2.6584,1.6857,5.9047,5.9047,18.6601
2026-06-15 16:40:34.159,John,right,66.233,3974,,,,,,,0.5457,2.6063,1.5980,5.8427,5.8427,18.1639
2026-06-15 16:40:34.190,John,right,66.267,3976,,,,,,,0.4812,2.5878,1.5665,5.6044,5.6044,16.2562
2026-06-15 16:40:34.221,John,right,66.283,3977,,,,,,,0.5603,2.5259,1.3828,5.2459,5.2459,13.6739
2026-06-15 16:40:34.251,John,right,66.317,3979,,,,,,,0.5691,2.4672,1.2946,5.1487,5.1487,12.9349
2026-06-15 16:40:34.282,John,right,66.350,3981,,,,,,,0.5979,2.4479,1.2084,5.0574,5.0574,12.1682
2026-06-15 16:40:34.312,John,right,66.383,3983,,,,,,,0.5287,2.3604,1.1048,5.1261,5.1261,12.6803
2026-06-15 16:40:34.343,John,right,66.417,3985,,,,,,,0.5000,2.2770,1.0309,5.1124,5.1124,13.1632
2026-06-15 16:40:34.374,John,right,66.450,3987,,,,,,,0.4072,2.2990,1.0106,5.2457,5.2457,14.4753
2026-06-15 16:40:34.405,John,right,66.483,3989,,,,,,,0.3088,2.3109,1.0526,5.4199,5.4199,15.5277
2026-06-15 16:40:34.436,John,right,66.500,3990,,,,,,,0.2986,2.2140,1.0721,5.3673,5.3673,14.6364
2026-06-15 16:40:34.467,John,right,66.533,3992,,,,,,,0.3021,2.1853,1.0740,5.3216,5.3216,14.8044
2026-06-15 16:40:34.497,John,right,66.567,3994,,,,,,,0.3070,2.0920,1.0467,5.2052,5.2052,13.7305
2026-06-15 16:40:34.528,John,right,66.600,3996,,,,,,,0.0755,2.0876,1.0904,5.4317,5.4317,14.4693
2026-06-15 16:40:34.558,John,right,66.633,3998,,,,,,,0.1128,2.0398,1.1215,5.2994,5.2994,13.6902
2026-06-15 16:40:34.589,John,right,66.667,4000,,,,,,,0.0292,2.0939,1.2116,5.4390,5.4390,15.0242
2026-06-15 16:40:34.619,John,right,66.683,4001,,,,,,,-0.1071,2.0412,1.4012,5.7670,5.7670,16.7346
2026-06-15 16:40:34.649,John,right,66.717,4003,,,,,,,-0.1058,1.9567,1.4416,5.7179,5.7179,16.2566
2026-06-15 16:40:34.680,John,right,66.750,4005,,,,,,,-0.1113,1.9566,1.4897,5.7853,5.7853,16.4410
2026-06-15 16:40:34.711,John,right,66.783,4007,,,,,,,0.1026,1.9446,1.5664,5.8958,5.8958,17.9125
2026-06-15 16:40:34.741,John,right,66.817,4009,,,,,,,0.2144,1.9569,1.6229,5.9131,5.9131,18.5080
2026-06-15 16:40:34.771,John,right,66.850,4011,,,,,,,0.2339,1.9625,1.6121,5.9810,5.9810,19.1479
2026-06-15 16:40:34.802,John,right,66.867,4012,,,,,,,0.3051,1.9166,1.6163,6.0597,6.0597,19.5926
2026-06-15 16:40:34.832,John,right,66.900,4014,,,,,,,0.3668,1.9229,1.5997,6.0668,6.0668,19.5218
2026-06-15 16:40:34.863,John,right,66.933,4016,,,,,,,0.3748,1.8956,1.5887,6.1120,6.1120,19.7648
2026-06-15 16:40:34.894,John,right,66.967,4018,,,,,,,0.4088,1.9147,1.5828,6.0849,6.0849,19.7288
2026-06-15 16:40:34.924,John,right,67.000,4020,,,,,,,0.3969,1.8730,1.5926,6.1371,6.1371,19.9109
2026-06-15 16:40:34.955,John,right,67.033,4022,,,,,,,0.5521,1.9465,1.5453,5.9439,5.9439,18.6920
2026-06-15 16:40:34.986,John,right,67.050,4023,,,,,,,0.5517,1.9510,1.5168,6.0328,6.0328,19.3342
2026-06-15 16:40:35.016,John,right,67.083,4025,,,,,,,0.4866,2.0031,1.4630,6.1928,6.1928,20.3676
2026-06-15 16:40:35.047,John,right,67.117,4027,,,,,,,0.5446,2.0423,1.3911,6.0461,6.0461,19.2812
2026-06-15 16:40:35.078,John,right,67.150,4029,,,,,,,0.4818,2.0501,1.3491,6.2197,6.2197,20.2121
2026-06-15 16:40:35.108,John,right,67.183,4031,,,,,,,0.5681,2.1396,1.4326,6.0512,6.0512,20.3767
2026-06-15 16:40:35.139,John,right,67.217,4033,,,,,,,0.4968,2.1040,1.4890,6.2208,6.2208,20.7357
