timestamp,username,active_eye,playback_time_s,video_frame,left_x,left_y,left_z,left_w_mm,left_h_mm,left_area_mm2,right_x,right_y,right_z,right_w_mm,right_h_mm,right_area_mm2
2026-06-15 16:34:54.125,Kathy,right,0.050,3,,,,,,,0.1665,-0.5259,1.9834,3.2398,3.2398,7.0141
2026-06-15 16:34:54.155,Kathy,right,0.050,3,,,,,,,0.1781,-0.5214,1.9961,3.2513,3.2513,7.0105
2026-06-15 16:34:54.186,Kathy,right,0.050,3,,,,,,,0.1779,-0.5184,2.0056,3.2571,3.2571,7.0075
2026-06-15 16:34:54.217,Kathy,right,0.050,3,,,,,,,0.2190,-0.5033,2.0052,3.2201,3.2201,6.8478
2026-06-15 16:34:54.247,Kathy,right,0.050,3,,,,,,,0.1991,-0.5783,1.9857,3.1788,3.1788,6.7146
2026-06-15 16:34:54.278,Kathy,right,0.050,3,,,,,,,0.1294,-0.7131,1.9653,3.1633,3.1633,6.6803
2026-06-15 16:34:54.309,Kathy,right,0.050,3,,,,,,,0.1181,-0.7839,1.9475,3.1786,3.1786,6.7389
2026-06-15 16:34:54.340,Kathy,right,0.050,3,,,,,,,0.1029,-0.8100,1.9434,3.2241,3.2241,6.8377
2026-06-15 16:34:54.370,Kathy,right,0.050,3,,,,,,,0.0968,-0.8208,1.9454,3.2424,3.2424,6.8717
2026-06-15 16:34:54.401,Kathy,right,0.000,-1,,,,,,,0.0981,-0.8092,1.9468,3.2409,3.2409,6.8264
2026-06-15 16:34:54.432,Kathy,right,0.033,2,,,,,,,0.1075,-0.8125,1.9461,3.2327,3.2327,6.6562
2026-06-15 16:34:54.462,Kathy,right,0.050,3,,,,,,,0.1055,-0.8152,1.9443,3.2123,3.2123,6.5629
2026-06-15 16:34:54.493,Kathy,right,0.083,5,,,,,,,0.1202,-0.8203,1.9541,3.1915,3.1915,6.5394
2026-06-15 16:34:54.523,Kathy,right,0.100,6,,,,,,,0.1138,-0.8440,1.9883,3.1967,3.1967,6.4174
2026-06-15 16:34:54.554,Kathy,right,0.133,8,,,,,,,0.1167,-0.8484,1.9966,3.1783,3.1783,6.2912
2026-06-15 16:34:54.585,Kathy,right,0.167,10,,,,,,,0.1248,-0.8585,2.0102,3.1306,3.1306,6.0567
2026-06-15 16:34:54.616,Kathy,right,0.200,12,,,,,,,0.1228,-0.8562,2.0178,3.0821,3.0821,5.8567
2026-06-15 16:34:54.647,Kathy,right,0.233,14,,,,,,,0.1268,-0.8659,2.0153,3.0211,3.0211,5.6154
2026-06-15 16:34:54.677,Kathy,right,0.267,16,,,,,,,0.1211,-0.8687,2.0214,2.9923,2.9923,5.4384
2026-06-15 16:34:54.708,Kathy,right,0.300,18,,,,,,,0.1187,-0.8651,2.0242,2.9796,2.9796,5.3552
2026-06-15 16:34:54.738,Kathy,right,0.317,19,,,,,,,0.1173,-0.8632,2.0322,2.9490,2.9490,5.2479
2026-06-15 16:34:54.769,Kathy,right,0.350,21,,,,,,,-0.0691,-0.7831,2.0471,2.9568,2.9568,5.2270
2026-06-15 16:34:54.799,Kathy,right,0.383,23,,,,,,,-0.2447,-0.6621,2.0635,2.9485,2.9485,5.2138
2026-06-15 16:34:54.830,Kathy,right,0.417,25,,,,,,,-0.2895,-0.6246,2.0738,2.9504,2.9504,5.2294
2026-06-15 16:34:54.861,Kathy,right,0.450,27,,,,,,,-0.3356,-0.5779,2.0893,2.9495,2.9495,5.2096
2026-06-15 16:34:54.891,Kathy,right,0.483,29,,,,,,,-0.3574,-0.5403,2.0905,2.9317,2.9317,5.2047
2026-06-15 16:34:54.922,Kathy,right,0.500,30,,,,,,,-0.3501,-0.5412,2.0838,2.9158,2.9158,5.2030
2026-06-15 16:34:54.952,Kathy,right,0.533,32,,,,,,,-0.3457,-0.5188,2.0623,2.8945,2.8945,5.2151
2026-06-15 16:34:54.983,Kathy,right,0.567,34,,,,,,,-0.5181,-0.4694,2.0583,2.9855,2.9855,5.3058
2026-06-15 16:34:55.013,Kathy,right,0.600,36,,,,,,,-0.6035,-0.4340,2.0609,2.9762,2.9762,5.2687
2026-06-15 16:34:55.043,Kathy,right,0.633,38,,,,,,,-0.6181,-0.4078,2.0343,2.9446,2.9446,5.1607
2026-06-15 16:34:55.074,Kathy,right,0.667,40,,,,,,,-0.6221,-0.3965,1.9985,2.9390,2.9390,5.1575
2026-06-15 16:34:55.105,Kathy,right,0.683,41,,,,,,,-0.6223,-0.3911,1.9819,2.9365,2.9365,5.1980
2026-06-15 16:34:55.135,Kathy,right,0.717,43,,,,,,,-0.6354,-0.3699,1.9565,2.9746,2.9746,5.2086
2026-06-15 16:34:55.166,Kathy,right,0.750,45,,,,,,,-0.6508,-0.3610,1.9310,3.0106,3.0106,5.2130
2026-06-15 16:34:55.197,Kathy,right,0.783,47,,,,,,,-0.6553,-0.3527,1.9192,3.0237,3.0237,5.2573
2026-06-15 16:34:55.228,Kathy,right,0.817,49,,,,,,,-0.6667,-0.3365,1.9056,3.0589,3.0589,5.4964
2026-06-15 16:34:55.258,Kathy,right,0.833,50,,,,,,,-0.6719,-0.3193,1.9109,3.1127,3.1127,5.7986
2026-06-15 16:34:55.289,Kathy,right,0.867,52,,,,,,,-0.6698,-0.3219,1.9140,3.1406,3.1406,5.8945
2026-06-15 16:34:55.319,Kathy,right,0.900,54,,,,,,,-0.6656,-0.3276,1.9191,3.1593,3.1593,5.9584
2026-06-15 16:34:55.350,Kathy,right,0.933,56,,,,,,,-0.6723,-0.3333,1.9310,3.1570,3.1570,5.9673
2026-06-15 16:34:55.380,Kathy,right,0.967,58,,,,,,,-0.6678,-0.3394,1.9488,3.1412,3.1412,5.9267
2026-06-15 16:34:55.411,Kathy,right,1.000,60,,,,,,,-0.7214,-0.3324,1.9947,3.1759,3.1759,6.1395
2026-06-15 16:34:55.442,Kathy,right,1.033,62,,,,,,,-0.7576,-0.3222,2.0239,3.2410,3.2410,6.3448
2026-06-15 16:34:55.472,Kathy,right,1.050,63,,,,,,,-0.7813,-0.3230,2.0374,3.2851,3.2851,6.4782
2026-06-15 16:34:55.502,Kathy,right,1.083,65,,,,,,,-0.8049,-0.3204,2.0481,3.3477,3.3477,6.6835
2026-06-15 16:34:55.533,Kathy,right,1.117,67,,,,,,,-0.7981,-0.3198,2.0407,3.3393,3.3393,6.6980
2026-06-15 16:34:55.564,Kathy,right,1.150,69,,,,,,,-0.7816,-0.3010,2.0322,3.3103,3.3103,6.5884
2026-06-15 16:34:55.594,Kathy,right,1.183,71,,,,,,,-0.7780,-0.2644,2.0202,3.2968,3.2968,6.5865
2026-06-15 16:34:55.625,Kathy,right,1.217,73,,,,,,,-0.7730,-0.2576,2.0140,3.2940,3.2940,6.5405
2026-06-15 16:34:55.656,Kathy,right,1.233,74,,,,,,,-0.7931,-0.2626,2.0132,3.3031,3.3031,6.6152
2026-06-15 16:34:55.686,Kathy,right,1.267,76,,,,,,,-0.7931,-0.2705,2.0307,3.3112,3.3112,6.7152
2026-06-15 16:34:55.717,Kathy,right,1.300,78,,,,,,,-0.8064,-0.2806,2.0349,3.3294,3.3294,6.7326
2026-06-15 16:34:55.748,Kathy,right,1.333,80,,,,,,,-0.8094,-0.2841,2.0342,3.3267,3.3267,6.7843
2026-06-15 16:34:55.778,Kathy,right,1.367,82,,,,,,,-0.9314,-0.2921,2.0350,3.2861,3.2861,6.5689
2026-06-15 16:34:55.808,Kathy,right,1.400,84,,,,,,,-1.0618,-0.2706,2.0511,3.2600,3.2600,6.4543
2026-06-15 16:34:55.839,Kathy,right,1.417,85,,,,,,,-1.1403,-0.2733,2.0602,3.2716,3.2716,6.3850
2026-06-15 16:34:55.869,Kathy,right,1.450,87,,,,,,,-1.1744,-0.2397,0.1248,3.2559,3.2559,6.2002
2026-06-15 16:34:55.901,Kathy,right,1.483,89,,,,,,,-1.1845,-0.2282,2.0471,3.2541,3.2541,6.1535
2026-06-15 16:34:55.931,Kathy,right,1.517,91,,,,,,,-1.2126,-0.2067,2.0476,3.2729,3.2729,6.1834
2026-06-15 16:34:55.962,Kathy,right,1.533,92,,,,,,,-1.2428,-0.2072,2.0493,3.2690,3.2690,6.1344
2026-06-15 16:34:55.992,Kathy,right,1.583,95,,,,,,,-1.4605,-0.2419,2.0613,3.3074,3.3074,6.3159
2026-06-15 16:34:56.023,Kathy,right,1.600,96,,,,,,,-1.5629,-0.2494,2.0942,3.2966,3.2966,6.4475
2026-06-15 16:34:56.054,Kathy,right,1.633,98,,,,,,,-1.6160,-0.2674,2.1250,3.2973,3.2973,6.4381
2026-06-15 16:34:56.084,Kathy,right,1.667,100,,,,,,,-1.6871,-0.2816,2.1406,3.3517,3.3517,6.2075
2026-06-15 16:34:56.115,Kathy,right,1.700,102,,,,,,,-1.7003,-0.2941,2.1422,3.3489,3.3489,6.0373
2026-06-15 16:34:56.145,Kathy,right,1.733,104,,,,,,,-1.7080,-0.2933,2.1305,3.3814,3.3814,5.9738
2026-06-15 16:34:56.178,Kathy,right,1.767,106,,,,,,,-1.6957,-0.2841,2.1269,3.3624,3.3624,5.9925
2026-06-15 16:34:56.209,Kathy,right,1.800,108,,,,,,,-1.6618,-0.2756,2.1101,3.3668,3.3668,6.0899
2026-06-15 16:34:56.240,Kathy,right,1.817,109,,,,,,,-1.3343,-0.2857,2.0747,3.3481,3.3481,6.3078
2026-06-15 16:34:56.270,Kathy,right,1.850,111,,,,,,,-1.1365,-0.2940,2.0479,3.3420,3.3420,6.5209
2026-06-15 16:34:56.301,Kathy,right,1.883,113,,,,,,,-1.0532,-0.2906,2.0354,3.3244,3.3244,6.4285
2026-06-15 16:34:56.331,Kathy,right,1.917,115,,,,,,,-0.9272,-0.2964,2.0231,3.3251,3.3251,6.4142
2026-06-15 16:34:56.362,Kathy,right,1.950,117,,,,,,,-0.8314,-0.3210,2.0183,3.3053,3.3053,6.5794
2026-06-15 16:34:56.392,Kathy,right,1.983,119,,,,,,,-0.7265,-0.3437,1.9929,3.2768,3.2768,6.6366
2026-06-15 16:34:56.423,Kathy,right,2.000,120,,,,,,,-0.4966,-0.3879,1.9514,3.3086,3.3086,6.8313
2026-06-15 16:34:56.453,Kathy,right,2.033,122,,,,,,,-0.4109,-0.4016,1.9327,3.3314,3.3314,6.8908
2026-06-15 16:34:56.484,Kathy,right,2.067,124,,,,,,,-0.2986,-0.4159,1.9085,3.3206,3.3206,7.0194
2026-06-15 16:34:56.515,Kathy,right,2.100,126,,,,,,,-0.1283,-0.4090,1.8844,3.2973,3.2973,7.1923
2026-06-15 16:34:56.546,Kathy,right,2.133,128,,,,,,,0.0394,-0.3935,1.8594,3.3226,3.3226,7.3343
2026-06-15 16:34:56.576,Kathy,right,2.167,130,,,,,,,0.1670,-0.3894,1.8417,3.3418,3.3418,7.4285
2026-06-15 16:34:56.607,Kathy,right,2.183,131,,,,,,,0.2230,-0.3955,1.8276,3.3079,3.3079,7.5712
2026-06-15 16:34:56.637,Kathy,right,2.217,133,,,,,,,0.3171,-0.3777,1.7996,3.2805,3.2805,7.6097
2026-06-15 16:34:56.668,Kathy,right,2.250,135,,,,,,,0.3793,-0.3792,1.7831,3.3241,3.3241,7.6757
2026-06-15 16:34:56.699,Kathy,right,2.283,137,,,,,,,0.3915,-0.3664,1.7748,3.3107,3.3107,7.6972
2026-06-15 16:34:56.730,Kathy,right,2.317,139,,,,,,,-0.0085,-0.4092,1.7926,3.3191,3.3191,7.3458
2026-06-15 16:34:56.761,Kathy,right,2.350,141,,,,,,,-0.0728,-0.4093,1.8061,3.3263,3.3263,7.2531
2026-06-15 16:34:56.791,Kathy,right,2.383,143,,,,,,,-0.1714,-0.4054,1.8203,3.2913,3.2913,7.0761
2026-06-15 16:34:56.822,Kathy,right,2.400,144,,,,,,,-0.2173,-0.3911,1.8325,3.2950,3.2950,7.1061
2026-06-15 16:34:56.853,Kathy,right,2.433,146,,,,,,,-0.2695,-0.3621,1.8574,3.2814,3.2814,7.1031
2026-06-15 16:34:56.884,Kathy,right,2.467,148,,,,,,,-0.3530,-0.3335,1.8639,3.2658,3.2658,6.9890
2026-06-15 16:34:56.914,Kathy,right,2.500,150,,,,,,,-0.4595,-0.3202,1.8723,3.2468,3.2468,6.8808
2026-06-15 16:34:56.945,Kathy,right,2.533,152,,,,,,,-0.6100,-0.3021,1.8749,3.2750,3.2750,6.6004
2026-06-15 16:34:56.975,Kathy,right,2.550,153,,,,,,,-0.6961,-0.2856,1.8690,3.2826,3.2826,6.5377
2026-06-15 16:34:57.006,Kathy,right,2.583,155,,,,,,,-0.7236,-0.2858,1.8677,3.2871,3.2871,6.5904
2026-06-15 16:34:57.036,Kathy,right,2.617,157,,,,,,,-0.7692,-0.2834,1.8714,3.2661,3.2661,6.5595
2026-06-15 16:34:57.067,Kathy,right,2.650,159,,,,,,,-0.7919,-0.2792,1.8734,3.2343,3.2343,6.4436
2026-06-15 16:34:57.097,Kathy,right,2.683,161,,,,,,,-0.8104,-0.2760,1.8807,3.1644,3.1644,6.3874
2026-06-15 16:34:57.128,Kathy,right,2.717,163,,,,,,,-0.8270,-0.2803,1.8870,3.1594,3.1594,6.3602
2026-06-15 16:34:57.158,Kathy,right,2.750,165,,,,,,,-0.9003,-0.3456,1.9668,3.3793,3.3793,6.9759
2026-06-15 16:34:57.191,Kathy,right,2.783,167,,,,,,,-0.8200,-0.3390,1.9829,3.3217,3.3217,7.0248
2026-06-15 16:34:57.222,Kathy,right,2.800,168,,,,,,,-0.7004,-0.3393,2.0192,3.3869,3.3869,7.2980
2026-06-15 16:34:57.252,Kathy,right,2.833,170,,,,,,,-0.5948,-0.3227,2.0113,3.3555,3.3555,7.1435
2026-06-15 16:34:57.283,Kathy,right,2.867,172,,,,,,,-0.5323,-0.3036,1.9831,3.3552,3.3552,7.1612
2026-06-15 16:34:57.313,Kathy,right,2.900,174,,,,,,,-0.5071,-0.2898,1.9675,3.3547,3.3547,7.1999
2026-06-15 16:34:57.344,Kathy,right,2.933,176,,,,,,,-0.4574,-0.2767,1.9336,3.3274,3.3274,7.1367
2026-06-15 16:34:57.374,Kathy,right,2.967,178,,,,,,,-0.4079,-0.2945,1.9000,3.3128,3.3128,7.0832
2026-06-15 16:34:57.405,Kathy,right,2.983,179,,,,,,,-0.3803,-0.3064,1.8733,3.2973,3.2973,7.0377
2026-06-15 16:34:57.435,Kathy,right,3.017,181,,,,,,,-0.3651,-0.3130,1.8648,3.2953,3.2953,7.0416
2026-06-15 16:34:57.466,Kathy,right,3.050,183,,,,,,,-0.3556,-0.3008,1.8544,3.3139,3.3139,7.1783
2026-06-15 16:34:57.497,Kathy,right,3.083,185,,,,,,,-0.3328,-0.2955,1.8558,3.3239,3.3239,7.2534
2026-06-15 16:34:57.527,Kathy,right,3.117,187,,,,,,,-0.2976,-0.2977,1.8725,3.3511,3.3511,7.2342
2026-06-15 16:34:57.558,Kathy,right,3.150,189,,,,,,,-0.3086,-0.2959,1.8882,3.3754,3.3754,7.3397
2026-06-15 16:34:57.590,Kathy,right,3.167,190,,,,,,,-0.3182,-0.3096,1.9083,3.4357,3.4357,7.4876
2026-06-15 16:34:57.620,Kathy,right,3.200,192,,,,,,,-0.2796,-0.3152,1.9105,3.3792,3.3792,7.5142
2026-06-15 16:34:57.651,Kathy,right,3.233,194,,,,,,,-0.2218,-0.3161,1.9118,3.3048,3.3048,7.4542
2026-06-15 16:34:57.681,Kathy,right,3.267,196,,,,,,,-0.2610,-0.3229,1.9418,3.4445,3.4445,8.0176
2026-06-15 16:34:57.712,Kathy,right,3.300,198,,,,,,,-0.1927,-0.3092,1.9273,3.3594,3.3594,7.7558
2026-06-15 16:34:57.742,Kathy,right,3.333,200,,,,,,,-0.1607,-0.3057,1.9103,3.3214,3.3214,7.7400
2026-06-15 16:34:57.772,Kathy,right,3.350,201,,,,,,,-0.1437,-0.3155,1.9060,3.3743,3.3743,7.8163
2026-06-15 16:34:57.803,Kathy,right,3.383,203,,,,,,,-0.1298,-0.3187,1.9086,3.3942,3.3942,7.8913
2026-06-15 16:34:57.834,Kathy,right,3.417,205,,,,,,,-0.1090,-0.3272,1.9181,3.4094,3.4094,7.8861
2026-06-15 16:34:57.864,Kathy,right,3.450,207,,,,,,,-0.1075,-0.3394,1.9212,3.4177,3.4177,7.9070
2026-06-15 16:34:57.895,Kathy,right,3.483,209,,,,,,,-0.1084,-0.3733,1.9483,3.5071,3.5071,8.2510
2026-06-15 16:34:57.926,Kathy,right,3.517,211,,,,,,,-0.0693,-0.3910,1.9587,3.4892,3.4892,8.1893
2026-06-15 16:34:57.957,Kathy,right,3.533,212,,,,,,,-0.0125,-0.4003,1.9346,3.4161,3.4161,8.0315
2026-06-15 16:34:57.988,Kathy,right,3.567,214,,,,,,,-0.0412,-0.4222,1.9313,3.4636,3.4636,8.1690
2026-06-15 16:34:58.018,Kathy,right,3.600,216,,,,,,,-0.0498,-0.4369,1.9303,3.4587,3.4587,8.1809
2026-06-15 16:34:58.048,Kathy,right,3.633,218,,,,,,,-0.0413,-0.4521,1.9178,3.4176,3.4176,8.0826
2026-06-15 16:34:58.079,Kathy,right,3.667,220,,,,,,,-0.0157,-0.4759,1.9108,3.3816,3.3816,7.9440
2026-06-15 16:34:58.110,Kathy,right,3.700,222,,,,,,,0.0588,-0.4538,1.8962,3.3615,3.3615,7.8010
2026-06-15 16:34:58.140,Kathy,right,3.717,223,,,,,,,0.0761,-0.4516,1.8941,3.3741,3.3741,7.7454
2026-06-15 16:34:58.171,Kathy,right,3.750,225,,,,,,,0.1047,-0.4640,1.8877,3.3832,3.3832,7.7053
2026-06-15 16:34:58.205,Kathy,right,3.783,227,,,,,,,0.0826,-0.4781,1.8953,3.3853,3.3853,7.8289
2026-06-15 16:34:58.235,Kathy,right,3.817,229,,,,,,,0.0751,-0.4723,1.9009,3.3921,3.3921,7.8839
2026-06-15 16:34:58.266,Kathy,right,3.850,231,,,,,,,0.0276,-0.4807,1.8970,3.3647,3.3647,7.7826
2026-06-15 16:34:58.296,Kathy,right,3.883,233,,,,,,,0.0375,-0.4843,1.8841,3.3173,3.3173,7.7186
2026-06-15 16:34:58.327,Kathy,right,3.917,235,,,,,,,0.0468,-0.4767,1.8796,3.2803,3.2803,7.6781
2026-06-15 16:34:58.358,Kathy,right,3.950,237,,,,,,,0.0437,-0.4691,1.8723,3.2704,3.2704,7.6536
2026-06-15 16:34:58.388,Kathy,right,3.967,238,,,,,,,0.0426,-0.4623,1.8735,3.2576,3.2576,7.6796
2026-06-15 16:34:58.419,Kathy,right,4.000,240,,,,,,,0.0293,-0.5001,1.8757,3.2902,3.2902,7.6816
2026-06-15 16:34:58.449,Kathy,right,4.033,242,,,,,,,0.0301,-0.5369,1.8683,3.3171,3.3171,7.6926
2026-06-15 16:34:58.480,Kathy,right,4.067,244,,,,,,,0.0380,-0.5196,1.8569,3.2736,3.2736,7.5558
2026-06-15 16:34:58.511,Kathy,right,4.100,246,,,,,,,0.0414,-0.4909,1.8573,3.3154,3.3154,7.5133
2026-06-15 16:34:58.541,Kathy,right,4.133,248,,,,,,,0.0558,-0.4533,1.8744,3.2988,3.2988,7.4416
2026-06-15 16:34:58.571,Kathy,right,4.150,249,,,,,,,0.0789,-0.4707,1.9094,3.3044,3.3044,7.3596
2026-06-15 16:34:58.602,Kathy,right,4.183,251,,,,,,,0.0686,-0.5432,1.9142,3.2912,3.2912,7.4263
2026-06-15 16:34:58.633,Kathy,right,4.217,253,,,,,,,0.0794,-0.5056,1.8665,3.1817,3.1817,6.9714
2026-06-15 16:34:58.663,Kathy,right,4.250,255,,,,,,,0.2837,-0.3825,1.9262,0.0000,0.0000,0.0000
2026-06-15 16:34:58.694,Kathy,right,4.283,257,,,,,,,0.2837,-0.3825,1.9262,0.0000,0.0000,0.0000
2026-06-15 16:34:58.725,Kathy,right,4.317,259,,,,,,,6.8024,7.5447,4.4614,1.7479,1.7479,20.0618
2026-06-15 16:34:58.755,Kathy,right,4.333,260,,,,,,,0.2837,-0.3825,1.9262,0.0000,0.0000,0.0000
2026-06-15 16:34:58.786,Kathy,right,4.367,262,,,,,,,0.2837,-0.3825,1.9262,0.0000,0.0000,0.0000
2026-06-15 16:34:58.817,Kathy,right,4.400,264,,,,,,,7.2891,-1.4564,7.0495,1.2198,1.2198,4.8456
2026-06-15 16:34:58.847,Kathy,right,4.433,266,,,,,,,3.1855,-0.9597,5.7246,2.4365,2.4365,5.5162
2026-06-15 16:34:58.877,Kathy,right,4.467,268,,,,,,,2.0988,-0.8048,4.9561,2.7288,2.7288,5.8298
2026-06-15 16:34:58.908,Kathy,right,4.500,270,,,,,,,0.8534,-0.5882,3.7204,3.0892,3.0892,6.4819
2026-06-15 16:34:58.939,Kathy,right,4.517,271,,,,,,,0.2995,-0.4797,2.9225,3.2168,3.2168,6.8228
2026-06-15 16:34:58.969,Kathy,right,4.550,273,,,,,,,0.0682,-0.4548,2.4552,3.2625,3.2625,6.8884
2026-06-15 16:34:59.000,Kathy,right,4.583,275,,,,,,,-0.0465,-0.4370,2.2167,3.2793,3.2793,7.0439
2026-06-15 16:34:59.030,Kathy,right,4.617,277,,,,,,,-0.1052,-0.4286,2.1486,3.2893,3.2893,7.0844
2026-06-15 16:34:59.061,Kathy,right,4.650,279,,,,,,,-0.1638,-0.3993,2.0709,3.3083,3.3083,7.1160
2026-06-15 16:34:59.091,Kathy,right,4.683,281,,,,,,,-0.2051,-0.3841,2.0292,3.3005,3.3005,7.0534
2026-06-15 16:34:59.122,Kathy,right,4.700,282,,,,,,,-0.2561,-0.3678,2.0276,3.3499,3.3499,7.2118
2026-06-15 16:34:59.152,Kathy,right,4.733,284,,,,,,,-0.2561,-0.3678,2.0276,3.3499,3.3499,7.2118
2026-06-15 16:34:59.183,Kathy,right,4.767,286,,,,,,,-0.3261,-0.3523,2.0582,3.4359,3.4359,7.5255
2026-06-15 16:34:59.218,Kathy,right,4.800,288,,,,,,,-0.3998,-0.3468,2.0822,3.4941,3.4941,7.7405
2026-06-15 16:34:59.248,Kathy,right,4.833,290,,,,,,,-0.3882,-0.3354,2.0706,3.4701,3.4701,7.5935
2026-06-15 16:34:59.279,Kathy,right,4.867,292,,,,,,,-0.3759,-0.3121,2.0432,3.4188,3.4188,7.4921
2026-06-15 16:34:59.310,Kathy,right,4.900,294,,,,,,,-0.3700,-0.2974,2.0271,3.4016,3.4016,7.4306
2026-06-15 16:34:59.340,Kathy,right,4.917,295,,,,,,,-0.3823,-0.2975,2.0282,3.4233,3.4233,7.4896
2026-06-15 16:34:59.371,Kathy,right,4.950,297,,,,,,,-0.4093,-0.2865,2.0391,3.4107,3.4107,7.4548
2026-06-15 16:34:59.401,Kathy,right,4.983,299,,,,,,,-0.4614,-0.2949,2.0458,3.4092,3.4092,7.4510
2026-06-15 16:34:59.432,Kathy,right,5.017,301,,,,,,,-0.5237,-0.2757,2.0491,3.4020,3.4020,7.2220
2026-06-15 16:34:59.462,Kathy,right,5.050,303,,,,,,,-0.5334,-0.2824,2.0399,3.3838,3.3838,7.1336
2026-06-15 16:34:59.493,Kathy,right,5.083,305,,,,,,,-0.5699,-0.2900,2.0056,3.3686,3.3686,6.9099
2026-06-15 16:34:59.523,Kathy,right,5.100,306,,,,,,,-0.6216,-0.3049,1.9954,3.3664,3.3664,6.9854
2026-06-15 16:34:59.554,Kathy,right,5.133,308,,,,,,,-0.6470,-0.3074,1.9991,3.3378,3.3378,6.9317
2026-06-15 16:34:59.585,Kathy,right,5.167,310,,,,,,,-0.6727,-0.2993,2.0020,3.2899,3.2899,6.8165
2026-06-15 16:34:59.615,Kathy,right,5.200,312,,,,,,,-0.6970,-0.2936,2.0051,3.2727,3.2727,6.7333
2026-06-15 16:34:59.646,Kathy,right,5.233,314,,,,,,,-0.7315,-0.2865,2.0049,3.2570,3.2570,6.5802
2026-06-15 16:34:59.676,Kathy,right,5.267,316,,,,,,,-0.8115,-0.2650,2.0326,3.2217,3.2217,6.4503
2026-06-15 16:34:59.707,Kathy,right,5.283,317,,,,,,,-0.8384,-0.2631,2.0815,3.1747,3.1747,6.3272
2026-06-15 16:34:59.737,Kathy,right,5.317,319,,,,,,,-0.8513,-0.2657,2.1054,3.1745,3.1745,6.3360
2026-06-15 16:34:59.768,Kathy,right,5.350,321,,,,,,,-0.8882,-0.2406,2.1225,3.1383,3.1383,6.1615
2026-06-15 16:34:59.798,Kathy,right,5.383,323,,,,,,,-0.9592,-0.2246,2.1256,3.1736,3.1736,6.2140
2026-06-15 16:34:59.829,Kathy,right,5.417,325,,,,,,,-1.0072,-0.2241,2.1325,3.1785,3.1785,6.2625
2026-06-15 16:34:59.860,Kathy,right,5.450,327,,,,,,,-1.0423,-0.2596,2.1531,3.1669,3.1669,6.2061
2026-06-15 16:34:59.890,Kathy,right,5.467,328,,,,,,,-1.0812,-0.2723,2.1571,3.1839,3.1839,6.1336
2026-06-15 16:34:59.921,Kathy,right,5.500,330,,,,,,,-1.1382,-0.2984,2.1483,3.2470,3.2470,6.0711
2026-06-15 16:34:59.951,Kathy,right,5.533,332,,,,,,,-1.1676,-0.2922,2.1374,3.2463,3.2463,6.0629
2026-06-15 16:34:59.982,Kathy,right,5.567,334,,,,,,,-1.2046,-0.2561,2.1103,3.2576,3.2576,6.0579
2026-06-15 16:35:00.012,Kathy,right,5.600,336,,,,,,,-1.2159,-0.2104,2.0932,3.2266,3.2266,5.8184
2026-06-15 16:35:00.043,Kathy,right,5.633,338,,,,,,,-1.2379,-0.1926,2.0852,3.2023,3.2023,5.6921
2026-06-15 16:35:00.074,Kathy,right,5.650,339,,,,,,,-1.2505,-0.1760,2.0801,3.1860,3.1860,5.6649
2026-06-15 16:35:00.104,Kathy,right,5.683,341,,,,,,,-1.2797,-0.2189,2.0972,3.1905,3.1905,5.8317
2026-06-15 16:35:00.135,Kathy,right,5.717,343,,,,,,,-1.2848,-0.2497,2.1247,3.1615,3.1615,5.7271
2026-06-15 16:35:00.166,Kathy,right,5.750,345,,,,,,,-1.3092,-0.2802,2.1491,3.1665,3.1665,5.6948
2026-06-15 16:35:00.196,Kathy,right,5.783,347,,,,,,,-1.3207,-0.2813,2.1626,3.1604,3.1604,5.7447
2026-06-15 16:35:00.232,Kathy,right,5.817,349,,,,,,,-1.3542,-0.2628,2.1782,3.1577,3.1577,5.7883
2026-06-15 16:35:00.263,Kathy,right,5.850,351,,,,,,,-1.4357,-0.2507,2.2064,3.1476,3.1476,5.9426
2026-06-15 16:35:00.293,Kathy,right,5.883,353,,,,,,,-1.4977,-0.2435,2.1999,3.2316,3.2316,5.8303
2026-06-15 16:35:00.323,Kathy,right,5.900,354,,,,,,,-1.5288,-0.2559,2.1922,3.2415,3.2415,5.7614
2026-06-15 16:35:00.354,Kathy,right,5.933,356,,,,,,,-1.5441,-0.2525,2.1875,3.2441,3.2441,5.7300
2026-06-15 16:35:00.385,Kathy,right,5.967,358,,,,,,,-1.5606,-0.2309,2.1785,3.2285,3.2285,5.6815
2026-06-15 16:35:00.415,Kathy,right,6.000,360,,,,,,,-1.5879,-0.2006,2.1750,3.2703,3.2703,5.6998
2026-06-15 16:35:00.446,Kathy,right,6.033,362,,,,,,,-1.6181,-0.2230,2.1819,3.3035,3.3035,5.8459
2026-06-15 16:35:00.477,Kathy,right,6.067,364,,,,,,,-1.6270,-0.2526,2.1854,3.3210,3.3210,5.9431
2026-06-15 16:35:00.507,Kathy,right,6.083,365,,,,,,,-1.6238,-0.2572,2.1843,3.2577,3.2577,5.8283
2026-06-15 16:35:00.538,Kathy,right,6.117,367,,,,,,,-1.5908,-0.2518,2.2085,3.2236,3.2236,5.7032
2026-06-15 16:35:00.569,Kathy,right,6.150,369,,,,,,,-1.5802,-0.2501,2.2268,3.1937,3.1937,5.6201
2026-06-15 16:35:00.599,Kathy,right,6.183,371,,,,,,,-1.5704,-0.2562,2.2278,3.1829,3.1829,5.6479
2026-06-15 16:35:00.630,Kathy,right,6.217,373,,,,,,,-1.5827,-0.2531,2.2161,3.1963,3.1963,5.6690
2026-06-15 16:35:00.660,Kathy,right,6.250,375,,,,,,,-1.5956,-0.2573,2.1907,3.2128,3.2128,5.6893
2026-06-15 16:35:00.691,Kathy,right,6.283,377,,,,,,,-1.6036,-0.2605,2.1706,3.2246,3.2246,5.7765
2026-06-15 16:35:00.722,Kathy,right,6.300,378,,,,,,,-1.6434,-0.2767,2.1763,3.3435,3.3435,6.0068
2026-06-15 16:35:00.752,Kathy,right,6.333,380,,,,,,,-1.6448,-0.2803,2.1840,3.3667,3.3667,6.0759
2026-06-15 16:35:00.782,Kathy,right,6.367,382,,,,,,,-1.6476,-0.2897,2.2009,3.4024,3.4024,6.2268
2026-06-15 16:35:00.813,Kathy,right,6.400,384,,,,,,,-1.6514,-0.2911,2.2106,3.4171,3.4171,6.2533
2026-06-15 16:35:00.843,Kathy,right,6.433,386,,,,,,,-1.6425,-0.2757,2.2094,3.4286,3.4286,6.1333
2026-06-15 16:35:00.874,Kathy,right,6.450,387,,,,,,,-1.6196,-0.2690,2.2083,3.3884,3.3884,6.1221
2026-06-15 16:35:00.904,Kathy,right,6.483,389,,,,,,,-1.5873,-0.2759,2.2031,3.3283,3.3283,6.0535
2026-06-15 16:35:00.938,Kathy,right,6.517,391,,,,,,,-1.5565,-0.2635,2.1930,3.3051,3.3051,6.1992
2026-06-15 16:35:00.968,Kathy,right,6.550,393,,,,,,,-1.5336,-0.3005,2.1988,3.2476,3.2476,6.2042
2026-06-15 16:35:00.999,Kathy,right,6.583,395,,,,,,,-1.5245,-0.3573,2.2206,3.2565,3.2565,6.2143
2026-06-15 16:35:01.029,Kathy,right,6.617,397,,,,,,,-1.5176,-0.4132,2.2354,3.3016,3.3016,6.3376
2026-06-15 16:35:01.060,Kathy,right,6.650,399,,,,,,,-1.4810,-0.4382,2.2637,3.3446,3.3446,6.6046
2026-06-15 16:35:01.091,Kathy,right,6.667,400,,,,,,,-1.4592,-0.4173,2.2956,3.3772,3.3772,6.6358
2026-06-15 16:35:01.121,Kathy,right,6.700,402,,,,,,,-1.4556,-0.4110,2.3094,3.3855,3.3855,6.6071
2026-06-15 16:35:01.152,Kathy,right,6.733,404,,,,,,,-1.4417,-0.4123,2.3044,3.3760,3.3760,6.5784
2026-06-15 16:35:01.182,Kathy,right,6.767,406,,,,,,,-1.4375,-0.4189,2.2763,3.3929,3.3929,6.6381
2026-06-15 16:35:01.213,Kathy,right,6.800,408,,,,,,,-1.4308,-0.4130,2.2463,3.4211,3.4211,6.5562
2026-06-15 16:35:01.245,Kathy,right,6.833,410,,,,,,,-1.4185,-0.4101,2.2362,3.4410,3.4410,6.6304
2026-06-15 16:35:01.276,Kathy,right,6.867,412,,,,,,,-1.3815,-0.3913,2.2215,3.3788,3.3788,6.7405
2026-06-15 16:35:01.306,Kathy,right,6.883,413,,,,,,,-1.3375,-0.3782,2.2068,3.3298,3.3298,6.7256
2026-06-15 16:35:01.337,Kathy,right,6.917,415,,,,,,,-1.3282,-0.3832,2.2016,3.3345,3.3345,6.7553
2026-06-15 16:35:01.367,Kathy,right,6.950,417,,,,,,,-1.3046,-0.3953,2.2021,3.3410,3.3410,6.8289
2026-06-15 16:35:01.398,Kathy,right,6.983,419,,,,,,,-1.3044,-0.4278,2.2053,3.4418,3.4418,6.8520
2026-06-15 16:35:01.429,Kathy,right,7.017,421,,,,,,,-1.2738,-0.4513,2.2126,3.4204,3.4204,6.8620
2026-06-15 16:35:01.460,Kathy,right,7.050,423,,,,,,,-1.2352,-0.4971,2.2230,3.4496,3.4496,6.8505
2026-06-15 16:35:01.491,Kathy,right,7.067,424,,,,,,,-1.2116,-0.4960,2.2273,3.4351,3.4351,6.8086
2026-06-15 16:35:01.521,Kathy,right,7.100,426,,,,,,,-1.1749,-0.4851,2.2373,3.4292,3.4292,6.7776
2026-06-15 16:35:01.552,Kathy,right,7.133,428,,,,,,,-1.1492,-0.4817,2.2415,3.4236,3.4236,6.7576
2026-06-15 16:35:01.582,Kathy,right,7.167,430,,,,,,,-1.1182,-0.4933,2.2379,3.3909,3.3909,6.7924
2026-06-15 16:35:01.613,Kathy,right,7.200,432,,,,,,,-1.0957,-0.4828,2.2382,3.4124,3.4124,6.7741
2026-06-15 16:35:01.643,Kathy,right,7.233,434,,,,,,,-1.0877,-0.4809,2.2378,3.4267,3.4267,6.8275
2026-06-15 16:35:01.674,Kathy,right,7.250,435,,,,,,,-1.0743,-0.4864,2.2389,3.4506,3.4506,6.8812
2026-06-15 16:35:01.705,Kathy,right,7.283,437,,,,,,,-1.0338,-0.4969,2.2526,3.4294,3.4294,6.9474
2026-06-15 16:35:01.736,Kathy,right,7.317,439,,,,,,,-1.0012,-0.5148,2.2533,3.4678,3.4678,7.0974
2026-06-15 16:35:01.766,Kathy,right,7.350,441,,,,,,,-0.9412,-0.5109,2.2518,3.4510,3.4510,7.1739
2026-06-15 16:35:01.796,Kathy,right,7.383,443,,,,,,,-0.9037,-0.4917,2.2337,3.4583,3.4583,7.2025
2026-06-15 16:35:01.827,Kathy,right,7.417,445,,,,,,,-0.8791,-0.4742,2.2167,3.4337,3.4337,7.1664
2026-06-15 16:35:01.857,Kathy,right,7.450,447,,,,,,,-0.8625,-0.4642,2.1849,3.4942,3.4942,7.1941
2026-06-15 16:35:01.888,Kathy,right,7.467,448,,,,,,,-0.8415,-0.4754,2.1711,3.4980,3.4980,7.1396
2026-06-15 16:35:01.919,Kathy,right,7.500,450,,,,,,,-0.7772,-0.5080,2.1495,3.4443,3.4443,7.1022
2026-06-15 16:35:01.949,Kathy,right,7.533,452,,,,,,,-0.7526,-0.5043,2.1385,3.4342,3.4342,7.1356
2026-06-15 16:35:01.979,Kathy,right,7.567,454,,,,,,,-0.7198,-0.4910,2.1265,3.4201,3.4201,7.1983
2026-06-15 16:35:02.010,Kathy,right,7.600,456,,,,,,,-0.6593,-0.4419,2.1294,3.4182,3.4182,7.2607
2026-06-15 16:35:02.041,Kathy,right,7.617,457,,,,,,,-0.5924,-0.4261,2.1130,3.3922,3.3922,7.0766
2026-06-15 16:35:02.071,Kathy,right,7.650,459,,,,,,,-0.5624,-0.4066,2.0821,3.3943,3.3943,6.9843
2026-06-15 16:35:02.101,Kathy,right,7.683,461,,,,,,,-0.5467,-0.4062,2.0690,3.4090,3.4090,7.0414
2026-06-15 16:35:02.132,Kathy,right,7.717,463,,,,,,,-0.5005,-0.3711,2.0657,3.3418,3.3418,7.1133
2026-06-15 16:35:02.162,Kathy,right,7.750,465,,,,,,,-0.4542,-0.3643,2.0693,3.2942,3.2942,6.9873
2026-06-15 16:35:02.193,Kathy,right,7.783,467,,,,,,,-0.4311,-0.3863,2.0643,3.3371,3.3371,7.0146
2026-06-15 16:35:02.224,Kathy,right,7.800,468,,,,,,,-0.3819,-0.4068,2.0706,3.3745,3.3745,7.0693
2026-06-15 16:35:02.256,Kathy,right,7.833,470,,,,,,,-0.3547,-0.4156,2.0791,3.3654,3.3654,7.0284
2026-06-15 16:35:02.287,Kathy,right,7.867,472,,,,,,,-0.3377,-0.4172,2.0951,3.3903,3.3903,7.0310
2026-06-15 16:35:02.317,Kathy,right,7.900,474,,,,,,,-0.3032,-0.4129,2.0923,3.3826,3.3826,7.0879
2026-06-15 16:35:02.348,Kathy,right,7.933,476,,,,,,,-0.2722,-0.3973,2.0862,3.3686,3.3686,7.0304
2026-06-15 16:35:02.378,Kathy,right,7.967,478,,,,,,,-0.2752,-0.4120,2.0658,3.3482,3.3482,6.9739
2026-06-15 16:35:02.409,Kathy,right,8.000,480,,,,,,,-0.2662,-0.4205,2.0622,3.3419,3.3419,6.9595
2026-06-15 16:35:02.440,Kathy,right,8.017,481,,,,,,,-0.2119,-0.4105,2.0467,3.2334,3.2334,6.8038
2026-06-15 16:35:02.470,Kathy,right,8.050,483,,,,,,,-0.2225,-0.4062,2.0549,3.2896,3.2896,6.8724
2026-06-15 16:35:02.500,Kathy,right,8.083,485,,,,,,,-0.2119,-0.3955,2.0768,3.3301,3.3301,7.0170
2026-06-15 16:35:02.531,Kathy,right,8.117,487,,,,,,,-0.2033,-0.4048,2.1079,3.3860,3.3860,7.1387
2026-06-15 16:35:02.562,Kathy,right,8.150,489,,,,,,,-0.1762,-0.4138,2.1183,3.3757,3.3757,7.0913
2026-06-15 16:35:02.592,Kathy,right,8.167,490,,,,,,,-0.1200,-0.4327,2.1346,3.3111,3.3111,6.9579
2026-06-15 16:35:02.627,Kathy,right,8.217,493,,,,,,,-0.1094,-0.4406,2.1405,3.3170,3.3170,6.9861
2026-06-15 16:35:02.657,Kathy,right,8.250,495,,,,,,,-0.0961,-0.4548,2.1504,3.3214,3.3214,7.0416
2026-06-15 16:35:02.688,Kathy,right,8.283,497,,,,,,,-0.0148,-0.4568,2.1278,3.2105,3.2105,6.7258
2026-06-15 16:35:02.718,Kathy,right,8.317,499,,,,,,,0.0012,-0.4603,2.1046,3.1861,3.1861,6.6541
2026-06-15 16:35:02.749,Kathy,right,8.350,501,,,,,,,0.0293,-0.4592,2.0896,3.1308,3.1308,6.5628
2026-06-15 16:35:02.780,Kathy,right,8.383,503,,,,,,,0.0585,-0.4513,2.0851,3.1109,3.1109,6.4522
2026-06-15 16:35:02.811,Kathy,right,8.417,505,,,,,,,0.0743,-0.4494,2.0898,3.0946,3.0946,6.4227
2026-06-15 16:35:02.841,Kathy,right,8.450,507,,,,,,,0.0650,-0.4442,2.1179,3.1593,3.1593,6.5470
2026-06-15 16:35:02.872,Kathy,right,8.467,508,,,,,,,0.1156,-0.4443,2.1179,3.0932,3.0932,6.3867
2026-06-15 16:35:02.903,Kathy,right,8.500,510,,,,,,,0.1369,-0.4384,2.1044,3.0375,3.0375,6.3748
2026-06-15 16:35:02.933,Kathy,right,8.533,512,,,,,,,0.1402,-0.4374,2.1044,3.0946,3.0946,6.4905
2026-06-15 16:35:02.964,Kathy,right,8.567,514,,,,,,,0.1391,-0.4374,2.1093,3.1350,3.1350,6.6166
2026-06-15 16:35:02.995,Kathy,right,8.600,516,,,,,,,0.1523,-0.4305,2.1124,3.1371,3.1371,6.6051
2026-06-15 16:35:03.026,Kathy,right,8.633,518,,,,,,,0.1602,-0.4258,2.1090,3.1264,3.1264,6.5618
2026-06-15 16:35:03.056,Kathy,right,8.650,519,,,,,,,0.1888,-0.4116,2.0851,3.0553,3.0553,6.5789
2026-06-15 16:35:03.087,Kathy,right,8.667,520,,,,,,,0.2097,-0.4149,2.0634,3.0217,3.0217,6.5949
2026-06-15 16:35:03.117,Kathy,right,8.700,522,,,,,,,0.2145,-0.4326,2.0503,2.9983,2.9983,6.6061
2026-06-15 16:35:03.148,Kathy,right,8.733,524,,,,,,,0.2226,-0.4420,2.0405,3.0114,3.0114,6.4417
2026-06-15 16:35:03.178,Kathy,right,8.767,526,,,,,,,0.2252,-0.4440,2.0475,3.0284,3.0284,6.3035
2026-06-15 16:35:03.209,Kathy,right,8.800,528,,,,,,,0.2290,-0.4410,2.0600,3.0270,3.0270,6.2248
2026-06-15 16:35:03.240,Kathy,right,8.817,529,,,,,,,0.2257,-0.4392,2.0649,3.0265,3.0265,6.2076
2026-06-15 16:35:03.271,Kathy,right,8.850,531,,,,,,,0.2066,-0.4781,2.0744,3.0437,3.0437,6.2062
2026-06-15 16:35:03.301,Kathy,right,8.883,533,,,,,,,0.1847,-0.4919,2.0724,3.0625,3.0625,6.2269
2026-06-15 16:35:03.332,Kathy,right,8.917,535,,,,,,,0.1798,-0.4963,2.0738,3.0630,3.0630,6.1848
2026-06-15 16:35:03.362,Kathy,right,8.950,537,,,,,,,0.1931,-0.4764,2.0696,3.0761,3.0761,6.2194
2026-06-15 16:35:03.394,Kathy,right,8.983,539,,,,,,,0.2074,-0.4653,2.0706,3.0692,3.0692,6.2213
2026-06-15 16:35:03.424,Kathy,right,9.000,540,,,,,,,0.2049,-0.4666,2.0707,3.0906,3.0906,6.2668
2026-06-15 16:35:03.455,Kathy,right,9.033,542,,,,,,,0.1843,-0.4892,2.0659,3.1027,3.1027,6.1095
2026-06-15 16:35:03.485,Kathy,right,9.067,544,,,,,,,0.1616,-0.4975,2.0609,3.0357,3.0357,5.9557
2026-06-15 16:35:03.516,Kathy,right,9.100,546,,,,,,,0.1503,-0.4919,2.0642,2.9974,2.9974,5.8123
2026-06-15 16:35:03.547,Kathy,right,9.133,548,,,,,,,0.1366,-0.4869,2.0671,2.9841,2.9841,5.8046
2026-06-15 16:35:03.577,Kathy,right,9.167,550,,,,,,,0.1108,-0.4955,2.0821,2.9933,2.9933,5.8116
2026-06-15 16:35:03.608,Kathy,right,9.200,552,,,,,,,0.0899,-0.5022,2.1231,3.0113,3.0113,5.8050
2026-06-15 16:35:03.638,Kathy,right,9.217,553,,,,,,,0.0752,-0.5090,2.1512,3.0092,3.0092,5.8130
2026-06-15 16:35:03.669,Kathy,right,9.250,555,,,,,,,0.0714,-0.5027,2.1602,2.9808,2.9808,5.6737
2026-06-15 16:35:03.700,Kathy,right,9.283,557,,,,,,,0.0627,-0.4996,2.1523,2.9722,2.9722,5.6078
2026-06-15 16:35:03.731,Kathy,right,9.317,559,,,,,,,0.0241,-0.4968,2.1437,2.9597,2.9597,5.5811
2026-06-15 16:35:03.761,Kathy,right,9.350,561,,,,,,,-0.0107,-0.4793,2.1511,2.9434,2.9434,5.5589
2026-06-15 16:35:03.792,Kathy,right,9.383,563,,,,,,,-0.0368,-0.4651,2.1470,2.9237,2.9237,5.4374
2026-06-15 16:35:03.823,Kathy,right,9.400,564,,,,,,,-0.0522,-0.4494,2.1464,2.8630,2.8630,5.3818
2026-06-15 16:35:03.853,Kathy,right,9.433,566,,,,,,,-0.0634,-0.4545,2.1446,2.8523,2.8523,5.3559
2026-06-15 16:35:03.884,Kathy,right,9.467,568,,,,,,,-0.1024,-0.4508,2.1566,2.8913,2.8913,5.5371
2026-06-15 16:35:03.915,Kathy,right,9.500,570,,,,,,,-0.1340,-0.4523,2.1719,2.9113,2.9113,5.4631
2026-06-15 16:35:03.946,Kathy,right,9.533,572,,,,,,,-0.1458,-0.4513,2.1703,2.8886,2.8886,5.3840
2026-06-15 16:35:03.976,Kathy,right,9.567,574,,,,,,,-0.1798,-0.4607,2.1644,2.9345,2.9345,5.3539
2026-06-15 16:35:04.007,Kathy,right,9.583,575,,,,,,,-0.2058,-0.4610,2.1659,2.9585,2.9585,5.4130
2026-06-15 16:35:04.037,Kathy,right,9.617,577,,,,,,,-0.2251,-0.4573,2.1636,2.9430,2.9430,5.3617
2026-06-15 16:35:04.068,Kathy,right,9.650,579,,,,,,,-0.2561,-0.4309,2.1682,2.9177,2.9177,5.2091
2026-06-15 16:35:04.098,Kathy,right,9.683,581,,,,,,,-0.3261,-0.4187,2.1893,2.9980,2.9980,5.4348
2026-06-15 16:35:04.129,Kathy,right,9.717,583,,,,,,,-0.3712,-0.4156,2.1985,3.0386,3.0386,5.5351
2026-06-15 16:35:04.159,Kathy,right,9.750,585,,,,,,,-0.3712,-0.4156,2.1985,3.0386,3.0386,5.5351
2026-06-15 16:35:04.190,Kathy,right,9.767,586,,,,,,,-0.4175,-0.3988,2.1932,3.0637,3.0637,5.5489
2026-06-15 16:35:04.220,Kathy,right,9.800,588,,,,,,,-0.4645,-0.3775,2.2026,3.0561,3.0561,5.5999
2026-06-15 16:35:04.251,Kathy,right,9.833,590,,,,,,,-0.4842,-0.3713,2.2125,3.0377,3.0377,5.6023
2026-06-15 16:35:04.284,Kathy,right,9.867,592,,,,,,,-0.5240,-0.3658,2.2421,3.0472,3.0472,5.5918
2026-06-15 16:35:04.314,Kathy,right,9.900,594,,,,,,,-0.5669,-0.3677,2.2622,3.0614,3.0614,5.6382
2026-06-15 16:35:04.345,Kathy,right,9.933,596,,,,,,,-0.5799,-0.3595,2.2737,3.0931,3.0931,5.7162
2026-06-15 16:35:04.376,Kathy,right,9.967,598,,,,,,,-0.6003,-0.3329,2.2674,3.0669,3.0669,5.5459
2026-06-15 16:35:04.407,Kathy,right,9.983,599,,,,,,,-0.6368,-0.3108,2.2510,3.1060,3.1060,5.6156
2026-06-15 16:35:04.438,Kathy,right,10.017,601,,,,,,,-0.6495,-0.3129,2.2431,3.1027,3.1027,5.6251
2026-06-15 16:35:04.468,Kathy,right,10.050,603,,,,,,,-0.6788,-0.2974,2.2356,3.0990,3.0990,5.7138
2026-06-15 16:35:04.499,Kathy,right,10.083,605,,,,,,,-0.7041,-0.2794,2.2349,3.0840,3.0840,5.7232
2026-06-15 16:35:04.530,Kathy,right,10.117,607,,,,,,,-0.7194,-0.2237,2.2360,3.0503,3.0503,5.8244
2026-06-15 16:35:04.560,Kathy,right,10.150,609,,,,,,,-0.7370,-0.1943,2.2364,3.0505,3.0505,5.7675
2026-06-15 16:35:04.591,Kathy,right,10.167,610,,,,,,,-0.7633,-0.1779,2.2300,3.0652,3.0652,5.6095
2026-06-15 16:35:04.621,Kathy,right,10.200,612,,,,,,,-0.7927,-0.1775,2.2280,3.0499,3.0499,5.6258
2026-06-15 16:35:04.652,Kathy,right,10.233,614,,,,,,,-0.8181,-0.1815,2.2378,3.0292,3.0292,5.5691
2026-06-15 16:35:04.682,Kathy,right,10.267,616,,,,,,,-0.8638,-0.2065,2.2568,3.0575,3.0575,5.6226
2026-06-15 16:35:04.713,Kathy,right,10.300,618,,,,,,,-0.8788,-0.2173,2.2633,3.0658,3.0658,5.6520
2026-06-15 16:35:04.744,Kathy,right,10.333,620,,,,,,,-0.9231,-0.2158,2.2764,3.1124,3.1124,5.6925
2026-06-15 16:35:04.774,Kathy,right,10.350,621,,,,,,,-0.9699,-0.2009,2.2823,3.1494,3.1494,5.7581
2026-06-15 16:35:04.805,Kathy,right,10.383,623,,,,,,,-1.0048,-0.1995,2.2798,3.1492,3.1492,5.7821
2026-06-15 16:35:04.835,Kathy,right,10.417,625,,,,,,,-1.0238,-0.2168,2.2784,3.1301,3.1301,5.6770
2026-06-15 16:35:04.866,Kathy,right,10.450,627,,,,,,,-1.0538,-0.2116,2.2757,3.0660,3.0660,5.5522
2026-06-15 16:35:04.897,Kathy,right,10.483,629,,,,,,,-1.0662,-0.2025,2.2687,3.0498,3.0498,5.5096
2026-06-15 16:35:04.927,Kathy,right,10.517,631,,,,,,,-1.0998,-0.1918,2.2605,3.0671,3.0671,5.5649
2026-06-15 16:35:04.958,Kathy,right,10.550,633,,,,,,,-1.1186,-0.1924,2.2620,3.1182,3.1182,5.5880
2026-06-15 16:35:04.989,Kathy,right,10.567,634,,,,,,,-1.1414,-0.2087,2.2689,3.1437,3.1437,5.6507
2026-06-15 16:35:05.019,Kathy,right,10.600,636,,,,,,,-1.1540,-0.2004,2.2672,3.1464,3.1464,5.6333
2026-06-15 16:35:05.050,Kathy,right,10.633,638,,,,,,,-1.1788,-0.1985,2.2687,3.1446,3.1446,5.6543
2026-06-15 16:35:05.081,Kathy,right,10.667,640,,,,,,,-1.2101,-0.1937,2.2694,3.1212,3.1212,5.6435
2026-06-15 16:35:05.111,Kathy,right,10.700,642,,,,,,,-1.2319,-0.1933,2.2672,3.1009,3.1009,5.6813
2026-06-15 16:35:05.142,Kathy,right,10.733,644,,,,,,,-1.2517,-0.2121,2.2650,3.0863,3.0863,5.5901
2026-06-15 16:35:05.173,Kathy,right,10.750,645,,,,,,,-1.2826,-0.2041,2.2862,3.1232,3.1232,5.7032
2026-06-15 16:35:05.203,Kathy,right,10.783,647,,,,,,,-1.2829,-0.1972,2.3008,3.1156,3.1156,5.7253
2026-06-15 16:35:05.234,Kathy,right,10.817,649,,,,,,,-1.3111,-0.2213,2.3234,3.1117,3.1117,5.6854
2026-06-15 16:35:05.264,Kathy,right,10.850,651,,,,,,,-1.3539,-0.2064,2.3178,3.1232,3.1232,5.6081
2026-06-15 16:35:05.297,Kathy,right,10.883,653,,,,,,,-1.4366,-0.1933,2.3101,3.1823,3.1823,5.7488
2026-06-15 16:35:05.327,Kathy,right,10.917,655,,,,,,,-1.4592,-0.1868,2.3095,3.2077,3.2077,5.7546
2026-06-15 16:35:05.358,Kathy,right,10.933,656,,,,,,,-1.5087,-0.2090,2.3216,3.2132,3.2132,5.8487
2026-06-15 16:35:05.388,Kathy,right,10.967,658,,,,,,,-1.5333,-0.2247,2.3373,3.2123,3.2123,5.8878
2026-06-15 16:35:05.419,Kathy,right,11.000,660,,,,,,,-1.5558,-0.2374,2.3504,3.2076,3.2076,5.9228
2026-06-15 16:35:05.450,Kathy,right,11.033,662,,,,,,,-1.5655,-0.2401,2.3528,3.2104,3.2104,5.9343
2026-06-15 16:35:05.480,Kathy,right,11.067,664,,,,,,,-1.5472,-0.2289,2.3380,3.2097,3.2097,5.9462
2026-06-15 16:35:05.511,Kathy,right,11.100,666,,,,,,,-1.5443,-0.2362,2.3142,3.2238,3.2238,5.9521
2026-06-15 16:35:05.541,Kathy,right,11.133,668,,,,,,,-1.5744,-0.2477,2.3027,3.2692,3.2692,6.0190
2026-06-15 16:35:05.572,Kathy,right,11.150,669,,,,,,,-1.5886,-0.2624,2.2996,3.2696,3.2696,6.0516
2026-06-15 16:35:05.602,Kathy,right,11.183,671,,,,,,,-1.5897,-0.2589,2.2971,3.2318,3.2318,6.0110
2026-06-15 16:35:05.633,Kathy,right,11.217,673,,,,,,,-1.5864,-0.2533,2.2941,3.2219,3.2219,5.9258
2026-06-15 16:35:05.664,Kathy,right,11.250,675,,,,,,,-1.5945,-0.2631,2.3090,3.2572,3.2572,5.9917
2026-06-15 16:35:05.694,Kathy,right,11.283,677,,,,,,,-1.6118,-0.2799,2.3344,3.3178,3.3178,6.1145
2026-06-15 16:35:05.724,Kathy,right,11.300,678,,,,,,,-1.6241,-0.2779,2.3625,3.3149,3.3149,6.1493
2026-06-15 16:35:05.755,Kathy,right,11.333,680,,,,,,,-1.6310,-0.2801,2.3828,3.3204,3.3204,6.1478
2026-06-15 16:35:05.786,Kathy,right,11.367,682,,,,,,,-1.6155,-0.2639,2.3784,3.3036,3.3036,5.9422
2026-06-15 16:35:05.817,Kathy,right,11.400,684,,,,,,,-1.5746,-0.2332,2.3647,3.2357,3.2357,5.6787
2026-06-15 16:35:05.847,Kathy,right,11.433,686,,,,,,,-1.5563,-0.2202,2.3540,3.1979,3.1979,5.5582
2026-06-15 16:35:05.878,Kathy,right,11.467,688,,,,,,,-1.5484,-0.2307,2.3441,3.1710,3.1710,5.5074
2026-06-15 16:35:05.908,Kathy,right,11.500,690,,,,,,,-1.5530,-0.2355,2.3329,3.1511,3.1511,5.4584
2026-06-15 16:35:05.939,Kathy,right,11.517,691,,,,,,,-1.5497,-0.2459,2.3070,3.1356,3.1356,5.4331
2026-06-15 16:35:05.970,Kathy,right,11.550,693,,,,,,,-1.5341,-0.2608,2.2849,3.1458,3.1458,5.4610
2026-06-15 16:35:06.000,Kathy,right,11.583,695,,,,,,,-1.5474,-0.2635,2.2830,3.1653,3.1653,5.5137
2026-06-15 16:35:06.030,Kathy,right,11.617,697,,,,,,,-1.5136,-0.2712,2.3217,3.1477,3.1477,5.5792
2026-06-15 16:35:06.061,Kathy,right,11.650,699,,,,,,,-1.5077,-0.2706,2.3387,3.1447,3.1447,5.5781
2026-06-15 16:35:06.092,Kathy,right,11.683,701,,,,,,,-1.4815,-0.2609,2.3537,3.1402,3.1402,5.5798
2026-06-15 16:35:06.122,Kathy,right,11.700,702,,,,,,,-1.4705,-0.2663,2.3482,3.1673,3.1673,5.6501
2026-06-15 16:35:06.153,Kathy,right,11.733,704,,,,,,,-1.4472,-0.2671,2.3320,3.1575,3.1575,5.6286
2026-06-15 16:35:06.184,Kathy,right,11.767,706,,,,,,,-1.4454,-0.2688,2.3263,3.1599,3.1599,5.6327
2026-06-15 16:35:06.214,Kathy,right,11.800,708,,,,,,,-1.4498,-0.2897,2.3246,3.1508,3.1508,5.5567
2026-06-15 16:35:06.245,Kathy,right,11.833,710,,,,,,,-1.4167,-0.2994,2.3458,3.1194,3.1194,5.5011
2026-06-15 16:35:06.276,Kathy,right,11.867,712,,,,,,,-1.3767,-0.3107,2.3615,3.0870,3.0870,5.4135
2026-06-15 16:35:06.306,Kathy,right,11.883,713,,,,,,,-1.3670,-0.3146,2.3663,3.0861,3.0861,5.4155
2026-06-15 16:35:06.337,Kathy,right,11.917,715,,,,,,,-1.3490,-0.2924,2.3611,3.0688,3.0688,5.3493
2026-06-15 16:35:06.367,Kathy,right,11.950,717,,,,,,,-1.3274,-0.2917,2.3345,3.0952,3.0952,5.3971
2026-06-15 16:35:06.398,Kathy,right,11.983,719,,,,,,,-1.3053,-0.2907,2.3157,3.1263,3.1263,5.4660
2026-06-15 16:35:06.429,Kathy,right,12.017,721,,,,,,,-1.2820,-0.2905,2.3143,3.1239,3.1239,5.5862
2026-06-15 16:35:06.460,Kathy,right,12.050,723,,,,,,,-1.2677,-0.2948,2.3201,3.1283,3.1283,5.6198
2026-06-15 16:35:06.490,Kathy,right,12.067,724,,,,,,,-1.2373,-0.2968,2.3304,3.1354,3.1354,5.6569
2026-06-15 16:35:06.521,Kathy,right,12.100,726,,,,,,,-1.2102,-0.2992,2.3309,3.1626,3.1626,5.7303
2026-06-15 16:35:06.551,Kathy,right,12.133,728,,,,,,,-1.1602,-0.2991,2.3006,3.1262,3.1262,5.6347
2026-06-15 16:35:06.582,Kathy,right,12.167,730,,,,,,,-1.1372,-0.2987,2.2787,3.1393,3.1393,5.6200
2026-06-15 16:35:06.612,Kathy,right,12.200,732,,,,,,,-1.1275,-0.3071,2.2720,3.1639,3.1639,5.6753
2026-06-15 16:35:06.643,Kathy,right,12.233,734,,,,,,,-1.0529,-0.3088,2.2434,3.1089,3.1089,5.5689
2026-06-15 16:35:06.674,Kathy,right,12.250,735,,,,,,,-1.0109,-0.3154,2.2230,3.0897,3.0897,5.5236
2026-06-15 16:35:06.705,Kathy,right,12.283,737,,,,,,,-0.9927,-0.3286,2.2175,3.0990,3.0990,5.5615
2026-06-15 16:35:06.736,Kathy,right,12.317,739,,,,,,,-0.9914,-0.3569,2.2238,3.1145,3.1145,5.7202
2026-06-15 16:35:06.766,Kathy,right,12.350,741,,,,,,,-0.9845,-0.3848,2.2443,3.1354,3.1354,5.8771
2026-06-15 16:35:06.797,Kathy,right,12.383,743,,,,,,,-0.9647,-0.3931,2.2702,3.1414,3.1414,5.9695
2026-06-15 16:35:06.827,Kathy,right,12.417,745,,,,,,,-0.9023,-0.3952,2.2911,3.0862,3.0862,5.9007
2026-06-15 16:35:06.858,Kathy,right,12.450,747,,,,,,,-0.8364,-0.3895,2.2706,3.0792,3.0792,5.6291
2026-06-15 16:35:06.888,Kathy,right,12.467,748,,,,,,,-0.7969,-0.3918,2.2482,3.0367,3.0367,5.4805
2026-06-15 16:35:06.919,Kathy,right,12.500,750,,,,,,,-0.7396,-0.3892,2.2086,2.9783,2.9783,5.2914
2026-06-15 16:35:06.949,Kathy,right,12.533,752,,,,,,,-0.7147,-0.3790,2.1954,2.9996,2.9996,5.3610
2026-06-15 16:35:06.979,Kathy,right,12.567,754,,,,,,,-0.7003,-0.3760,2.1966,3.0236,3.0236,5.3910
2026-06-15 16:35:07.010,Kathy,right,12.600,756,,,,,,,-0.6852,-0.3814,2.1989,3.0166,3.0166,5.4511
2026-06-15 16:35:07.041,Kathy,right,12.617,757,,,,,,,-0.6618,-0.3766,2.1982,3.0320,3.0320,5.5684
2026-06-15 16:35:07.071,Kathy,right,12.650,759,,,,,,,-0.6432,-0.3702,2.2030,3.0208,3.0208,5.6061
2026-06-15 16:35:07.102,Kathy,right,12.683,761,,,,,,,-0.6101,-0.3684,2.2169,3.0004,3.0004,5.7549
2026-06-15 16:35:07.132,Kathy,right,12.717,763,,,,,,,-0.5754,-0.3764,2.2290,3.0409,3.0409,5.8966
2026-06-15 16:35:07.163,Kathy,right,12.750,765,,,,,,,-0.5302,-0.3765,2.2184,3.0513,3.0513,5.7662
2026-06-15 16:35:07.194,Kathy,right,12.783,767,,,,,,,-0.4981,-0.3672,2.2076,3.0578,3.0578,5.7660
2026-06-15 16:35:07.224,Kathy,right,12.800,768,,,,,,,-0.4814,-0.3683,2.2059,3.0713,3.0713,5.7594
2026-06-15 16:35:07.255,Kathy,right,12.833,770,,,,,,,-0.4384,-0.3747,2.2032,3.0624,3.0624,5.7842
2026-06-15 16:35:07.285,Kathy,right,12.867,772,,,,,,,-0.4503,-0.3938,2.2171,3.1458,3.1458,6.1628
2026-06-15 16:35:07.318,Kathy,right,12.900,774,,,,,,,-0.4509,-0.4037,2.2565,3.2142,3.2142,6.4535
2026-06-15 16:35:07.349,Kathy,right,12.933,776,,,,,,,-0.4421,-0.4126,2.2805,3.2490,3.2490,6.5378
2026-06-15 16:35:07.380,Kathy,right,12.967,778,,,,,,,-0.3611,-0.4055,2.2869,3.1671,3.1671,6.1823
2026-06-15 16:35:07.410,Kathy,right,13.000,780,,,,,,,-0.3025,-0.4015,2.2736,3.1289,3.1289,6.0511
2026-06-15 16:35:07.441,Kathy,right,13.017,781,,,,,,,-0.2512,-0.3874,2.2546,3.1200,3.1200,6.0123
2026-06-15 16:35:07.472,Kathy,right,13.050,783,,,,,,,-0.2255,-0.3886,2.2413,3.0857,3.0857,6.0073
2026-06-15 16:35:07.502,Kathy,right,13.083,785,,,,,,,-0.1980,-0.3889,2.2141,3.0557,3.0557,6.0761
2026-06-15 16:35:07.533,Kathy,right,13.117,787,,,,,,,-0.1756,-0.3976,2.2054,3.0638,3.0638,6.1682
2026-06-15 16:35:07.563,Kathy,right,13.150,789,,,,,,,-0.1567,-0.3939,2.2149,3.1051,3.1051,6.2831
2026-06-15 16:35:07.594,Kathy,right,13.167,790,,,,,,,-0.1433,-0.4022,2.2250,3.1530,3.1530,6.3352
2026-06-15 16:35:07.624,Kathy,right,13.217,793,,,,,,,-0.0875,-0.3905,2.2165,3.1128,3.1128,6.3615
2026-06-15 16:35:07.655,Kathy,right,13.250,795,,,,,,,-0.0654,-0.3985,2.2093,3.1096,3.1096,6.3954
2026-06-15 16:35:07.686,Kathy,right,13.283,797,,,,,,,-0.0564,-0.3913,2.2259,3.2183,3.2183,6.6743
2026-06-15 16:35:07.716,Kathy,right,13.317,799,,,,,,,-0.0455,-0.3844,2.2413,3.2458,3.2458,6.7439
2026-06-15 16:35:07.747,Kathy,right,13.350,801,,,,,,,-0.0381,-0.3800,2.2562,3.2634,3.2634,6.7879
2026-06-15 16:35:07.778,Kathy,right,13.383,803,,,,,,,-0.0333,-0.3729,2.2825,3.2837,3.2837,6.8287
2026-06-15 16:35:07.808,Kathy,right,13.417,805,,,,,,,0.0001,-0.3773,2.2684,3.2263,3.2263,6.6632
2026-06-15 16:35:07.839,Kathy,right,13.433,806,,,,,,,0.0477,-0.3866,2.2304,3.1838,3.1838,6.5417
2026-06-15 16:35:07.869,Kathy,right,13.467,808,,,,,,,0.1448,-0.3876,2.2118,3.1786,3.1786,6.5953
2026-06-15 16:35:07.899,Kathy,right,13.500,810,,,,,,,0.2431,-0.3741,2.1823,3.1804,3.1804,6.6467
2026-06-15 16:35:07.930,Kathy,right,13.533,812,,,,,,,0.2753,-0.3711,2.1556,3.1487,3.1487,6.6478
2026-06-15 16:35:07.961,Kathy,right,13.567,814,,,,,,,0.3111,-0.3689,2.1418,3.1529,3.1529,6.6364
2026-06-15 16:35:07.992,Kathy,right,13.600,816,,,,,,,0.2518,-0.3701,2.1366,3.1409,3.1409,6.6874
2026-06-15 16:35:08.022,Kathy,right,13.617,817,,,,,,,0.2360,-0.3642,2.1396,3.1795,3.1795,6.7658
2026-06-15 16:35:08.053,Kathy,right,13.650,819,,,,,,,0.2276,-0.3629,2.1508,3.2116,3.2116,6.8212
2026-06-15 16:35:08.083,Kathy,right,13.683,821,,,,,,,0.2222,-0.3636,2.1580,3.2213,3.2213,6.8431
2026-06-15 16:35:08.114,Kathy,right,13.717,823,,,,,,,0.2325,-0.3746,2.1430,3.1452,3.1452,6.7390
2026-06-15 16:35:08.144,Kathy,right,13.750,825,,,,,,,0.2233,-0.3845,2.1134,3.1092,3.1092,6.7104
2026-06-15 16:35:08.175,Kathy,right,13.767,826,,,,,,,0.2187,-0.3773,2.0841,3.0853,3.0853,6.6611
2026-06-15 16:35:08.205,Kathy,right,13.800,828,,,,,,,0.2140,-0.3718,2.0701,3.1305,3.1305,6.7447
2026-06-15 16:35:08.236,Kathy,right,13.833,830,,,,,,,0.2320,-0.3471,2.0668,3.1693,3.1693,6.8684
2026-06-15 16:35:08.267,Kathy,right,13.850,831,,,,,,,0.2375,-0.3305,2.0699,3.2048,3.2048,6.8644
2026-06-15 16:35:08.297,Kathy,right,13.883,833,,,,,,,0.2275,-0.3227,2.0789,3.2694,3.2694,7.0161
2026-06-15 16:35:08.328,Kathy,right,13.917,835,,,,,,,0.2275,-0.3227,2.0789,3.2694,3.2694,7.0161
2026-06-15 16:35:08.359,Kathy,right,13.950,837,,,,,,,0.2326,-0.3135,2.1109,3.3193,3.3193,7.1251
2026-06-15 16:35:08.389,Kathy,right,13.967,838,,,,,,,0.2253,-0.3063,2.1367,3.3609,3.3609,7.1671
2026-06-15 16:35:08.420,Kathy,right,14.000,840,,,,,,,0.1999,-0.2908,2.1612,3.3871,3.3871,7.3340
2026-06-15 16:35:08.450,Kathy,right,14.033,842,,,,,,,0.1961,-0.2804,2.1704,3.3497,3.3497,7.3018
2026-06-15 16:35:08.481,Kathy,right,14.067,844,,,,,,,0.1939,-0.2734,2.1760,3.3245,3.3245,7.2923
2026-06-15 16:35:08.512,Kathy,right,14.100,846,,,,,,,0.1802,-0.2605,2.1724,3.3033,3.3033,7.2439
2026-06-15 16:35:08.542,Kathy,right,14.133,848,,,,,,,0.1306,-0.2642,2.1808,3.3204,3.3204,7.2745
2026-06-15 16:35:08.572,Kathy,right,14.150,849,,,,,,,0.0888,-0.2612,2.1758,3.3265,3.3265,7.2796
2026-06-15 16:35:08.603,Kathy,right,14.183,851,,,,,,,0.0739,-0.2622,2.1704,3.3162,3.3162,7.2599
2026-06-15 16:35:08.634,Kathy,right,14.217,853,,,,,,,0.0540,-0.2483,2.1648,3.2960,3.2960,7.0213
2026-06-15 16:35:08.664,Kathy,right,14.250,855,,,,,,,0.0373,-0.2478,2.1569,3.2280,3.2280,6.8888
2026-06-15 16:35:08.695,Kathy,right,14.283,857,,,,,,,0.0343,-0.2354,2.1502,3.1888,3.1888,6.7652
2026-06-15 16:35:08.726,Kathy,right,14.317,859,,,,,,,0.0238,-0.2366,2.1520,3.1585,3.1585,6.7146
2026-06-15 16:35:08.757,Kathy,right,14.333,860,,,,,,,0.0122,-0.2324,2.1508,3.1581,3.1581,6.6828
2026-06-15 16:35:08.787,Kathy,right,14.367,862,,,,,,,-0.0133,-0.2171,2.1480,3.1443,3.1443,6.5782
2026-06-15 16:35:08.818,Kathy,right,14.400,864,,,,,,,-0.0303,-0.2061,2.1497,3.1247,3.1247,6.4805
2026-06-15 16:35:08.849,Kathy,right,14.433,866,,,,,,,-0.0505,-0.1891,2.1622,3.1758,3.1758,6.4356
2026-06-15 16:35:08.880,Kathy,right,14.467,868,,,,,,,-0.0642,-0.1867,2.1759,3.2036,3.2036,6.4922
2026-06-15 16:35:08.910,Kathy,right,14.500,870,,,,,,,-0.1044,-0.1974,2.2001,3.2205,3.2205,6.4842
2026-06-15 16:35:08.941,Kathy,right,14.517,871,,,,,,,-0.1755,-0.1901,2.2157,3.1759,3.1759,6.3173
2026-06-15 16:35:08.972,Kathy,right,14.550,873,,,,,,,-0.2763,-0.1908,2.1943,3.1230,3.1230,6.1169
2026-06-15 16:35:09.002,Kathy,right,14.583,875,,,,,,,-0.3022,-0.1869,2.1815,3.1036,3.1036,6.0640
2026-06-15 16:35:09.032,Kathy,right,14.617,877,,,,,,,-0.3530,-0.1920,2.1607,3.0430,3.0430,5.8347
2026-06-15 16:35:09.063,Kathy,right,14.650,879,,,,,,,-0.4092,-0.1999,2.1723,3.0497,3.0497,5.7686
2026-06-15 16:35:09.094,Kathy,right,14.683,881,,,,,,,-0.4428,-0.2072,2.1831,3.0710,3.0710,5.7949
2026-06-15 16:35:09.124,Kathy,right,14.700,882,,,,,,,-0.4877,-0.2091,2.2041,3.0894,3.0894,5.8031
2026-06-15 16:35:09.154,Kathy,right,14.733,884,,,,,,,-0.5030,-0.1994,2.2211,3.0857,3.0857,5.7946
2026-06-15 16:35:09.185,Kathy,right,14.767,886,,,,,,,-0.4653,-0.1899,2.2244,3.0779,3.0779,5.8134
2026-06-15 16:35:09.216,Kathy,right,14.800,888,,,,,,,-0.4410,-0.1677,2.2236,3.0840,3.0840,5.8084
2026-06-15 16:35:09.246,Kathy,right,14.833,890,,,,,,,-0.4531,-0.1647,2.2169,3.0856,3.0856,5.7571
2026-06-15 16:35:09.277,Kathy,right,14.867,892,,,,,,,-0.5299,-0.2005,2.2336,3.2450,3.2450,6.2508
2026-06-15 16:35:09.307,Kathy,right,14.883,893,,,,,,,-0.5570,-0.2050,2.2306,3.2353,3.2353,6.3248
2026-06-15 16:35:09.339,Kathy,right,14.917,895,,,,,,,-0.5777,-0.1950,2.2281,3.2089,3.2089,6.3415
2026-06-15 16:35:09.370,Kathy,right,14.950,897,,,,,,,-0.5863,-0.1884,2.2197,3.1642,3.1642,6.2929
2026-06-15 16:35:09.401,Kathy,right,14.983,899,,,,,,,-0.6244,-0.1845,2.1993,3.2073,3.2073,6.2359
2026-06-15 16:35:09.431,Kathy,right,15.017,901,,,,,,,-0.6525,-0.1762,2.1825,3.2056,3.2056,6.1925
2026-06-15 16:35:09.462,Kathy,right,15.050,903,,,,,,,-0.6731,-0.1774,2.1813,3.1889,3.1889,6.1553
2026-06-15 16:35:09.492,Kathy,right,15.083,905,,,,,,,-0.7135,-0.1783,2.2032,3.2319,3.2319,6.3865
2026-06-15 16:35:09.523,Kathy,right,15.100,906,,,,,,,-0.7278,-0.1847,2.2356,3.2346,3.2346,6.4882
2026-06-15 16:35:09.553,Kathy,right,15.133,908,,,,,,,-0.7413,-0.1868,2.2554,3.2537,3.2537,6.5595
2026-06-15 16:35:09.583,Kathy,right,15.167,910,,,,,,,-0.7406,-0.1895,2.2603,3.2328,3.2328,6.4956
2026-06-15 16:35:09.614,Kathy,right,15.200,912,,,,,,,-0.8054,-0.1948,2.2872,3.2706,3.2706,6.5581
2026-06-15 16:35:09.645,Kathy,right,15.233,914,,,,,,,-0.8373,-0.1950,2.3154,3.2744,3.2744,6.5973
2026-06-15 16:35:09.676,Kathy,right,15.267,916,,,,,,,-0.8385,-0.1719,2.3239,3.2069,3.2069,6.4207
2026-06-15 16:35:09.706,Kathy,right,15.283,917,,,,,,,-0.8892,-0.1578,2.3006,3.2286,3.2286,6.4204
2026-06-15 16:35:09.737,Kathy,right,15.317,919,,,,,,,-0.9146,-0.1613,2.2821,3.2522,3.2522,6.3889
2026-06-15 16:35:09.767,Kathy,right,15.350,921,,,,,,,-0.9656,-0.1754,2.2594,3.2792,3.2792,6.6203
2026-06-15 16:35:09.798,Kathy,right,15.383,923,,,,,,,-0.9855,-0.1908,2.2533,3.2874,3.2874,6.5622
2026-06-15 16:35:09.828,Kathy,right,15.417,925,,,,,,,-1.0037,-0.2007,2.2596,3.2820,3.2820,6.5557
2026-06-15 16:35:09.859,Kathy,right,15.450,927,,,,,,,-1.0232,-0.2019,2.2671,3.2965,3.2965,6.5758
2026-06-15 16:35:09.889,Kathy,right,15.467,928,,,,,,,-1.0186,-0.1842,2.2711,3.2655,3.2655,6.4998
2026-06-15 16:35:09.920,Kathy,right,15.500,930,,,,,,,-1.0190,-0.1779,2.2749,3.2427,3.2427,6.4976
2026-06-15 16:35:09.951,Kathy,right,15.533,932,,,,,,,-1.0605,-0.1720,2.2879,3.2543,3.2543,6.6002
2026-06-15 16:35:09.981,Kathy,right,15.567,934,,,,,,,-1.1095,-0.1847,2.3013,3.2784,3.2784,6.5877
2026-06-15 16:35:10.012,Kathy,right,15.600,936,,,,,,,-1.1435,-0.2041,2.2947,3.3284,3.3284,6.5584
2026-06-15 16:35:10.043,Kathy,right,15.633,938,,,,,,,-1.1897,-0.2151,2.2788,3.3604,3.3604,6.4782
2026-06-15 16:35:10.073,Kathy,right,15.650,939,,,,,,,-1.2076,-0.2154,2.2712,3.3723,3.3723,6.4481
2026-06-15 16:35:10.104,Kathy,right,15.683,941,,,,,,,-1.2464,-0.2117,2.2701,3.3997,3.3997,6.4140
2026-06-15 16:35:10.134,Kathy,right,15.717,943,,,,,,,-1.2663,-0.1995,2.2951,3.3912,3.3912,6.3903
2026-06-15 16:35:10.165,Kathy,right,15.750,945,,,,,,,-1.3022,-0.2021,2.3201,3.4086,3.4086,6.4797
2026-06-15 16:35:10.196,Kathy,right,15.783,947,,,,,,,-1.3305,-0.2132,2.3328,3.4367,3.4367,6.6128
2026-06-15 16:35:10.227,Kathy,right,15.817,949,,,,,,,-1.3515,-0.2108,2.3432,3.4336,3.4336,6.5862
2026-06-15 16:35:10.257,Kathy,right,15.833,950,,,,,,,-1.3673,-0.2049,2.3574,3.4330,3.4330,6.5343
2026-06-15 16:35:10.288,Kathy,right,15.867,952,,,,,,,-1.3909,-0.2014,2.3735,3.4149,3.4149,6.5982
2026-06-15 16:35:10.319,Kathy,right,15.900,954,,,,,,,-1.4233,-0.2118,2.3910,3.4400,3.4400,6.6413
2026-06-15 16:35:10.350,Kathy,right,15.933,956,,,,,,,-1.4349,-0.2126,2.4048,3.3982,3.3982,6.6367
2026-06-15 16:35:10.381,Kathy,right,15.967,958,,,,,,,-1.4720,-0.2325,2.4148,3.4102,3.4102,6.6237
2026-06-15 16:35:10.411,Kathy,right,16.000,960,,,,,,,-1.4904,-0.2417,2.4159,3.4386,3.4386,6.6065
2026-06-15 16:35:10.442,Kathy,right,16.033,962,,,,,,,-1.5239,-0.2422,2.4196,3.4207,3.4207,6.7099
2026-06-15 16:35:10.473,Kathy,right,16.050,963,,,,,,,-1.5521,-0.2341,2.4135,3.4141,3.4141,6.8027
2026-06-15 16:35:10.503,Kathy,right,16.083,965,,,,,,,-1.5714,-0.2397,2.4052,3.4362,3.4362,6.8360
2026-06-15 16:35:10.534,Kathy,right,16.117,967,,,,,,,-1.5789,-0.2418,2.3984,3.4457,3.4457,6.9688
2026-06-15 16:35:10.564,Kathy,right,16.150,969,,,,,,,-1.5919,-0.2525,2.3914,3.5278,3.5278,7.0981
2026-06-15 16:35:10.595,Kathy,right,16.183,971,,,,,,,-1.6028,-0.2538,2.3890,3.5535,3.5535,7.1371
2026-06-15 16:35:10.625,Kathy,right,16.217,973,,,,,,,-1.6194,-0.2565,2.3947,3.5522,3.5522,7.0466
2026-06-15 16:35:10.656,Kathy,right,16.233,974,,,,,,,-1.6156,-0.2606,2.4035,3.5217,3.5217,6.9988
2026-06-15 16:35:10.686,Kathy,right,16.267,976,,,,,,,-1.6145,-0.2583,2.4239,3.4447,3.4447,6.8595
2026-06-15 16:35:10.717,Kathy,right,16.300,978,,,,,,,-1.6308,-0.2648,2.4318,3.4046,3.4046,6.8260
2026-06-15 16:35:10.747,Kathy,right,16.333,980,,,,,,,-1.6371,-0.2693,2.4300,3.4054,3.4054,6.8486
2026-06-15 16:35:10.778,Kathy,right,16.367,982,,,,,,,-1.6418,-0.2471,2.4248,3.4032,3.4032,6.7684
2026-06-15 16:35:10.808,Kathy,right,16.383,984,,,,,,,-1.6353,-0.2470,2.4179,3.4189,3.4189,6.7564
2026-06-15 16:35:10.839,Kathy,right,16.417,985,,,,,,,-1.6356,-0.2411,2.4158,3.4278,3.4278,6.7720
2026-06-15 16:35:10.870,Kathy,right,16.450,987,,,,,,,-1.6255,-0.2419,2.4141,3.4212,3.4212,6.8271
2026-06-15 16:35:10.900,Kathy,right,16.483,989,,,,,,,-1.6078,-0.2405,2.4233,3.3982,3.3982,6.8462
2026-06-15 16:35:10.931,Kathy,right,16.517,991,,,,,,,-1.5853,-0.2443,2.4412,3.4003,3.4003,6.8598
2026-06-15 16:35:10.961,Kathy,right,16.550,993,,,,,,,-1.5630,-0.2452,2.4527,3.4150,3.4150,6.9046
2026-06-15 16:35:10.992,Kathy,right,16.583,995,,,,,,,-1.5398,-0.2515,2.4508,3.4450,3.4450,6.9160
2026-06-15 16:35:11.023,Kathy,right,16.600,996,,,,,,,-1.5315,-0.2531,2.4474,3.4546,3.4546,6.9141
2026-06-15 16:35:11.053,Kathy,right,16.633,998,,,,,,,-1.5104,-0.2574,2.4379,3.4599,3.4599,6.8640
2026-06-15 16:35:11.084,Kathy,right,16.667,1000,,,,,,,-1.5003,-0.2578,2.4274,3.4436,3.4436,6.8256
2026-06-15 16:35:11.114,Kathy,right,16.700,1002,,,,,,,-1.4876,-0.2616,2.4228,3.4326,3.4326,6.8322
2026-06-15 16:35:11.145,Kathy,right,16.733,1004,,,,,,,-1.4815,-0.2671,2.4204,3.4204,3.4204,6.8285
2026-06-15 16:35:11.176,Kathy,right,16.767,1006,,,,,,,-1.4876,-0.2916,2.4152,3.4419,3.4419,6.7242
2026-06-15 16:35:11.206,Kathy,right,16.783,1007,,,,,,,-1.4701,-0.3001,2.4166,3.4488,3.4488,6.7185
2026-06-15 16:35:11.237,Kathy,right,16.817,1009,,,,,,,-1.4517,-0.3073,2.4140,3.4269,3.4269,6.6455
2026-06-15 16:35:11.268,Kathy,right,16.850,1011,,,,,,,-1.4424,-0.3102,2.4115,3.4210,3.4210,6.5905
2026-06-15 16:35:11.298,Kathy,right,16.883,1013,,,,,,,-1.4172,-0.2950,2.4096,3.4212,3.4212,6.4623
2026-06-15 16:35:11.329,Kathy,right,16.917,1015,,,,,,,-1.3930,-0.3038,2.3977,3.4376,3.4376,6.4619
2026-06-15 16:35:11.360,Kathy,right,16.950,1017,,,,,,,-1.3777,-0.3103,2.3925,3.4350,3.4350,6.4574
2026-06-15 16:35:11.390,Kathy,right,16.967,1018,,,,,,,-1.3471,-0.3042,2.3740,3.4193,3.4193,6.3852
2026-06-15 16:35:11.421,Kathy,right,17.000,1020,,,,,,,-1.3063,-0.2977,2.3333,3.4450,3.4450,6.3214
2026-06-15 16:35:11.452,Kathy,right,17.033,1022,,,,,,,-1.2393,-0.2877,2.3285,3.3354,3.3354,6.2922
2026-06-15 16:35:11.483,Kathy,right,17.067,1024,,,,,,,-1.2221,-0.2890,2.3388,3.3397,3.3397,6.4082
2026-06-15 16:35:11.514,Kathy,right,17.100,1026,,,,,,,-1.2157,-0.2844,2.3490,3.3222,3.3222,6.4960
2026-06-15 16:35:11.544,Kathy,right,17.133,1028,,,,,,,-1.2038,-0.2747,2.3524,3.3116,3.3116,6.4924
2026-06-15 16:35:11.575,Kathy,right,17.167,1030,,,,,,,-1.1805,-0.2739,2.3525,3.3177,3.3177,6.5070
2026-06-15 16:35:11.605,Kathy,right,17.183,1031,,,,,,,-1.1627,-0.2756,2.3520,3.3171,3.3171,6.5185
2026-06-15 16:35:11.636,Kathy,right,17.217,1033,,,,,,,-1.0974,-0.2974,2.3676,3.3008,3.3008,6.5436
2026-06-15 16:35:11.666,Kathy,right,17.250,1035,,,,,,,-1.0560,-0.2925,2.3904,3.3010,3.3010,6.5655
2026-06-15 16:35:11.697,Kathy,right,17.283,1037,,,,,,,-1.0227,-0.2996,2.3932,3.2901,3.2901,6.5025
2026-06-15 16:35:11.728,Kathy,right,17.317,1039,,,,,,,-0.9957,-0.3154,2.3684,3.2809,3.2809,6.3373
2026-06-15 16:35:11.758,Kathy,right,17.350,1041,,,,,,,-0.9649,-0.3404,2.3364,3.2945,3.2945,6.3205
2026-06-15 16:35:11.789,Kathy,right,17.367,1042,,,,,,,-0.9087,-0.3555,2.2961,3.2749,3.2749,6.3304
2026-06-15 16:35:11.820,Kathy,right,17.400,1044,,,,,,,-0.8844,-0.3563,2.2810,3.2648,3.2648,6.3690
2026-06-15 16:35:11.851,Kathy,right,17.433,1046,,,,,,,-0.8669,-0.3648,2.2595,3.2797,3.2797,6.4276
2026-06-15 16:35:11.882,Kathy,right,17.467,1048,,,,,,,-0.8376,-0.3601,2.2515,3.2597,3.2597,6.4363
2026-06-15 16:35:11.912,Kathy,right,17.500,1050,,,,,,,-0.8297,-0.3681,2.2713,3.3125,3.3125,6.5346
2026-06-15 16:35:11.943,Kathy,right,17.533,1052,,,,,,,-0.7928,-0.3635,2.2824,3.3352,3.3352,6.4941
2026-06-15 16:35:11.974,Kathy,right,17.550,1053,,,,,,,-0.7494,-0.3604,2.2719,3.2655,3.2655,6.3611
2026-06-15 16:35:12.004,Kathy,right,17.583,1055,,,,,,,-0.7217,-0.3623,2.2525,3.2553,3.2553,6.3475
2026-06-15 16:35:12.035,Kathy,right,17.617,1057,,,,,,,-0.6948,-0.3703,2.2651,3.2330,3.2330,6.5136
2026-06-15 16:35:12.065,Kathy,right,17.650,1059,,,,,,,-0.6170,-0.3685,2.2775,3.1681,3.1681,6.4425
2026-06-15 16:35:12.096,Kathy,right,17.683,1061,,,,,,,-0.5786,-0.3589,2.2693,3.1327,3.1327,6.3903
2026-06-15 16:35:12.127,Kathy,right,17.717,1063,,,,,,,-0.5675,-0.3563,2.2551,3.1927,3.1927,6.4342
2026-06-15 16:35:12.157,Kathy,right,17.733,1064,,,,,,,-0.5421,-0.3487,2.2381,3.2333,3.2333,6.5501
2026-06-15 16:35:12.188,Kathy,right,17.767,1066,,,,,,,-0.5215,-0.3308,2.2275,3.2421,3.2421,6.5866
2026-06-15 16:35:12.218,Kathy,right,17.800,1068,,,,,,,-0.5064,-0.3288,2.2239,3.2406,3.2406,6.5937
2026-06-15 16:35:12.249,Kathy,right,17.833,1070,,,,,,,-0.5833,-0.2051,2.1975,3.2164,3.2164,6.4427
2026-06-15 16:35:12.279,Kathy,right,17.867,1072,,,,,,,-0.6096,-0.1399,2.1870,3.2201,3.2201,6.4342
2026-06-15 16:35:12.310,Kathy,right,17.900,1074,,,,,,,-0.6322,-0.0434,2.1689,3.2316,3.2316,6.4711
2026-06-15 16:35:12.340,Kathy,right,17.917,1075,,,,,,,-0.6582,0.0267,2.1764,3.2425,3.2425,6.5451
2026-06-15 16:35:12.373,Kathy,right,17.950,1077,,,,,,,-0.6798,0.0741,2.1943,3.2922,3.2922,6.6843
2026-06-15 16:35:12.404,Kathy,right,17.983,1079,,,,,,,-0.6578,0.1424,2.2134,3.2794,3.2794,6.8033
2026-06-15 16:35:12.435,Kathy,right,18.017,1081,,,,,,,-0.6475,0.1612,2.2209,3.2679,3.2679,6.6964
2026-06-15 16:35:12.465,Kathy,right,18.050,1083,,,,,,,-0.6680,0.1723,2.2213,3.3092,3.3092,6.6929
2026-06-15 16:35:12.496,Kathy,right,18.083,1085,,,,,,,-0.6600,0.1958,2.2195,3.3105,3.3105,6.5993
2026-06-15 16:35:12.526,Kathy,right,18.117,1087,,,,,,,-0.6679,0.2141,2.2230,3.3388,3.3388,6.6834
2026-06-15 16:35:12.557,Kathy,right,18.133,1088,,,,,,,-0.6649,0.2275,2.2288,3.3369,3.3369,6.6698
2026-06-15 16:35:12.587,Kathy,right,18.167,1090,,,,,,,-0.6683,0.2501,2.2349,3.3351,3.3351,6.7078
2026-06-15 16:35:12.618,Kathy,right,18.200,1092,,,,,,,-0.6524,0.2965,2.2268,3.2787,3.2787,6.6336
2026-06-15 16:35:12.648,Kathy,right,18.233,1094,,,,,,,-0.6469,0.3085,2.2200,3.2848,3.2848,6.8255
2026-06-15 16:35:12.679,Kathy,right,18.267,1096,,,,,,,-0.6482,0.4518,2.1678,3.3484,3.3484,6.8788
2026-06-15 16:35:12.709,Kathy,right,18.300,1098,,,,,,,-0.6433,0.4999,2.1501,3.3630,3.3630,6.8915
2026-06-15 16:35:12.740,Kathy,right,18.317,1099,,,,,,,-0.6332,0.5788,2.1267,3.3877,3.3877,6.8040
2026-06-15 16:35:12.770,Kathy,right,18.350,1101,,,,,,,-0.6526,0.6108,2.1220,3.4365,3.4365,6.8809
2026-06-15 16:35:12.801,Kathy,right,18.383,1103,,,,,,,-0.6475,0.6298,2.1201,3.4343,3.4343,6.8470
2026-06-15 16:35:12.831,Kathy,right,18.417,1105,,,,,,,-0.6347,0.6562,2.1089,3.4199,3.4199,6.7483
2026-06-15 16:35:12.862,Kathy,right,18.450,1107,,,,,,,-0.6949,0.6161,2.1152,3.4233,3.4233,6.8373
2026-06-15 16:35:12.892,Kathy,right,18.483,1109,,,,,,,-0.7019,0.6078,2.1259,3.4034,3.4034,6.8449
2026-06-15 16:35:12.923,Kathy,right,18.500,1110,,,,,,,-0.6950,0.6104,2.1258,3.3651,3.3651,6.7700
2026-06-15 16:35:12.954,Kathy,right,18.533,1112,,,,,,,-0.6873,0.6198,2.1195,3.3703,3.3703,6.8138
2026-06-15 16:35:12.984,Kathy,right,18.567,1114,,,,,,,-0.6708,0.6122,2.1092,3.3583,3.3583,6.8632
2026-06-15 16:35:13.015,Kathy,right,18.600,1116,,,,,,,-0.6548,0.6041,2.0996,3.3385,3.3385,6.8596
2026-06-15 16:35:13.046,Kathy,right,18.633,1118,,,,,,,-0.6517,0.5972,2.0990,3.3401,3.3401,6.8541
2026-06-15 16:35:13.076,Kathy,right,18.667,1120,,,,,,,-0.6465,0.5954,2.1192,3.3522,3.3522,6.8372
2026-06-15 16:35:13.107,Kathy,right,18.683,1121,,,,,,,-0.6492,0.5848,2.1468,3.3601,3.3601,6.8609
2026-06-15 16:35:13.137,Kathy,right,18.717,1123,,,,,,,-0.6456,0.5845,2.1588,3.3580,3.3580,6.8600
2026-06-15 16:35:13.168,Kathy,right,18.750,1125,,,,,,,-0.6289,0.6066,2.1711,3.3401,3.3401,6.7937
2026-06-15 16:35:13.198,Kathy,right,18.783,1127,,,,,,,-0.6195,0.6281,2.1577,3.3195,3.3195,6.6615
2026-06-15 16:35:13.229,Kathy,right,18.817,1129,,,,,,,-0.6086,0.6410,2.1442,3.3112,3.3112,6.5850
2026-06-15 16:35:13.259,Kathy,right,18.850,1131,,,,,,,-0.6117,0.6360,2.1323,3.2897,3.2897,6.6339
2026-06-15 16:35:13.290,Kathy,right,18.867,1132,,,,,,,-0.6158,0.6375,2.1296,3.3442,3.3442,6.7027
2026-06-15 16:35:13.320,Kathy,right,18.900,1134,,,,,,,-0.6191,0.6532,2.1234,3.3690,3.3690,6.7511
2026-06-15 16:35:13.351,Kathy,right,18.933,1136,,,,,,,-0.6181,0.6441,2.1164,3.3990,3.3990,6.7452
2026-06-15 16:35:13.382,Kathy,right,18.967,1138,,,,,,,-0.6348,0.6219,2.1199,3.4182,3.4182,6.9009
2026-06-15 16:35:13.413,Kathy,right,19.000,1140,,,,,,,-0.6386,0.5947,2.1433,3.4358,3.4358,7.0883
2026-06-15 16:35:13.443,Kathy,right,19.033,1142,,,,,,,-0.6327,0.5762,2.1698,3.4548,3.4548,7.2057
2026-06-15 16:35:13.474,Kathy,right,19.050,1143,,,,,,,-0.6211,0.5630,2.1780,3.4802,3.4802,7.2893
2026-06-15 16:35:13.505,Kathy,right,19.083,1145,,,,,,,-0.6346,0.5664,2.1877,3.4748,3.4748,7.3230
2026-06-15 16:35:13.535,Kathy,right,19.117,1147,,,,,,,-0.6374,0.5503,2.1817,3.4828,3.4828,7.3679
2026-06-15 16:35:13.566,Kathy,right,19.150,1149,,,,,,,-0.6517,0.5206,2.1770,3.4916,3.4916,7.3484
2026-06-15 16:35:13.597,Kathy,right,19.183,1151,,,,,,,-0.6229,0.5012,2.1501,3.4779,3.4779,7.3304
2026-06-15 16:35:13.627,Kathy,right,19.217,1153,,,,,,,-0.6093,0.4794,2.1155,3.4729,3.4729,7.3356
2026-06-15 16:35:13.658,Kathy,right,19.233,1154,,,,,,,-0.6020,0.4788,2.0996,3.4621,3.4621,7.2768
2026-06-15 16:35:13.688,Kathy,right,19.267,1156,,,,,,,-0.6001,0.4621,2.0885,3.4270,3.4270,7.2414
2026-06-15 16:35:13.719,Kathy,right,19.300,1158,,,,,,,-0.6027,0.4353,2.0994,3.4097,3.4097,7.1785
2026-06-15 16:35:13.750,Kathy,right,19.333,1160,,,,,,,-0.5974,0.4178,2.1069,3.3855,3.3855,7.1223
2026-06-15 16:35:13.781,Kathy,right,19.367,1162,,,,,,,-0.5945,0.3807,2.1261,3.4027,3.4027,7.1251
2026-06-15 16:35:13.812,Kathy,right,19.400,1164,,,,,,,-0.5771,0.3762,2.1341,3.3729,3.3729,6.8813
2026-06-15 16:35:13.843,Kathy,right,19.433,1166,,,,,,,-0.5573,0.3409,2.1439,3.3814,3.3814,6.7689
2026-06-15 16:35:13.873,Kathy,right,19.450,1167,,,,,,,-0.5498,0.3251,2.1470,3.3881,3.3881,6.7293
2026-06-15 16:35:13.904,Kathy,right,19.483,1169,,,,,,,-0.5615,0.2931,2.1614,3.3893,3.3893,6.7390
2026-06-15 16:35:13.934,Kathy,right,19.517,1171,,,,,,,-0.5776,0.2751,2.1776,3.3674,3.3674,6.7866
2026-06-15 16:35:13.965,Kathy,right,19.550,1173,,,,,,,-0.5910,0.2620,2.2058,3.3294,3.3294,6.7781
2026-06-15 16:35:13.996,Kathy,right,19.583,1175,,,,,,,-0.6000,0.2425,2.2209,3.3167,3.3167,6.7257
2026-06-15 16:35:14.026,Kathy,right,19.617,1177,,,,,,,-0.6198,0.2147,2.2321,3.3247,3.3247,6.6350
2026-06-15 16:35:14.056,Kathy,right,19.633,1178,,,,,,,-0.6361,0.1759,2.2474,3.3311,3.3311,6.6259
2026-06-15 16:35:14.087,Kathy,right,19.667,1180,,,,,,,-0.6351,0.1684,2.2496,3.3084,3.3084,6.6177
2026-06-15 16:35:14.118,Kathy,right,19.700,1182,,,,,,,-0.6184,0.1610,2.2415,3.2781,3.2781,6.4023
2026-06-15 16:35:14.148,Kathy,right,19.733,1184,,,,,,,-0.6137,0.1611,2.2267,3.2434,3.2434,6.2345
2026-06-15 16:35:14.179,Kathy,right,19.767,1186,,,,,,,-0.6096,0.1436,2.2198,3.2195,3.2195,6.1083
2026-06-15 16:35:14.210,Kathy,right,19.783,1187,,,,,,,-0.6196,0.1065,2.2199,3.2342,3.2342,6.1760
2026-06-15 16:35:14.240,Kathy,right,19.817,1189,,,,,,,-0.6414,0.0209,2.2335,3.2644,3.2644,6.3757
2026-06-15 16:35:14.271,Kathy,right,19.850,1191,,,,,,,-0.6553,-0.0513,2.2537,3.2878,3.2878,6.4999
2026-06-15 16:35:14.302,Kathy,right,19.883,1193,,,,,,,-0.6620,-0.0741,2.2631,3.3032,3.3032,6.5226
2026-06-15 16:35:14.332,Kathy,right,19.917,1195,,,,,,,-0.6578,-0.1070,2.2714,3.2911,3.2911,6.3695
2026-06-15 16:35:14.363,Kathy,right,19.950,1197,,,,,,,-0.6569,-0.1063,2.2408,3.2070,3.2070,6.3132
2026-06-15 16:35:14.395,Kathy,right,19.983,1199,,,,,,,-0.6632,-0.1085,2.2271,3.1951,3.1951,6.3308
2026-06-15 16:35:14.426,Kathy,right,20.017,1201,,,,,,,-0.6625,-0.1429,2.2038,3.2141,3.2141,6.4061
2026-06-15 16:35:14.456,Kathy,right,20.033,1202,,,,,,,-0.6379,-0.1605,2.1958,3.2076,3.2076,6.4132
2026-06-15 16:35:14.486,Kathy,right,20.067,1204,,,,,,,-0.6246,-0.1995,2.1942,3.2405,3.2405,6.5313
2026-06-15 16:35:14.517,Kathy,right,20.100,1206,,,,,,,-0.6139,-0.2489,2.2022,3.2599,3.2599,6.4917
2026-06-15 16:35:14.548,Kathy,right,20.133,1208,,,,,,,-0.6310,-0.2831,2.2118,3.2858,3.2858,6.5357
2026-06-15 16:35:14.579,Kathy,right,20.167,1210,,,,,,,-0.6229,-0.3094,2.2219,3.2424,3.2424,6.4861
2026-06-15 16:35:14.609,Kathy,right,20.200,1212,,,,,,,-0.6189,-0.3387,2.2187,3.2450,3.2450,6.4970
2026-06-15 16:35:14.639,Kathy,right,20.217,1213,,,,,,,-0.6309,-0.3929,2.2264,3.2666,3.2666,6.6170
2026-06-15 16:35:14.670,Kathy,right,20.250,1215,,,,,,,-0.6478,-0.4160,2.2389,3.2849,3.2849,6.7049
2026-06-15 16:35:14.700,Kathy,right,20.283,1217,,,,,,,-0.6414,-0.4488,2.2531,3.2528,3.2528,6.7408
2026-06-15 16:35:14.731,Kathy,right,20.317,1219,,,,,,,-0.6134,-0.5183,2.2559,3.2151,3.2151,6.6939
2026-06-15 16:35:14.762,Kathy,right,20.350,1221,,,,,,,-0.6049,-0.5397,2.2499,3.1920,3.1920,6.6461
2026-06-15 16:35:14.793,Kathy,right,20.383,1223,,,,,,,-0.6215,-0.5817,2.2302,3.2523,3.2523,6.6327
2026-06-15 16:35:14.823,Kathy,right,20.400,1224,,,,,,,-0.6327,-0.6159,2.2140,3.2786,3.2786,6.5922
2026-06-15 16:35:14.853,Kathy,right,20.433,1226,,,,,,,-0.6309,-0.6462,2.1953,3.2980,3.2980,6.5958
2026-06-15 16:35:14.884,Kathy,right,20.467,1228,,,,,,,-0.6044,-0.6886,2.1752,3.2412,3.2412,6.5543
2026-06-15 16:35:14.914,Kathy,right,20.500,1230,,,,,,,-0.6020,-0.7063,2.1723,3.2397,3.2397,6.5300
2026-06-15 16:35:14.945,Kathy,right,20.533,1232,,,,,,,-0.5983,-0.7369,2.1674,3.2196,3.2196,6.5636
2026-06-15 16:35:14.975,Kathy,right,20.567,1234,,,,,,,-0.6330,-0.7617,2.1784,3.3198,3.3198,6.7366
2026-06-15 16:35:15.006,Kathy,right,20.583,1235,,,,,,,-0.6485,-0.7981,2.1921,3.3750,3.3750,6.8360
2026-06-15 16:35:15.036,Kathy,right,20.617,1237,,,,,,,-0.6839,-0.8369,2.2219,3.4239,3.4239,7.0445
2026-06-15 16:35:15.067,Kathy,right,20.650,1239,,,,,,,-0.6634,-0.8457,2.2185,3.3544,3.3544,6.8247
2026-06-15 16:35:15.098,Kathy,right,20.683,1241,,,,,,,-0.6338,-0.8535,2.1902,3.2864,3.2864,6.5468
2026-06-15 16:35:15.128,Kathy,right,20.717,1243,,,,,,,-0.6257,-0.8697,2.1657,3.2637,3.2637,6.5558
2026-06-15 16:35:15.159,Kathy,right,20.750,1245,,,,,,,-0.6252,-0.8850,2.1496,3.2214,3.2214,6.3905
2026-06-15 16:35:15.189,Kathy,right,20.767,1246,,,,,,,-0.6176,-0.8875,2.1478,3.2008,3.2008,6.3019
2026-06-15 16:35:15.220,Kathy,right,20.800,1248,,,,,,,-0.6239,-0.8959,2.1470,3.1557,3.1557,6.1768
2026-06-15 16:35:15.251,Kathy,right,20.833,1250,,,,,,,-0.6316,-0.9122,2.1454,3.1617,3.1617,6.1658
2026-06-15 16:35:15.281,Kathy,right,20.867,1252,,,,,,,-0.6628,-0.9271,2.1482,3.2286,3.2286,6.2690
2026-06-15 16:35:15.312,Kathy,right,20.900,1254,,,,,,,-0.6519,-0.9263,2.1466,3.2374,3.2374,6.3238
2026-06-15 16:35:15.342,Kathy,right,20.933,1256,,,,,,,-0.6560,-0.9288,2.1499,3.2814,3.2814,6.4265
2026-06-15 16:35:15.373,Kathy,right,20.950,1257,,,,,,,-0.6248,-0.9374,2.1438,3.2399,3.2399,6.2291
2026-06-15 16:35:15.403,Kathy,right,20.983,1259,,,,,,,-0.6143,-0.9471,2.1361,3.2268,3.2268,6.1600
2026-06-15 16:35:15.434,Kathy,right,21.017,1261,,,,,,,-0.6224,-0.9734,2.1407,3.2524,3.2524,6.1512
2026-06-15 16:35:15.465,Kathy,right,21.050,1263,,,,,,,-0.6109,-0.9844,2.1363,3.1955,3.1955,5.9015
2026-06-15 16:35:15.496,Kathy,right,21.083,1265,,,,,,,-0.6110,-0.9916,2.1257,3.1354,3.1354,5.7376
2026-06-15 16:35:15.526,Kathy,right,21.117,1267,,,,,,,-0.6243,-0.9924,2.1113,3.1107,3.1107,5.6648
2026-06-15 16:35:15.557,Kathy,right,21.133,1268,,,,,,,-0.6252,-0.9972,2.0973,3.0793,3.0793,5.5612
2026-06-15 16:35:15.587,Kathy,right,21.167,1270,,,,,,,-0.6491,-0.9990,2.1017,3.0960,3.0960,5.6894
2026-06-15 16:35:15.618,Kathy,right,21.200,1272,,,,,,,-0.6754,-0.9993,2.1208,3.1400,3.1400,5.9000
2026-06-15 16:35:15.649,Kathy,right,21.233,1274,,,,,,,-0.6874,-0.9936,2.1357,3.1628,3.1628,5.9788
2026-06-15 16:35:15.679,Kathy,right,21.267,1276,,,,,,,-0.6860,-0.9967,2.1417,3.1592,3.1592,5.9292
2026-06-15 16:35:15.710,Kathy,right,21.300,1278,,,,,,,-0.6886,-1.0177,2.1527,3.1769,3.1769,6.0221
2026-06-15 16:35:15.741,Kathy,right,21.317,1279,,,,,,,-0.6809,-1.0046,2.1568,3.1601,3.1601,5.9150
2026-06-15 16:35:15.771,Kathy,right,21.350,1281,,,,,,,-0.6734,-1.0027,2.1586,3.1575,3.1575,5.8851
2026-06-15 16:35:15.801,Kathy,right,21.383,1283,,,,,,,-0.6655,-1.0095,2.1612,3.1396,3.1396,5.9524
2026-06-15 16:35:15.832,Kathy,right,21.417,1285,,,,,,,-0.6688,-1.0138,2.1578,3.1394,3.1394,5.9660
2026-06-15 16:35:15.862,Kathy,right,21.450,1287,,,,,,,-0.6752,-1.0066,2.1484,3.1380,3.1380,5.9413
2026-06-15 16:35:15.893,Kathy,right,21.483,1289,,,,,,,-0.6705,-1.0010,2.1318,3.1549,3.1549,5.9484
2026-06-15 16:35:15.924,Kathy,right,21.500,1290,,,,,,,-0.6753,-0.9839,2.1200,3.1557,3.1557,5.9184
2026-06-15 16:35:15.955,Kathy,right,21.533,1292,,,,,,,-0.6737,-0.9736,2.1015,3.1498,3.1498,5.8827
2026-06-15 16:35:15.985,Kathy,right,21.567,1294,,,,,,,-0.6750,-0.9973,2.0846,3.1847,3.1847,5.9541
2026-06-15 16:35:16.016,Kathy,right,21.600,1296,,,,,,,0.2837,-0.3825,1.9262,0.0000,0.0000,0.0000
2026-06-15 16:35:16.047,Kathy,right,21.633,1298,,,,,,,0.2837,-0.3825,1.9262,0.0000,0.0000,0.0000
2026-06-15 16:35:16.078,Kathy,right,21.667,1300,,,,,,,0.2837,-0.3825,1.9262,0.0000,0.0000,0.0000
2026-06-15 16:35:16.108,Kathy,right,21.700,1302,,,,,,,-0.0160,-1.0481,2.2264,1.6346,1.6346,3.8024
2026-06-15 16:35:16.138,Kathy,right,21.717,1303,,,,,,,-0.2434,-1.1017,2.2667,2.2321,2.2321,5.0393
2026-06-15 16:35:16.169,Kathy,right,21.750,1305,,,,,,,-0.5246,-1.0884,2.1826,2.7847,2.7847,5.6019
2026-06-15 16:35:16.200,Kathy,right,21.783,1307,,,,,,,-0.6302,-1.0575,2.1099,3.0296,3.0296,5.9343
2026-06-15 16:35:16.230,Kathy,right,21.817,1309,,,,,,,-0.6680,-0.9965,2.0642,3.1847,3.1847,6.0952
2026-06-15 16:35:16.261,Kathy,right,21.850,1311,,,,,,,-0.6734,-0.9724,2.0516,3.2339,3.2339,6.1257
2026-06-15 16:35:16.292,Kathy,right,21.883,1313,,,,,,,-0.6725,-0.9235,2.0329,3.2773,3.2773,6.2634
2026-06-15 16:35:16.322,Kathy,right,21.900,1314,,,,,,,-0.6768,-0.8715,2.0275,3.2961,3.2961,6.2620
2026-06-15 16:35:16.353,Kathy,right,21.933,1316,,,,,,,-0.6783,-0.8382,2.0281,3.2948,3.2948,6.3194
2026-06-15 16:35:16.383,Kathy,right,21.967,1318,,,,,,,-0.6902,-0.7827,2.0196,3.2887,3.2887,6.3341
2026-06-15 16:35:16.416,Kathy,right,22.000,1320,,,,,,,-0.7024,-0.7300,2.0111,3.2825,3.2825,6.3154
2026-06-15 16:35:16.447,Kathy,right,22.033,1322,,,,,,,-0.7143,-0.7142,2.0171,3.3049,3.3049,6.4283
2026-06-15 16:35:16.478,Kathy,right,22.067,1324,,,,,,,-0.6966,-0.6719,2.0615,3.4004,3.4004,6.7606
2026-06-15 16:35:16.508,Kathy,right,22.083,1325,,,,,,,-0.6833,-0.6044,2.0963,3.4386,3.4386,6.9235
2026-06-15 16:35:16.538,Kathy,right,22.117,1327,,,,,,,-0.6747,-0.5852,2.1059,3.4566,3.4566,6.9422
2026-06-15 16:35:16.569,Kathy,right,22.150,1329,,,,,,,-0.6229,-0.5382,2.0936,3.3693,3.3693,6.7605
2026-06-15 16:35:16.599,Kathy,right,22.183,1331,,,,,,,-0.5971,-0.5062,2.0764,3.3181,3.3181,6.6758
2026-06-15 16:35:16.630,Kathy,right,22.217,1333,,,,,,,-0.5854,-0.4781,2.0715,3.3184,3.3184,6.7124
2026-06-15 16:35:16.660,Kathy,right,22.250,1335,,,,,,,-0.6148,-0.4552,2.0820,3.3619,3.3619,6.9216
2026-06-15 16:35:16.691,Kathy,right,22.267,1336,,,,,,,-0.6342,-0.4218,2.0921,3.3851,3.3851,7.1188
2026-06-15 16:35:16.721,Kathy,right,22.300,1338,,,,,,,-0.6467,-0.4064,2.0948,3.3866,3.3866,7.1544
2026-06-15 16:35:16.752,Kathy,right,22.333,1340,,,,,,,-0.7049,-0.3908,2.1222,3.4197,3.4197,7.2078
2026-06-15 16:35:16.782,Kathy,right,22.367,1342,,,,,,,-0.6949,-0.3837,2.1509,3.4610,3.4610,7.1834
2026-06-15 16:35:16.813,Kathy,right,22.400,1344,,,,,,,-0.6964,-0.3696,2.1693,3.4699,3.4699,7.1813
2026-06-15 16:35:16.844,Kathy,right,22.433,1346,,,,,,,-0.6923,-0.3371,2.1751,3.4511,3.4511,7.1464
2026-06-15 16:35:16.874,Kathy,right,22.450,1347,,,,,,,-0.6809,-0.3175,2.1735,3.4179,3.4179,7.0712
2026-06-15 16:35:16.904,Kathy,right,22.483,1349,,,,,,,-0.6622,-0.2927,2.1718,3.3718,3.3718,6.9874
2026-06-15 16:35:16.935,Kathy,right,22.517,1351,,,,,,,-0.6675,-0.2770,2.1801,3.3968,3.3968,7.0345
2026-06-15 16:35:16.966,Kathy,right,22.550,1353,,,,,,,-0.6700,-0.2294,2.1846,3.3963,3.3963,7.0157
2026-06-15 16:35:16.996,Kathy,right,22.583,1355,,,,,,,-0.6494,-0.1571,2.2025,3.2913,3.2913,6.9543
2026-06-15 16:35:17.026,Kathy,right,22.617,1357,,,,,,,-0.6323,-0.1405,2.2085,3.2547,3.2547,6.9062
2026-06-15 16:35:17.057,Kathy,right,22.633,1358,,,,,,,-0.6255,-0.1168,2.2126,3.2555,3.2555,6.9097
2026-06-15 16:35:17.087,Kathy,right,22.667,1360,,,,,,,-0.6344,-0.0924,2.2232,3.2712,3.2712,6.7194
2026-06-15 16:35:17.118,Kathy,right,22.700,1362,,,,,,,-0.6319,-0.0640,2.2311,3.2877,3.2877,6.6622
2026-06-15 16:35:17.148,Kathy,right,22.733,1364,,,,,,,-0.6247,-0.0550,2.2357,3.2904,3.2904,6.6043
2026-06-15 16:35:17.179,Kathy,right,22.767,1366,,,,,,,-0.6204,-0.0270,2.2546,3.2941,3.2941,6.6782
2026-06-15 16:35:17.209,Kathy,right,22.800,1368,,,,,,,-0.6354,-0.0176,2.2760,3.2862,3.2862,6.6608
2026-06-15 16:35:17.240,Kathy,right,22.817,1369,,,,,,,-0.6441,0.0111,2.2831,3.2852,3.2852,6.5933
2026-06-15 16:35:17.270,Kathy,right,22.850,1371,,,,,,,-0.6465,0.0287,2.2787,3.2772,3.2772,6.5635
2026-06-15 16:35:17.301,Kathy,right,22.883,1373,,,,,,,-0.6493,0.0738,2.2745,3.2780,3.2780,6.5998
2026-06-15 16:35:17.331,Kathy,right,22.917,1375,,,,,,,-0.6489,0.1120,2.2809,3.2790,3.2790,6.5691
2026-06-15 16:35:17.362,Kathy,right,22.950,1377,,,,,,,-0.6490,0.1373,2.2876,3.2655,3.2655,6.5936
2026-06-15 16:35:17.392,Kathy,right,22.983,1379,,,,,,,-0.6506,0.1425,2.2854,3.2726,3.2726,6.5942
2026-06-15 16:35:17.424,Kathy,right,23.000,1380,,,,,,,-0.6477,0.1628,2.2720,3.2781,3.2781,6.5024
2026-06-15 16:35:17.454,Kathy,right,23.033,1382,,,,,,,-0.6373,0.1871,2.2595,3.2466,3.2466,6.4023
2026-06-15 16:35:17.484,Kathy,right,23.067,1384,,,,,,,-0.6289,0.2244,2.2470,3.2012,3.2012,6.3320
2026-06-15 16:35:17.515,Kathy,right,23.100,1386,,,,,,,-0.6141,0.2354,2.2437,3.2091,3.2091,6.2770
2026-06-15 16:35:17.546,Kathy,right,23.133,1388,,,,,,,-0.5961,0.2661,2.2422,3.2147,3.2147,6.1985
2026-06-15 16:35:17.577,Kathy,right,23.167,1390,,,,,,,-0.6104,0.2758,2.2429,3.2456,3.2456,6.2311
2026-06-15 16:35:17.607,Kathy,right,23.183,1391,,,,,,,-0.6135,0.3077,2.2352,3.2476,3.2476,6.1920
2026-06-15 16:35:17.638,Kathy,right,23.217,1393,,,,,,,-0.6155,0.3176,2.2254,3.2420,3.2420,6.1628
2026-06-15 16:35:17.669,Kathy,right,23.250,1395,,,,,,,-0.6150,0.3319,2.2244,3.2418,3.2418,6.1736
2026-06-15 16:35:17.699,Kathy,right,23.283,1397,,,,,,,-0.6232,0.3326,2.2246,3.2456,3.2456,6.2415
2026-06-15 16:35:17.730,Kathy,right,23.317,1399,,,,,,,-0.6048,0.3489,2.2302,3.2015,3.2015,6.1951
2026-06-15 16:35:17.760,Kathy,right,23.350,1401,,,,,,,-0.5760,0.3922,2.2421,3.1414,3.1414,6.1936
2026-06-15 16:35:17.791,Kathy,right,23.367,1402,,,,,,,-0.5786,0.4043,2.2486,3.1707,3.1707,6.2592
2026-06-15 16:35:17.821,Kathy,right,23.400,1404,,,,,,,-0.5976,0.4025,2.2565,3.2069,3.2069,6.2841
2026-06-15 16:35:17.852,Kathy,right,23.433,1406,,,,,,,-0.6148,0.4141,2.2587,3.2249,3.2249,6.1993
2026-06-15 16:35:17.882,Kathy,right,23.467,1408,,,,,,,-0.6251,0.4271,2.2596,3.2498,3.2498,6.2088
2026-06-15 16:35:17.912,Kathy,right,23.500,1410,,,,,,,-0.6255,0.4477,2.2513,3.2190,3.2190,6.2113
2026-06-15 16:35:17.943,Kathy,right,23.533,1412,,,,,,,-0.6033,0.4364,2.2493,3.2039,3.2039,6.1270
2026-06-15 16:35:17.974,Kathy,right,23.550,1413,,,,,,,-0.5874,0.4470,2.2424,3.2025,3.2025,5.9674
2026-06-15 16:35:18.005,Kathy,right,23.583,1415,,,,,,,-0.5855,0.4470,2.2386,3.2071,3.2071,5.9234
2026-06-15 16:35:18.036,Kathy,right,23.617,1417,,,,,,,-0.6030,0.4709,2.2542,3.2253,3.2253,5.8683
2026-06-15 16:35:18.066,Kathy,right,23.650,1419,,,,,,,-0.5969,0.5214,2.2801,3.2627,3.2627,5.9814
2026-06-15 16:35:18.097,Kathy,right,23.683,1421,,,,,,,-0.5895,0.5443,2.3041,3.2871,3.2871,6.0412
2026-06-15 16:35:18.128,Kathy,right,23.717,1423,,,,,,,-0.5781,0.5508,2.3066,3.2653,3.2653,6.0151
2026-06-15 16:35:18.158,Kathy,right,23.750,1425,,,,,,,-0.5791,0.5488,2.3043,3.2584,3.2584,6.0448
2026-06-15 16:35:18.189,Kathy,right,23.767,1426,,,,,,,-0.5776,0.5417,2.2980,3.2635,3.2635,6.0935
2026-06-15 16:35:18.219,Kathy,right,23.800,1428,,,,,,,-0.5808,0.5333,2.2969,3.2642,3.2642,6.2217
2026-06-15 16:35:18.250,Kathy,right,23.833,1430,,,,,,,-0.5974,0.5311,2.3008,3.2753,3.2753,6.2919
2026-06-15 16:35:18.280,Kathy,right,23.867,1432,,,,,,,-0.6016,0.5435,2.3052,3.2598,3.2598,6.3255
2026-06-15 16:35:18.311,Kathy,right,23.900,1434,,,,,,,-0.6192,0.5355,2.2956,3.2879,3.2879,6.3339
2026-06-15 16:35:18.341,Kathy,right,23.917,1435,,,,,,,-0.6203,0.5240,2.2872,3.2770,3.2770,6.3927
2026-06-15 16:35:18.372,Kathy,right,23.950,1437,,,,,,,-0.6032,0.5302,2.2800,3.2559,3.2559,6.4718
2026-06-15 16:35:18.402,Kathy,right,23.983,1439,,,,,,,-0.6032,0.5302,2.2800,3.2559,3.2559,6.4718
2026-06-15 16:35:18.436,Kathy,right,24.017,1441,,,,,,,-0.6238,0.5378,2.2860,3.2349,3.2349,6.4942
2026-06-15 16:35:18.466,Kathy,right,24.050,1443,,,,,,,-0.6506,0.5642,2.2976,3.3023,3.3023,6.6738
2026-06-15 16:35:18.497,Kathy,right,24.083,1445,,,,,,,-0.6607,0.5700,2.3082,3.3523,3.3523,6.7589
2026-06-15 16:35:18.528,Kathy,right,24.117,1447,,,,,,,-0.6633,0.5606,2.3121,3.3868,3.3868,6.7780
2026-06-15 16:35:18.559,Kathy,right,24.150,1449,,,,,,,-0.6589,0.5605,2.3114,3.3883,3.3883,6.7273
2026-06-15 16:35:18.589,Kathy,right,24.167,1450,,,,,,,-0.6689,0.5525,2.2908,3.4026,3.4026,6.7270
2026-06-15 16:35:18.620,Kathy,right,24.200,1452,,,,,,,-0.6616,0.5488,2.2849,3.4022,3.4022,6.7168
2026-06-15 16:35:18.650,Kathy,right,24.233,1454,,,,,,,-0.6657,0.5301,2.2814,3.4186,3.4186,6.7923
2026-06-15 16:35:18.681,Kathy,right,24.267,1456,,,,,,,-0.6393,0.4920,2.2908,3.4466,3.4466,6.7977
2026-06-15 16:35:18.711,Kathy,right,24.300,1458,,,,,,,-0.6266,0.4647,2.2970,3.4510,3.4510,6.8264
2026-06-15 16:35:18.742,Kathy,right,24.333,1460,,,,,,,-0.6186,0.4570,2.2982,3.4419,3.4419,6.8658
2026-06-15 16:35:18.772,Kathy,right,24.350,1461,,,,,,,-0.6248,0.4506,2.2913,3.4042,3.4042,7.0197
2026-06-15 16:35:18.803,Kathy,right,24.383,1463,,,,,,,-0.6276,0.4434,2.2766,3.3606,3.3606,7.0812
2026-06-15 16:35:18.833,Kathy,right,24.417,1465,,,,,,,-0.6287,0.4424,2.2702,3.3501,3.3501,7.0866
2026-06-15 16:35:18.864,Kathy,right,24.450,1467,,,,,,,-0.6338,0.4175,2.2670,3.3961,3.3961,7.2494
2026-06-15 16:35:18.895,Kathy,right,24.483,1469,,,,,,,-0.6153,0.4027,2.2866,3.4169,3.4169,7.3213
2026-06-15 16:35:18.926,Kathy,right,24.517,1471,,,,,,,-0.6165,0.3884,2.3007,3.4495,3.4495,7.3739
2026-06-15 16:35:18.956,Kathy,right,24.533,1472,,,,,,,-0.6165,0.3780,2.3050,3.4601,3.4601,7.3729
2026-06-15 16:35:18.987,Kathy,right,24.567,1474,,,,,,,-0.6228,0.3351,2.3025,3.5286,3.5286,7.5262
2026-06-15 16:35:19.017,Kathy,right,24.600,1476,,,,,,,-0.6286,0.2877,2.3011,3.5618,3.5618,7.5949
2026-06-15 16:35:19.048,Kathy,right,24.633,1478,,,,,,,-0.6153,0.2769,2.2973,3.5446,3.5446,7.5325
2026-06-15 16:35:19.078,Kathy,right,24.667,1480,,,,,,,-0.6216,0.2468,2.2943,3.5508,3.5508,7.4869
2026-06-15 16:35:19.109,Kathy,right,24.700,1482,,,,,,,-0.6097,0.2460,2.2850,3.4766,3.4766,7.3635
2026-06-15 16:35:19.140,Kathy,right,24.717,1483,,,,,,,-0.6028,0.2386,2.2788,3.4466,3.4466,7.3113
2026-06-15 16:35:19.170,Kathy,right,24.750,1485,,,,,,,-0.6083,0.2278,2.2787,3.4492,3.4492,7.3529
2026-06-15 16:35:19.203,Kathy,right,24.783,1487,,,,,,,-0.6274,0.1949,2.2797,3.4702,3.4702,7.4252
2026-06-15 16:35:19.234,Kathy,right,24.817,1489,,,,,,,-0.6425,0.1508,2.2732,3.4449,3.4449,7.3556
2026-06-15 16:35:19.265,Kathy,right,24.850,1491,,,,,,,-0.6464,0.1119,2.2591,3.4333,3.4333,7.3717
2026-06-15 16:35:19.296,Kathy,right,24.883,1493,,,,,,,-0.6439,0.1003,2.2505,3.4177,3.4177,7.2708
2026-06-15 16:35:19.326,Kathy,right,24.917,1495,,,,,,,-0.6015,0.1037,2.2503,3.2671,3.2671,7.1925
2026-06-15 16:35:19.357,Kathy,right,24.933,1496,,,,,,,-0.6016,0.0798,2.2469,3.2558,3.2558,7.2100
2026-06-15 16:35:19.388,Kathy,right,24.967,1498,,,,,,,-0.6320,0.0517,2.2489,3.3019,3.3019,7.1626
2026-06-15 16:35:19.418,Kathy,right,25.000,1500,,,,,,,-0.6687,0.0180,2.2498,3.3606,3.3606,7.1363
2026-06-15 16:35:19.449,Kathy,right,25.033,1502,,,,,,,-0.6698,-0.0208,2.2327,3.3592,3.3592,7.0097
2026-06-15 16:35:19.479,Kathy,right,25.067,1504,,,,,,,-0.6786,-0.0473,2.2235,3.3671,3.3671,7.0150
2026-06-15 16:35:19.510,Kathy,right,25.100,1506,,,,,,,-0.6853,-0.0929,2.2183,3.3641,3.3641,6.9760
2026-06-15 16:35:19.541,Kathy,right,25.117,1507,,,,,,,-0.6817,-0.1432,2.2280,3.3651,3.3651,6.8851
2026-06-15 16:35:19.571,Kathy,right,25.150,1509,,,,,,,-0.6792,-0.1769,2.2400,3.3725,3.3725,6.7949
2026-06-15 16:35:19.602,Kathy,right,25.183,1511,,,,,,,-0.6594,-0.1687,2.2388,3.3503,3.3503,6.5875
2026-06-15 16:35:19.632,Kathy,right,25.217,1513,,,,,,,-0.6574,-0.1925,2.2390,3.3196,3.3196,6.5515
2026-06-15 16:35:19.663,Kathy,right,25.250,1515,,,,,,,-0.6548,-0.2070,2.2410,3.3084,3.3084,6.5644
2026-06-15 16:35:19.693,Kathy,right,25.283,1517,,,,,,,-0.6571,-0.2235,2.2465,3.2742,3.2742,6.5347
2026-06-15 16:35:19.724,Kathy,right,25.300,1518,,,,,,,-0.6626,-0.2471,2.2495,3.2684,3.2684,6.4752
2026-06-15 16:35:19.754,Kathy,right,25.333,1520,,,,,,,-0.6829,-0.2792,2.2483,3.2601,3.2601,6.4251
2026-06-15 16:35:19.785,Kathy,right,25.367,1522,,,,,,,-0.6842,-0.2930,2.2379,3.2516,3.2516,6.3128
2026-06-15 16:35:19.815,Kathy,right,25.400,1524,,,,,,,-0.6893,-0.3116,2.2279,3.2813,3.2813,6.3533
2026-06-15 16:35:19.845,Kathy,right,25.433,1526,,,,,,,-0.6933,-0.3507,2.2268,3.3216,3.3216,6.4651
2026-06-15 16:35:19.876,Kathy,right,25.467,1528,,,,,,,-0.7010,-0.3811,2.2311,3.3446,3.3446,6.4979
2026-06-15 16:35:19.907,Kathy,right,25.483,1529,,,,,,,-0.6801,-0.3902,2.2217,3.3207,3.3207,6.4386
2026-06-15 16:35:19.938,Kathy,right,25.517,1531,,,,,,,-0.6650,-0.4193,2.2018,3.2759,3.2759,6.4387
2026-06-15 16:35:19.968,Kathy,right,25.550,1533,,,,,,,-0.6630,-0.4439,2.1891,3.2676,3.2676,6.4879
2026-06-15 16:35:19.998,Kathy,right,25.583,1535,,,,,,,-0.7115,-0.4971,2.1784,3.3147,3.3147,6.5576
2026-06-15 16:35:20.029,Kathy,right,25.617,1537,,,,,,,-0.7024,-0.5068,2.1672,3.2861,3.2861,6.4820
2026-06-15 16:35:20.059,Kathy,right,25.650,1539,,,,,,,-0.7274,-0.5308,2.1483,3.3411,3.3411,6.5888
2026-06-15 16:35:20.090,Kathy,right,25.667,1540,,,,,,,-0.7182,-0.5540,2.1238,3.3378,3.3378,6.6313
2026-06-15 16:35:20.120,Kathy,right,25.700,1542,,,,,,,-0.7281,-0.5719,2.1145,3.3213,3.3213,6.6866
2026-06-15 16:35:20.151,Kathy,right,25.733,1544,,,,,,,-0.7260,-0.5855,2.1275,3.3135,3.3135,6.6723
2026-06-15 16:35:20.182,Kathy,right,25.767,1546,,,,,,,-0.7224,-0.6079,2.1538,3.3205,3.3205,6.7528
2026-06-15 16:35:20.213,Kathy,right,25.800,1548,,,,,,,-0.7289,-0.6221,2.1776,3.3777,3.3777,6.8859
2026-06-15 16:35:20.243,Kathy,right,25.833,1550,,,,,,,-0.6818,-0.6440,2.1588,3.3300,3.3300,6.7801
2026-06-15 16:35:20.274,Kathy,right,25.850,1551,,,,,,,-0.6687,-0.6567,2.1422,3.3093,3.3093,6.7873
2026-06-15 16:35:20.305,Kathy,right,25.883,1553,,,,,,,-0.6546,-0.6690,2.1128,3.2978,3.2978,6.7464
2026-06-15 16:35:20.335,Kathy,right,25.917,1555,,,,,,,-0.6510,-0.6782,2.1013,3.2871,3.2871,6.7254
2026-06-15 16:35:20.366,Kathy,right,25.950,1557,,,,,,,-0.6401,-0.7230,2.0897,3.2939,3.2939,6.6707
2026-06-15 16:35:20.396,Kathy,right,25.983,1559,,,,,,,-0.6745,-0.7710,2.0824,3.3229,3.3229,6.6838
2026-06-15 16:35:20.427,Kathy,right,26.017,1561,,,,,,,-0.6798,-0.8077,2.0731,3.3301,3.3301,6.6712
2026-06-15 16:35:20.458,Kathy,right,26.050,1563,,,,,,,-0.6907,-0.8272,2.0724,3.3338,3.3338,6.6895
2026-06-15 16:35:20.489,Kathy,right,26.067,1564,,,,,,,-0.6846,-0.8572,2.0858,3.3127,3.3127,6.6965
2026-06-15 16:35:20.520,Kathy,right,26.100,1566,,,,,,,-0.6763,-0.8824,2.1026,3.2859,3.2859,6.6619
2026-06-15 16:35:20.550,Kathy,right,26.133,1568,,,,,,,-0.6672,-0.9050,2.0998,3.2717,3.2717,6.6481
2026-06-15 16:35:20.581,Kathy,right,26.167,1570,,,,,,,-0.6612,-0.9113,2.1060,3.2964,3.2964,6.6851
2026-06-15 16:35:20.612,Kathy,right,26.200,1572,,,,,,,-0.6553,-0.9143,2.1177,3.2975,3.2975,6.6622
2026-06-15 16:35:20.643,Kathy,right,26.233,1574,,,,,,,-0.6569,-0.9143,2.1226,3.3039,3.3039,6.6678
2026-06-15 16:35:20.674,Kathy,right,26.250,1575,,,,,,,-0.7192,-0.9079,2.1612,3.3876,3.3876,6.8957
2026-06-15 16:35:20.705,Kathy,right,26.283,1577,,,,,,,-0.7272,-0.9268,2.1862,3.3613,3.3613,6.7754
2026-06-15 16:35:20.735,Kathy,right,26.317,1579,,,,,,,-0.7320,-0.9244,2.2011,3.3515,3.3515,6.6680
2026-06-15 16:35:20.766,Kathy,right,26.350,1581,,,,,,,-0.7001,-0.9433,2.1935,3.2727,3.2727,6.4367
2026-06-15 16:35:20.796,Kathy,right,26.383,1583,,,,,,,-0.6861,-0.9469,2.1728,3.2486,3.2486,6.3118
2026-06-15 16:35:20.827,Kathy,right,26.417,1585,,,,,,,-0.6820,-0.9475,2.1535,3.2359,3.2359,6.2610
2026-06-15 16:35:20.858,Kathy,right,26.433,1586,,,,,,,-0.6842,-0.9469,2.1357,3.2291,3.2291,6.2697
2026-06-15 16:35:20.888,Kathy,right,26.467,1588,,,,,,,-0.6755,-0.9447,2.1313,3.2022,3.2022,6.2783
2026-06-15 16:35:20.919,Kathy,right,26.500,1590,,,,,,,-0.6846,-0.9390,2.1400,3.2139,3.2139,6.3644
2026-06-15 16:35:20.950,Kathy,right,26.533,1592,,,,,,,-0.6718,-0.9376,2.1454,3.1664,3.1664,6.2858
2026-06-15 16:35:20.980,Kathy,right,26.567,1594,,,,,,,-0.6702,-0.9299,2.1469,3.1689,3.1689,6.2674
2026-06-15 16:35:21.011,Kathy,right,26.600,1596,,,,,,,-0.6671,-0.9143,2.1572,3.2156,3.2156,6.2957
2026-06-15 16:35:21.041,Kathy,right,26.617,1597,,,,,,,-0.6604,-0.9015,2.1635,3.2260,3.2260,6.2942
2026-06-15 16:35:21.072,Kathy,right,26.650,1599,,,,,,,-0.6633,-0.8959,2.1607,3.2509,3.2509,6.2602
2026-06-15 16:35:21.102,Kathy,right,26.683,1601,,,,,,,-0.6649,-0.8982,2.1503,3.2266,3.2266,6.2270
2026-06-15 16:35:21.133,Kathy,right,26.717,1603,,,,,,,-0.6696,-0.8936,2.1378,3.2062,3.2062,6.2367
2026-06-15 16:35:21.163,Kathy,right,26.750,1605,,,,,,,-0.6672,-0.8870,2.1287,3.1931,3.1931,6.2176
2026-06-15 16:35:21.194,Kathy,right,26.783,1607,,,,,,,-0.6874,-0.8783,2.1325,3.2564,3.2564,6.2978
2026-06-15 16:35:21.224,Kathy,right,26.800,1608,,,,,,,-0.6875,-0.8755,2.1309,3.2692,3.2692,6.2920
2026-06-15 16:35:21.255,Kathy,right,26.833,1610,,,,,,,-0.7022,-0.8694,2.1381,3.3064,3.3064,6.4382
2026-06-15 16:35:21.285,Kathy,right,26.867,1612,,,,,,,-0.6820,-0.8549,2.1357,3.2590,3.2590,6.3035
2026-06-15 16:35:21.316,Kathy,right,26.900,1614,,,,,,,-0.6582,-0.8250,2.1284,3.2078,3.2078,6.3134
2026-06-15 16:35:21.346,Kathy,right,26.933,1616,,,,,,,-0.6578,-0.7965,2.1295,3.1736,3.1736,6.2616
2026-06-15 16:35:21.377,Kathy,right,26.967,1618,,,,,,,-0.6669,-0.7793,2.1516,3.1962,3.1962,6.3856
2026-06-15 16:35:21.408,Kathy,right,26.983,1619,,,,,,,-0.6632,-0.7744,2.1713,3.1808,3.1808,6.4828
2026-06-15 16:35:21.438,Kathy,right,27.017,1621,,,,,,,-0.6530,-0.7655,2.1895,3.2126,3.2126,6.4052
2026-06-15 16:35:21.471,Kathy,right,27.050,1623,,,,,,,-0.6498,-0.7474,2.2054,3.2348,3.2348,6.3266
2026-06-15 16:35:21.501,Kathy,right,27.083,1625,,,,,,,-0.6304,-0.7258,2.2095,3.2036,3.2036,6.2066
2026-06-15 16:35:21.532,Kathy,right,27.117,1627,,,,,,,-0.6322,-0.6844,2.2118,3.1515,3.1515,6.0419
2026-06-15 16:35:21.563,Kathy,right,27.150,1629,,,,,,,-0.6295,-0.6497,2.2048,3.1020,3.1020,5.8886
2026-06-15 16:35:21.594,Kathy,right,27.183,1631,,,,,,,-0.6313,-0.6061,2.1963,3.0999,3.0999,5.9852
2026-06-15 16:35:21.625,Kathy,right,27.200,1632,,,,,,,-0.6438,-0.5901,2.1947,3.1186,3.1186,6.0207
2026-06-15 16:35:21.655,Kathy,right,27.233,1634,,,,,,,-0.6435,-0.5567,2.1970,3.1419,3.1419,6.0199
2026-06-15 16:35:21.686,Kathy,right,27.267,1636,,,,,,,-0.6407,-0.5351,2.2018,3.1378,3.1378,6.0416
2026-06-15 16:35:21.716,Kathy,right,27.300,1638,,,,,,,-0.6465,-0.5024,2.2246,3.1610,3.1610,6.1740
2026-06-15 16:35:21.747,Kathy,right,27.333,1640,,,,,,,-0.6379,-0.4629,2.2534,3.1512,3.1512,6.1873
2026-06-15 16:35:21.778,Kathy,right,27.367,1642,,,,,,,-0.6381,-0.4463,2.2705,3.1432,3.1432,6.2281
2026-06-15 16:35:21.808,Kathy,right,27.383,1643,,,,,,,-0.6124,-0.4213,2.2876,3.0875,3.0875,6.0822
2026-06-15 16:35:21.838,Kathy,right,27.417,1645,,,,,,,-0.6096,-0.4200,2.2831,3.0961,3.0961,6.0114
2026-06-15 16:35:21.869,Kathy,right,27.450,1647,,,,,,,-0.6091,-0.4114,2.2693,3.0959,3.0959,6.0136
2026-06-15 16:35:21.900,Kathy,right,27.483,1649,,,,,,,-0.6186,-0.3800,2.2597,3.0951,3.0951,6.0043
2026-06-15 16:35:21.931,Kathy,right,27.517,1651,,,,,,,-0.6337,-0.3586,2.2656,3.1168,3.1168,6.0498
2026-06-15 16:35:21.961,Kathy,right,27.550,1653,,,,,,,-0.6409,-0.3294,2.2832,3.1046,3.1046,6.0300
2026-06-15 16:35:21.992,Kathy,right,27.583,1655,,,,,,,-0.6493,-0.3097,2.3060,3.1140,3.1140,6.0593
2026-06-15 16:35:22.022,Kathy,right,27.600,1656,,,,,,,-0.6260,-0.2643,2.3208,3.1043,3.1043,6.0132
2026-06-15 16:35:22.053,Kathy,right,27.633,1658,,,,,,,-0.6143,-0.2455,2.3225,3.1037,3.1037,6.0113
2026-06-15 16:35:22.083,Kathy,right,27.667,1660,,,,,,,-0.6156,-0.2037,2.3121,3.1122,3.1122,6.0063
2026-06-15 16:35:22.113,Kathy,right,27.700,1662,,,,,,,-0.6066,-0.1707,2.2949,3.1310,3.1310,5.9892
2026-06-15 16:35:22.144,Kathy,right,27.733,1664,,,,,,,-0.6139,-0.1465,2.2902,3.1399,3.1399,6.0710
2026-06-15 16:35:22.175,Kathy,right,27.750,1665,,,,,,,-0.6094,-0.1351,2.2998,3.1542,3.1542,6.1841
2026-06-15 16:35:22.205,Kathy,right,27.783,1667,,,,,,,-0.5985,-0.1006,2.3051,3.1178,3.1178,6.1703
2026-06-15 16:35:22.235,Kathy,right,27.817,1669,,,,,,,-0.5797,-0.0542,2.2979,3.1274,3.1274,6.0941
2026-06-15 16:35:22.266,Kathy,right,27.850,1671,,,,,,,-0.5733,-0.0274,2.2979,3.1654,3.1654,6.1303
2026-06-15 16:35:22.297,Kathy,right,27.883,1673,,,,,,,-0.5703,-0.0010,2.2994,3.1676,3.1676,6.2086
2026-06-15 16:35:22.327,Kathy,right,27.917,1675,,,,,,,-0.5669,0.0422,2.3087,3.1486,3.1486,6.3938
2026-06-15 16:35:22.357,Kathy,right,27.933,1676,,,,,,,-0.5709,0.0374,2.3125,3.1589,3.1589,6.4003
2026-06-15 16:35:22.388,Kathy,right,27.967,1678,,,,,,,-0.5999,0.0777,2.3096,3.2249,3.2249,6.4390
2026-06-15 16:35:22.419,Kathy,right,28.000,1680,,,,,,,-0.6401,0.2242,2.3064,3.2650,3.2650,6.3926
2026-06-15 16:35:22.449,Kathy,right,28.033,1682,,,,,,,-0.6397,0.2473,2.3010,3.2570,3.2570,6.3756
2026-06-15 16:35:22.481,Kathy,right,28.067,1684,,,,,,,-0.6441,0.3054,2.2908,3.2365,3.2365,6.3803
2026-06-15 16:35:22.512,Kathy,right,28.100,1686,,,,,,,-0.6362,0.3278,2.2872,3.2323,3.2323,6.3454
2026-06-15 16:35:22.542,Kathy,right,28.133,1688,,,,,,,-0.6262,0.3555,2.2759,3.2107,3.2107,6.2151
2026-06-15 16:35:22.573,Kathy,right,28.150,1689,,,,,,,-0.6027,0.3753,2.2729,3.2347,3.2347,6.1489
2026-06-15 16:35:22.603,Kathy,right,28.183,1691,,,,,,,-0.5824,0.3754,2.2629,3.2490,3.2490,6.2619
2026-06-15 16:35:22.634,Kathy,right,28.217,1693,,,,,,,-0.5879,0.3909,2.2573,3.2558,3.2558,6.3744
2026-06-15 16:35:22.664,Kathy,right,28.250,1695,,,,,,,-0.5748,0.4417,2.2569,3.2071,3.2071,6.3140
2026-06-15 16:35:22.695,Kathy,right,28.283,1697,,,,,,,-0.5684,0.4542,2.2482,3.1933,3.1933,6.2106
2026-06-15 16:35:22.726,Kathy,right,28.317,1699,,,,,,,-0.5607,0.4812,2.2351,3.1510,3.1510,6.1220
2026-06-15 16:35:22.757,Kathy,right,28.333,1700,,,,,,,-0.5706,0.4757,2.2288,3.1656,3.1656,6.1208
2026-06-15 16:35:22.787,Kathy,right,28.367,1702,,,,,,,-0.5804,0.4901,2.2264,3.2050,3.2050,6.1310
2026-06-15 16:35:22.817,Kathy,right,28.400,1704,,,,,,,-0.5819,0.5067,2.2231,3.2094,3.2094,6.1228
2026-06-15 16:35:22.848,Kathy,right,28.433,1706,,,,,,,-0.5825,0.5235,2.2196,3.2093,3.2093,6.1178
2026-06-15 16:35:22.879,Kathy,right,28.467,1708,,,,,,,-0.5807,0.5276,2.2120,3.2190,3.2190,6.1067
2026-06-15 16:35:22.909,Kathy,right,28.500,1710,,,,,,,-0.5950,0.5406,2.2111,3.2260,3.2260,6.0978
2026-06-15 16:35:22.940,Kathy,right,28.517,1711,,,,,,,-0.6100,0.5481,2.2055,3.2308,3.2308,6.0988
2026-06-15 16:35:22.971,Kathy,right,28.550,1713,,,,,,,-0.6092,0.5578,2.2052,3.2160,3.2160,6.0923
2026-06-15 16:35:23.001,Kathy,right,28.583,1715,,,,,,,-0.6171,0.5680,2.2015,3.1645,3.1645,6.0232
2026-06-15 16:35:23.031,Kathy,right,28.617,1717,,,,,,,-0.6262,0.5545,2.1993,3.1365,3.1365,5.9966
2026-06-15 16:35:23.062,Kathy,right,28.650,1719,,,,,,,-0.6395,0.5754,2.1998,3.1226,3.1226,5.9506
2026-06-15 16:35:23.093,Kathy,right,28.683,1721,,,,,,,-0.6491,0.5784,2.2022,3.1484,3.1484,6.0177
2026-06-15 16:35:23.124,Kathy,right,28.700,1722,,,,,,,-0.6464,0.5810,2.2079,3.1953,3.1953,6.0803
2026-06-15 16:35:23.154,Kathy,right,28.733,1724,,,,,,,-0.6536,0.5938,2.2063,3.2100,3.2100,6.1231
2026-06-15 16:35:23.185,Kathy,right,28.767,1726,,,,,,,-0.6604,0.6219,2.2029,3.2169,3.2169,6.0793
2026-06-15 16:35:23.215,Kathy,right,28.800,1728,,,,,,,-0.6630,0.6354,2.1948,3.2145,3.2145,5.9543
2026-06-15 16:35:23.246,Kathy,right,28.833,1730,,,,,,,-0.6665,0.6546,2.1793,3.2198,3.2198,5.8297
2026-06-15 16:35:23.277,Kathy,right,28.867,1732,,,,,,,-0.6671,0.6686,2.1686,3.2204,3.2204,5.8072
2026-06-15 16:35:23.308,Kathy,right,28.883,1733,,,,,,,-0.6644,0.6793,2.1582,3.2352,3.2352,5.9985
2026-06-15 16:35:23.338,Kathy,right,28.917,1735,,,,,,,-0.6675,0.6808,2.1510,3.2444,3.2444,6.0507
2026-06-15 16:35:23.369,Kathy,right,28.950,1737,,,,,,,-0.6605,0.6669,2.1402,3.2492,3.2492,6.1795
2026-06-15 16:35:23.400,Kathy,right,28.983,1739,,,,,,,-0.6684,0.6556,2.1371,3.2658,3.2658,6.2318
2026-06-15 16:35:23.430,Kathy,right,29.017,1741,,,,,,,-0.6490,0.6490,2.1429,3.2534,3.2534,6.1195
2026-06-15 16:35:23.461,Kathy,right,29.050,1743,,,,,,,-0.6356,0.6385,2.1531,3.2426,3.2426,6.0661
2026-06-15 16:35:23.493,Kathy,right,29.083,1745,,,,,,,-0.6241,0.6320,2.1544,3.2249,3.2249,5.9761
2026-06-15 16:35:23.523,Kathy,right,29.100,1746,,,,,,,-0.6196,0.6180,2.1479,3.2198,3.2198,5.9952
2026-06-15 16:35:23.554,Kathy,right,29.133,1748,,,,,,,-0.6201,0.6065,2.1381,3.2076,3.2076,6.0070
2026-06-15 16:35:23.585,Kathy,right,29.167,1750,,,,,,,-0.6275,0.5892,2.1341,3.1900,3.1900,5.9814
2026-06-15 16:35:23.615,Kathy,right,29.200,1752,,,,,,,-0.6483,0.5858,2.1473,3.2233,3.2233,5.9001
2026-06-15 16:35:23.645,Kathy,right,29.233,1754,,,,,,,-0.6501,0.5824,2.1551,3.2375,3.2375,5.8717
2026-06-15 16:35:23.676,Kathy,right,29.267,1756,,,,,,,-0.6598,0.5814,2.1742,3.2529,3.2529,5.9695
2026-06-15 16:35:23.707,Kathy,right,29.283,1757,,,,,,,-0.6549,0.5774,2.1807,3.2438,3.2438,5.9481
2026-06-15 16:35:23.737,Kathy,right,29.317,1759,,,,,,,-0.6698,0.5397,2.1988,3.2389,3.2389,6.1093
2026-06-15 16:35:23.767,Kathy,right,29.350,1761,,,,,,,-0.6781,0.5276,2.2110,3.2198,3.2198,6.1768
2026-06-15 16:35:23.798,Kathy,right,29.383,1763,,,,,,,-0.6829,0.5165,2.2176,3.2231,3.2231,6.2063
2026-06-15 16:35:23.828,Kathy,right,29.417,1765,,,,,,,-0.6685,0.4877,2.2163,3.2179,3.2179,6.2435
2026-06-15 16:35:23.858,Kathy,right,29.433,1766,,,,,,,-0.6428,0.4686,2.1920,3.2125,3.2125,6.3261
2026-06-15 16:35:23.889,Kathy,right,29.467,1768,,,,,,,-0.6374,0.4433,2.1746,3.2279,3.2279,6.4311
2026-06-15 16:35:23.920,Kathy,right,29.500,1770,,,,,,,-0.6437,0.4333,2.1684,3.2380,3.2380,6.4020
2026-06-15 16:35:23.950,Kathy,right,29.533,1772,,,,,,,-0.6405,0.4106,2.1660,3.2214,3.2214,6.4939
2026-06-15 16:35:23.981,Kathy,right,29.567,1774,,,,,,,-0.6352,0.3781,2.1700,3.1878,3.1878,6.4298
2026-06-15 16:35:24.012,Kathy,right,29.600,1776,,,,,,,-0.6366,0.3639,2.1738,3.1675,3.1675,6.3847
2026-06-15 16:35:24.043,Kathy,right,29.633,1778,,,,,,,-0.6492,0.3534,2.1770,3.2149,3.2149,6.5188
2026-06-15 16:35:24.073,Kathy,right,29.650,1779,,,,,,,-0.6238,0.3196,2.1688,3.2096,3.2096,6.4442
2026-06-15 16:35:24.104,Kathy,right,29.683,1781,,,,,,,-0.6157,0.2709,2.1614,3.2030,3.2030,6.3499
2026-06-15 16:35:24.135,Kathy,right,29.717,1783,,,,,,,-0.6342,0.2280,2.1573,3.1732,3.1732,6.2247
2026-06-15 16:35:24.165,Kathy,right,29.750,1785,,,,,,,-0.7021,0.1552,2.1830,3.1836,3.1836,6.1343
2026-06-15 16:35:24.196,Kathy,right,29.783,1787,,,,,,,-0.7180,0.1351,2.1995,3.1760,3.1760,6.1208
2026-06-15 16:35:24.227,Kathy,right,29.817,1789,,,,,,,-0.7157,0.1207,2.2199,3.1290,3.1290,6.1099
2026-06-15 16:35:24.257,Kathy,right,29.833,1790,,,,,,,-0.7111,0.0957,2.2359,3.1030,3.1030,6.0240
2026-06-15 16:35:24.288,Kathy,right,29.867,1792,,,,,,,-0.7242,0.0714,2.2395,3.1211,3.1211,6.0272
2026-06-15 16:35:24.318,Kathy,right,29.900,1794,,,,,,,-0.7048,0.0078,2.2438,3.1053,3.1053,6.1162
2026-06-15 16:35:24.349,Kathy,right,29.933,1796,,,,,,,-0.7028,0.0065,2.2465,3.1206,3.1206,6.1369
2026-06-15 16:35:24.380,Kathy,right,29.967,1798,,,,,,,-0.7318,-0.0378,2.2308,3.1636,3.1636,6.1871
2026-06-15 16:35:24.410,Kathy,right,30.000,1800,,,,,,,-0.7278,-0.0988,2.2142,3.2081,3.2081,6.2282
2026-06-15 16:35:24.441,Kathy,right,30.017,1801,,,,,,,-0.7283,-0.1174,2.2094,3.2220,3.2220,6.2498
2026-06-15 16:35:24.471,Kathy,right,30.050,1803,,,,,,,-0.7209,-0.1524,2.2023,3.2222,3.2222,6.2284
2026-06-15 16:35:24.506,Kathy,right,30.083,1805,,,,,,,-0.7088,-0.2122,2.1906,3.2426,3.2426,6.2672
2026-06-15 16:35:24.537,Kathy,right,30.117,1807,,,,,,,-0.7041,-0.2598,2.1881,3.2287,3.2287,6.3356
2026-06-15 16:35:24.567,Kathy,right,30.150,1809,,,,,,,-0.7171,-0.2842,2.1865,3.2269,3.2269,6.2647
2026-06-15 16:35:24.598,Kathy,right,30.183,1811,,,,,,,-0.7125,-0.3146,2.1949,3.2269,3.2269,6.2355
2026-06-15 16:35:24.628,Kathy,right,30.217,1813,,,,,,,-0.7127,-0.3323,2.1989,3.2466,3.2466,6.1976
2026-06-15 16:35:24.659,Kathy,right,30.250,1815,,,,,,,-0.6799,-0.3645,2.2014,3.2296,3.2296,6.1460
2026-06-15 16:35:24.690,Kathy,right,30.267,1816,,,,,,,-0.6467,-0.4009,2.1860,3.1543,3.1543,6.1080
2026-06-15 16:35:24.720,Kathy,right,30.300,1818,,,,,,,-0.6323,-0.4276,2.1770,3.1347,3.1347,6.1457
2026-06-15 16:35:24.750,Kathy,right,30.333,1820,,,,,,,-0.6141,-0.4571,2.1643,3.1182,3.1182,6.1813
2026-06-15 16:35:24.781,Kathy,right,30.367,1822,,,,,,,-0.6046,-0.4819,2.1616,3.1499,3.1499,6.2519
2026-06-15 16:35:24.812,Kathy,right,30.400,1824,,,,,,,-0.6450,-0.5072,2.1708,3.2546,3.2546,6.5416
2026-06-15 16:35:24.843,Kathy,right,30.433,1826,,,,,,,-0.6212,-0.5483,2.1705,3.1940,3.1940,6.3889
2026-06-15 16:35:24.873,Kathy,right,30.450,1827,,,,,,,-0.6132,-0.5621,2.1689,3.1622,3.1622,6.3342
2026-06-15 16:35:24.904,Kathy,right,30.483,1829,,,,,,,-0.6181,-0.5502,2.1785,3.1558,3.1558,6.3495
2026-06-15 16:35:24.934,Kathy,right,30.517,1831,,,,,,,-0.6224,-0.5384,2.2161,3.1519,3.1519,6.4217
2026-06-15 16:35:24.965,Kathy,right,30.550,1833,,,,,,,-0.6335,-0.5636,2.2470,3.1814,3.1814,6.5790
2026-06-15 16:35:24.995,Kathy,right,30.583,1835,,,,,,,-0.6717,-0.5964,2.2825,3.2829,3.2829,6.7621
2026-06-15 16:35:25.026,Kathy,right,30.617,1837,,,,,,,-0.6848,-0.6089,2.2931,3.3128,3.3128,6.7697
2026-06-15 16:35:25.057,Kathy,right,30.633,1838,,,,,,,-0.6622,-0.6320,2.2770,3.2877,3.2877,6.6497
2026-06-15 16:35:25.087,Kathy,right,30.667,1840,,,,,,,-0.6464,-0.6671,2.2595,3.2931,3.2931,6.6651
2026-06-15 16:35:25.118,Kathy,right,30.700,1842,,,,,,,-0.6565,-0.7056,2.2311,3.3524,3.3524,6.7081
2026-06-15 16:35:25.148,Kathy,right,30.733,1844,,,,,,,-0.6721,-0.7441,2.2431,3.4103,3.4103,6.8587
2026-06-15 16:35:25.179,Kathy,right,30.767,1846,,,,,,,-0.6526,-0.7595,2.2340,3.3742,3.3742,6.7249
2026-06-15 16:35:25.210,Kathy,right,30.800,1848,,,,,,,-0.6236,-0.7743,2.2088,3.3311,3.3311,6.6363
2026-06-15 16:35:25.240,Kathy,right,30.817,1849,,,,,,,-0.6967,-0.7994,2.2084,3.3668,3.3668,6.6619
2026-06-15 16:35:25.271,Kathy,right,30.850,1851,,,,,,,-0.6786,-0.8147,2.1977,3.3545,3.3545,6.5870
2026-06-15 16:35:25.301,Kathy,right,30.883,1853,,,,,,,-0.7027,-0.8114,2.1988,3.3842,3.3842,6.7225
2026-06-15 16:35:25.332,Kathy,right,30.917,1855,,,,,,,-0.7097,-0.7966,2.2150,3.3489,3.3489,6.7364
2026-06-15 16:35:25.362,Kathy,right,30.950,1857,,,,,,,-0.6885,-0.7966,2.2170,3.2870,3.2870,6.5274
2026-06-15 16:35:25.393,Kathy,right,30.983,1859,,,,,,,-0.6768,-0.8029,2.2119,3.2730,3.2730,6.4301
2026-06-15 16:35:25.423,Kathy,right,31.000,1860,,,,,,,-0.6546,-0.8305,2.1962,3.2596,3.2596,6.4181
2026-06-15 16:35:25.454,Kathy,right,31.033,1862,,,,,,,-0.6412,-0.8560,2.1840,3.2540,3.2540,6.4083
2026-06-15 16:35:25.484,Kathy,right,31.067,1864,,,,,,,-0.6583,-0.8717,2.1777,3.2817,3.2817,6.4477
2026-06-15 16:35:25.515,Kathy,right,31.100,1866,,,,,,,-0.6416,-0.9044,2.1885,3.2719,3.2719,6.4570
2026-06-15 16:35:25.546,Kathy,right,31.133,1868,,,,,,,-0.6181,-0.9286,2.2135,3.2393,3.2393,6.4013
2026-06-15 16:35:25.577,Kathy,right,31.167,1870,,,,,,,-0.6134,-0.9370,2.2250,3.2303,3.2303,6.3648
2026-06-15 16:35:25.607,Kathy,right,31.183,1871,,,,,,,-0.5847,-0.9649,2.2326,3.2330,3.2330,6.2820
2026-06-15 16:35:25.638,Kathy,right,31.217,1873,,,,,,,-0.5912,-0.9637,2.2023,3.2011,3.2011,6.1993
2026-06-15 16:35:25.668,Kathy,right,31.250,1875,,,,,,,-0.6044,-0.9646,2.1734,3.1773,3.1773,6.1106
2026-06-15 16:35:25.699,Kathy,right,31.283,1877,,,,,,,-0.6004,-0.9700,2.1629,3.1798,3.1798,6.1021
2026-06-15 16:35:25.730,Kathy,right,31.317,1879,,,,,,,-0.6301,-0.9955,2.1576,3.2292,3.2292,6.2557
2026-06-15 16:35:25.760,Kathy,right,31.350,1881,,,,,,,-0.6281,-1.0080,2.1652,3.2473,3.2473,6.3524
2026-06-15 16:35:25.791,Kathy,right,31.367,1882,,,,,,,-0.6224,-1.0190,2.1653,3.2360,3.2360,6.3099
2026-06-15 16:35:25.822,Kathy,right,31.400,1884,,,,,,,-0.6204,-1.0188,2.1652,3.2365,3.2365,6.3191
2026-06-15 16:35:25.852,Kathy,right,31.433,1886,,,,,,,-0.5962,-1.0289,2.1643,3.2184,3.2184,6.2049
2026-06-15 16:35:25.883,Kathy,right,31.467,1888,,,,,,,-0.5945,-1.0268,2.1612,3.2133,3.2133,6.1287
2026-06-15 16:35:25.913,Kathy,right,31.500,1890,,,,,,,-0.5912,-1.0288,2.1575,3.2149,3.2149,6.1257
2026-06-15 16:35:25.944,Kathy,right,31.533,1892,,,,,,,-0.6033,-0.9973,2.1663,3.1967,3.1967,6.1893
2026-06-15 16:35:25.975,Kathy,right,31.550,1893,,,,,,,-0.6298,-0.9860,2.1797,3.2625,3.2625,6.3146
2026-06-15 16:35:26.005,Kathy,right,31.583,1895,,,,,,,-0.6374,-0.9830,2.1865,3.2833,3.2833,6.3593
2026-06-15 16:35:26.035,Kathy,right,31.617,1897,,,,,,,-0.6347,-0.9780,2.1920,3.2678,3.2678,6.3616
2026-06-15 16:35:26.066,Kathy,right,31.650,1899,,,,,,,-0.6282,-0.9548,2.1853,3.2837,3.2837,6.3697
2026-06-15 16:35:26.097,Kathy,right,31.683,1901,,,,,,,-0.6178,-0.9378,2.1780,3.2862,3.2862,6.3322
2026-06-15 16:35:26.127,Kathy,right,31.717,1903,,,,,,,-0.6186,-0.9321,2.1766,3.2921,3.2921,6.3480
2026-06-15 16:35:26.158,Kathy,right,31.733,1904,,,,,,,-0.6522,-0.9058,2.1998,3.3318,3.3318,6.5954
2026-06-15 16:35:26.188,Kathy,right,31.767,1906,,,,,,,-0.6438,-0.8969,2.2153,3.3040,3.3040,6.6383
2026-06-15 16:35:26.219,Kathy,right,31.800,1908,,,,,,,-0.6508,-0.8893,2.2245,3.3256,3.3256,6.7061
2026-06-15 16:35:26.249,Kathy,right,31.833,1910,,,,,,,-0.6455,-0.8816,2.2220,3.3030,3.3030,6.6489
2026-06-15 16:35:26.280,Kathy,right,31.867,1912,,,,,,,-0.6138,-0.8579,2.1997,3.2307,3.2307,6.4356
2026-06-15 16:35:26.311,Kathy,right,31.900,1914,,,,,,,-0.6208,-0.8166,2.1949,3.2595,3.2595,6.5105
2026-06-15 16:35:26.341,Kathy,right,31.917,1915,,,,,,,-0.6385,-0.7625,2.1880,3.2715,3.2715,6.5197
2026-06-15 16:35:26.372,Kathy,right,31.950,1917,,,,,,,-0.6241,-0.7338,2.1905,3.2391,3.2391,6.5000
2026-06-15 16:35:26.402,Kathy,right,31.983,1919,,,,,,,-0.5996,-0.6900,2.2030,3.2090,3.2090,6.5306
2026-06-15 16:35:26.433,Kathy,right,32.017,1921,,,,,,,-0.5927,-0.6349,2.2194,3.1768,3.1768,6.5299
2026-06-15 16:35:26.464,Kathy,right,32.050,1923,,,,,,,-0.6022,-0.6192,2.2264,3.1807,3.1807,6.5927
2026-06-15 16:35:26.495,Kathy,right,32.083,1925,,,,,,,-0.6450,-0.6052,2.2299,3.2706,3.2706,6.6204
2026-06-15 16:35:26.526,Kathy,right,32.117,1927,,,,,,,-0.6625,-0.5923,2.2314,3.2927,3.2927,6.6670
2026-06-15 16:35:26.557,Kathy,right,32.133,1928,,,,,,,-0.6797,-0.5558,2.2275,3.3165,3.3165,6.7783
2026-06-15 16:35:26.587,Kathy,right,32.167,1930,,,,,,,-0.6558,-0.5081,2.2025,3.3015,3.3015,6.6644
2026-06-15 16:35:26.618,Kathy,right,32.200,1932,,,,,,,-0.6367,-0.4892,2.1818,3.3003,3.3003,6.5851
2026-06-15 16:35:26.649,Kathy,right,32.233,1934,,,,,,,-0.6067,-0.4664,2.1901,3.2435,3.2435,6.5749
2026-06-15 16:35:26.679,Kathy,right,32.267,1936,,,,,,,-0.6257,-0.4505,2.2065,3.2456,3.2456,6.5657
2026-06-15 16:35:26.711,Kathy,right,32.300,1938,,,,,,,-0.6312,-0.3932,2.2521,3.2133,3.2133,6.5520
2026-06-15 16:35:26.741,Kathy,right,32.317,1939,,,,,,,-0.6574,-0.3633,2.2724,3.1997,3.1997,6.5201
2026-06-15 16:35:26.772,Kathy,right,32.350,1941,,,,,,,-0.6427,-0.3293,2.2752,3.1985,3.1985,6.5571
2026-06-15 16:35:26.802,Kathy,right,32.383,1943,,,,,,,-0.6340,-0.3153,2.2696,3.1898,3.1898,6.5668
2026-06-15 16:35:26.833,Kathy,right,32.417,1945,,,,,,,-0.6147,-0.2824,2.2532,3.1674,3.1674,6.5203
2026-06-15 16:35:26.863,Kathy,right,32.450,1947,,,,,,,-0.6130,-0.2717,2.2416,3.1760,3.1760,6.4443
2026-06-15 16:35:26.894,Kathy,right,32.483,1949,,,,,,,-0.6138,-0.2738,2.2367,3.1980,3.1980,6.4444
2026-06-15 16:35:26.925,Kathy,right,32.500,1950,,,,,,,-0.6250,-0.2588,2.2494,3.2545,3.2545,6.5358
2026-06-15 16:35:26.956,Kathy,right,32.533,1952,,,,,,,-0.6210,-0.2443,2.2532,3.2347,3.2347,6.5168
2026-06-15 16:35:26.986,Kathy,right,32.567,1954,,,,,,,-0.6165,-0.2127,2.2702,3.2574,3.2574,6.5771
2026-06-15 16:35:27.017,Kathy,right,32.600,1956,,,,,,,-0.6315,-0.1930,2.2755,3.2674,3.2674,6.5744
2026-06-15 16:35:27.047,Kathy,right,32.633,1958,,,,,,,-0.6321,-0.1021,2.2750,3.2650,3.2650,6.5433
2026-06-15 16:35:27.078,Kathy,right,32.667,1960,,,,,,,-0.6396,-0.0073,2.2772,3.2533,3.2533,6.5813
2026-06-15 16:35:27.109,Kathy,right,32.700,1962,,,,,,,-0.6508,0.0340,2.2691,3.2836,3.2836,6.5650
2026-06-15 16:35:27.139,Kathy,right,32.717,1963,,,,,,,-0.6602,0.0848,2.2474,3.3051,3.3051,6.5392
2026-06-15 16:35:27.170,Kathy,right,32.750,1965,,,,,,,-0.6790,0.1315,2.2286,3.2965,3.2965,6.5802
2026-06-15 16:35:27.200,Kathy,right,32.783,1967,,,,,,,-0.6692,0.1765,2.2224,3.2613,3.2613,6.5769
2026-06-15 16:35:27.231,Kathy,right,32.817,1969,,,,,,,-0.6217,0.0131,2.1907,3.2319,3.2319,6.3792
2026-06-15 16:35:27.262,Kathy,right,32.850,1971,,,,,,,-0.5649,-0.4581,2.1107,3.2431,3.2431,6.4447
2026-06-15 16:35:27.293,Kathy,right,32.883,1973,,,,,,,-0.5029,-0.6819,2.0466,3.2487,3.2487,6.5185
2026-06-15 16:35:27.324,Kathy,right,32.900,1974,,,,,,,-0.5022,-0.7520,2.0390,3.2991,3.2991,6.7003
2026-06-15 16:35:27.354,Kathy,right,32.933,1976,,,,,,,-0.4965,-0.8281,2.0517,3.3578,3.3578,6.8909
2026-06-15 16:35:27.385,Kathy,right,32.967,1978,,,,,,,-0.4660,-0.8467,2.0481,3.3117,3.3117,6.7844
2026-06-15 16:35:27.415,Kathy,right,33.000,1980,,,,,,,-0.4634,-0.8726,2.0455,3.3537,3.3537,6.9868
2026-06-15 16:35:27.446,Kathy,right,33.033,1982,,,,,,,-0.4727,-0.8797,2.0833,3.4558,3.4558,7.2640
2026-06-15 16:35:27.476,Kathy,right,33.067,1984,,,,,,,-0.4002,-0.8812,2.1153,3.4519,3.4519,7.2742
2026-06-15 16:35:27.507,Kathy,right,33.083,1985,,,,,,,-0.3253,-0.8790,2.1038,3.3995,3.3995,7.0958
2026-06-15 16:35:27.540,Kathy,right,33.117,1987,,,,,,,-0.1906,-0.8446,2.0645,3.3098,3.3098,6.9378
2026-06-15 16:35:27.571,Kathy,right,33.150,1989,,,,,,,-0.1219,-0.8159,2.0452,3.2970,3.2970,7.0013
2026-06-15 16:35:27.601,Kathy,right,33.183,1991,,,,,,,-0.0926,-0.8048,2.0470,3.3259,3.3259,7.1046
2026-06-15 16:35:27.632,Kathy,right,33.217,1993,,,,,,,-0.0999,-0.7981,2.0626,3.3846,3.3846,7.2663
2026-06-15 16:35:27.663,Kathy,right,33.250,1995,,,,,,,-0.0769,-0.7857,2.0880,3.4165,3.4165,7.2701
2026-06-15 16:35:27.694,Kathy,right,33.283,1997,,,,,,,-0.0503,-0.7620,2.1078,3.4201,3.4201,7.3111
2026-06-15 16:35:27.725,Kathy,right,33.300,1998,,,,,,,-0.0134,-0.7444,2.1284,3.4061,3.4061,7.3868
2026-06-15 16:35:27.755,Kathy,right,33.333,2000,,,,,,,-0.0058,-0.7426,2.1321,3.3985,3.3985,7.4393
2026-06-15 16:35:27.785,Kathy,right,33.367,2002,,,,,,,0.0041,-0.7380,2.1380,3.3971,3.3971,7.5356
2026-06-15 16:35:27.816,Kathy,right,33.400,2004,,,,,,,0.0244,-0.7244,2.1447,3.4051,3.4051,7.5619
2026-06-15 16:35:27.847,Kathy,right,33.433,2006,,,,,,,0.0634,-0.6892,2.1398,3.3625,3.3625,7.3546
2026-06-15 16:35:27.877,Kathy,right,33.467,2008,,,,,,,0.0707,-0.6726,2.1524,3.4134,3.4134,7.5375
2026-06-15 16:35:27.908,Kathy,right,33.483,2009,,,,,,,0.0703,-0.6619,2.1587,3.4302,3.4302,7.5902
2026-06-15 16:35:27.939,Kathy,right,33.517,2011,,,,,,,0.1144,-0.6341,2.1599,3.3781,3.3781,7.3734
2026-06-15 16:35:27.969,Kathy,right,33.550,2013,,,,,,,0.1562,-0.6164,2.1669,3.3587,3.3587,7.2893
2026-06-15 16:35:28.000,Kathy,right,33.583,2015,,,,,,,0.2147,-0.5736,2.1729,3.3102,3.3102,7.2587
2026-06-15 16:35:28.031,Kathy,right,33.617,2017,,,,,,,0.2381,-0.5502,2.1753,3.3011,3.3011,7.3008
2026-06-15 16:35:28.062,Kathy,right,33.650,2019,,,,,,,0.2446,-0.5278,2.1855,3.3015,3.3015,7.1982
2026-06-15 16:35:28.092,Kathy,right,33.667,2020,,,,,,,0.2484,-0.5112,2.1945,3.3031,3.3031,7.1666
2026-06-15 16:35:28.122,Kathy,right,33.700,2022,,,,,,,0.2337,-0.4915,2.1928,3.3000,3.3000,7.2802
2026-06-15 16:35:28.153,Kathy,right,33.733,2024,,,,,,,0.2066,-0.4583,2.1887,3.3092,3.3092,7.2636
2026-06-15 16:35:28.184,Kathy,right,33.767,2026,,,,,,,0.1770,-0.3776,2.1725,3.2650,3.2650,7.1868
2026-06-15 16:35:28.215,Kathy,right,33.800,2028,,,,,,,0.1639,-0.3216,2.1559,3.2321,3.2321,6.9888
2026-06-15 16:35:28.245,Kathy,right,33.833,2030,,,,,,,0.1617,-0.2706,2.1495,3.2509,3.2509,6.9978
2026-06-15 16:35:28.276,Kathy,right,33.867,2032,,,,,,,0.1832,-0.2438,2.1590,3.2772,3.2772,7.0325
2026-06-15 16:35:28.307,Kathy,right,33.883,2033,,,,,,,0.1938,-0.2014,2.1782,3.2788,3.2788,7.0408
2026-06-15 16:35:28.337,Kathy,right,33.917,2035,,,,,,,0.2029,-0.1870,2.1924,3.2519,3.2519,7.0407
2026-06-15 16:35:28.368,Kathy,right,33.950,2037,,,,,,,0.2303,-0.1554,2.2054,3.2382,3.2382,7.1346
2026-06-15 16:35:28.398,Kathy,right,33.983,2039,,,,,,,0.2425,-0.1126,2.2172,3.2075,3.2075,7.0964
2026-06-15 16:35:28.429,Kathy,right,34.017,2041,,,,,,,0.2328,-0.0940,2.2219,3.1984,3.1984,7.0038
2026-06-15 16:35:28.460,Kathy,right,34.050,2043,,,,,,,0.2179,-0.0710,2.2306,3.1777,3.1777,6.8188
2026-06-15 16:35:28.490,Kathy,right,34.067,2044,,,,,,,0.2013,-0.0696,2.2317,3.1497,3.1497,6.7135
2026-06-15 16:35:28.521,Kathy,right,34.100,2046,,,,,,,0.1715,-0.0802,2.2397,3.1431,3.1431,6.6270
2026-06-15 16:35:28.552,Kathy,right,34.133,2048,,,,,,,0.1580,-0.0817,2.2569,3.1508,3.1508,6.5888
2026-06-15 16:35:28.583,Kathy,right,34.167,2050,,,,,,,0.1504,-0.0563,2.2627,3.1114,3.1114,6.4189
2026-06-15 16:35:28.614,Kathy,right,34.200,2052,,,,,,,0.1412,-0.0266,2.2646,3.1017,3.1017,6.4050
2026-06-15 16:35:28.645,Kathy,right,34.233,2054,,,,,,,0.1277,-0.0186,2.2627,3.1098,3.1098,6.3901
2026-06-15 16:35:28.675,Kathy,right,34.250,2055,,,,,,,0.1112,0.0133,2.2633,3.0980,3.0980,6.3779
2026-06-15 16:35:28.706,Kathy,right,34.283,2057,,,,,,,0.0664,0.0165,2.2530,3.1133,3.1133,6.3630
2026-06-15 16:35:28.736,Kathy,right,34.317,2059,,,,,,,0.0294,0.0098,2.2384,3.1191,3.1191,6.3389
2026-06-15 16:35:28.766,Kathy,right,34.350,2061,,,,,,,0.0114,0.0098,2.2351,3.1342,3.1342,6.3735
2026-06-15 16:35:28.797,Kathy,right,34.383,2063,,,,,,,0.0091,0.0224,2.2307,3.0822,3.0822,6.2782
2026-06-15 16:35:28.828,Kathy,right,34.417,2065,,,,,,,-0.0014,0.0604,2.2407,3.0553,3.0553,6.2850
2026-06-15 16:35:28.859,Kathy,right,34.450,2067,,,,,,,-0.0272,0.0973,2.2577,3.0328,3.0328,6.1941
2026-06-15 16:35:28.889,Kathy,right,34.467,2068,,,,,,,-0.0631,0.1287,2.2764,3.0275,3.0275,6.0529
2026-06-15 16:35:28.920,Kathy,right,34.500,2070,,,,,,,-0.0734,0.1393,2.2807,3.0147,3.0147,6.0026
2026-06-15 16:35:28.950,Kathy,right,34.533,2072,,,,,,,-0.1449,0.1830,2.2885,3.0218,3.0218,5.9916
2026-06-15 16:35:28.981,Kathy,right,34.567,2074,,,,,,,-0.1998,0.2634,2.2776,3.0114,3.0114,5.7761
2026-06-15 16:35:29.011,Kathy,right,34.600,2076,,,,,,,-0.2477,0.3294,2.2578,3.0176,3.0176,5.5669
2026-06-15 16:35:29.042,Kathy,right,34.633,2078,,,,,,,-0.2709,0.3654,2.2462,3.0165,3.0165,5.4946
2026-06-15 16:35:29.073,Kathy,right,34.650,2079,,,,,,,-0.2784,0.3680,2.2443,3.0042,3.0042,5.4246
2026-06-15 16:35:29.103,Kathy,right,34.683,2081,,,,,,,-0.3014,0.3651,2.2445,2.9886,2.9886,5.4256
2026-06-15 16:35:29.134,Kathy,right,34.717,2083,,,,,,,-0.3240,0.3611,2.2487,2.9843,2.9843,5.3982
2026-06-15 16:35:29.164,Kathy,right,34.750,2085,,,,,,,-0.3400,0.3573,2.2527,2.9746,2.9746,5.3719
2026-06-15 16:35:29.195,Kathy,right,34.783,2087,,,,,,,-0.3439,0.3554,2.2533,2.9711,2.9711,5.3714
2026-06-15 16:35:29.226,Kathy,right,34.817,2089,,,,,,,-0.3231,0.3479,2.2439,2.9641,2.9641,5.2792
2026-06-15 16:35:29.256,Kathy,right,34.833,2090,,,,,,,-0.3282,0.3639,2.2218,2.9660,2.9660,5.1189
2026-06-15 16:35:29.286,Kathy,right,34.867,2092,,,,,,,-0.3508,0.3510,2.2105,2.9385,2.9385,5.0860
2026-06-15 16:35:29.316,Kathy,right,34.900,2094,,,,,,,-0.3700,0.3568,2.2188,2.9502,2.9502,5.1748
2026-06-15 16:35:29.347,Kathy,right,34.933,2096,,,,,,,-0.4107,0.3375,2.2444,2.9300,2.9300,5.1660
2026-06-15 16:35:29.378,Kathy,right,34.967,2098,,,,,,,-0.4582,0.3553,2.2663,2.8987,2.8987,5.1089
2026-06-15 16:35:29.408,Kathy,right,34.983,2099,,,,,,,-0.4893,0.3617,2.2832,2.8896,2.8896,5.0591
2026-06-15 16:35:29.439,Kathy,right,35.017,2101,,,,,,,-0.5342,0.3403,2.3017,2.9642,2.9642,5.1363
2026-06-15 16:35:29.470,Kathy,right,35.050,2103,,,,,,,-0.5529,0.3354,2.3093,2.9836,2.9836,5.1729
2026-06-15 16:35:29.501,Kathy,right,35.083,2105,,,,,,,-0.5881,0.3143,2.3192,2.9856,2.9856,5.1236
2026-06-15 16:35:29.531,Kathy,right,35.117,2107,,,,,,,-0.6320,0.3221,2.3172,2.9838,2.9838,5.0543
2026-06-15 16:35:29.562,Kathy,right,35.150,2109,,,,,,,-0.6673,0.3321,2.3067,2.9760,2.9760,4.9950
2026-06-15 16:35:29.593,Kathy,right,35.183,2111,,,,,,,-0.6782,0.3348,2.3036,2.9703,2.9703,4.9719
2026-06-15 16:35:29.624,Kathy,right,35.200,2112,,,,,,,-0.7057,0.3244,2.3022,2.9916,2.9916,5.0265
2026-06-15 16:35:29.654,Kathy,right,35.233,2114,,,,,,,-0.7414,0.3260,2.3200,2.9771,2.9771,5.0409
2026-06-15 16:35:29.685,Kathy,right,35.267,2116,,,,,,,-0.7827,0.3293,2.3267,2.9615,2.9615,5.0165
2026-06-15 16:35:29.715,Kathy,right,35.300,2118,,,,,,,-0.9240,0.3434,2.3154,2.9562,2.9562,4.8651
2026-06-15 16:35:29.746,Kathy,right,35.333,2120,,,,,,,-0.9659,0.3599,2.3073,2.9443,2.9443,4.8695
2026-06-15 16:35:29.776,Kathy,right,35.367,2122,,,,,,,-1.0191,0.3613,2.2919,2.9417,2.9417,4.8833
2026-06-15 16:35:29.807,Kathy,right,35.383,2123,,,,,,,-1.0343,0.3568,2.2846,2.9527,2.9527,4.8785
2026-06-15 16:35:29.837,Kathy,right,35.417,2125,,,,,,,-1.0726,0.3535,2.2801,2.9736,2.9736,4.9552
2026-06-15 16:35:29.868,Kathy,right,35.450,2127,,,,,,,-1.0943,0.3298,2.2917,3.0122,3.0122,5.0658
2026-06-15 16:35:29.898,Kathy,right,35.483,2129,,,,,,,-1.1036,0.3257,2.2966,3.0292,3.0292,5.0063
2026-06-15 16:35:29.929,Kathy,right,35.517,2131,,,,,,,-1.1215,0.2992,2.3023,3.0357,3.0357,5.0629
2026-06-15 16:35:29.960,Kathy,right,35.533,2132,,,,,,,-1.1611,0.2755,2.3162,3.0098,3.0098,4.9839
2026-06-15 16:35:29.990,Kathy,right,35.567,2134,,,,,,,-1.1848,0.2644,2.3316,2.9781,2.9781,4.9183
2026-06-15 16:35:30.021,Kathy,right,35.600,2136,,,,,,,-1.1943,0.2574,2.3365,2.9658,2.9658,4.8673
2026-06-15 16:35:30.052,Kathy,right,35.633,2138,,,,,,,-1.2077,0.2583,2.3336,2.9855,2.9855,4.8852
2026-06-15 16:35:30.082,Kathy,right,35.667,2140,,,,,,,-1.2500,0.2632,2.3251,3.0186,3.0186,4.9785
2026-06-15 16:35:30.113,Kathy,right,35.700,2142,,,,,,,-1.2866,0.2595,2.3349,3.0615,3.0615,5.0244
2026-06-15 16:35:30.144,Kathy,right,35.733,2144,,,,,,,-1.3223,0.2369,2.3363,3.0850,3.0850,5.0289
2026-06-15 16:35:30.174,Kathy,right,35.750,2145,,,,,,,-1.3168,0.2390,2.3380,3.0311,3.0311,4.9602
2026-06-15 16:35:30.204,Kathy,right,35.783,2147,,,,,,,-1.3220,0.2301,2.3576,3.0014,3.0014,4.9903
2026-06-15 16:35:30.235,Kathy,right,35.817,2149,,,,,,,-1.3393,0.2290,2.3739,2.9868,2.9868,4.9825
2026-06-15 16:35:30.265,Kathy,right,35.850,2151,,,,,,,-1.3806,0.1788,2.3848,3.0015,3.0015,5.0942
2026-06-15 16:35:30.296,Kathy,right,35.883,2153,,,,,,,-1.4107,0.1390,2.3851,2.9941,2.9941,5.1527
2026-06-15 16:35:30.327,Kathy,right,35.917,2155,,,,,,,-1.4302,0.1206,2.3866,2.9793,2.9793,5.1084
2026-06-15 16:35:30.357,Kathy,right,35.933,2156,,,,,,,-1.4611,0.0905,2.3858,3.0037,3.0037,5.2058
2026-06-15 16:35:30.388,Kathy,right,35.967,2158,,,,,,,-1.5261,0.0558,2.3892,3.0212,3.0212,5.3029
2026-06-15 16:35:30.418,Kathy,right,36.000,2160,,,,,,,-1.5573,0.0470,2.3896,3.0346,3.0346,5.3436
2026-06-15 16:35:30.449,Kathy,right,36.033,2162,,,,,,,-1.5921,0.0347,2.3929,3.0606,3.0606,5.3670
2026-06-15 16:35:30.479,Kathy,right,36.067,2164,,,,,,,-1.6117,0.0302,2.3858,3.0851,3.0851,5.3354
2026-06-15 16:35:30.509,Kathy,right,36.100,2166,,,,,,,-1.6227,0.0225,2.3827,3.0773,3.0773,5.2866
2026-06-15 16:35:30.540,Kathy,right,36.117,2167,,,,,,,-1.6220,0.0153,2.3865,3.0718,3.0718,5.2899
2026-06-15 16:35:30.576,Kathy,right,36.167,2170,,,,,,,-1.6091,-0.0017,2.4077,3.1055,3.1055,5.2527
2026-06-15 16:35:30.607,Kathy,right,36.183,2171,,,,,,,-1.5637,-0.0266,2.4357,3.1061,3.1061,5.2419
2026-06-15 16:35:30.637,Kathy,right,36.217,2173,,,,,,,-1.5636,-0.0532,2.4630,3.1342,3.1342,5.3550
2026-06-15 16:35:30.667,Kathy,right,36.250,2175,,,,,,,-1.5836,-0.0707,2.4811,3.1653,3.1653,5.4494
2026-06-15 16:35:30.698,Kathy,right,36.283,2177,,,,,,,-1.5795,-0.0980,2.4825,3.1611,3.1611,5.4813
2026-06-15 16:35:30.729,Kathy,right,36.317,2179,,,,,,,-1.5707,-0.1312,2.4727,3.1477,3.1477,5.5300
2026-06-15 16:35:30.760,Kathy,right,36.333,2180,,,,,,,-1.5644,-0.1463,2.4476,3.1325,3.1325,5.5433
2026-06-15 16:35:30.790,Kathy,right,36.367,2182,,,,,,,-1.5655,-0.1398,2.4281,3.1245,3.1245,5.4824
2026-06-15 16:35:30.821,Kathy,right,36.400,2184,,,,,,,-1.5771,-0.1533,2.4225,3.1500,3.1500,5.5236
2026-06-15 16:35:30.851,Kathy,right,36.433,2186,,,,,,,-1.5937,-0.1817,2.4251,3.1586,3.1586,5.5334
2026-06-15 16:35:30.882,Kathy,right,36.467,2188,,,,,,,-1.5818,-0.2207,2.4286,3.1671,3.1671,5.5641
2026-06-15 16:35:30.912,Kathy,right,36.500,2190,,,,,,,-1.5441,-0.2285,2.4473,3.1658,3.1658,5.6060
2026-06-15 16:35:30.943,Kathy,right,36.533,2192,,,,,,,-1.5135,-0.2200,2.4659,3.1180,3.1180,5.6158
2026-06-15 16:35:30.973,Kathy,right,36.550,2193,,,,,,,-1.5172,-0.2352,2.4803,3.1284,3.1284,5.6303
2026-06-15 16:35:31.004,Kathy,right,36.583,2195,,,,,,,-1.5480,-0.2826,2.4613,3.1700,3.1700,5.6242
2026-06-15 16:35:31.035,Kathy,right,36.617,2197,,,,,,,-1.5272,-0.3054,2.4527,3.1637,3.1637,5.6365
2026-06-15 16:35:31.065,Kathy,right,36.650,2199,,,,,,,-1.5654,-0.3726,2.4175,3.2599,3.2599,5.6407
2026-06-15 16:35:31.096,Kathy,right,36.683,2201,,,,,,,-1.5796,-0.4219,2.3953,3.2717,3.2717,5.6660
2026-06-15 16:35:31.127,Kathy,right,36.717,2203,,,,,,,-1.5589,-0.4599,2.4156,3.2405,3.2405,5.7496
2026-06-15 16:35:31.158,Kathy,right,36.733,2204,,,,,,,-1.5292,-0.4978,2.4293,3.2390,3.2390,5.8231
2026-06-15 16:35:31.188,Kathy,right,36.767,2206,,,,,,,-1.5128,-0.5067,2.4304,3.2577,3.2577,5.8580
2026-06-15 16:35:31.218,Kathy,right,36.800,2208,,,,,,,-1.4926,-0.5215,2.4242,3.2315,3.2315,5.7744
2026-06-15 16:35:31.249,Kathy,right,36.833,2210,,,,,,,-1.4462,-0.5520,2.4045,3.1969,3.1969,5.7732
2026-06-15 16:35:31.279,Kathy,right,36.867,2212,,,,,,,-1.4408,-0.5765,2.3660,3.2845,3.2845,5.7769
2026-06-15 16:35:31.310,Kathy,right,36.900,2214,,,,,,,-1.4406,-0.5978,2.3425,3.3362,3.3362,5.9471
2026-06-15 16:35:31.341,Kathy,right,36.917,2215,,,,,,,-1.4185,-0.6446,2.3550,3.3400,3.3400,6.0564
2026-06-15 16:35:31.371,Kathy,right,36.950,2217,,,,,,,-1.4387,-0.6764,2.3638,3.3562,3.3562,6.0617
2026-06-15 16:35:31.401,Kathy,right,36.983,2219,,,,,,,-1.4526,-0.7123,2.3768,3.3630,3.3630,6.0987
2026-06-15 16:35:31.432,Kathy,right,37.017,2221,,,,,,,-1.3861,-0.7476,2.3509,3.2786,3.2786,5.8228
2026-06-15 16:35:31.462,Kathy,right,37.050,2223,,,,,,,-1.3551,-0.7567,2.3374,3.2629,3.2629,5.8316
2026-06-15 16:35:31.494,Kathy,right,37.083,2225,,,,,,,-1.2861,-0.7760,2.3092,3.2576,3.2576,5.8294
2026-06-15 16:35:31.524,Kathy,right,37.100,2226,,,,,,,-1.2753,-0.7858,2.3084,3.2863,3.2863,5.9557
2026-06-15 16:35:31.555,Kathy,right,37.133,2228,,,,,,,-1.2750,-0.8198,2.2998,3.3309,3.3309,6.1128
2026-06-15 16:35:31.586,Kathy,right,37.167,2230,,,,,,,-1.2282,-0.8279,2.3102,3.3260,3.3260,6.2324
2026-06-15 16:35:31.616,Kathy,right,37.200,2232,,,,,,,-1.1735,-0.8528,2.3184,3.3224,3.3224,6.2686
2026-06-15 16:35:31.647,Kathy,right,37.233,2234,,,,,,,-1.0666,-0.8786,2.2874,3.2047,3.2047,5.9128
2026-06-15 16:35:31.677,Kathy,right,37.267,2236,,,,,,,-0.9860,-0.9059,2.2543,3.1757,3.1757,5.8531
2026-06-15 16:35:31.708,Kathy,right,37.283,2237,,,,,,,-0.9350,-0.9290,2.2411,3.1344,3.1344,5.8686
2026-06-15 16:35:31.739,Kathy,right,37.317,2239,,,,,,,-0.9260,-0.9290,2.2475,3.1595,3.1595,5.9737
2026-06-15 16:35:31.769,Kathy,right,37.350,2241,,,,,,,-0.8861,-0.9323,2.2686,3.1766,3.1766,6.0727
2026-06-15 16:35:31.800,Kathy,right,37.383,2243,,,,,,,-0.8619,-0.9396,2.2815,3.1994,3.1994,6.1425
2026-06-15 16:35:31.830,Kathy,right,37.417,2245,,,,,,,-0.8217,-0.9550,2.2840,3.1869,3.1869,6.0808
2026-06-15 16:35:31.861,Kathy,right,37.450,2247,,,,,,,-0.7989,-0.9662,2.2677,3.1991,3.1991,6.1215
2026-06-15 16:35:31.892,Kathy,right,37.467,2248,,,,,,,-0.7934,-0.9769,2.2560,3.2006,3.2006,6.1517
2026-06-15 16:35:31.923,Kathy,right,37.500,2250,,,,,,,-0.7906,-0.9970,2.2330,3.1984,3.1984,6.1473
2026-06-15 16:35:31.953,Kathy,right,37.533,2252,,,,,,,-0.7353,-1.0153,2.2081,3.1313,3.1313,5.9084
2026-06-15 16:35:31.984,Kathy,right,37.567,2254,,,,,,,-0.6950,-1.0169,2.2020,3.1100,3.1100,5.8720
2026-06-15 16:35:32.014,Kathy,right,37.600,2256,,,,,,,-0.6748,-1.0178,2.1947,3.1110,3.1110,5.7711
2026-06-15 16:35:32.045,Kathy,right,37.633,2258,,,,,,,-0.6344,-1.0301,2.1767,3.0978,3.0978,5.6325
2026-06-15 16:35:32.075,Kathy,right,37.650,2259,,,,,,,-0.5891,-1.0375,2.1540,3.0775,3.0775,5.4692
2026-06-15 16:35:32.106,Kathy,right,37.683,2261,,,,,,,-0.5466,-1.0659,2.1466,3.1032,3.1032,5.6072
2026-06-15 16:35:32.136,Kathy,right,37.717,2263,,,,,,,-0.5152,-1.0719,2.1415,3.0828,3.0828,5.5476
2026-06-15 16:35:32.167,Kathy,right,37.750,2265,,,,,,,-0.4992,-1.0665,2.1407,3.0560,3.0560,5.5851
2026-06-15 16:35:32.198,Kathy,right,37.783,2267,,,,,,,-0.4641,-1.0645,2.1381,3.0491,3.0491,5.5585
2026-06-15 16:35:32.229,Kathy,right,37.817,2269,,,,,,,-0.4281,-1.0613,2.1311,3.0762,3.0762,5.5986
2026-06-15 16:35:32.259,Kathy,right,37.850,2271,,,,,,,-0.4008,-1.0419,2.1373,3.0702,3.0702,5.6578
2026-06-15 16:35:32.290,Kathy,right,37.867,2272,,,,,,,-0.3899,-1.0249,2.1399,3.0800,3.0800,5.6897
2026-06-15 16:35:32.320,Kathy,right,37.900,2274,,,,,,,-0.3605,-1.0091,2.1526,3.0750,3.0750,5.7100
2026-06-15 16:35:32.351,Kathy,right,37.933,2276,,,,,,,-0.3326,-1.0027,2.1702,3.0748,3.0748,5.6959
2026-06-15 16:35:32.381,Kathy,right,37.967,2278,,,,,,,-0.2983,-0.9883,2.1922,3.1106,3.1106,5.8491
2026-06-15 16:35:32.412,Kathy,right,38.000,2280,,,,,,,-0.2447,-0.9623,2.1931,3.0710,3.0710,5.8686
2026-06-15 16:35:32.443,Kathy,right,38.033,2282,,,,,,,-0.1959,-0.9424,2.1826,3.0442,3.0442,5.9274
2026-06-15 16:35:32.473,Kathy,right,38.050,2283,,,,,,,-0.1987,-0.9392,2.1913,3.0882,3.0882,6.0049
2026-06-15 16:35:32.504,Kathy,right,38.083,2285,,,,,,,-0.1789,-0.9281,2.2158,3.1577,3.1577,6.1772
2026-06-15 16:35:32.534,Kathy,right,38.117,2287,,,,,,,-0.1338,-0.9035,2.2406,3.1615,3.1615,6.2442
2026-06-15 16:35:32.565,Kathy,right,38.150,2289,,,,,,,-0.1174,-0.8945,2.2471,3.1669,3.1669,6.2536
2026-06-15 16:35:32.598,Kathy,right,38.183,2291,,,,,,,-0.1135,-0.8997,2.2644,3.2002,3.2002,6.3754
2026-06-15 16:35:32.629,Kathy,right,38.217,2293,,,,,,,-0.0789,-0.8792,2.2745,3.1687,3.1687,6.3783
2026-06-15 16:35:32.660,Kathy,right,38.250,2295,,,,,,,-0.0560,-0.8538,2.2651,3.1655,3.1655,6.3864
2026-06-15 16:35:32.691,Kathy,right,38.267,2296,,,,,,,-0.0446,-0.8351,2.2645,3.1443,3.1443,6.2882
2026-06-15 16:35:32.721,Kathy,right,38.300,2298,,,,,,,-0.0110,-0.7764,2.2544,3.0727,3.0727,6.0916
2026-06-15 16:35:32.752,Kathy,right,38.333,2300,,,,,,,0.0169,-0.7268,2.2501,3.0722,3.0722,6.1514
2026-06-15 16:35:32.782,Kathy,right,38.367,2302,,,,,,,0.0353,-0.7030,2.2571,3.1212,3.1212,6.2852
2026-06-15 16:35:32.813,Kathy,right,38.400,2304,,,,,,,0.0334,-0.6609,2.2918,3.1991,3.1991,6.5465
2026-06-15 16:35:32.843,Kathy,right,38.433,2306,,,,,,,0.0370,-0.6476,2.3087,3.2031,3.2031,6.6213
2026-06-15 16:35:32.874,Kathy,right,38.450,2307,,,,,,,0.0673,-0.6249,2.3246,3.2270,3.2270,6.6113
2026-06-15 16:35:32.904,Kathy,right,38.483,2309,,,,,,,0.0889,-0.6112,2.3264,3.2048,3.2048,6.5401
2026-06-15 16:35:32.935,Kathy,right,38.517,2311,,,,,,,0.1428,-0.5802,2.3106,3.1081,3.1081,6.3165
2026-06-15 16:35:32.965,Kathy,right,38.550,2313,,,,,,,0.1579,-0.5452,2.2996,3.1360,3.1360,6.4263
2026-06-15 16:35:32.996,Kathy,right,38.583,2315,,,,,,,0.1488,-0.5284,2.3063,3.1798,3.1798,6.5882
2026-06-15 16:35:33.027,Kathy,right,38.617,2317,,,,,,,0.1533,-0.5022,2.3207,3.1857,3.1857,6.6783
2026-06-15 16:35:33.057,Kathy,right,38.633,2318,,,,,,,0.1571,-0.4577,2.3145,3.2219,3.2219,6.7349
2026-06-15 16:35:33.088,Kathy,right,38.667,2320,,,,,,,0.1693,-0.4332,2.3079,3.1896,3.1896,6.6764
2026-06-15 16:35:33.118,Kathy,right,38.700,2322,,,,,,,0.1590,-0.4171,2.3094,3.2246,3.2246,6.7834
2026-06-15 16:35:33.149,Kathy,right,38.733,2324,,,,,,,0.1627,-0.4028,2.3145,3.2280,3.2280,6.7734
2026-06-15 16:35:33.179,Kathy,right,38.767,2326,,,,,,,0.1723,-0.3921,2.3153,3.2210,3.2210,6.7224
2026-06-15 16:35:33.210,Kathy,right,38.800,2328,,,,,,,0.1921,-0.3601,2.3099,3.2031,3.2031,6.6566
2026-06-15 16:35:33.241,Kathy,right,38.817,2329,,,,,,,0.2120,-0.3302,2.2996,3.1647,3.1647,6.6507
2026-06-15 16:35:33.271,Kathy,right,38.850,2331,,,,,,,0.2147,-0.3172,2.2941,3.1502,3.1502,6.6516
2026-06-15 16:35:33.301,Kathy,right,38.883,2333,,,,,,,0.2246,-0.2858,2.2957,3.1477,3.1477,6.6398
2026-06-15 16:35:33.332,Kathy,right,38.917,2335,,,,,,,0.2420,-0.2753,2.2936,3.1699,3.1699,6.7016
2026-06-15 16:35:33.363,Kathy,right,38.950,2337,,,,,,,0.2397,-0.2440,2.2825,3.1868,3.1868,6.7033
2026-06-15 16:35:33.393,Kathy,right,38.983,2339,,,,,,,0.2357,-0.2109,2.2755,3.2017,3.2017,6.7629
2026-06-15 16:35:33.424,Kathy,right,39.000,2340,,,,,,,0.2193,-0.1829,2.2760,3.1949,3.1949,6.8203
2026-06-15 16:35:33.455,Kathy,right,39.033,2342,,,,,,,0.1965,-0.1563,2.2701,3.2047,3.2047,6.8280
2026-06-15 16:35:33.485,Kathy,right,39.067,2344,,,,,,,0.1786,-0.1185,2.2589,3.1933,3.1933,6.8436
2026-06-15 16:35:33.516,Kathy,right,39.100,2346,,,,,,,0.1895,-0.1128,2.2498,3.1657,3.1657,6.8268
2026-06-15 16:35:33.547,Kathy,right,39.133,2348,,,,,,,0.1777,-0.0668,2.2502,3.1645,3.1645,6.6611
2026-06-15 16:35:33.577,Kathy,right,39.167,2350,,,,,,,0.1683,-0.0224,2.2544,3.1770,3.1770,6.6274
2026-06-15 16:35:33.609,Kathy,right,39.200,2352,,,,,,,0.1621,0.0142,2.2479,3.1807,3.1807,6.6482
2026-06-15 16:35:33.639,Kathy,right,39.217,2353,,,,,,,0.1415,0.0183,2.2518,3.1921,3.1921,6.6384
2026-06-15 16:35:33.670,Kathy,right,39.250,2355,,,,,,,0.0878,0.0376,2.2715,3.1877,3.1877,6.7214
2026-06-15 16:35:33.700,Kathy,right,39.283,2357,,,,,,,0.0044,0.1530,2.2767,3.1803,3.1803,6.6113
2026-06-15 16:35:33.731,Kathy,right,39.317,2359,,,,,,,-0.0324,0.2448,2.2790,3.1599,3.1599,6.4969
2026-06-15 16:35:33.761,Kathy,right,39.350,2361,,,,,,,-0.0590,0.3172,2.2810,3.1297,3.1297,6.3687
2026-06-15 16:35:33.792,Kathy,right,39.383,2363,,,,,,,-0.0713,0.3381,2.2789,3.1137,3.1137,6.3243
2026-06-15 16:35:33.823,Kathy,right,39.400,2364,,,,,,,-0.0882,0.3671,2.2784,3.1142,3.1142,6.2664
2026-06-15 16:35:33.853,Kathy,right,39.433,2366,,,,,,,-0.0613,0.3799,2.2681,3.0823,3.0823,6.2015
2026-06-15 16:35:33.884,Kathy,right,39.467,2368,,,,,,,-0.0583,0.4073,2.2479,3.0623,3.0623,6.1743
2026-06-15 16:35:33.914,Kathy,right,39.500,2370,,,,,,,-0.0689,0.4198,2.2407,3.0575,3.0575,6.1737
2026-06-15 16:35:33.945,Kathy,right,39.533,2372,,,,,,,-0.0947,0.4506,2.2353,3.0362,3.0362,6.2077
2026-06-15 16:35:33.975,Kathy,right,39.550,2373,,,,,,,-0.1294,0.4466,2.2384,3.0819,3.0819,6.2726
2026-06-15 16:35:34.006,Kathy,right,39.583,2375,,,,,,,-0.1701,0.4482,2.2563,3.1229,3.1229,6.3052
2026-06-15 16:35:34.037,Kathy,right,39.617,2377,,,,,,,-0.1917,0.4487,2.2697,3.1296,3.1296,6.3326
2026-06-15 16:35:34.067,Kathy,right,39.650,2379,,,,,,,-0.2128,0.4491,2.2829,3.1396,3.1396,6.2990
2026-06-15 16:35:34.098,Kathy,right,39.683,2381,,,,,,,-0.2547,0.4562,2.2933,3.1450,3.1450,6.2403
2026-06-15 16:35:34.129,Kathy,right,39.717,2383,,,,,,,-0.2947,0.4873,2.2870,3.1358,3.1358,6.1414
2026-06-15 16:35:34.159,Kathy,right,39.750,2385,,,,,,,-0.3167,0.4979,2.2811,3.1322,3.1322,6.1323
2026-06-15 16:35:34.190,Kathy,right,39.767,2386,,,,,,,-0.3611,0.5669,2.2606,3.0853,3.0853,6.0124
2026-06-15 16:35:34.220,Kathy,right,39.800,2388,,,,,,,-0.3751,0.5857,2.2585,3.0737,3.0737,6.0007
2026-06-15 16:35:34.250,Kathy,right,39.833,2390,,,,,,,-0.3952,0.6022,2.2510,3.0616,3.0616,5.9242
2026-06-15 16:35:34.281,Kathy,right,39.867,2392,,,,,,,-0.4122,0.6135,2.2430,3.0597,3.0597,5.9147
2026-06-15 16:35:34.312,Kathy,right,39.900,2394,,,,,,,-0.4423,0.6227,2.2353,3.0843,3.0843,5.7118
2026-06-15 16:35:34.342,Kathy,right,39.933,2396,,,,,,,-0.4541,0.6254,2.2318,3.0976,3.0976,5.6692
2026-06-15 16:35:34.373,Kathy,right,39.950,2397,,,,,,,-0.4932,0.6392,2.2265,3.1192,3.1192,5.8070
2026-06-15 16:35:34.404,Kathy,right,39.983,2399,,,,,,,-0.5417,0.6413,2.2230,3.1419,3.1419,5.8891
2026-06-15 16:35:34.434,Kathy,right,40.017,2401,,,,,,,-0.5871,0.6284,2.2219,3.1724,3.1724,5.9487
2026-06-15 16:35:34.465,Kathy,right,40.050,2403,,,,,,,-0.6343,0.6297,2.2211,3.1894,3.1894,5.9354
2026-06-15 16:35:34.496,Kathy,right,40.083,2405,,,,,,,-0.6458,0.6272,2.2223,3.2068,3.2068,5.9289
2026-06-15 16:35:34.526,Kathy,right,40.117,2407,,,,,,,-0.6812,0.6238,2.2280,3.2101,3.2101,5.8894
2026-06-15 16:35:34.557,Kathy,right,40.133,2408,,,,,,,-0.7241,0.6320,2.2311,3.2039,3.2039,5.9350
2026-06-15 16:35:34.588,Kathy,right,40.167,2410,,,,,,,-0.7752,0.6502,2.2377,3.2241,3.2241,5.8732
2026-06-15 16:35:34.619,Kathy,right,40.200,2412,,,,,,,-0.8072,0.6543,2.2394,3.2348,3.2348,5.8794
2026-06-15 16:35:34.650,Kathy,right,40.233,2414,,,,,,,-0.8495,0.6490,2.2497,3.2294,3.2294,5.8096
2026-06-15 16:35:34.680,Kathy,right,40.267,2416,,,,,,,-0.8658,0.6345,2.2533,3.1911,3.1911,5.7786
2026-06-15 16:35:34.711,Kathy,right,40.300,2418,,,,,,,-0.8833,0.6438,2.2616,3.1496,3.1496,5.7253
2026-06-15 16:35:34.741,Kathy,right,40.317,2419,,,,,,,-0.9028,0.6265,2.2612,3.1519,3.1519,5.6935
2026-06-15 16:35:34.772,Kathy,right,40.350,2421,,,,,,,-0.9284,0.6109,2.2662,3.1983,3.1983,5.7561
2026-06-15 16:35:34.802,Kathy,right,40.383,2423,,,,,,,-0.9594,0.5963,2.2689,3.1777,3.1777,5.7217
2026-06-15 16:35:34.833,Kathy,right,40.417,2425,,,,,,,-0.9933,0.5821,2.2822,3.1988,3.1988,5.7704
2026-06-15 16:35:34.864,Kathy,right,40.450,2427,,,,,,,-1.0431,0.5722,2.2832,3.2050,3.2050,5.7828
2026-06-15 16:35:34.895,Kathy,right,40.483,2429,,,,,,,-1.1605,0.5362,2.2784,3.1402,3.1402,5.6238
2026-06-15 16:35:34.926,Kathy,right,40.517,2431,,,,,,,0.2837,-0.3825,1.9262,0.0000,0.0000,0.0000
2026-06-15 16:35:34.956,Kathy,right,40.533,2432,,,,,,,0.2837,-0.3825,1.9262,0.0000,0.0000,0.0000
2026-06-15 16:35:34.987,Kathy,right,40.567,2434,,,,,,,0.2837,-0.3825,1.9262,0.0000,0.0000,0.0000
2026-06-15 16:35:35.017,Kathy,right,40.600,2436,,,,,,,0.2837,-0.3825,1.9262,0.0000,0.0000,0.0000
2026-06-15 16:35:35.048,Kathy,right,40.633,2438,,,,,,,-1.3117,0.0687,2.4134,2.1490,2.1490,4.3665
2026-06-15 16:35:35.079,Kathy,right,40.667,2440,,,,,,,-1.1653,0.0888,2.5111,2.3591,2.3591,5.1612
2026-06-15 16:35:35.109,Kathy,right,40.700,2442,,,,,,,-1.0679,0.1736,2.5685,2.4613,2.4613,5.3774
2026-06-15 16:35:35.140,Kathy,right,40.717,2443,,,,,,,-1.1719,0.2176,2.5420,2.7302,2.7302,5.5842
2026-06-15 16:35:35.170,Kathy,right,40.750,2445,,,,,,,-1.3050,0.2529,2.4378,3.0562,3.0562,5.8446
2026-06-15 16:35:35.200,Kathy,right,40.783,2447,,,,,,,-1.3794,0.2553,2.3479,3.1933,3.1933,5.9743
2026-06-15 16:35:35.231,Kathy,right,40.817,2449,,,,,,,-1.4221,0.2548,2.3073,3.2665,3.2665,6.0259
2026-06-15 16:35:35.262,Kathy,right,40.850,2451,,,,,,,-1.4387,0.2415,2.2916,3.2818,3.2818,5.9978
2026-06-15 16:35:35.292,Kathy,right,40.883,2453,,,,,,,-1.4489,0.2399,2.2890,3.2892,3.2892,6.0035
2026-06-15 16:35:35.323,Kathy,right,40.900,2454,,,,,,,-1.4554,0.2135,2.2842,3.3190,3.3190,6.0661
2026-06-15 16:35:35.353,Kathy,right,40.933,2456,,,,,,,-1.4371,0.1991,2.2900,3.2699,3.2699,6.0929
2026-06-15 16:35:35.384,Kathy,right,40.967,2458,,,,,,,-1.4399,0.1799,2.3006,3.2402,3.2402,6.0218
2026-06-15 16:35:35.414,Kathy,right,41.000,2460,,,,,,,-1.4795,0.1567,2.2959,3.2999,3.2999,6.0893
2026-06-15 16:35:35.445,Kathy,right,41.033,2462,,,,,,,-1.4800,0.1627,2.2995,3.2960,3.2960,6.1281
2026-06-15 16:35:35.475,Kathy,right,41.050,2463,,,,,,,-1.4770,0.1412,2.3124,3.3290,3.3290,6.1548
2026-06-15 16:35:35.506,Kathy,right,41.083,2465,,,,,,,-1.4909,0.1079,2.3264,3.3613,3.3613,6.2750
2026-06-15 16:35:35.536,Kathy,right,41.117,2467,,,,,,,-1.5150,0.0472,2.3395,3.3826,3.3826,6.4536
2026-06-15 16:35:35.567,Kathy,right,41.150,2469,,,,,,,-1.5222,0.0220,2.3441,3.3863,3.3863,6.5084
2026-06-15 16:35:35.598,Kathy,right,41.183,2471,,,,,,,-1.5388,-0.0370,2.3554,3.4084,3.4084,6.6365
2026-06-15 16:35:35.631,Kathy,right,41.217,2473,,,,,,,-1.5532,-0.0607,2.3653,3.4268,3.4268,6.7424
2026-06-15 16:35:35.662,Kathy,right,41.250,2475,,,,,,,-1.5497,-0.0673,2.3772,3.4420,3.4420,6.6820
2026-06-15 16:35:35.692,Kathy,right,41.283,2477,,,,,,,-1.5643,-0.0974,2.3761,3.4639,3.4639,6.6061
2026-06-15 16:35:35.723,Kathy,right,41.300,2478,,,,,,,-1.5605,-0.1756,2.3686,3.4599,3.4599,6.7042
2026-06-15 16:35:35.754,Kathy,right,41.333,2480,,,,,,,-1.5756,-0.2018,2.3708,3.4588,3.4588,6.7165
2026-06-15 16:35:35.784,Kathy,right,41.367,2482,,,,,,,-1.5935,-0.2473,2.3782,3.4328,3.4328,6.7436
2026-06-15 16:35:35.815,Kathy,right,41.400,2484,,,,,,,-1.6110,-0.2746,2.3801,3.4648,3.4648,6.7776
2026-06-15 16:35:35.845,Kathy,right,41.433,2486,,,,,,,-1.6018,-0.3062,2.3870,3.3989,3.3989,6.6232
2026-06-15 16:35:35.876,Kathy,right,41.467,2488,,,,,,,-1.6003,-0.3449,2.3873,3.4445,3.4445,6.6014
2026-06-15 16:35:35.906,Kathy,right,41.483,2489,,,,,,,-1.6088,-0.3671,2.3800,3.4609,3.4609,6.5009
2026-06-15 16:35:35.937,Kathy,right,41.517,2491,,,,,,,-1.6060,-0.3915,2.3681,3.4697,3.4697,6.4113
2026-06-15 16:35:35.968,Kathy,right,41.550,2493,,,,,,,-1.5905,-0.4263,2.3660,3.4670,3.4670,6.4099
2026-06-15 16:35:35.998,Kathy,right,41.583,2495,,,,,,,-1.5716,-0.4445,2.3755,3.4368,3.4368,6.4394
2026-06-15 16:35:36.029,Kathy,right,41.617,2497,,,,,,,-1.5381,-0.4797,2.3838,3.4067,3.4067,6.2992
2026-06-15 16:35:36.060,Kathy,right,41.650,2499,,,,,,,-1.5121,-0.4895,2.3805,3.3716,3.3716,6.2223
2026-06-15 16:35:36.091,Kathy,right,41.667,2500,,,,,,,-1.5090,-0.5118,2.3512,3.3896,3.3896,6.1641
2026-06-15 16:35:36.121,Kathy,right,41.700,2502,,,,,,,-1.4984,-0.5596,2.3093,3.3881,3.3881,6.1297
2026-06-15 16:35:36.152,Kathy,right,41.733,2504,,,,,,,-1.4996,-0.5817,2.2895,3.3910,3.3910,6.1179
2026-06-15 16:35:36.182,Kathy,right,41.767,2506,,,,,,,-1.4856,-0.6247,2.2757,3.3810,3.3810,6.2628
2026-06-15 16:35:36.213,Kathy,right,41.800,2508,,,,,,,-1.4554,-0.6586,2.2982,3.3594,3.3594,6.3092
2026-06-15 16:35:36.244,Kathy,right,41.833,2510,,,,,,,-1.4370,-0.6855,2.3121,3.3917,3.3917,6.3667
2026-06-15 16:35:36.275,Kathy,right,41.850,2511,,,,,,,-1.3963,-0.6959,2.3125,3.3777,3.3777,6.4733
2026-06-15 16:35:36.305,Kathy,right,41.883,2513,,,,,,,-1.3659,-0.6893,2.3128,3.3071,3.3071,6.5055
2026-06-15 16:35:36.336,Kathy,right,41.917,2515,,,,,,,-1.3379,-0.7070,2.3190,3.2997,3.2997,6.5686
2026-06-15 16:35:36.366,Kathy,right,41.950,2517,,,,,,,-1.3000,-0.7329,2.3263,3.3114,3.3114,6.5740
2026-06-15 16:35:36.396,Kathy,right,41.983,2519,,,,,,,-1.2781,-0.7592,2.3259,3.4136,3.4136,6.6809
2026-06-15 16:35:36.427,Kathy,right,42.017,2521,,,,,,,-1.2718,-0.7786,2.3026,3.4959,3.4959,6.6943
2026-06-15 16:35:36.458,Kathy,right,42.033,2522,,,,,,,-1.2610,-0.7985,2.2857,3.5140,3.5140,6.7256
2026-06-15 16:35:36.488,Kathy,right,42.067,2524,,,,,,,-1.2526,-0.8108,2.2777,3.5201,3.5201,6.7690
2026-06-15 16:35:36.519,Kathy,right,42.100,2526,,,,,,,-1.2324,-0.8276,2.2860,3.5032,3.5032,6.8172
2026-06-15 16:35:36.549,Kathy,right,42.133,2528,,,,,,,-1.1961,-0.8698,2.2780,3.4930,3.4930,6.8172
2026-06-15 16:35:36.580,Kathy,right,42.167,2530,,,,,,,-1.1354,-0.8867,2.2682,3.4349,3.4349,6.8266
2026-06-15 16:35:36.610,Kathy,right,42.200,2532,,,,,,,-1.1004,-0.8906,2.2480,3.4135,3.4135,6.7530
2026-06-15 16:35:36.641,Kathy,right,42.217,2533,,,,,,,-1.0714,-0.9011,2.2070,3.4306,3.4306,6.6708
2026-06-15 16:35:36.672,Kathy,right,42.250,2535,,,,,,,-1.0218,-0.9026,2.2045,3.3521,3.3521,6.6712
2026-06-15 16:35:36.702,Kathy,right,42.283,2537,,,,,,,-1.0283,-0.9098,2.1989,3.4192,3.4192,6.7461
2026-06-15 16:35:36.733,Kathy,right,42.317,2539,,,,,,,-0.9942,-0.9158,2.1934,3.4540,3.4540,6.8241
2026-06-15 16:35:36.764,Kathy,right,42.350,2541,,,,,,,-0.9639,-0.9213,2.1988,3.4776,3.4776,6.8914
2026-06-15 16:35:36.795,Kathy,right,42.383,2543,,,,,,,-0.9468,-0.9232,2.2028,3.4688,3.4688,6.9071
2026-06-15 16:35:36.825,Kathy,right,42.400,2544,,,,,,,-0.9261,-0.9435,2.2010,3.4961,3.4961,7.0076
2026-06-15 16:35:36.855,Kathy,right,42.433,2546,,,,,,,-0.8931,-0.9406,2.1891,3.5228,3.5228,7.0719
2026-06-15 16:35:36.886,Kathy,right,42.467,2548,,,,,,,-0.8542,-0.9405,2.1721,3.4865,3.4865,7.0077
2026-06-15 16:35:36.917,Kathy,right,42.500,2550,,,,,,,-0.8066,-0.9446,2.1394,3.4561,3.4561,6.9406
2026-06-15 16:35:36.947,Kathy,right,42.533,2552,,,,,,,-0.7817,-0.9348,2.1249,3.4370,3.4370,6.9138
2026-06-15 16:35:36.978,Kathy,right,42.567,2554,,,,,,,-0.7518,-0.9172,2.1084,3.4225,3.4225,6.8803
2026-06-15 16:35:37.009,Kathy,right,42.583,2555,,,,,,,-0.6928,-0.9097,2.0960,3.3959,3.3959,6.8674
2026-06-15 16:35:37.039,Kathy,right,42.617,2557,,,,,,,-0.6363,-0.8922,2.0960,3.3308,3.3308,6.7838
2026-06-15 16:35:37.070,Kathy,right,42.650,2559,,,,,,,-0.6042,-0.8787,2.1039,3.2838,3.2838,6.7695
2026-06-15 16:35:37.100,Kathy,right,42.683,2561,,,,,,,-0.5459,-0.8806,2.1141,3.2295,3.2295,6.7215
2026-06-15 16:35:37.131,Kathy,right,42.717,2563,,,,,,,-0.5246,-0.8770,2.1048,3.2387,3.2387,6.7041
2026-06-15 16:35:37.161,Kathy,right,42.750,2565,,,,,,,-0.4965,-0.8708,2.0865,3.2869,3.2869,6.6914
2026-06-15 16:35:37.192,Kathy,right,42.767,2566,,,,,,,-0.4676,-0.8745,2.0766,3.2793,3.2793,6.6679
2026-06-15 16:35:37.223,Kathy,right,42.800,2568,,,,,,,-0.4567,-0.8616,2.0746,3.2990,3.2990,6.6974
2026-06-15 16:35:37.253,Kathy,right,42.833,2570,,,,,,,-0.4403,-0.8445,2.0761,3.3044,3.3044,6.7283
2026-06-15 16:35:37.284,Kathy,right,42.867,2572,,,,,,,-0.3861,-0.8196,2.0599,3.2849,3.2849,6.6876
2026-06-15 16:35:37.315,Kathy,right,42.900,2574,,,,,,,-0.3596,-0.7935,2.0428,3.2683,3.2683,6.6630
2026-06-15 16:35:37.345,Kathy,right,42.933,2576,,,,,,,-0.3481,-0.7716,2.0384,3.2658,3.2658,6.6466
2026-06-15 16:35:37.376,Kathy,right,42.967,2578,,,,,,,-0.3340,-0.7606,2.0380,3.2817,3.2817,6.6616
2026-06-15 16:35:37.406,Kathy,right,42.983,2579,,,,,,,-0.3024,-0.7433,2.0445,3.2890,3.2890,6.7277
2026-06-15 16:35:37.437,Kathy,right,43.017,2581,,,,,,,-0.3132,-0.7466,2.0582,3.3354,3.3354,6.9411
2026-06-15 16:35:37.468,Kathy,right,43.050,2583,,,,,,,-0.2978,-0.7162,2.0858,3.3611,3.3611,7.2295
2026-06-15 16:35:37.499,Kathy,right,43.083,2585,,,,,,,-0.2527,-0.7079,2.0730,3.3036,3.3036,6.9777
2026-06-15 16:35:37.530,Kathy,right,43.117,2587,,,,,,,-0.2117,-0.6856,2.0400,3.2528,3.2528,6.8123
2026-06-15 16:35:37.560,Kathy,right,43.150,2589,,,,,,,-0.1807,-0.6590,2.0390,3.2581,3.2581,6.7606
2026-06-15 16:35:37.591,Kathy,right,43.167,2590,,,,,,,-0.1550,-0.6488,2.0314,3.2649,3.2649,6.7111
2026-06-15 16:35:37.621,Kathy,right,43.200,2592,,,,,,,-0.1368,-0.6473,2.0243,3.2633,3.2633,6.7129
2026-06-15 16:35:37.652,Kathy,right,43.233,2594,,,,,,,-0.1079,-0.6405,2.0115,3.2713,3.2713,6.7897
2026-06-15 16:35:37.683,Kathy,right,43.267,2596,,,,,,,-0.1062,-0.6359,2.0163,3.2869,3.2869,6.8993
2026-06-15 16:35:37.714,Kathy,right,43.300,2598,,,,,,,-0.0911,-0.6301,2.0240,3.3162,3.3162,6.9779
2026-06-15 16:35:37.744,Kathy,right,43.333,2600,,,,,,,-0.0665,-0.6090,2.0379,3.3002,3.3002,6.9465
2026-06-15 16:35:37.775,Kathy,right,43.350,2601,,,,,,,-0.0546,-0.5978,2.0506,3.3072,3.3072,6.9307
2026-06-15 16:35:37.806,Kathy,right,43.383,2603,,,,,,,-0.0177,-0.5698,2.0786,3.3403,3.3403,6.9873
2026-06-15 16:35:37.836,Kathy,right,43.417,2605,,,,,,,0.0399,-0.5426,2.0741,3.2947,3.2947,6.8385
2026-06-15 16:35:37.867,Kathy,right,43.450,2607,,,,,,,0.0394,-0.5240,2.0728,3.2930,3.2930,6.9284
2026-06-15 16:35:37.897,Kathy,right,43.483,2609,,,,,,,0.0368,-0.5114,2.0752,3.2870,3.2870,7.0056
2026-06-15 16:35:37.928,Kathy,right,43.517,2611,,,,,,,0.0300,-0.4994,2.0903,3.3151,3.3151,7.1286
2026-06-15 16:35:37.959,Kathy,right,43.533,2612,,,,,,,0.0278,-0.4727,2.0990,3.3241,3.3241,7.2207
2026-06-15 16:35:37.989,Kathy,right,43.567,2614,,,,,,,0.0451,-0.4322,2.1155,3.3401,3.3401,7.2457
2026-06-15 16:35:38.020,Kathy,right,43.600,2616,,,,,,,0.0574,-0.4113,2.1345,3.3563,3.3563,7.2803
2026-06-15 16:35:38.050,Kathy,right,43.633,2618,,,,,,,0.0685,-0.4069,2.1472,3.3699,3.3699,7.2701
2026-06-15 16:35:38.081,Kathy,right,43.667,2620,,,,,,,0.0721,-0.3812,2.1801,3.3857,3.3857,7.2801
2026-06-15 16:35:38.111,Kathy,right,43.700,2622,,,,,,,0.0717,-0.3645,2.2001,3.3675,3.3675,7.2596
2026-06-15 16:35:38.142,Kathy,right,43.717,2623,,,,,,,0.0744,-0.3497,2.2057,3.3566,3.3566,7.2518
2026-06-15 16:35:38.173,Kathy,right,43.750,2625,,,,,,,0.0950,-0.3028,2.1835,3.3342,3.3342,7.2080
2026-06-15 16:35:38.203,Kathy,right,43.783,2627,,,,,,,0.1102,-0.2696,2.1681,3.3148,3.3148,7.0734
2026-06-15 16:35:38.234,Kathy,right,43.817,2629,,,,,,,0.0899,-0.2445,2.1642,3.3720,3.3720,7.2859
2026-06-15 16:35:38.264,Kathy,right,43.850,2631,,,,,,,0.1307,-0.2054,2.1484,3.3460,3.3460,7.1442
2026-06-15 16:35:38.295,Kathy,right,43.883,2633,,,,,,,0.1625,-0.1965,2.1402,3.3130,3.3130,7.0927
2026-06-15 16:35:38.326,Kathy,right,43.900,2634,,,,,,,0.2011,-0.1737,2.1298,3.2728,3.2728,6.9272
2026-06-15 16:35:38.357,Kathy,right,43.933,2636,,,,,,,0.2136,-0.1494,2.1236,3.2568,3.2568,6.8737
2026-06-15 16:35:38.387,Kathy,right,43.967,2638,,,,,,,0.1798,-0.1405,2.1303,3.2420,3.2420,6.9966
2026-06-15 16:35:38.417,Kathy,right,44.000,2640,,,,,,,0.1701,-0.0492,2.1337,3.2258,3.2258,7.0050
2026-06-15 16:35:38.448,Kathy,right,44.033,2642,,,,,,,0.1534,-0.0126,2.1357,3.2168,3.2168,7.0346
2026-06-15 16:35:38.478,Kathy,right,44.067,2644,,,,,,,0.1346,0.0624,2.1358,3.1915,3.1915,6.9675
2026-06-15 16:35:38.509,Kathy,right,44.100,2646,,,,,,,0.1243,0.0781,2.1549,3.2426,3.2426,7.0087
2026-06-15 16:35:38.540,Kathy,right,44.117,2647,,,,,,,0.1192,0.0996,2.1659,3.2121,3.2121,7.0156
2026-06-15 16:35:38.570,Kathy,right,44.150,2649,,,,,,,0.1035,0.1104,2.1779,3.2090,3.2090,6.9816
2026-06-15 16:35:38.601,Kathy,right,44.183,2651,,,,,,,0.1262,0.1340,2.1656,3.1916,3.1916,6.8325
2026-06-15 16:35:38.631,Kathy,right,44.217,2653,,,,,,,0.1218,0.1346,2.1535,3.1794,3.1794,6.8053
2026-06-15 16:35:38.664,Kathy,right,44.250,2655,,,,,,,0.1188,0.1481,2.1314,3.1641,3.1641,6.7703
2026-06-15 16:35:38.695,Kathy,right,44.283,2657,,,,,,,0.1113,0.1820,2.1262,3.1542,3.1542,6.8869
2026-06-15 16:35:38.726,Kathy,right,44.300,2658,,,,,,,0.0903,0.2065,2.1328,3.1964,3.1964,6.9392
2026-06-15 16:35:38.757,Kathy,right,44.333,2660,,,,,,,0.0688,0.2134,2.1394,3.2136,3.2136,6.9079
2026-06-15 16:35:38.787,Kathy,right,44.367,2662,,,,,,,0.0580,0.2179,2.1390,3.2099,3.2099,6.8936
2026-06-15 16:35:38.818,Kathy,right,44.400,2664,,,,,,,0.0273,0.2379,2.1292,3.1962,3.1962,6.7255
2026-06-15 16:35:38.849,Kathy,right,44.433,2666,,,,,,,-0.0150,0.2465,2.1196,3.1823,3.1823,6.5427
2026-06-15 16:35:38.879,Kathy,right,44.467,2668,,,,,,,-0.0655,0.2626,2.1184,3.1891,3.1891,6.4605
2026-06-15 16:35:38.910,Kathy,right,44.500,2670,,,,,,,-0.0761,0.2582,2.1114,3.2033,3.2033,6.5293
2026-06-15 16:35:38.941,Kathy,right,44.517,2671,,,,,,,-0.0930,0.2628,2.0904,3.2195,3.2195,6.4911
2026-06-15 16:35:38.971,Kathy,right,44.550,2673,,,,,,,-0.1243,0.2749,2.0835,3.1894,3.1894,6.3273
2026-06-15 16:35:39.002,Kathy,right,44.583,2675,,,,,,,-0.1423,0.2806,2.0851,3.1949,3.1949,6.3466
2026-06-15 16:35:39.032,Kathy,right,44.617,2677,,,,,,,-0.1429,0.3221,2.0914,3.1465,3.1465,6.1985
2026-06-15 16:35:39.063,Kathy,right,44.650,2679,,,,,,,-0.1489,0.3523,2.1051,3.1037,3.1037,6.2255
2026-06-15 16:35:39.094,Kathy,right,44.683,2681,,,,,,,-0.1704,0.3593,2.1396,3.1066,3.1066,6.3109
2026-06-15 16:35:39.124,Kathy,right,44.700,2682,,,,,,,-0.1930,0.3657,2.1593,3.1192,3.1192,6.2357
2026-06-15 16:35:39.155,Kathy,right,44.733,2684,,,,,,,-0.2061,0.3745,2.1593,3.1458,3.1458,6.2360
2026-06-15 16:35:39.185,Kathy,right,44.767,2686,,,,,,,-0.2242,0.3914,2.1547,3.1520,3.1520,6.2214
2026-06-15 16:35:39.216,Kathy,right,44.800,2688,,,,,,,-0.2595,0.4108,2.1568,3.1551,3.1551,6.2794
2026-06-15 16:35:39.247,Kathy,right,44.833,2690,,,,,,,-0.2850,0.4035,2.1669,3.1615,3.1615,6.3255
2026-06-15 16:35:39.277,Kathy,right,44.867,2692,,,,,,,-0.3322,0.4060,2.1849,3.1975,3.1975,6.4195
2026-06-15 16:35:39.308,Kathy,right,44.883,2693,,,,,,,-0.3702,0.4262,2.1886,3.2151,3.2151,6.4830
2026-06-15 16:35:39.338,Kathy,right,44.917,2695,,,,,,,-0.4602,0.4200,2.2068,3.2172,3.2172,6.3516
2026-06-15 16:35:39.369,Kathy,right,44.950,2697,,,,,,,-0.5060,0.4341,2.2049,3.2048,3.2048,6.2264
2026-06-15 16:35:39.400,Kathy,right,44.983,2699,,,,,,,-0.5587,0.4392,2.2048,3.2315,3.2315,6.1951
2026-06-15 16:35:39.431,Kathy,right,45.017,2701,,,,,,,-0.6126,0.4307,2.2142,3.2888,3.2888,6.3532
2026-06-15 16:35:39.462,Kathy,right,45.050,2703,,,,,,,-0.6525,0.4272,2.2361,3.2773,3.2773,6.4500
2026-06-15 16:35:39.492,Kathy,right,45.067,2704,,,,,,,-0.6718,0.4377,2.2468,3.2544,3.2544,6.4181
2026-06-15 16:35:39.523,Kathy,right,45.100,2706,,,,,,,-0.7069,0.4462,2.2558,3.2434,3.2434,6.3680
2026-06-15 16:35:39.553,Kathy,right,45.133,2708,,,,,,,-0.7317,0.4507,2.2531,3.2638,3.2638,6.3939
2026-06-15 16:35:39.584,Kathy,right,45.167,2710,,,,,,,-0.7528,0.4511,2.2481,3.2564,3.2564,6.3815
2026-06-15 16:35:39.615,Kathy,right,45.200,2712,,,,,,,-0.7635,0.4493,2.2463,3.2531,3.2531,6.3897
2026-06-15 16:35:39.645,Kathy,right,45.233,2714,,,,,,,-0.8190,0.4626,2.2450,3.2948,3.2948,6.4159
2026-06-15 16:35:39.678,Kathy,right,45.267,2716,,,,,,,-0.8443,0.4762,2.2590,3.3053,3.3053,6.3145
2026-06-15 16:35:39.709,Kathy,right,45.283,2717,,,,,,,-0.8793,0.4784,2.2679,3.3042,3.3042,6.2780
2026-06-15 16:35:39.739,Kathy,right,45.317,2719,,,,,,,-0.8885,0.4796,2.2702,3.3041,3.3041,6.2584
2026-06-15 16:35:39.770,Kathy,right,45.350,2721,,,,,,,-0.9053,0.4554,2.2640,3.3076,3.3076,6.3463
2026-06-15 16:35:39.801,Kathy,right,45.383,2723,,,,,,,-0.9263,0.4439,2.2554,3.2817,3.2817,6.3782
2026-06-15 16:35:39.831,Kathy,right,45.417,2725,,,,,,,-0.9504,0.4573,2.2461,3.2526,3.2526,6.2944
2026-06-15 16:35:39.861,Kathy,right,45.450,2727,,,,,,,-0.9924,0.4103,2.2528,3.3361,3.3361,6.6305
2026-06-15 16:35:39.892,Kathy,right,45.467,2728,,,,,,,-0.9994,0.4040,2.2539,3.3566,3.3566,6.6357
2026-06-15 16:35:39.923,Kathy,right,45.500,2730,,,,,,,-1.0282,0.3802,2.2574,3.3783,3.3783,6.6362
2026-06-15 16:35:39.953,Kathy,right,45.533,2732,,,,,,,-1.0737,0.3614,2.2632,3.3881,3.3881,6.5874
2026-06-15 16:35:39.984,Kathy,right,45.567,2734,,,,,,,-1.1046,0.3437,2.2804,3.4118,3.4118,6.5335
2026-06-15 16:35:40.015,Kathy,right,45.600,2736,,,,,,,-1.1101,0.3386,2.2872,3.4101,3.4101,6.4860
2026-06-15 16:35:40.045,Kathy,right,45.633,2738,,,,,,,-1.1415,0.3261,2.3007,3.4476,3.4476,6.5108
2026-06-15 16:35:40.076,Kathy,right,45.667,2740,,,,,,,-1.1724,0.3070,2.2946,3.3999,3.3999,6.4035
2026-06-15 16:35:40.106,Kathy,right,45.683,2741,,,,,,,-1.2753,0.2763,2.3050,3.3780,3.3780,6.2554
2026-06-15 16:35:40.137,Kathy,right,45.717,2743,,,,,,,-1.3239,0.2585,2.3174,3.3788,3.3788,6.2896
2026-06-15 16:35:40.167,Kathy,right,45.750,2745,,,,,,,-1.3778,0.2316,2.3365,3.3669,3.3669,6.2525
2026-06-15 16:35:40.198,Kathy,right,45.783,2747,,,,,,,-1.4050,0.2429,2.3684,3.3744,3.3744,6.2499
2026-06-15 16:35:40.229,Kathy,right,45.817,2749,,,,,,,-1.4424,0.2309,2.3866,3.4061,3.4061,6.1976
2026-06-15 16:35:40.260,Kathy,right,45.850,2751,,,,,,,-1.4520,0.2323,2.3956,3.3628,3.3628,6.2394
2026-06-15 16:35:40.290,Kathy,right,45.867,2752,,,,,,,-1.4822,0.1979,2.4042,3.3318,3.3318,6.3336
2026-06-15 16:35:40.321,Kathy,right,45.900,2754,,,,,,,-1.4836,0.1990,2.3953,3.3372,3.3372,6.4083
2026-06-15 16:35:40.351,Kathy,right,45.933,2756,,,,,,,-1.4683,0.2137,2.3746,3.3479,3.3479,6.4324
2026-06-15 16:35:40.381,Kathy,right,45.967,2758,,,,,,,-1.4726,0.1989,2.3693,3.3279,3.3279,6.3793
2026-06-15 16:35:40.412,Kathy,right,46.000,2760,,,,,,,-1.4844,0.1746,2.3630,3.3437,3.3437,6.3453
2026-06-15 16:35:40.443,Kathy,right,46.033,2762,,,,,,,-1.4986,0.1398,2.3444,3.3646,3.3646,6.3398
2026-06-15 16:35:40.474,Kathy,right,46.050,2763,,,,,,,-1.5031,0.1229,2.3348,3.3527,3.3527,6.2634
2026-06-15 16:35:40.504,Kathy,right,46.083,2765,,,,,,,-1.5106,0.1099,2.3343,3.3402,3.3402,6.2389
2026-06-15 16:35:40.535,Kathy,right,46.117,2767,,,,,,,-1.5160,0.0772,2.3443,3.3061,3.3061,6.1752
2026-06-15 16:35:40.566,Kathy,right,46.150,2769,,,,,,,-1.5254,0.0598,2.3494,3.2959,3.2959,6.1462
2026-06-15 16:35:40.596,Kathy,right,46.183,2771,,,,,,,-1.5512,0.0175,2.3503,3.2957,3.2957,6.1040
2026-06-15 16:35:40.626,Kathy,right,46.217,2773,,,,,,,-1.5640,-0.0548,2.3582,3.2783,3.2783,5.9763
2026-06-15 16:35:40.656,Kathy,right,46.233,2774,,,,,,,-1.5775,-0.0831,2.3586,3.2759,3.2759,5.8784
2026-06-15 16:35:40.691,Kathy,right,46.267,2776,,,,,,,-1.6001,-0.1104,2.3615,3.2575,3.2575,5.7995
2026-06-15 16:35:40.721,Kathy,right,46.300,2778,,,,,,,-1.6386,-0.1458,2.3551,3.2925,3.2925,5.9423
2026-06-15 16:35:40.752,Kathy,right,46.333,2780,,,,,,,-1.6915,-0.1947,2.3322,3.3667,3.3667,6.0114
2026-06-15 16:35:40.783,Kathy,right,46.367,2782,,,,,,,-1.7105,-0.2291,2.3193,3.3974,3.3974,6.0343
2026-06-15 16:35:40.813,Kathy,right,46.400,2784,,,,,,,-1.7038,-0.2418,2.3161,3.4090,3.4090,6.0690
2026-06-15 16:35:40.844,Kathy,right,46.417,2785,,,,,,,-1.6860,-0.2568,2.3142,3.3543,3.3543,6.1062
2026-06-15 16:35:40.875,Kathy,right,46.450,2787,,,,,,,-1.6828,-0.2607,2.3147,3.3361,3.3361,6.1332
2026-06-15 16:35:40.905,Kathy,right,46.483,2789,,,,,,,-1.6814,-0.2834,2.3102,3.3688,3.3688,6.1238
2026-06-15 16:35:40.936,Kathy,right,46.517,2791,,,,,,,-1.6710,-0.3170,2.3179,3.3625,3.3625,6.0650
2026-06-15 16:35:40.966,Kathy,right,46.550,2793,,,,,,,-1.6657,-0.3351,2.3266,3.3667,3.3667,6.0641
2026-06-15 16:35:40.997,Kathy,right,46.583,2795,,,,,,,-1.6564,-0.3574,2.3263,3.3939,3.3939,6.0543
2026-06-15 16:35:41.028,Kathy,right,46.617,2797,,,,,,,-1.6289,-0.4096,2.3291,3.4124,3.4124,6.2757
2026-06-15 16:35:41.058,Kathy,right,46.633,2798,,,,,,,-1.6165,-0.4275,2.3362,3.4155,3.4155,6.3644
2026-06-15 16:35:41.089,Kathy,right,46.667,2800,,,,,,,-1.6057,-0.4516,2.3453,3.4335,3.4335,6.4608
2026-06-15 16:35:41.120,Kathy,right,46.700,2802,,,,,,,-1.5564,-0.4737,2.3492,3.3928,3.3928,6.4242
2026-06-15 16:35:41.150,Kathy,right,46.733,2804,,,,,,,-1.5296,-0.5013,2.3302,3.4207,3.4207,6.4351
2026-06-15 16:35:41.180,Kathy,right,46.767,2806,,,,,,,-1.5087,-0.5380,2.3110,3.4227,3.4227,6.4043
2026-06-15 16:35:41.211,Kathy,right,46.800,2808,,,,,,,-1.4998,-0.5529,2.3003,3.4353,3.4353,6.3849
2026-06-15 16:35:41.242,Kathy,right,46.817,2809,,,,,,,-1.4411,-0.5949,2.2613,3.3425,3.3425,6.1888
2026-06-15 16:35:41.272,Kathy,right,46.850,2811,,,,,,,-1.3894,-0.6394,2.2324,3.2557,3.2557,6.2095
2026-06-15 16:35:41.303,Kathy,right,46.883,2813,,,,,,,-1.3919,-0.6549,2.2342,3.2971,3.2971,6.3102
2026-06-15 16:35:41.334,Kathy,right,46.917,2815,,,,,,,-1.3772,-0.6801,2.2463,3.3753,3.3753,6.4143
2026-06-15 16:35:41.364,Kathy,right,46.950,2817,,,,,,,-1.3834,-0.7021,2.2268,3.4617,3.4617,6.3930
2026-06-15 16:35:41.395,Kathy,right,46.983,2819,,,,,,,-1.3787,-0.7106,2.2085,3.4658,3.4658,6.3331
2026-06-15 16:35:41.426,Kathy,right,47.000,2820,,,,,,,-1.3978,-0.7449,2.1779,3.4547,3.4547,6.2564
2026-06-15 16:35:41.456,Kathy,right,47.033,2822,,,,,,,-1.3678,-0.7654,2.1533,3.4030,3.4030,6.1916
2026-06-15 16:35:41.487,Kathy,right,47.067,2824,,,,,,,-1.3481,-0.8003,2.1277,3.3846,3.3846,6.0299
2026-06-15 16:35:41.517,Kathy,right,47.100,2826,,,,,,,-1.3356,-0.8115,2.1197,3.3905,3.3905,6.0042
2026-06-15 16:35:41.548,Kathy,right,47.133,2828,,,,,,,-1.2961,-0.8555,2.1363,3.4421,3.4421,6.3051
2026-06-15 16:35:41.579,Kathy,right,47.167,2830,,,,,,,-1.2602,-0.8738,2.1929,3.4080,3.4080,6.5825
2026-06-15 16:35:41.610,Kathy,right,47.200,2832,,,,,,,-1.2160,-0.8845,2.2479,3.3588,3.3588,6.6340
2026-06-15 16:35:41.641,Kathy,right,47.217,2833,,,,,,,-1.1607,-0.9062,2.2655,3.2926,3.2926,6.4888
2026-06-15 16:35:41.671,Kathy,right,47.250,2835,,,,,,,-1.1571,-0.9136,2.2602,3.3519,3.3519,6.5292
2026-06-15 16:35:41.702,Kathy,right,47.283,2837,,,,,,,-1.1201,-0.9136,2.2264,3.3600,3.3600,6.4320
2026-06-15 16:35:41.732,Kathy,right,47.317,2839,,,,,,,-1.0796,-0.9239,2.2118,3.3836,3.3836,6.5171
2026-06-15 16:35:41.763,Kathy,right,47.350,2841,,,,,,,-1.0009,-0.9210,2.1995,3.2975,3.2975,6.4912
2026-06-15 16:35:41.794,Kathy,right,47.383,2843,,,,,,,-0.9847,-0.9237,2.2002,3.3289,3.3289,6.6413
2026-06-15 16:35:41.825,Kathy,right,47.400,2844,,,,,,,-0.9313,-0.9293,2.1905,3.3805,3.3805,6.6436
2026-06-15 16:35:41.855,Kathy,right,47.433,2846,,,,,,,-0.9110,-0.9367,2.1775,3.4522,3.4522,6.6995
2026-06-15 16:35:41.886,Kathy,right,47.467,2848,,,,,,,-0.8642,-0.9478,2.1541,3.4353,3.4353,6.7183
2026-06-15 16:35:41.916,Kathy,right,47.500,2850,,,,,,,-0.8390,-0.9430,2.1498,3.4440,3.4440,6.8250
2026-06-15 16:35:41.947,Kathy,right,47.533,2852,,,,,,,-0.7769,-0.9457,2.1499,3.4230,3.4230,6.9616
2026-06-15 16:35:41.977,Kathy,right,47.567,2854,,,,,,,-0.7486,-0.9581,2.1612,3.4916,3.4916,7.0946
2026-06-15 16:35:42.008,Kathy,right,47.583,2855,,,,,,,-0.6736,-0.9685,2.1507,3.3985,3.3985,6.9485
2026-06-15 16:35:42.038,Kathy,right,47.617,2857,,,,,,,-0.6499,-0.9706,2.1391,3.3815,3.3815,6.9346
2026-06-15 16:35:42.069,Kathy,right,47.650,2859,,,,,,,-0.6188,-0.9817,2.1175,3.3902,3.3902,6.9933
2026-06-15 16:35:42.099,Kathy,right,47.683,2861,,,,,,,-0.5577,-0.9851,2.0830,3.3477,3.3477,6.8517
2026-06-15 16:35:42.130,Kathy,right,47.717,2863,,,,,,,-0.5598,-0.9939,2.0765,3.3684,3.3684,6.9865
2026-06-15 16:35:42.160,Kathy,right,47.750,2865,,,,,,,-0.5336,-0.9974,2.0680,3.3343,3.3343,6.9289
2026-06-15 16:35:42.191,Kathy,right,47.767,2866,,,,,,,-0.5234,-0.9892,2.0741,3.4130,3.4130,6.9471
2026-06-15 16:35:42.221,Kathy,right,47.800,2868,,,,,,,-0.5003,-0.9850,2.0882,3.4682,3.4682,7.0122
2026-06-15 16:35:42.252,Kathy,right,47.833,2870,,,,,,,-0.4414,-0.9902,2.1060,3.4447,3.4447,7.0025
2026-06-15 16:35:42.283,Kathy,right,47.867,2872,,,,,,,-0.4396,-0.9970,2.1223,3.4725,3.4725,7.1123
2026-06-15 16:35:42.313,Kathy,right,47.900,2874,,,,,,,-0.3980,-0.9822,2.1604,3.4503,3.4503,7.0368
2026-06-15 16:35:42.343,Kathy,right,47.933,2876,,,,,,,-0.3262,-0.9646,2.1635,3.3891,3.3891,6.8557
2026-06-15 16:35:42.374,Kathy,right,47.950,2877,,,,,,,-0.2828,-0.9377,2.1389,3.3301,3.3301,6.9238
2026-06-15 16:35:42.404,Kathy,right,47.983,2879,,,,,,,-0.2828,-0.9377,2.1389,3.3301,3.3301,6.9238
2026-06-15 16:35:42.435,Kathy,right,48.017,2881,,,,,,,-0.2282,-0.9152,2.1141,3.2994,3.2994,6.9051
2026-06-15 16:35:42.466,Kathy,right,48.050,2883,,,,,,,-0.2181,-0.9085,2.1139,3.2958,3.2958,6.9051
2026-06-15 16:35:42.496,Kathy,right,48.083,2885,,,,,,,-0.1732,-0.8736,2.1069,3.2884,3.2884,6.9112
2026-06-15 16:35:42.527,Kathy,right,48.117,2887,,,,,,,-0.1462,-0.8561,2.1040,3.3015,3.3015,6.9550
2026-06-15 16:35:42.557,Kathy,right,48.133,2888,,,,,,,-0.1104,-0.8320,2.1018,3.3061,3.3061,6.9427
2026-06-15 16:35:42.588,Kathy,right,48.167,2890,,,,,,,-0.0811,-0.8132,2.0966,3.3207,3.3207,6.9421
2026-06-15 16:35:42.619,Kathy,right,48.200,2892,,,,,,,-0.0936,-0.7909,2.1172,3.3537,3.3537,7.0613
2026-06-15 16:35:42.650,Kathy,right,48.233,2894,,,,,,,-0.1030,-0.7676,2.1360,3.3600,3.3600,7.1485
2026-06-15 16:35:42.680,Kathy,right,48.267,2896,,,,,,,-0.0763,-0.7391,2.1397,3.3879,3.3879,7.2315
2026-06-15 16:35:42.713,Kathy,right,48.300,2898,,,,,,,-0.0561,-0.7169,2.1470,3.3737,3.3737,7.1577
2026-06-15 16:35:42.744,Kathy,right,48.333,2900,,,,,,,0.0593,-0.6814,2.1452,3.2832,3.2832,7.0636
2026-06-15 16:35:42.775,Kathy,right,48.350,2901,,,,,,,0.0844,-0.6688,2.1400,3.2692,3.2692,7.0345
2026-06-15 16:35:42.805,Kathy,right,48.383,2903,,,,,,,0.1107,-0.6399,2.1424,3.2684,3.2684,7.0843
2026-06-15 16:35:42.836,Kathy,right,48.417,2905,,,,,,,0.1225,-0.6322,2.1620,3.2659,3.2659,7.1662
2026-06-15 16:35:42.866,Kathy,right,48.450,2907,,,,,,,0.1222,-0.6216,2.1688,3.2625,3.2625,7.1716
2026-06-15 16:35:42.897,Kathy,right,48.483,2909,,,,,,,0.1344,-0.6087,2.1852,3.2834,3.2834,7.2083
2026-06-15 16:35:42.927,Kathy,right,48.517,2911,,,,,,,0.1369,-0.5941,2.1922,3.3175,3.3175,7.3379
2026-06-15 16:35:42.958,Kathy,right,48.533,2912,,,,,,,0.1538,-0.5737,2.1810,3.3215,3.3215,7.2626
2026-06-15 16:35:42.988,Kathy,right,48.567,2914,,,,,,,0.1843,-0.5498,2.1806,3.2956,3.2956,7.1734
2026-06-15 16:35:43.019,Kathy,right,48.600,2916,,,,,,,0.1696,-0.5387,2.1885,3.3230,3.3230,7.2637
2026-06-15 16:35:43.049,Kathy,right,48.633,2918,,,,,,,0.1644,-0.4985,2.2145,3.3009,3.3009,7.3070
2026-06-15 16:35:43.080,Kathy,right,48.667,2920,,,,,,,0.1805,-0.4730,2.2250,3.2852,3.2852,7.1818
2026-06-15 16:35:43.110,Kathy,right,48.700,2922,,,,,,,0.1812,-0.4584,2.2306,3.2854,3.2854,7.1840
2026-06-15 16:35:43.141,Kathy,right,48.717,2923,,,,,,,0.1949,-0.4381,2.2309,3.2314,3.2314,6.9541
2026-06-15 16:35:43.171,Kathy,right,48.750,2925,,,,,,,0.1940,-0.4183,2.2264,3.1675,3.1675,6.8036
2026-06-15 16:35:43.202,Kathy,right,48.783,2927,,,,,,,0.1870,-0.3547,2.2300,3.1383,3.1383,6.7663
2026-06-15 16:35:43.232,Kathy,right,48.817,2929,,,,,,,-0.1785,0.0267,2.2382,3.0944,3.0944,6.3774
2026-06-15 16:35:43.262,Kathy,right,48.850,2931,,,,,,,-0.3228,0.2805,2.2589,3.0940,3.0940,6.3564
2026-06-15 16:35:43.293,Kathy,right,48.883,2933,,,,,,,-0.3749,0.3889,2.2696,3.0864,3.0864,6.3227
2026-06-15 16:35:43.324,Kathy,right,48.900,2934,,,,,,,-0.3841,0.4081,2.2678,3.0886,3.0886,6.2747
2026-06-15 16:35:43.355,Kathy,right,48.933,2936,,,,,,,-0.3936,0.4051,2.2643,3.1039,3.1039,6.1501
2026-06-15 16:35:43.385,Kathy,right,48.967,2938,,,,,,,-0.3817,0.3669,2.2634,3.1111,3.1111,6.1657
2026-06-15 16:35:43.416,Kathy,right,49.000,2940,,,,,,,-0.3116,0.2770,2.2525,3.0991,3.0991,6.0790
2026-06-15 16:35:43.447,Kathy,right,49.033,2942,,,,,,,-0.3106,0.2212,2.2463,3.0926,3.0926,6.1018
2026-06-15 16:35:43.477,Kathy,right,49.067,2944,,,,,,,-0.2692,0.1572,2.2251,3.0419,3.0419,5.9952
2026-06-15 16:35:43.508,Kathy,right,49.083,2945,,,,,,,-0.2463,0.1008,2.2121,3.0265,3.0265,5.9305
2026-06-15 16:35:43.539,Kathy,right,49.117,2947,,,,,,,-0.2585,0.0520,2.2146,3.0542,3.0542,6.0407
2026-06-15 16:35:43.569,Kathy,right,49.150,2949,,,,,,,-0.2521,-0.0159,2.2119,3.1100,3.1100,6.2320
2026-06-15 16:35:43.600,Kathy,right,49.183,2951,,,,,,,-0.2226,-0.0994,2.2015,3.1387,3.1387,6.3461
2026-06-15 16:35:43.630,Kathy,right,49.217,2953,,,,,,,-0.1658,-0.2157,2.1813,3.1542,3.1542,6.3927
2026-06-15 16:35:43.660,Kathy,right,49.250,2955,,,,,,,-0.1691,-0.3180,2.1934,3.2501,3.2501,6.7150
2026-06-15 16:35:43.691,Kathy,right,49.267,2956,,,,,,,-0.1444,-0.3965,2.2007,3.2752,3.2752,6.7957
2026-06-15 16:35:43.722,Kathy,right,49.300,2958,,,,,,,-0.1444,-0.3965,2.2007,3.2752,3.2752,6.7957
2026-06-15 16:35:43.752,Kathy,right,49.333,2960,,,,,,,-0.0985,-0.4564,2.1942,3.2649,3.2649,6.8309
2026-06-15 16:35:43.783,Kathy,right,49.367,2962,,,,,,,-0.0602,-0.5174,2.1911,3.2646,3.2646,6.7247
2026-06-15 16:35:43.813,Kathy,right,49.400,2964,,,,,,,-0.0116,-0.5924,2.1841,3.2546,3.2546,6.6711
2026-06-15 16:35:43.844,Kathy,right,49.433,2966,,,,,,,0.0129,-0.6631,2.1645,3.2755,3.2755,6.7881
2026-06-15 16:35:43.875,Kathy,right,49.450,2967,,,,,,,0.0295,-0.6967,2.1522,3.2618,3.2618,6.7309
2026-06-15 16:35:43.906,Kathy,right,49.483,2969,,,,,,,0.0520,-0.7534,2.1247,3.2600,3.2600,6.7077
2026-06-15 16:35:43.937,Kathy,right,49.517,2971,,,,,,,0.0704,-0.8035,2.0855,3.1928,3.1928,6.6149
2026-06-15 16:35:43.967,Kathy,right,49.550,2973,,,,,,,0.0609,-0.9006,2.0470,3.1899,3.1899,6.6903
2026-06-15 16:35:43.998,Kathy,right,49.583,2975,,,,,,,0.1005,-0.9719,2.0309,3.1931,3.1931,6.7256
2026-06-15 16:35:44.028,Kathy,right,49.617,2977,,,,,,,0.1029,-0.9950,2.0292,3.2107,3.2107,6.7893
2026-06-15 16:35:44.059,Kathy,right,49.633,2978,,,,,,,0.1417,-1.0221,2.0101,3.1842,3.1842,6.7424
2026-06-15 16:35:44.090,Kathy,right,49.667,2980,,,,,,,0.1467,-1.0458,2.0039,3.2036,3.2036,6.7808
2026-06-15 16:35:44.120,Kathy,right,49.700,2982,,,,,,,0.1389,-1.0981,1.9771,3.1955,3.1955,6.8616
2026-06-15 16:35:44.151,Kathy,right,49.733,2984,,,,,,,0.1380,-1.1207,1.9708,3.2035,3.2035,6.8792
2026-06-15 16:35:44.182,Kathy,right,49.767,2986,,,,,,,0.1449,-1.1566,1.9605,3.2115,3.2115,6.8920
2026-06-15 16:35:44.212,Kathy,right,49.800,2988,,,,,,,0.1599,-1.1787,1.9429,3.1985,3.1985,6.9494
2026-06-15 16:35:44.243,Kathy,right,49.833,2990,,,,,,,0.1646,-1.1824,1.9340,3.2001,3.2001,6.9666
2026-06-15 16:35:44.273,Kathy,right,49.850,2991,,,,,,,0.1715,-1.1869,1.9219,3.2009,3.2009,6.9790
2026-06-15 16:35:44.304,Kathy,right,49.883,2993,,,,,,,0.1721,-1.1713,1.9176,3.2498,3.2498,7.1201
2026-06-15 16:35:44.335,Kathy,right,49.917,2995,,,,,,,0.1753,-1.1510,1.9126,3.2666,3.2666,7.2073
2026-06-15 16:35:44.365,Kathy,right,49.950,2997,,,,,,,0.1761,-1.1389,1.9066,3.2733,3.2733,7.2541
2026-06-15 16:35:44.396,Kathy,right,49.983,2999,,,,,,,0.1684,-1.1279,1.9080,3.2504,3.2504,7.1284
2026-06-15 16:35:44.427,Kathy,right,50.017,3001,,,,,,,0.1341,-1.0736,1.9228,3.2675,3.2675,7.2123
2026-06-15 16:35:44.458,Kathy,right,50.033,3002,,,,,,,0.1442,-1.0347,1.9345,3.2561,3.2561,7.1996
2026-06-15 16:35:44.488,Kathy,right,50.067,3004,,,,,,,0.1428,-0.9853,1.9446,3.2817,3.2817,7.2253
2026-06-15 16:35:44.519,Kathy,right,50.100,3006,,,,,,,0.1236,-0.9525,1.9544,3.2869,3.2869,7.2744
2026-06-15 16:35:44.550,Kathy,right,50.133,3008,,,,,,,0.1014,-0.9047,1.9623,3.3194,3.3194,7.3086
2026-06-15 16:35:44.580,Kathy,right,50.167,3010,,,,,,,0.0857,-0.8619,1.9642,3.3365,3.3365,7.3333
2026-06-15 16:35:44.611,Kathy,right,50.200,3012,,,,,,,0.1020,-0.8134,1.9563,3.3155,3.3155,7.3098
2026-06-15 16:35:44.642,Kathy,right,50.217,3013,,,,,,,0.0968,-0.7720,1.9495,3.3038,3.3038,7.3142
2026-06-15 16:35:44.672,Kathy,right,50.250,3015,,,,,,,0.0933,-0.7512,1.9494,3.2928,3.2928,7.3579
2026-06-15 16:35:44.702,Kathy,right,50.283,3017,,,,,,,0.0546,-0.7146,1.9873,3.3712,3.3712,7.4466
2026-06-15 16:35:44.735,Kathy,right,50.317,3019,,,,,,,-0.0006,-0.6539,2.0204,3.3752,3.3752,7.2720
2026-06-15 16:35:44.766,Kathy,right,50.350,3021,,,,,,,-0.0647,-0.5240,2.0461,3.3561,3.3561,7.2626
2026-06-15 16:35:44.797,Kathy,right,50.383,3023,,,,,,,-0.0822,-0.4772,2.0562,3.3470,3.3470,7.2114
2026-06-15 16:35:44.828,Kathy,right,50.417,3025,,,,,,,-0.0849,-0.3845,2.0738,3.3220,3.3220,7.2567
2026-06-15 16:35:44.859,Kathy,right,50.433,3026,,,,,,,-0.1040,-0.2965,2.0899,3.3076,3.3076,7.2127
2026-06-15 16:35:44.889,Kathy,right,50.467,3028,,,,,,,-0.1049,-0.2528,2.0949,3.2977,3.2977,7.1058
2026-06-15 16:35:44.919,Kathy,right,50.500,3030,,,,,,,-0.1261,-0.1970,2.1053,3.2791,3.2791,7.0698
2026-06-15 16:35:44.950,Kathy,right,50.533,3032,,,,,,,-0.1485,-0.1852,2.1095,3.3121,3.3121,7.0823
2026-06-15 16:35:44.980,Kathy,right,50.567,3034,,,,,,,-0.1782,-0.1317,2.0993,3.2851,3.2851,6.9685
2026-06-15 16:35:45.011,Kathy,right,50.600,3036,,,,,,,-0.2138,-0.0804,2.0759,3.2709,3.2709,7.0344
2026-06-15 16:35:45.042,Kathy,right,50.617,3037,,,,,,,-0.2987,0.0080,2.0803,3.2947,3.2947,6.9661
2026-06-15 16:35:45.072,Kathy,right,50.650,3039,,,,,,,-0.3974,0.1879,2.1129,3.2951,3.2951,6.8439
2026-06-15 16:35:45.103,Kathy,right,50.683,3041,,,,,,,-0.4231,0.2569,2.1254,3.2895,3.2895,6.7584
2026-06-15 16:35:45.133,Kathy,right,50.717,3043,,,,,,,-0.4565,0.3700,2.1417,3.2689,3.2689,6.6944
2026-06-15 16:35:45.164,Kathy,right,50.750,3045,,,,,,,-0.4723,0.4431,2.1660,3.2857,3.2857,6.6348
2026-06-15 16:35:45.195,Kathy,right,50.783,3047,,,,,,,-0.4326,0.4623,2.1723,3.3213,3.3213,6.8643
2026-06-15 16:35:45.226,Kathy,right,50.800,3048,,,,,,,-0.4189,0.4929,2.1610,3.3249,3.3249,6.8272
2026-06-15 16:35:45.256,Kathy,right,50.833,3050,,,,,,,-0.4126,0.5013,2.1566,3.3231,3.3231,6.7306
2026-06-15 16:35:45.287,Kathy,right,50.867,3052,,,,,,,-0.4133,0.5229,2.1560,3.3281,3.3281,6.6788
2026-06-15 16:35:45.318,Kathy,right,50.900,3054,,,,,,,-0.5153,0.5396,2.1567,3.2939,3.2939,6.4851
2026-06-15 16:35:45.348,Kathy,right,50.933,3056,,,,,,,-0.5304,0.5333,2.1568,3.2975,3.2975,6.5444
2026-06-15 16:35:45.379,Kathy,right,50.967,3058,,,,,,,-0.5666,0.5354,2.1544,3.3144,3.3144,6.5793
2026-06-15 16:35:45.409,Kathy,right,50.983,3059,,,,,,,-0.5794,0.5598,2.1504,3.2984,3.2984,6.3859
2026-06-15 16:35:45.440,Kathy,right,51.017,3061,,,,,,,-0.5799,0.5677,2.1488,3.2935,3.2935,6.2939
2026-06-15 16:35:45.470,Kathy,right,51.050,3063,,,,,,,-0.6258,0.5705,2.1463,3.2917,3.2917,6.5112
2026-06-15 16:35:45.500,Kathy,right,51.083,3065,,,,,,,-0.6445,0.5861,2.1401,3.2759,3.2759,6.5698
2026-06-15 16:35:45.531,Kathy,right,51.117,3067,,,,,,,-0.6678,0.5854,2.1270,3.2725,3.2725,6.6086
2026-06-15 16:35:45.562,Kathy,right,51.150,3069,,,,,,,-0.6797,0.5707,2.1440,3.3135,3.3135,6.6704
2026-06-15 16:35:45.592,Kathy,right,51.167,3070,,,,,,,-0.7042,0.5457,2.1763,3.3251,3.3251,6.6138
2026-06-15 16:35:45.623,Kathy,right,51.200,3072,,,,,,,-0.7266,0.5332,2.1907,3.3360,3.3360,6.6258
2026-06-15 16:35:45.653,Kathy,right,51.233,3074,,,,,,,-0.7517,0.5287,2.2000,3.3198,3.3198,6.6469
2026-06-15 16:35:45.684,Kathy,right,51.267,3076,,,,,,,-0.8379,0.5125,2.2049,3.3332,3.3332,6.6563
2026-06-15 16:35:45.714,Kathy,right,51.300,3078,,,,,,,-0.9191,0.4963,2.2316,3.2999,3.2999,6.5389
2026-06-15 16:35:45.747,Kathy,right,51.333,3080,,,,,,,-0.9757,0.4571,2.2581,3.2836,3.2836,6.4489
2026-06-15 16:35:45.778,Kathy,right,51.367,3082,,,,,,,-1.0410,0.3901,2.2800,3.3050,3.3050,6.4984
2026-06-15 16:35:45.809,Kathy,right,51.383,3083,,,,,,,-1.0808,0.3341,2.2828,3.3035,3.3035,6.4662
2026-06-15 16:35:45.839,Kathy,right,51.417,3085,,,,,,,-1.0907,0.3049,2.2853,3.3064,3.3064,6.4936
2026-06-15 16:35:45.870,Kathy,right,51.467,3088,,,,,,,-1.1148,0.2797,2.2835,3.3021,3.3021,6.4988
2026-06-15 16:35:45.900,Kathy,right,51.500,3090,,,,,,,-1.1159,0.2029,2.2963,3.3256,3.3256,6.4500
2026-06-15 16:35:45.931,Kathy,right,51.533,3092,,,,,,,-1.1230,0.1714,2.3088,3.3452,3.3452,6.4219
2026-06-15 16:35:45.962,Kathy,right,51.567,3094,,,,,,,-1.1530,0.1264,2.3329,3.3374,3.3374,6.2736
2026-06-15 16:35:45.992,Kathy,right,51.583,3095,,,,,,,-1.1789,0.0640,2.3440,3.3041,3.3041,6.3753
2026-06-15 16:35:46.023,Kathy,right,51.617,3097,,,,,,,-1.2081,0.0015,2.3521,3.2856,3.2856,6.2641
2026-06-15 16:35:46.053,Kathy,right,51.650,3099,,,,,,,-1.2240,-0.0317,2.3565,3.2750,3.2750,6.2256
2026-06-15 16:35:46.083,Kathy,right,51.683,3101,,,,,,,-1.2763,-0.0850,2.3596,3.2673,3.2673,6.1945
2026-06-15 16:35:46.114,Kathy,right,51.717,3103,,,,,,,-1.3833,-0.1775,2.3655,3.3141,3.3141,6.2385
2026-06-15 16:35:46.145,Kathy,right,51.750,3105,,,,,,,-1.4261,-0.2550,2.3759,3.2863,3.2863,6.2286
2026-06-15 16:35:46.175,Kathy,right,51.767,3106,,,,,,,-1.4268,-0.2878,2.3894,3.2610,3.2610,6.2565
2026-06-15 16:35:46.206,Kathy,right,51.800,3108,,,,,,,-1.4193,-0.3602,2.3987,3.1847,3.1847,5.9971
2026-06-15 16:35:46.237,Kathy,right,51.833,3110,,,,,,,-1.4187,-0.4264,2.4039,3.1687,3.1687,5.8921
2026-06-15 16:35:46.267,Kathy,right,51.867,3112,,,,,,,-1.4267,-0.5148,2.4000,3.1100,3.1100,5.7430
2026-06-15 16:35:46.297,Kathy,right,51.900,3114,,,,,,,-1.4665,-0.5969,2.4093,3.1355,3.1355,5.8728
2026-06-15 16:35:46.328,Kathy,right,51.933,3116,,,,,,,-1.4974,-0.6603,2.4194,3.1480,3.1480,5.9001
2026-06-15 16:35:46.358,Kathy,right,51.950,3117,,,,,,,-1.5262,-0.6797,2.4188,3.1813,3.1813,5.9310
2026-06-15 16:35:46.389,Kathy,right,51.983,3119,,,,,,,-1.5778,-0.7536,2.3978,3.2782,3.2782,5.8913
2026-06-15 16:35:46.419,Kathy,right,52.017,3121,,,,,,,-1.5986,-0.8098,2.3707,3.2762,3.2762,5.7119
2026-06-15 16:35:46.450,Kathy,right,52.050,3123,,,,,,,-1.5862,-0.8352,2.3688,3.2556,3.2556,5.6570
2026-06-15 16:35:46.480,Kathy,right,52.083,3125,,,,,,,-1.5760,-0.8879,2.3506,3.2739,3.2739,5.6422
2026-06-15 16:35:46.511,Kathy,right,52.117,3127,,,,,,,-1.5850,-0.9293,2.3373,3.3034,3.3034,5.7024
2026-06-15 16:35:46.542,Kathy,right,52.133,3128,,,,,,,-1.5995,-0.9531,2.3257,3.3358,3.3358,5.7134
2026-06-15 16:35:46.572,Kathy,right,52.167,3130,,,,,,,-1.5875,-0.9815,2.3148,3.3026,3.3026,5.7295
2026-06-15 16:35:46.603,Kathy,right,52.200,3132,,,,,,,-1.5657,-0.9987,2.3213,3.2768,3.2768,5.8988
2026-06-15 16:35:46.633,Kathy,right,52.233,3134,,,,,,,-1.5566,-1.0143,2.3301,3.2720,3.2720,6.0358
2026-06-15 16:35:46.664,Kathy,right,52.267,3136,,,,,,,-1.5578,-1.0439,2.3480,3.2447,3.2447,6.0718
2026-06-15 16:35:46.694,Kathy,right,52.283,3137,,,,,,,-1.6155,-1.0730,2.3446,3.2601,3.2601,5.9821
2026-06-15 16:35:46.725,Kathy,right,52.317,3139,,,,,,,-1.6201,-1.0954,2.3420,3.2329,3.2329,5.9449
2026-06-15 16:35:46.757,Kathy,right,52.350,3141,,,,,,,-1.6467,-1.1222,2.3310,3.2400,3.2400,5.8818
2026-06-15 16:35:46.788,Kathy,right,52.383,3143,,,,,,,-1.6559,-1.1271,2.3237,3.2406,3.2406,5.8767
2026-06-15 16:35:46.819,Kathy,right,52.417,3145,,,,,,,-1.6509,-1.1374,2.3156,3.2414,3.2414,5.8358
2026-06-15 16:35:46.849,Kathy,right,52.450,3147,,,,,,,-1.6578,-1.1319,2.2928,3.2200,3.2200,5.7941
2026-06-15 16:35:46.880,Kathy,right,52.483,3149,,,,,,,-1.6828,-1.1368,2.2775,3.2486,3.2486,5.8032
2026-06-15 16:35:46.910,Kathy,right,52.517,3151,,,,,,,-1.6565,-1.1335,2.2668,3.2292,3.2292,5.8993
2026-06-15 16:35:46.940,Kathy,right,52.533,3152,,,,,,,-1.6220,-1.1055,2.2918,3.2505,3.2505,5.9633
2026-06-15 16:35:46.971,Kathy,right,52.567,3154,,,,,,,-1.5953,-1.0611,2.3062,3.2724,3.2724,6.0375
2026-06-15 16:35:47.002,Kathy,right,52.600,3156,,,,,,,-1.5858,-1.0393,2.3104,3.2669,3.2669,6.1034
2026-06-15 16:35:47.032,Kathy,right,52.633,3158,,,,,,,-1.5768,-0.9332,2.3031,3.3039,3.3039,6.2577
2026-06-15 16:35:47.063,Kathy,right,52.667,3160,,,,,,,-1.5881,-0.8072,2.2886,3.3773,3.3773,6.3420
2026-06-15 16:35:47.094,Kathy,right,52.700,3162,,,,,,,-1.5616,-0.7099,2.2954,3.3616,3.3616,6.3963
2026-06-15 16:35:47.125,Kathy,right,52.717,3163,,,,,,,-1.5508,-0.6655,2.2957,3.3513,3.3513,6.4267
2026-06-15 16:35:47.155,Kathy,right,52.750,3165,,,,,,,-1.5060,-0.6028,2.2972,3.3421,3.3421,6.4155
2026-06-15 16:35:47.185,Kathy,right,52.783,3167,,,,,,,-1.4878,-0.5373,2.3021,3.3434,3.3434,6.5000
2026-06-15 16:35:47.216,Kathy,right,52.817,3169,,,,,,,-1.4605,-0.4662,2.3128,3.3115,3.3115,6.5000
2026-06-15 16:35:47.247,Kathy,right,52.850,3171,,,,,,,-1.4340,-0.4215,2.3056,3.3312,3.3312,6.4360
2026-06-15 16:35:47.277,Kathy,right,52.883,3173,,,,,,,-1.4352,-0.3972,2.2932,3.3561,3.3561,6.4726
2026-06-15 16:35:47.308,Kathy,right,52.900,3174,,,,,,,-1.3890,-0.3117,2.2911,3.3196,3.3196,6.4419
2026-06-15 16:35:47.338,Kathy,right,52.933,3176,,,,,,,-1.3828,-0.2831,2.2779,3.3590,3.3590,6.3832
2026-06-15 16:35:47.368,Kathy,right,52.967,3178,,,,,,,-1.3321,-0.2283,2.2836,3.2815,3.2815,6.3226
2026-06-15 16:35:47.399,Kathy,right,53.000,3180,,,,,,,-1.2981,-0.1638,2.2923,3.2708,3.2708,6.2422
2026-06-15 16:35:47.429,Kathy,right,53.033,3182,,,,,,,-1.2606,-0.0939,2.2809,3.2476,3.2476,6.1898
2026-06-15 16:35:47.460,Kathy,right,53.050,3183,,,,,,,-1.2500,-0.0446,2.2772,3.2681,3.2681,6.1860
2026-06-15 16:35:47.490,Kathy,right,53.083,3185,,,,,,,-1.2361,0.0620,2.2610,3.2789,3.2789,6.1322
2026-06-15 16:35:47.521,Kathy,right,53.117,3187,,,,,,,-1.2014,0.1163,2.2488,3.2596,3.2596,6.0397
2026-06-15 16:35:47.552,Kathy,right,53.150,3189,,,,,,,-1.1651,0.1539,2.2433,3.2321,3.2321,5.9225
2026-06-15 16:35:47.583,Kathy,right,53.183,3191,,,,,,,-1.1200,0.1820,2.2416,3.2386,3.2386,5.9394
2026-06-15 16:35:47.613,Kathy,right,53.217,3193,,,,,,,-1.0995,0.1980,2.2402,3.2478,3.2478,5.9809
2026-06-15 16:35:47.643,Kathy,right,53.250,3195,,,,,,,-1.0539,0.2292,2.2421,3.2371,3.2371,6.0669
2026-06-15 16:35:47.674,Kathy,right,53.267,3196,,,,,,,-0.9852,0.2602,2.2451,3.1995,3.1995,6.0133
2026-06-15 16:35:47.704,Kathy,right,53.300,3198,,,,,,,-0.9490,0.2818,2.2492,3.2142,3.2142,6.0304
2026-06-15 16:35:47.735,Kathy,right,53.333,3200,,,,,,,-0.9193,0.3199,2.2583,3.2216,3.2216,6.0150
2026-06-15 16:35:47.766,Kathy,right,53.367,3202,,,,,,,-0.9278,0.3996,2.2601,3.2288,3.2288,5.9946
2026-06-15 16:35:47.797,Kathy,right,53.400,3204,,,,,,,-0.9412,0.4328,2.2541,3.2118,3.2118,6.0250
2026-06-15 16:35:47.827,Kathy,right,53.433,3206,,,,,,,-0.9506,0.4680,2.2398,3.2193,3.2193,6.0889
2026-06-15 16:35:47.858,Kathy,right,53.450,3207,,,,,,,-0.9150,0.4952,2.2162,3.2373,3.2373,6.1475
2026-06-15 16:35:47.889,Kathy,right,53.483,3209,,,,,,,-0.8880,0.4897,2.2030,3.2550,3.2550,6.1595
2026-06-15 16:35:47.919,Kathy,right,53.517,3211,,,,,,,-0.8374,0.4994,2.2051,3.2457,3.2457,6.1971
2026-06-15 16:35:47.950,Kathy,right,53.550,3213,,,,,,,-0.8072,0.5241,2.2036,3.2281,3.2281,6.2617
2026-06-15 16:35:47.981,Kathy,right,53.583,3215,,,,,,,-0.7681,0.4979,2.2027,3.2256,3.2256,6.2701
2026-06-15 16:35:48.012,Kathy,right,53.600,3216,,,,,,,-0.7376,0.4955,2.2067,3.2012,3.2012,6.3429
2026-06-15 16:35:48.042,Kathy,right,53.617,3217,,,,,,,-0.6798,0.4689,2.2201,3.1922,3.1922,6.3553
2026-06-15 16:35:48.072,Kathy,right,53.650,3219,,,,,,,-0.6552,0.4545,2.2287,3.2034,3.2034,6.3828
2026-06-15 16:35:48.103,Kathy,right,53.683,3221,,,,,,,-0.5994,0.4448,2.2368,3.2080,3.2080,6.3168
2026-06-15 16:35:48.133,Kathy,right,53.717,3223,,,,,,,-0.5445,0.4280,2.2237,3.2335,3.2335,6.4370
2026-06-15 16:35:48.164,Kathy,right,53.750,3225,,,,,,,-0.5025,0.4170,2.2088,3.2436,3.2436,6.5017
2026-06-15 16:35:48.195,Kathy,right,53.783,3227,,,,,,,-0.4897,0.4087,2.2028,3.2408,3.2408,6.5337
2026-06-15 16:35:48.225,Kathy,right,53.800,3228,,,,,,,-0.4695,0.3830,2.2010,3.2114,3.2114,6.4861
2026-06-15 16:35:48.256,Kathy,right,53.833,3230,,,,,,,-0.4359,0.3502,2.2061,3.1990,3.1990,6.4515
2026-06-15 16:35:48.286,Kathy,right,53.867,3232,,,,,,,-0.3919,0.3232,2.2110,3.1772,3.1772,6.4992
2026-06-15 16:35:48.317,Kathy,right,53.900,3234,,,,,,,-0.3772,0.3053,2.2095,3.1824,3.1824,6.4762
2026-06-15 16:35:48.348,Kathy,right,53.933,3236,,,,,,,-0.3398,0.2514,2.2002,3.1660,3.1660,6.3723
2026-06-15 16:35:48.379,Kathy,right,53.967,3238,,,,,,,-0.3117,0.1906,2.1928,3.1483,3.1483,6.3548
2026-06-15 16:35:48.409,Kathy,right,53.983,3239,,,,,,,-0.2988,0.1447,2.1904,3.1507,3.1507,6.3960
2026-06-15 16:35:48.439,Kathy,right,54.017,3241,,,,,,,-0.3010,0.1176,2.1890,3.1559,3.1559,6.4339
2026-06-15 16:35:48.470,Kathy,right,54.050,3243,,,,,,,-0.2846,0.0565,2.1939,3.1712,3.1712,6.4689
2026-06-15 16:35:48.500,Kathy,right,54.083,3245,,,,,,,-0.2172,-0.0086,2.1947,3.1627,3.1627,6.3586
2026-06-15 16:35:48.531,Kathy,right,54.117,3247,,,,,,,-0.2075,-0.0326,2.1966,3.1651,3.1651,6.3473
2026-06-15 16:35:48.562,Kathy,right,54.150,3249,,,,,,,-0.1710,-0.0999,2.2104,3.1493,3.1493,6.3308
2026-06-15 16:35:48.593,Kathy,right,54.167,3250,,,,,,,-0.1478,-0.1739,2.2163,3.1236,3.1236,6.3573
2026-06-15 16:35:48.623,Kathy,right,54.200,3252,,,,,,,-0.1270,-0.2005,2.2128,3.0854,3.0854,6.3056
2026-06-15 16:35:48.654,Kathy,right,54.233,3254,,,,,,,-0.0987,-0.2570,2.2103,3.0546,3.0546,6.2691
2026-06-15 16:35:48.684,Kathy,right,54.267,3256,,,,,,,-0.0854,-0.3354,2.2187,3.0691,3.0691,6.2241
2026-06-15 16:35:48.715,Kathy,right,54.300,3258,,,,,,,-0.0377,-0.4260,2.2241,3.1142,3.1142,6.1940
2026-06-15 16:35:48.746,Kathy,right,54.333,3260,,,,,,,0.0138,-0.4945,2.2212,3.0625,3.0625,6.1758
2026-06-15 16:35:48.777,Kathy,right,54.367,3262,,,,,,,0.0381,-0.5265,2.2230,3.0445,3.0445,6.1713
2026-06-15 16:35:48.807,Kathy,right,54.383,3263,,,,,,,0.0634,-0.5815,2.2303,3.0400,3.0400,6.0974
2026-06-15 16:35:48.838,Kathy,right,54.417,3265,,,,,,,0.0860,-0.6427,2.2254,3.0313,3.0313,6.2201
2026-06-15 16:35:48.868,Kathy,right,54.450,3267,,,,,,,0.0926,-0.6928,2.2137,3.0627,3.0627,6.2409
2026-06-15 16:35:48.898,Kathy,right,54.483,3269,,,,,,,0.0565,-0.7161,2.2266,3.1436,3.1436,6.4112
2026-06-15 16:35:48.929,Kathy,right,54.517,3271,,,,,,,0.0556,-0.7675,2.2513,3.2036,3.2036,6.5194
2026-06-15 16:35:48.960,Kathy,right,54.550,3273,,,,,,,0.0810,-0.8072,2.2512,3.1888,3.1888,6.5116
2026-06-15 16:35:48.990,Kathy,right,54.567,3274,,,,,,,0.1055,-0.8458,2.2457,3.2069,3.2069,6.4863
2026-06-15 16:35:49.021,Kathy,right,54.600,3276,,,,,,,0.1106,-0.8616,2.2407,3.2221,3.2221,6.5003
2026-06-15 16:35:49.051,Kathy,right,54.633,3278,,,,,,,0.1388,-0.9043,2.2037,3.1789,3.1789,6.4624
2026-06-15 16:35:49.082,Kathy,right,54.667,3280,,,,,,,0.1660,-0.9514,2.1703,3.1880,3.1880,6.4809
2026-06-15 16:35:49.113,Kathy,right,54.700,3282,,,,,,,0.1943,-0.9916,2.1469,3.2024,3.2024,6.5791
2026-06-15 16:35:49.144,Kathy,right,54.733,3284,,,,,,,0.1712,-1.0086,2.1396,3.2294,3.2294,6.7535
2026-06-15 16:35:49.174,Kathy,right,54.750,3285,,,,,,,0.1565,-1.0271,2.1398,3.2656,3.2656,6.8679
2026-06-15 16:35:49.205,Kathy,right,54.783,3287,,,,,,,0.1399,-1.0476,2.1394,3.3116,3.3116,6.9952
2026-06-15 16:35:49.235,Kathy,right,54.817,3289,,,,,,,0.1430,-1.0594,2.1387,3.3195,3.3195,7.0496
2026-06-15 16:35:49.266,Kathy,right,54.850,3291,,,,,,,0.1643,-1.0803,2.1211,3.3055,3.3055,6.9964
2026-06-15 16:35:49.296,Kathy,right,54.883,3293,,,,,,,0.1780,-1.0862,2.1016,3.3119,3.3119,6.9167
2026-06-15 16:35:49.327,Kathy,right,54.917,3295,,,,,,,0.1827,-1.0793,2.0820,3.2997,3.2997,6.9187
2026-06-15 16:35:49.357,Kathy,right,54.933,3296,,,,,,,0.1862,-1.0649,2.0730,3.2778,3.2778,6.9090
2026-06-15 16:35:49.388,Kathy,right,54.967,3298,,,,,,,0.1810,-1.0600,2.0573,3.2535,3.2535,6.9028
2026-06-15 16:35:49.418,Kathy,right,55.000,3300,,,,,,,0.1692,-1.0319,2.0470,3.2236,3.2236,6.7925
2026-06-15 16:35:49.449,Kathy,right,55.033,3302,,,,,,,0.1689,-1.0187,2.0455,3.2214,3.2214,6.7734
2026-06-15 16:35:49.480,Kathy,right,55.067,3304,,,,,,,0.1616,-0.9537,2.0687,3.2303,3.2303,6.8613
2026-06-15 16:35:49.510,Kathy,right,55.100,3306,,,,,,,0.1454,-0.9293,2.0863,3.2462,3.2462,6.9399
2026-06-15 16:35:49.541,Kathy,right,55.117,3307,,,,,,,0.1206,-0.8812,2.1189,3.2650,3.2650,7.0558
2026-06-15 16:35:49.571,Kathy,right,55.150,3309,,,,,,,0.1160,-0.8562,2.1259,3.2626,3.2626,7.0131
2026-06-15 16:35:49.602,Kathy,right,55.183,3311,,,,,,,0.0693,-0.8183,2.1167,3.2773,3.2773,7.0981
2026-06-15 16:35:49.632,Kathy,right,55.217,3313,,,,,,,0.0145,-0.7622,2.1227,3.3541,3.3541,7.2794
2026-06-15 16:35:49.663,Kathy,right,55.250,3315,,,,,,,-0.0060,-0.7028,2.1335,3.3500,3.3500,7.2806
2026-06-15 16:35:49.693,Kathy,right,55.283,3317,,,,,,,0.0196,-0.6431,2.1323,3.2979,3.2979,7.2029
2026-06-15 16:35:49.724,Kathy,right,55.300,3318,,,,,,,-0.0041,-0.5963,2.1483,3.3323,3.3323,7.2830
2026-06-15 16:35:49.755,Kathy,right,55.333,3320,,,,,,,-0.0315,-0.5664,2.1646,3.3551,3.3551,7.3255
2026-06-15 16:35:49.786,Kathy,right,55.367,3322,,,,,,,-0.0625,-0.5076,2.1916,3.3833,3.3833,7.3348
2026-06-15 16:35:49.816,Kathy,right,55.400,3324,,,,,,,-0.0929,-0.4595,2.1828,3.4077,3.4077,7.3992
2026-06-15 16:35:49.847,Kathy,right,55.433,3326,,,,,,,-0.1429,-0.4082,2.1793,3.4604,3.4604,7.5750
2026-06-15 16:35:49.878,Kathy,right,55.467,3328,,,,,,,-0.1293,-0.3736,2.1657,3.4034,3.4034,7.3321
2026-06-15 16:35:49.908,Kathy,right,55.483,3329,,,,,,,-0.1373,-0.2939,2.1307,3.3039,3.3039,7.1935
2026-06-15 16:35:49.939,Kathy,right,55.517,3331,,,,,,,-0.1757,-0.2376,2.1166,3.3415,3.3415,7.1453
2026-06-15 16:35:49.969,Kathy,right,55.550,3333,,,,,,,-0.1957,-0.2114,2.1161,3.3174,3.3174,7.1290
2026-06-15 16:35:50.000,Kathy,right,55.583,3335,,,,,,,-0.2318,-0.1341,2.1262,3.2990,3.2990,7.1873
2026-06-15 16:35:50.030,Kathy,right,55.617,3337,,,,,,,-0.2263,0.0197,2.1356,3.2790,3.2790,7.1873
2026-06-15 16:35:50.061,Kathy,right,55.650,3339,,,,,,,-0.2375,0.0758,2.1357,3.2465,3.2465,7.0829
2026-06-15 16:35:50.091,Kathy,right,55.667,3340,,,,,,,-0.2484,0.1122,2.1344,3.2321,3.2321,6.9971
2026-06-15 16:35:50.122,Kathy,right,55.700,3342,,,,,,,-0.2762,0.1789,2.1200,3.2435,3.2435,7.0364
2026-06-15 16:35:50.152,Kathy,right,55.733,3344,,,,,,,-0.2951,0.2007,2.1043,3.2452,3.2452,6.9187
2026-06-15 16:35:50.183,Kathy,right,55.767,3346,,,,,,,-0.3256,0.2449,2.0929,3.2634,3.2634,6.9289
2026-06-15 16:35:50.213,Kathy,right,55.800,3348,,,,,,,-0.3512,0.3000,2.0782,3.2899,3.2899,7.0444
2026-06-15 16:35:50.245,Kathy,right,55.833,3350,,,,,,,-0.3711,0.3458,2.0503,3.3285,3.3285,6.8553
2026-06-15 16:35:50.275,Kathy,right,55.850,3351,,,,,,,-0.3970,0.3866,2.0247,3.3107,3.3107,6.6335
2026-06-15 16:35:50.306,Kathy,right,55.883,3353,,,,,,,-0.4379,0.4005,2.0283,3.3329,3.3329,6.6492
2026-06-15 16:35:50.336,Kathy,right,55.917,3355,,,,,,,-0.4698,0.4277,2.0725,3.3139,3.3139,6.6061
2026-06-15 16:35:50.367,Kathy,right,55.950,3357,,,,,,,-0.5009,0.4480,2.1265,3.2800,3.2800,6.5235
2026-06-15 16:35:50.397,Kathy,right,55.983,3359,,,,,,,-0.5406,0.4547,2.1636,3.2970,3.2970,6.5601
2026-06-15 16:35:50.428,Kathy,right,56.017,3361,,,,,,,-0.5655,0.4459,2.1784,3.3286,3.3286,6.6849
2026-06-15 16:35:50.459,Kathy,right,56.033,3362,,,,,,,-0.6176,0.4505,2.2048,3.3157,3.3157,6.6824
2026-06-15 16:35:50.489,Kathy,right,56.067,3364,,,,,,,-0.6476,0.4910,2.2097,3.3090,3.3090,6.5741
2026-06-15 16:35:50.520,Kathy,right,56.100,3366,,,,,,,-0.6935,0.5157,2.2139,3.3203,3.3203,6.6999
2026-06-15 16:35:50.550,Kathy,right,56.133,3368,,,,,,,-0.7289,0.5232,2.2333,3.3033,3.3033,6.7181
2026-06-15 16:35:50.581,Kathy,right,56.167,3370,,,,,,,-0.7472,0.5103,2.2416,3.2870,3.2870,6.6596
2026-06-15 16:35:50.611,Kathy,right,56.200,3372,,,,,,,-0.7950,0.4928,2.2421,3.2914,3.2914,6.5133
2026-06-15 16:35:50.642,Kathy,right,56.217,3373,,,,,,,-0.8152,0.5021,2.2285,3.2650,3.2650,6.2653
2026-06-15 16:35:50.673,Kathy,right,56.250,3375,,,,,,,-0.8500,0.4763,2.2233,3.2644,3.2644,6.1753
2026-06-15 16:35:50.703,Kathy,right,56.283,3377,,,,,,,-0.9872,0.3798,2.2146,3.2802,3.2802,6.1461
2026-06-15 16:35:50.734,Kathy,right,56.317,3379,,,,,,,-1.0935,0.2901,2.2369,3.2852,3.2852,6.1463
2026-06-15 16:35:50.764,Kathy,right,56.350,3381,,,,,,,-1.1613,0.2335,2.2762,3.2676,3.2676,6.1100
2026-06-15 16:35:50.795,Kathy,right,56.383,3383,,,,,,,-1.1920,0.2040,2.2946,3.2717,3.2717,6.0616
2026-06-15 16:35:50.826,Kathy,right,56.400,3384,,,,,,,-1.2435,0.1588,2.3304,3.2498,3.2498,5.9407
2026-06-15 16:35:50.857,Kathy,right,56.450,3387,,,,,,,-1.3023,0.1253,2.3606,3.2498,3.2498,5.8356
2026-06-15 16:35:50.887,Kathy,right,56.483,3389,,,,,,,-1.2728,0.1165,2.3629,3.2334,3.2334,5.7093
2026-06-15 16:35:50.918,Kathy,right,56.517,3391,,,,,,,-1.2347,0.1251,2.3476,3.2242,3.2242,5.6721
2026-06-15 16:35:50.949,Kathy,right,56.550,3393,,,,,,,-1.2233,0.1123,2.3241,3.2032,3.2032,5.8152
2026-06-15 16:35:50.979,Kathy,right,56.583,3395,,,,,,,-1.2349,0.0824,2.3115,3.1864,3.1864,5.8714
2026-06-15 16:35:51.010,Kathy,right,56.617,3397,,,,,,,-1.2454,0.0321,2.3083,3.2060,3.2060,5.9346
2026-06-15 16:35:51.040,Kathy,right,56.633,3398,,,,,,,-1.2633,-0.0286,2.3054,3.1986,3.1986,5.8372
2026-06-15 16:35:51.070,Kathy,right,56.667,3400,,,,,,,-1.2633,-0.0588,2.3084,3.1666,3.1666,5.8058
2026-06-15 16:35:51.101,Kathy,right,56.700,3402,,,,,,,-1.2826,-0.0963,2.3061,3.1839,3.1839,5.8189
2026-06-15 16:35:51.132,Kathy,right,56.733,3404,,,,,,,-1.3191,-0.1952,2.3095,3.1633,3.1633,5.7557
2026-06-15 16:35:51.162,Kathy,right,56.767,3406,,,,,,,-1.3384,-0.2759,2.3133,3.1738,3.1738,5.7573
2026-06-15 16:35:51.193,Kathy,right,56.800,3408,,,,,,,-1.3675,-0.3573,2.3217,3.2001,3.2001,5.7254
2026-06-15 16:35:51.224,Kathy,right,56.817,3409,,,,,,,-1.3932,-0.4147,2.3132,3.2311,3.2311,5.7317
2026-06-15 16:35:51.254,Kathy,right,56.850,3411,,,,,,,-1.4366,-0.5077,2.2964,3.2880,3.2880,5.7753
2026-06-15 16:35:51.284,Kathy,right,56.883,3413,,,,,,,-1.4285,-0.5846,2.3124,3.2239,3.2239,5.7772
2026-06-15 16:35:51.315,Kathy,right,56.917,3415,,,,,,,-1.4412,-0.6451,2.3242,3.1889,3.1889,5.7881
2026-06-15 16:35:51.345,Kathy,right,56.950,3417,,,,,,,-1.5152,-0.7163,2.3085,3.2552,3.2552,5.8423
2026-06-15 16:35:51.376,Kathy,right,56.967,3418,,,,,,,-1.5574,-0.8121,2.3134,3.2357,3.2357,5.8627
2026-06-15 16:35:51.407,Kathy,right,57.000,3420,,,,,,,-1.5884,-0.8533,2.3153,3.2711,3.2711,5.8278
2026-06-15 16:35:51.437,Kathy,right,57.033,3422,,,,,,,-1.5927,-0.9115,2.3236,3.2389,3.2389,5.7887
2026-06-15 16:35:51.468,Kathy,right,57.067,3424,,,,,,,-1.5818,-0.9307,2.3383,3.2009,3.2009,5.7408
2026-06-15 16:35:51.499,Kathy,right,57.100,3426,,,,,,,-1.5750,-0.9722,2.3519,3.1379,3.1379,5.5986
2026-06-15 16:35:51.530,Kathy,right,57.133,3428,,,,,,,-1.5668,-1.0175,2.3550,3.1178,3.1178,5.5225
2026-06-15 16:35:51.561,Kathy,right,57.167,3430,,,,,,,-1.5630,-1.0569,2.3571,3.1153,3.1153,5.4781
2026-06-15 16:35:51.591,Kathy,right,57.183,3431,,,,,,,-1.6151,-1.1042,2.3306,3.1905,3.1905,5.4556
2026-06-15 16:35:51.622,Kathy,right,57.217,3433,,,,,,,-1.6220,-1.1276,2.3129,3.2147,3.2147,5.5217
2026-06-15 16:35:51.652,Kathy,right,57.250,3435,,,,,,,-1.6322,-1.1414,2.2982,3.2413,3.2413,5.6012
2026-06-15 16:35:51.683,Kathy,right,57.283,3437,,,,,,,-1.6494,-1.1602,2.2737,3.2710,3.2710,5.7004
2026-06-15 16:35:51.714,Kathy,right,57.317,3439,,,,,,,-1.6326,-1.1776,2.2872,3.2473,3.2473,5.7289
2026-06-15 16:35:51.745,Kathy,right,57.350,3441,,,,,,,-1.5931,-1.1855,2.3030,3.2732,3.2732,5.7501
2026-06-15 16:35:51.775,Kathy,right,57.367,3442,,,,,,,-1.5633,-1.2066,2.3145,3.2703,3.2703,5.7475
2026-06-15 16:35:51.807,Kathy,right,57.400,3444,,,,,,,-1.5464,-1.2322,2.3069,3.2695,3.2695,5.6543
2026-06-15 16:35:51.837,Kathy,right,57.433,3446,,,,,,,-1.5385,-1.2375,2.2877,3.3000,3.3000,5.5861
2026-06-15 16:35:51.868,Kathy,right,57.467,3448,,,,,,,-1.5417,-1.2175,2.2805,3.3474,3.3474,5.6850
2026-06-15 16:35:51.899,Kathy,right,57.500,3450,,,,,,,-1.5412,-1.1874,2.2680,3.3665,3.3665,5.7946
2026-06-15 16:35:51.929,Kathy,right,57.533,3452,,,,,,,-1.5366,-1.1504,2.2581,3.3917,3.3917,5.8621
2026-06-15 16:35:51.960,Kathy,right,57.567,3454,,,,,,,-1.5314,-1.1320,2.2585,3.3967,3.3967,5.8767
2026-06-15 16:35:51.991,Kathy,right,57.583,3455,,,,,,,-1.5286,-1.0933,2.2668,3.3915,3.3915,5.8865
2026-06-15 16:35:52.021,Kathy,right,57.617,3457,,,,,,,-1.5211,-1.0386,2.2865,3.3563,3.3563,5.8693
2026-06-15 16:35:52.052,Kathy,right,57.650,3459,,,,,,,-1.5006,-0.9914,2.2882,3.2989,3.2989,5.8160
2026-06-15 16:35:52.083,Kathy,right,57.683,3461,,,,,,,-1.5034,-0.9524,2.2802,3.3155,3.3155,5.8905
2026-06-15 16:35:52.113,Kathy,right,57.717,3463,,,,,,,-1.4695,-0.8809,2.2691,3.3305,3.3305,5.9725
2026-06-15 16:35:52.144,Kathy,right,57.750,3465,,,,,,,-1.4611,-0.8116,2.2669,3.3787,3.3787,6.1385
2026-06-15 16:35:52.175,Kathy,right,57.767,3466,,,,,,,-1.4526,-0.7516,2.2608,3.3948,3.3948,6.3649
2026-06-15 16:35:52.205,Kathy,right,57.800,3468,,,,,,,-1.4493,-0.7296,2.2494,3.4530,3.4530,6.3550
2026-06-15 16:35:52.236,Kathy,right,57.833,3470,,,,,,,-1.4041,-0.6569,2.2588,3.3522,3.3522,6.3260
2026-06-15 16:35:52.266,Kathy,right,57.867,3472,,,,,,,-1.3690,-0.5989,2.2795,3.3386,3.3386,6.4369
2026-06-15 16:35:52.297,Kathy,right,57.900,3474,,,,,,,-1.3388,-0.5287,2.3081,3.2930,3.2930,6.4952
2026-06-15 16:35:52.327,Kathy,right,57.933,3476,,,,,,,-1.3180,-0.4694,2.3180,3.2949,3.2949,6.4081
2026-06-15 16:35:52.358,Kathy,right,57.950,3477,,,,,,,-1.2941,-0.4353,2.3122,3.3226,3.3226,6.4136
2026-06-15 16:35:52.388,Kathy,right,57.983,3479,,,,,,,-1.2624,-0.3795,2.2928,3.3521,3.3521,6.4856
2026-06-15 16:35:52.419,Kathy,right,58.017,3481,,,,,,,-1.2132,-0.2599,2.2835,3.2744,3.2744,6.4566
2026-06-15 16:35:52.450,Kathy,right,58.033,3482,,,,,,,-1.1852,-0.1834,2.2849,3.2615,3.2615,6.4684
2026-06-15 16:35:52.481,Kathy,right,58.083,3485,,,,,,,-1.1483,-0.0534,2.2858,3.2559,3.2559,6.4993
2026-06-15 16:35:52.511,Kathy,right,58.117,3487,,,,,,,-1.1209,0.0035,2.2890,3.2252,3.2252,6.4629
2026-06-15 16:35:52.542,Kathy,right,58.133,3488,,,,,,,-1.0963,0.1247,2.2780,3.2811,3.2811,6.3365
2026-06-15 16:35:52.572,Kathy,right,58.167,3490,,,,,,,-1.0835,0.1610,2.2705,3.2853,3.2853,6.3642
2026-06-15 16:35:52.603,Kathy,right,58.200,3492,,,,,,,-1.0727,0.2237,2.2556,3.2985,3.2985,6.4172
2026-06-15 16:35:52.633,Kathy,right,58.233,3494,,,,,,,-1.0604,0.2419,2.2598,3.3533,3.3533,6.4845
2026-06-15 16:35:52.664,Kathy,right,58.267,3496,,,,,,,-1.0354,0.2715,2.2714,3.3576,3.3576,6.4873
2026-06-15 16:35:52.694,Kathy,right,58.300,3498,,,,,,,-1.0061,0.3052,2.2795,3.3582,3.3582,6.5375
2026-06-15 16:35:52.724,Kathy,right,58.317,3499,,,,,,,-0.9734,0.3237,2.2712,3.3332,3.3332,6.4107
2026-06-15 16:35:52.755,Kathy,right,58.350,3501,,,,,,,-0.9183,0.3564,2.2476,3.3019,3.3019,6.3132
2026-06-15 16:35:52.785,Kathy,right,58.383,3503,,,,,,,-0.8725,0.3915,2.2219,3.3173,3.3173,6.1974
2026-06-15 16:35:52.816,Kathy,right,58.417,3505,,,,,,,-0.8614,0.4116,2.2110,3.3231,3.3231,6.2540
2026-06-15 16:35:52.847,Kathy,right,58.450,3507,,,,,,,-0.8277,0.4634,2.1903,3.3142,3.3142,6.3335
2026-06-15 16:35:52.877,Kathy,right,58.483,3509,,,,,,,-0.8249,0.5300,2.1783,3.3132,3.3132,6.3291
2026-06-15 16:35:52.908,Kathy,right,58.500,3510,,,,,,,-0.7951,0.6039,2.1653,3.3205,3.3205,6.2451
2026-06-15 16:35:52.938,Kathy,right,58.533,3512,,,,,,,-0.7708,0.6480,2.1641,3.3150,3.3150,6.2881
2026-06-15 16:35:52.969,Kathy,right,58.567,3514,,,,,,,-0.7206,0.6668,2.1716,3.3127,3.3127,6.3550
2026-06-15 16:35:52.999,Kathy,right,58.600,3516,,,,,,,-0.6806,0.6801,2.1766,3.3048,3.3048,6.3518
2026-06-15 16:35:53.030,Kathy,right,58.633,3518,,,,,,,-0.6443,0.6849,2.1657,3.2747,3.2747,6.1952
2026-06-15 16:35:53.060,Kathy,right,58.667,3520,,,,,,,-0.6407,0.6562,2.1596,3.2827,3.2827,6.4116
2026-06-15 16:35:53.090,Kathy,right,58.683,3521,,,,,,,-0.6020,0.6439,2.1690,3.3041,3.3041,6.4289
2026-06-15 16:35:53.121,Kathy,right,58.717,3523,,,,,,,-0.5926,0.6317,2.1747,3.3097,3.3097,6.4563
2026-06-15 16:35:53.151,Kathy,right,58.750,3525,,,,,,,-0.5571,0.6048,2.1785,3.3295,3.3295,6.4555
2026-06-15 16:35:53.182,Kathy,right,58.783,3527,,,,,,,-0.5098,0.5763,2.1763,3.3438,3.3438,6.4701
2026-06-15 16:35:53.213,Kathy,right,58.817,3529,,,,,,,-0.4617,0.5357,2.1813,3.3254,3.3254,6.4694
2026-06-15 16:35:53.243,Kathy,right,58.850,3531,,,,,,,-0.4017,0.5039,2.1759,3.3152,3.3152,6.5627
2026-06-15 16:35:53.274,Kathy,right,58.867,3532,,,,,,,-0.3241,0.4462,2.1576,3.2842,3.2842,6.6048
2026-06-15 16:35:53.304,Kathy,right,58.900,3534,,,,,,,-0.2981,0.3927,2.1503,3.2781,3.2781,6.7551
2026-06-15 16:35:53.334,Kathy,right,58.933,3536,,,,,,,-0.2958,0.3395,2.1573,3.2838,3.2838,6.8082
2026-06-15 16:35:53.365,Kathy,right,58.967,3538,,,,,,,-0.2788,0.3123,2.1545,3.2850,3.2850,6.7596
2026-06-15 16:35:53.395,Kathy,right,59.000,3540,,,,,,,-0.2479,0.2612,2.1595,3.2795,3.2795,6.7272
2026-06-15 16:35:53.426,Kathy,right,59.017,3541,,,,,,,-0.2242,0.2027,2.1701,3.3070,3.3070,6.8112
2026-06-15 16:35:53.456,Kathy,right,59.050,3543,,,,,,,-0.2035,0.1238,2.1610,3.3098,3.3098,6.9048
2026-06-15 16:35:53.487,Kathy,right,59.083,3545,,,,,,,-0.1872,0.0322,2.1426,3.3374,3.3374,7.0598
2026-06-15 16:35:53.518,Kathy,right,59.117,3547,,,,,,,-0.1727,-0.0123,2.1325,3.3278,3.3278,7.0652
2026-06-15 16:35:53.548,Kathy,right,59.150,3549,,,,,,,-0.1397,-0.0881,2.1335,3.3264,3.3264,7.0302
2026-06-15 16:35:53.579,Kathy,right,59.183,3551,,,,,,,-0.1297,-0.1168,2.1428,3.3325,3.3325,6.9748
2026-06-15 16:35:53.609,Kathy,right,59.200,3552,,,,,,,-0.1060,-0.1528,2.1451,3.3135,3.3135,6.9237
2026-06-15 16:35:53.639,Kathy,right,59.233,3554,,,,,,,-0.0950,-0.2339,2.1480,3.3235,3.3235,6.9422
2026-06-15 16:35:53.670,Kathy,right,59.267,3556,,,,,,,-0.0607,-0.3122,2.1381,3.2519,3.2519,6.6650
2026-06-15 16:35:53.700,Kathy,right,59.300,3558,,,,,,,-0.0596,-0.3967,2.1822,3.3086,3.3086,6.8519
2026-06-15 16:35:53.731,Kathy,right,59.333,3560,,,,,,,-0.0064,-0.4912,2.1989,3.3145,3.3145,6.9184
2026-06-15 16:35:53.762,Kathy,right,59.367,3562,,,,,,,0.0241,-0.5524,2.2007,3.3015,3.3015,6.9110
2026-06-15 16:35:53.793,Kathy,right,59.383,3563,,,,,,,0.0260,-0.5713,2.2026,3.3003,3.3003,6.9377
2026-06-15 16:35:53.824,Kathy,right,59.417,3565,,,,,,,0.0596,-0.6115,2.2126,3.2633,3.2633,6.8597
2026-06-15 16:35:53.855,Kathy,right,59.450,3567,,,,,,,0.0670,-0.6220,2.2135,3.2515,3.2515,6.8330
2026-06-15 16:35:53.885,Kathy,right,59.483,3569,,,,,,,0.1044,-0.6570,2.2083,3.2439,3.2439,6.8415
2026-06-15 16:35:53.916,Kathy,right,59.517,3571,,,,,,,0.1375,-0.6970,2.1955,3.2732,3.2732,6.7959
2026-06-15 16:35:53.946,Kathy,right,59.550,3573,,,,,,,0.1404,-0.7170,2.1895,3.2673,3.2673,6.8206
2026-06-15 16:35:53.977,Kathy,right,59.583,3575,,,,,,,0.1372,-0.7921,2.1706,3.2265,3.2265,6.6678
2026-06-15 16:35:54.008,Kathy,right,59.600,3576,,,,,,,0.1204,-0.8473,2.1619,3.2683,3.2683,6.8419
2026-06-15 16:35:54.038,Kathy,right,59.633,3578,,,,,,,0.1146,-0.8906,2.1573,3.3087,3.3087,6.9233
2026-06-15 16:35:54.068,Kathy,right,59.667,3580,,,,,,,0.1413,-0.8994,2.1490,3.2609,3.2609,6.8836
2026-06-15 16:35:54.099,Kathy,right,59.700,3582,,,,,,,0.1858,-0.9980,2.1333,3.2475,3.2475,6.8215
2026-06-15 16:35:54.130,Kathy,right,59.733,3584,,,,,,,0.2206,-1.0521,2.1065,3.2233,3.2233,6.7367
2026-06-15 16:35:54.160,Kathy,right,59.767,3586,,,,,,,0.2293,-1.0879,2.0827,3.2164,3.2164,6.7212
2026-06-15 16:35:54.191,Kathy,right,59.783,3587,,,,,,,0.2300,-1.1084,2.0677,3.2136,3.2136,6.8041
2026-06-15 16:35:54.222,Kathy,right,59.817,3589,,,,,,,0.2341,-1.1361,2.0679,3.2118,3.2118,6.9040
2026-06-15 16:35:54.252,Kathy,right,59.850,3591,,,,,,,0.2454,-1.1657,2.0764,3.2045,3.2045,6.9623
2026-06-15 16:35:54.283,Kathy,right,59.883,3593,,,,,,,0.2556,-1.1932,2.0834,3.1892,3.1892,6.9381
2026-06-15 16:35:54.313,Kathy,right,59.917,3595,,,,,,,0.2477,-1.1920,2.0826,3.1849,3.1849,6.8498
2026-06-15 16:35:54.344,Kathy,right,59.950,3597,,,,,,,0.2460,-1.1970,2.0228,3.1881,3.1881,6.7493
2026-06-15 16:35:54.375,Kathy,right,59.967,3598,,,,,,,0.2837,-0.3825,1.9262,0.0000,0.0000,0.0000
2026-06-15 16:35:54.405,Kathy,right,60.000,3600,,,,,,,0.2837,-0.3825,1.9262,0.0000,0.0000,0.0000
2026-06-15 16:35:54.436,Kathy,right,60.033,3602,,,,,,,0.2837,-0.3825,1.9262,0.0000,0.0000,0.0000
2026-06-15 16:35:54.467,Kathy,right,60.067,3604,,,,,,,0.2837,-0.3825,1.9262,0.0000,0.0000,0.0000
2026-06-15 16:35:54.497,Kathy,right,60.100,3606,,,,,,,0.2837,-0.3825,1.9262,0.0000,0.0000,0.0000
2026-06-15 16:35:54.528,Kathy,right,60.133,3608,,,,,,,0.2837,-0.3825,1.9262,0.0000,0.0000,0.0000
2026-06-15 16:35:54.558,Kathy,right,60.150,3609,,,,,,,-0.0158,-1.2368,1.9408,3.1092,3.1092,6.4065
2026-06-15 16:35:54.588,Kathy,right,60.183,3611,,,,,,,-0.0859,-1.1668,1.9854,3.1933,3.1933,6.5656
2026-06-15 16:35:54.619,Kathy,right,60.217,3613,,,,,,,-0.0859,-1.1291,2.0131,3.1812,3.1812,6.5243
2026-06-15 16:35:54.649,Kathy,right,60.250,3615,,,,,,,-0.1021,-1.0482,2.0427,3.1813,3.1813,6.6193
2026-06-15 16:35:54.680,Kathy,right,60.283,3617,,,,,,,-0.1245,-0.9687,2.0770,3.1860,3.1860,6.5339
2026-06-15 16:35:54.710,Kathy,right,60.317,3619,,,,,,,-0.1616,-0.8947,2.1008,3.1597,3.1597,6.3586
2026-06-15 16:35:54.741,Kathy,right,60.333,3620,,,,,,,-0.1697,-0.8107,2.1043,3.1457,3.1457,6.4184
2026-06-15 16:35:54.771,Kathy,right,60.367,3622,,,,,,,-0.1847,-0.7764,2.1029,3.1393,3.1393,6.3031
2026-06-15 16:35:54.802,Kathy,right,60.400,3624,,,,,,,-0.1477,-0.6684,2.1283,3.2745,3.2745,6.7816
2026-06-15 16:35:54.833,Kathy,right,60.433,3626,,,,,,,-0.1366,-0.5709,2.1423,3.2771,3.2771,6.9023
2026-06-15 16:35:54.864,Kathy,right,60.467,3628,,,,,,,-0.1411,-0.4808,2.1786,3.2709,3.2709,6.9581
2026-06-15 16:35:54.894,Kathy,right,60.483,3629,,,,,,,-0.1459,-0.4197,2.1945,3.2853,3.2853,6.9225
2026-06-15 16:35:54.925,Kathy,right,60.500,3630,,,,,,,-0.1545,-0.3825,2.1970,3.2812,3.2812,6.9153
2026-06-15 16:35:54.956,Kathy,right,60.533,3632,,,,,,,-0.2110,-0.3149,2.2205,3.2994,3.2994,6.8158
2026-06-15 16:35:54.986,Kathy,right,60.567,3634,,,,,,,-0.2333,-0.2669,2.2208,3.2774,3.2774,6.7193
2026-06-15 16:35:55.017,Kathy,right,60.600,3636,,,,,,,-0.2541,-0.2293,2.2146,3.2562,3.2562,6.7594
2026-06-15 16:35:55.048,Kathy,right,60.633,3638,,,,,,,-0.2507,-0.1914,2.2098,3.2652,3.2652,6.6573
2026-06-15 16:35:55.078,Kathy,right,60.667,3640,,,,,,,-0.2658,-0.1409,2.2014,3.2489,3.2489,6.6772
2026-06-15 16:35:55.109,Kathy,right,60.683,3641,,,,,,,-0.2713,-0.1032,2.1974,3.2487,3.2487,6.5983
2026-06-15 16:35:55.140,Kathy,right,60.717,3643,,,,,,,-0.2313,-0.0255,2.1821,3.2765,3.2765,6.7040
2026-06-15 16:35:55.170,Kathy,right,60.750,3645,,,,,,,-0.2354,0.0344,2.1814,3.2699,3.2699,6.7267
2026-06-15 16:35:55.201,Kathy,right,60.783,3647,,,,,,,-0.2568,0.0998,2.2009,3.2711,3.2711,6.8626
2026-06-15 16:35:55.232,Kathy,right,60.817,3649,,,,,,,-0.2810,0.1425,2.2069,3.2785,3.2785,6.7808
2026-06-15 16:35:55.262,Kathy,right,60.850,3651,,,,,,,-0.3088,0.2097,2.2155,3.2165,3.2165,6.6451
2026-06-15 16:35:55.293,Kathy,right,60.867,3652,,,,,,,-0.3478,0.2462,2.2034,3.2090,3.2090,6.6232
2026-06-15 16:35:55.324,Kathy,right,60.900,3654,,,,,,,-0.4068,0.2966,2.1902,3.2457,3.2457,6.5110
2026-06-15 16:35:55.354,Kathy,right,60.933,3656,,,,,,,-0.4362,0.3150,2.1858,3.2597,3.2597,6.5032
2026-06-15 16:35:55.384,Kathy,right,60.967,3658,,,,,,,-0.4857,0.3350,2.1753,3.2539,3.2539,6.4934
2026-06-15 16:35:55.415,Kathy,right,61.000,3660,,,,,,,-0.5302,0.3559,2.1760,3.2665,3.2665,6.4429
2026-06-15 16:35:55.446,Kathy,right,61.033,3662,,,,,,,-0.5712,0.3586,2.1882,3.2915,3.2915,6.5561
2026-06-15 16:35:55.476,Kathy,right,61.050,3663,,,,,,,-0.6121,0.3932,2.2043,3.3076,3.3076,6.3965
2026-06-15 16:35:55.506,Kathy,right,61.083,3665,,,,,,,-0.6447,0.3905,2.2079,3.3110,3.3110,6.4533
2026-06-15 16:35:55.537,Kathy,right,61.117,3667,,,,,,,-0.6994,0.3953,2.2169,3.2957,3.2957,6.4602
2026-06-15 16:35:55.567,Kathy,right,61.150,3669,,,,,,,-0.7653,0.3910,2.2277,3.3147,3.3147,6.3987
2026-06-15 16:35:55.598,Kathy,right,61.183,3671,,,,,,,-0.7921,0.4044,2.2298,3.3126,3.3126,6.4044
2026-06-15 16:35:55.628,Kathy,right,61.217,3673,,,,,,,-0.8504,0.4105,2.2446,3.3477,3.3477,6.5037
2026-06-15 16:35:55.659,Kathy,right,61.233,3674,,,,,,,-0.8967,0.4036,2.2609,3.3172,3.3172,6.4357
2026-06-15 16:35:55.690,Kathy,right,61.267,3676,,,,,,,-0.9157,0.4030,2.2666,3.3123,3.3123,6.4507
2026-06-15 16:35:55.724,Kathy,right,61.300,3678,,,,,,,-0.9526,0.3895,2.2659,3.3158,3.3158,6.3769
2026-06-15 16:35:55.754,Kathy,right,61.333,3680,,,,,,,-0.9868,0.3931,2.2688,3.3257,3.3257,6.3928
2026-06-15 16:35:55.785,Kathy,right,61.367,3682,,,,,,,-1.0078,0.3927,2.2797,3.3071,3.3071,6.4593
2026-06-15 16:35:55.815,Kathy,right,61.400,3684,,,,,,,-1.0607,0.3376,2.2994,3.3242,3.3242,6.3892
2026-06-15 16:35:55.846,Kathy,right,61.433,3686,,,,,,,-1.1043,0.2995,2.3057,3.3367,3.3367,6.3918
2026-06-15 16:35:55.876,Kathy,right,61.450,3687,,,,,,,-1.1383,0.2619,2.2964,3.3393,3.3393,6.4230
2026-06-15 16:35:55.907,Kathy,right,61.483,3689,,,,,,,-1.1442,0.2561,2.2923,3.3308,3.3308,6.4323
2026-06-15 16:35:55.938,Kathy,right,61.517,3691,,,,,,,-1.1627,0.2251,2.2897,3.3419,3.3419,6.4140
2026-06-15 16:35:55.968,Kathy,right,61.550,3693,,,,,,,-1.2056,0.1612,2.2857,3.3624,3.3624,6.4252
2026-06-15 16:35:55.999,Kathy,right,61.583,3695,,,,,,,-1.2417,0.1092,2.2870,3.3689,3.3689,6.5619
2026-06-15 16:35:56.029,Kathy,right,61.617,3697,,,,,,,-1.2550,0.0605,2.2881,3.3801,3.3801,6.5471
2026-06-15 16:35:56.060,Kathy,right,61.633,3698,,,,,,,-1.2872,0.0015,2.2832,3.4200,3.4200,6.5863
2026-06-15 16:35:56.090,Kathy,right,61.667,3700,,,,,,,-1.3123,-0.0311,2.2791,3.4356,3.4356,6.5945
2026-06-15 16:35:56.121,Kathy,right,61.700,3702,,,,,,,-1.3518,-0.0986,2.2735,3.4537,3.4537,6.6881
2026-06-15 16:35:56.151,Kathy,right,61.733,3704,,,,,,,-1.3462,-0.1292,2.2917,3.3394,3.3394,6.6542
2026-06-15 16:35:56.182,Kathy,right,61.767,3706,,,,,,,-1.3562,-0.1996,2.3144,3.3076,3.3076,6.7201
2026-06-15 16:35:56.213,Kathy,right,61.800,3708,,,,,,,-1.3775,-0.2434,2.3176,3.3041,3.3041,6.6685
2026-06-15 16:35:56.243,Kathy,right,61.817,3709,,,,,,,-1.4369,-0.3458,2.3006,3.3095,3.3095,6.6653
2026-06-15 16:35:56.273,Kathy,right,61.850,3711,,,,,,,-1.4619,-0.4127,2.2859,3.2983,3.2983,6.6890
2026-06-15 16:35:56.304,Kathy,right,61.883,3713,,,,,,,-1.4639,-0.4788,2.2889,3.2632,3.2632,6.5990
2026-06-15 16:35:56.335,Kathy,right,61.917,3715,,,,,,,-1.4628,-0.5070,2.2861,3.2832,3.2832,6.6009
2026-06-15 16:35:56.366,Kathy,right,61.950,3717,,,,,,,-1.5240,-0.5741,2.2490,3.4161,3.4161,6.5774
2026-06-15 16:35:56.397,Kathy,right,61.983,3719,,,,,,,-1.5579,-0.6282,2.2066,3.4759,3.4759,6.6172
2026-06-15 16:35:56.427,Kathy,right,62.017,3721,,,,,,,-1.5725,-0.6596,2.2057,3.4954,3.4954,6.7582
2026-06-15 16:35:56.458,Kathy,right,62.033,3722,,,,,,,-1.6178,-0.7655,2.2320,3.4535,3.4535,6.9226
2026-06-15 16:35:56.488,Kathy,right,62.067,3724,,,,,,,-1.6762,-0.8256,2.2458,3.5058,3.5058,7.0317
2026-06-15 16:35:56.519,Kathy,right,62.100,3726,,,,,,,-1.7137,-0.8704,2.2494,3.5252,3.5252,7.0326
2026-06-15 16:35:56.550,Kathy,right,62.133,3728,,,,,,,-1.7118,-0.8958,2.2527,3.4868,3.4868,7.0419
2026-06-15 16:35:56.580,Kathy,right,62.167,3730,,,,,,,-1.7119,-0.9319,2.2669,3.4474,3.4474,7.0634
2026-06-15 16:35:56.611,Kathy,right,62.200,3732,,,,,,,-1.7091,-0.9599,2.2788,3.4369,3.4369,7.0154
2026-06-15 16:35:56.641,Kathy,right,62.217,3733,,,,,,,-1.7008,-0.9880,2.2775,3.4461,3.4461,7.0266
2026-06-15 16:35:56.671,Kathy,right,62.250,3735,,,,,,,-1.6770,-1.0073,2.2800,3.4449,3.4449,7.0099
2026-06-15 16:35:56.702,Kathy,right,62.283,3737,,,,,,,-1.6632,-1.0284,2.2850,3.4463,3.4463,7.0444
2026-06-15 16:35:56.732,Kathy,right,62.317,3739,,,,,,,-1.6607,-1.0420,2.2915,3.4346,3.4346,7.0127
2026-06-15 16:35:56.763,Kathy,right,62.350,3741,,,,,,,-1.6812,-1.0367,2.2939,3.4413,3.4413,6.9574
2026-06-15 16:35:56.793,Kathy,right,62.383,3743,,,,,,,-1.6913,-1.0405,2.2937,3.4507,3.4507,6.9430
2026-06-15 16:35:56.824,Kathy,right,62.400,3744,,,,,,,-1.6901,-1.0518,2.2909,3.4880,3.4880,6.9899
2026-06-15 16:35:56.855,Kathy,right,62.433,3746,,,,,,,-1.6752,-1.0644,2.2792,3.4857,3.4857,7.0889
2026-06-15 16:35:56.886,Kathy,right,62.467,3748,,,,,,,-1.6596,-1.0632,2.2718,3.4749,3.4749,7.1352
2026-06-15 16:35:56.917,Kathy,right,62.500,3750,,,,,,,-1.6549,-1.0642,2.2696,3.4776,3.4776,7.1234
2026-06-15 16:35:56.948,Kathy,right,62.533,3752,,,,,,,-1.6497,-1.0489,2.2709,3.4836,3.4836,7.1060
2026-06-15 16:35:56.978,Kathy,right,62.567,3754,,,,,,,-1.6368,-1.0120,2.2818,3.4999,3.4999,6.9945
2026-06-15 16:35:57.008,Kathy,right,62.583,3755,,,,,,,-1.6254,-0.9596,2.2933,3.5080,3.5080,7.0064
2026-06-15 16:35:57.039,Kathy,right,62.617,3757,,,,,,,-1.5960,-0.9146,2.2949,3.5075,3.5075,7.0004
2026-06-15 16:35:57.069,Kathy,right,62.650,3759,,,,,,,-1.5679,-0.8974,2.2906,3.4664,3.4664,6.9686
2026-06-15 16:35:57.100,Kathy,right,62.683,3761,,,,,,,-1.5442,-0.8723,2.2876,3.4371,3.4371,6.9154
2026-06-15 16:35:57.131,Kathy,right,62.717,3763,,,,,,,-1.5151,-0.8188,2.2811,3.4123,3.4123,6.7598
2026-06-15 16:35:57.161,Kathy,right,62.750,3765,,,,,,,-1.5048,-0.7674,2.2851,3.4028,3.4028,6.7891
2026-06-15 16:35:57.192,Kathy,right,62.767,3766,,,,,,,-1.5009,-0.7050,2.2980,3.4160,3.4160,6.7689
2026-06-15 16:35:57.222,Kathy,right,62.800,3768,,,,,,,-1.4807,-0.6341,2.2995,3.3843,3.3843,6.7892
2026-06-15 16:35:57.253,Kathy,right,62.833,3770,,,,,,,-1.4824,-0.6079,2.2961,3.3890,3.3890,6.7817
2026-06-15 16:35:57.283,Kathy,right,62.867,3772,,,,,,,-1.4850,-0.5527,2.2778,3.4206,3.4206,6.6418
2026-06-15 16:35:57.314,Kathy,right,62.900,3774,,,,,,,-1.4377,-0.4882,2.2772,3.3409,3.3409,6.5388
2026-06-15 16:35:57.345,Kathy,right,62.933,3776,,,,,,,-1.4021,-0.4167,2.2935,3.2565,3.2565,6.4394
2026-06-15 16:35:57.375,Kathy,right,62.950,3777,,,,,,,-1.3880,-0.3801,2.3087,3.2349,3.2349,6.4477
2026-06-15 16:35:57.406,Kathy,right,62.983,3779,,,,,,,-1.3779,-0.3345,2.3185,3.3410,3.3410,6.5098
2026-06-15 16:35:57.443,Kathy,right,63.017,3781,,,,,,,-1.3498,-0.2852,2.3142,3.3715,3.3715,6.4579
2026-06-15 16:35:57.473,Kathy,right,63.050,3783,,,,,,,-1.3093,-0.2072,2.3159,3.3618,3.3618,6.4609
2026-06-15 16:35:57.504,Kathy,right,63.083,3785,,,,,,,-1.2738,-0.1476,2.3163,3.3338,3.3338,6.3936
2026-06-15 16:35:57.534,Kathy,right,63.117,3787,,,,,,,-1.2650,-0.1199,2.3137,3.3266,3.3266,6.3820
2026-06-15 16:35:57.565,Kathy,right,63.150,3789,,,,,,,-1.2157,-0.0494,2.3206,3.2577,3.2577,6.3979
2026-06-15 16:35:57.596,Kathy,right,63.183,3791,,,,,,,-1.1664,-0.0197,2.3334,3.2677,3.2677,6.4417
2026-06-15 16:35:57.626,Kathy,right,63.200,3792,,,,,,,-1.1223,0.0215,2.3381,3.2975,3.2975,6.3705
2026-06-15 16:35:57.656,Kathy,right,63.233,3794,,,,,,,-1.1011,0.0357,2.3375,3.2971,3.2971,6.3326
2026-06-15 16:35:57.687,Kathy,right,63.267,3796,,,,,,,-1.0519,0.0557,2.3269,3.2650,3.2650,6.2420
2026-06-15 16:35:57.717,Kathy,right,63.300,3798,,,,,,,-1.0245,0.0899,2.3004,3.2356,3.2356,6.1820
2026-06-15 16:35:57.748,Kathy,right,63.333,3800,,,,,,,-0.9955,0.2044,2.2642,3.2280,3.2280,6.1385
2026-06-15 16:35:57.778,Kathy,right,63.367,3802,,,,,,,-0.9504,0.2908,2.2405,3.2161,3.2161,6.0642
2026-06-15 16:35:57.809,Kathy,right,63.383,3803,,,,,,,-0.9423,0.3261,2.2338,3.2118,3.2118,5.9578
2026-06-15 16:35:57.839,Kathy,right,63.417,3805,,,,,,,-0.8906,0.3657,2.2230,3.1988,3.1988,5.8413
2026-06-15 16:35:57.872,Kathy,right,63.450,3807,,,,,,,-0.8621,0.4107,2.2167,3.1738,3.1738,5.9098
2026-06-15 16:35:57.902,Kathy,right,63.483,3809,,,,,,,-0.8104,0.4480,2.2239,3.1216,3.1216,5.9023
2026-06-15 16:35:57.933,Kathy,right,63.517,3811,,,,,,,-0.7802,0.4604,2.2300,3.1555,3.1555,5.8234
2026-06-15 16:35:57.963,Kathy,right,63.550,3813,,,,,,,-0.7523,0.4401,2.2363,3.1641,3.1641,5.8286
2026-06-15 16:35:57.994,Kathy,right,63.583,3815,,,,,,,-0.7179,0.4172,2.2397,3.1643,3.1643,5.8593
2026-06-15 16:35:58.025,Kathy,right,63.600,3816,,,,,,,-0.7087,0.3996,2.2403,3.1755,3.1755,5.9141
2026-06-15 16:35:58.056,Kathy,right,63.633,3818,,,,,,,-0.6731,0.3756,2.2375,3.1862,3.1862,5.9762
2026-06-15 16:35:58.086,Kathy,right,63.667,3820,,,,,,,-0.6162,0.3415,2.2331,3.1768,3.1768,5.9678
2026-06-15 16:35:58.117,Kathy,right,63.700,3822,,,,,,,-0.5699,0.3092,2.2182,3.1227,3.1227,5.8230
2026-06-15 16:35:58.147,Kathy,right,63.733,3824,,,,,,,-0.5468,0.2844,2.2092,3.1190,3.1190,5.7908
2026-06-15 16:35:58.178,Kathy,right,63.767,3826,,,,,,,-0.4914,0.2467,2.1936,3.1176,3.1176,5.7970
2026-06-15 16:35:58.209,Kathy,right,63.783,3827,,,,,,,-0.4348,0.1916,2.1817,3.0709,3.0709,5.8297
2026-06-15 16:35:58.240,Kathy,right,63.817,3829,,,,,,,-0.4209,0.1697,2.1704,3.0403,3.0403,5.7869
2026-06-15 16:35:58.270,Kathy,right,63.850,3831,,,,,,,-0.3794,0.1300,2.1538,3.0236,3.0236,5.7564
2026-06-15 16:35:58.301,Kathy,right,63.883,3833,,,,,,,-0.3372,0.0791,2.1496,3.0181,3.0181,5.7800
2026-06-15 16:35:58.332,Kathy,right,63.917,3835,,,,,,,-0.3479,0.0524,2.1646,3.0583,3.0583,5.8509
2026-06-15 16:35:58.363,Kathy,right,63.950,3837,,,,,,,-0.3313,0.0237,2.1828,3.0776,3.0776,5.8738
2026-06-15 16:35:58.393,Kathy,right,63.983,3839,,,,,,,-0.3061,-0.0077,2.1851,3.0822,3.0822,5.9599
2026-06-15 16:35:58.424,Kathy,right,64.000,3840,,,,,,,-0.2905,-0.0372,2.1879,3.1043,3.1043,5.9744
2026-06-15 16:35:58.455,Kathy,right,64.033,3842,,,,,,,-0.2800,-0.0993,2.1943,3.1509,3.1509,6.1496
2026-06-15 16:35:58.485,Kathy,right,64.067,3844,,,,,,,-0.2403,-0.1446,2.1899,3.1171,3.1171,6.1270
2026-06-15 16:35:58.516,Kathy,right,64.100,3846,,,,,,,-0.2212,-0.2098,2.2066,3.1268,3.1268,6.1585
2026-06-15 16:35:58.546,Kathy,right,64.133,3848,,,,,,,-0.1859,-0.2865,2.2005,3.0714,3.0714,5.9672
2026-06-15 16:35:58.577,Kathy,right,64.167,3850,,,,,,,-0.1828,-0.3387,2.1956,3.0523,3.0523,5.9715
2026-06-15 16:35:58.608,Kathy,right,64.183,3851,,,,,,,-0.1638,-0.4141,2.1879,3.0602,3.0602,5.9490
2026-06-15 16:35:58.639,Kathy,right,64.217,3853,,,,,,,-0.1635,-0.4596,2.1960,3.1050,3.1050,6.0723
2026-06-15 16:35:58.669,Kathy,right,64.250,3855,,,,,,,-0.1408,-0.5294,2.2147,3.1303,3.1303,6.1680
2026-06-15 16:35:58.699,Kathy,right,64.283,3857,,,,,,,-0.1164,-0.5627,2.2173,3.1322,3.1322,6.1787
2026-06-15 16:35:58.730,Kathy,right,64.317,3859,,,,,,,-0.0706,-0.6243,2.2178,3.1425,3.1425,6.1880
2026-06-15 16:35:58.760,Kathy,right,64.350,3861,,,,,,,-0.0419,-0.6885,2.2142,3.1255,3.1255,6.1365
2026-06-15 16:35:58.791,Kathy,right,64.367,3862,,,,,,,-0.0188,-0.7499,2.2148,3.0940,3.0940,6.1765
2026-06-15 16:35:58.821,Kathy,right,64.400,3864,,,,,,,0.0032,-0.8164,2.2141,3.0466,3.0466,6.1043
2026-06-15 16:35:58.852,Kathy,right,64.433,3866,,,,,,,0.0109,-0.8453,2.2078,3.0320,3.0320,6.0511
2026-06-15 16:35:58.887,Kathy,right,64.467,3868,,,,,,,0.0415,-0.9001,2.1864,3.0217,3.0217,5.9323
2026-06-15 16:35:58.917,Kathy,right,64.500,3870,,,,,,,0.0569,-0.9507,2.1554,3.0325,3.0325,5.9001
2026-06-15 16:35:58.948,Kathy,right,64.533,3872,,,,,,,0.1077,-0.9891,2.1330,3.0123,3.0123,5.9746
2026-06-15 16:35:58.979,Kathy,right,64.567,3874,,,,,,,0.1290,-1.0593,2.1098,3.0528,3.0528,6.0758
2026-06-15 16:35:59.009,Kathy,right,64.583,3875,,,,,,,0.1337,-1.0847,2.1050,3.0752,3.0752,6.0929
2026-06-15 16:35:59.040,Kathy,right,64.617,3877,,,,,,,0.1551,-1.1231,2.1039,3.1226,3.1226,6.1323
2026-06-15 16:35:59.071,Kathy,right,64.650,3879,,,,,,,0.1730,-1.1377,2.0994,3.1155,3.1155,6.0968
2026-06-15 16:35:59.101,Kathy,right,64.683,3881,,,,,,,0.1881,-1.1703,2.0791,3.0962,3.0962,6.1838
2026-06-15 16:35:59.132,Kathy,right,64.717,3883,,,,,,,0.1862,-1.2011,2.0643,3.0945,3.0945,6.2986
2026-06-15 16:35:59.162,Kathy,right,64.750,3885,,,,,,,0.1963,-1.2247,2.0465,3.0834,3.0834,6.3316
2026-06-15 16:35:59.193,Kathy,right,64.767,3886,,,,,,,0.2146,-1.2509,2.0307,3.1062,3.1062,6.3491
2026-06-15 16:35:59.223,Kathy,right,64.800,3888,,,,,,,0.2333,-1.2664,2.0161,3.1014,3.1014,6.2934
2026-06-15 16:35:59.254,Kathy,right,64.833,3890,,,,,,,0.2377,-1.2703,2.0036,3.1012,3.1012,6.2242
2026-06-15 16:35:59.285,Kathy,right,64.867,3892,,,,,,,0.2151,-1.2769,2.0081,3.0846,3.0846,6.2252
2026-06-15 16:35:59.315,Kathy,right,64.900,3894,,,,,,,0.2041,-1.2724,2.0222,3.0648,3.0648,6.2010
2026-06-15 16:35:59.346,Kathy,right,64.933,3896,,,,,,,0.1978,-1.2555,2.0327,3.0628,3.0628,6.1912
2026-06-15 16:35:59.376,Kathy,right,64.950,3897,,,,,,,0.2059,-1.2447,2.0340,3.0596,3.0596,6.1238
2026-06-15 16:35:59.407,Kathy,right,64.983,3899,,,,,,,0.2138,-1.2241,2.0319,3.0615,3.0615,6.0824
2026-06-15 16:35:59.437,Kathy,right,65.017,3901,,,,,,,0.2172,-1.1895,2.0257,3.0670,3.0670,6.0341
2026-06-15 16:35:59.468,Kathy,right,65.050,3903,,,,,,,0.2126,-1.1562,2.0193,3.0622,3.0622,6.0589
2026-06-15 16:35:59.499,Kathy,right,65.083,3905,,,,,,,0.2035,-1.1207,2.0205,3.0823,3.0823,6.1840
2026-06-15 16:35:59.530,Kathy,right,65.117,3907,,,,,,,0.1837,-1.0676,2.0284,3.0848,3.0848,6.2594
2026-06-15 16:35:59.561,Kathy,right,65.150,3909,,,,,,,0.1508,-1.0259,2.0416,3.0962,3.0962,6.3685
2026-06-15 16:35:59.591,Kathy,right,65.167,3910,,,,,,,0.1272,-1.0185,2.0557,3.1069,3.1069,6.3879
2026-06-15 16:35:59.621,Kathy,right,65.200,3912,,,,,,,0.1100,-0.9529,2.0755,3.1151,3.1151,6.3457
2026-06-15 16:35:59.652,Kathy,right,65.233,3914,,,,,,,0.0844,-0.8922,2.0873,3.1342,3.1342,6.3548
2026-06-15 16:35:59.682,Kathy,right,65.267,3916,,,,,,,0.0706,-0.8462,2.0981,3.1289,3.1289,6.3203
2026-06-15 16:35:59.713,Kathy,right,65.300,3918,,,,,,,0.0558,-0.8109,2.1096,3.1550,3.1550,6.4171
2026-06-15 16:35:59.744,Kathy,right,65.333,3920,,,,,,,0.0548,-0.7498,2.1131,3.1065,3.1065,6.2914
2026-06-15 16:35:59.774,Kathy,right,65.350,3921,,,,,,,0.0365,-0.6984,2.1057,3.0541,3.0541,6.1022
2026-06-15 16:35:59.805,Kathy,right,65.383,3923,,,,,,,-0.0255,-0.6545,2.1247,3.1652,3.1652,6.4856
2026-06-15 16:35:59.835,Kathy,right,65.417,3925,,,,,,,-0.0522,-0.6153,2.1277,3.1526,3.1526,6.4730
2026-06-15 16:35:59.866,Kathy,right,65.450,3927,,,,,,,-0.0618,-0.5862,2.1260,3.1163,3.1163,6.4014
2026-06-15 16:35:59.896,Kathy,right,65.483,3929,,,,,,,-0.0975,-0.5406,2.1374,3.1102,3.1102,6.3627
2026-06-15 16:35:59.927,Kathy,right,65.517,3931,,,,,,,-0.1295,-0.4905,2.1567,3.1316,3.1316,6.2818
2026-06-15 16:35:59.958,Kathy,right,65.533,3932,,,,,,,-0.1675,-0.3635,2.1711,3.1397,3.1397,6.2450
2026-06-15 16:35:59.988,Kathy,right,65.567,3934,,,,,,,-0.1608,-0.2983,2.1718,3.1205,3.1205,6.1874
2026-06-15 16:36:00.019,Kathy,right,65.600,3936,,,,,,,-0.1872,-0.2011,2.1625,3.1002,3.1002,6.0995
2026-06-15 16:36:00.049,Kathy,right,65.633,3938,,,,,,,-0.1958,-0.1380,2.1525,3.0760,3.0760,5.8777
2026-06-15 16:36:00.079,Kathy,right,65.667,3940,,,,,,,-0.2703,-0.0946,2.1819,3.1815,3.1815,6.0964
2026-06-15 16:36:00.110,Kathy,right,65.700,3942,,,,,,,-0.2777,-0.0639,2.1865,3.1340,3.1340,6.0028
2026-06-15 16:36:00.140,Kathy,right,65.717,3943,,,,,,,-0.2722,0.0013,2.1900,3.0569,3.0569,5.8598
2026-06-15 16:36:00.171,Kathy,right,65.750,3945,,,,,,,-0.2839,0.0782,2.1942,3.0199,3.0199,5.7306
2026-06-15 16:36:00.201,Kathy,right,65.783,3947,,,,,,,-0.2967,0.1010,2.1964,3.0177,3.0177,5.6792
2026-06-15 16:36:00.232,Kathy,right,65.817,3949,,,,,,,-0.3380,0.1444,2.2021,2.9895,2.9895,5.5148
2026-06-15 16:36:00.263,Kathy,right,65.850,3951,,,,,,,-0.3836,0.1542,2.1966,3.0137,3.0137,5.4269
2026-06-15 16:36:00.293,Kathy,right,65.867,3952,,,,,,,-0.4134,0.1793,2.1947,3.0098,3.0098,5.4146
2026-06-15 16:36:00.324,Kathy,right,65.900,3954,,,,,,,-0.4466,0.1920,2.1979,3.0309,3.0309,5.5599
2026-06-15 16:36:00.354,Kathy,right,65.933,3956,,,,,,,-0.4725,0.2032,2.2009,3.0371,3.0371,5.6505
2026-06-15 16:36:00.385,Kathy,right,65.967,3958,,,,,,,-0.5186,0.2248,2.2022,3.0604,3.0604,5.7390
2026-06-15 16:36:00.415,Kathy,right,66.000,3960,,,,,,,-0.5523,0.2466,2.2051,3.1115,3.1115,5.7618
2026-06-15 16:36:00.446,Kathy,right,66.033,3962,,,,,,,-0.5626,0.2702,2.1948,3.0849,3.0849,5.5085
2026-06-15 16:36:00.476,Kathy,right,66.050,3963,,,,,,,-0.5672,0.2893,2.1853,3.0595,3.0595,5.3859
2026-06-15 16:36:00.507,Kathy,right,66.083,3965,,,,,,,-0.5770,0.2937,2.1796,3.0590,3.0590,5.3413
2026-06-15 16:36:00.537,Kathy,right,66.117,3967,,,,,,,-0.6274,0.2698,2.1788,3.1074,3.1074,5.5480
2026-06-15 16:36:00.568,Kathy,right,66.150,3969,,,,,,,-0.6736,0.2450,2.2015,3.1135,3.1135,5.7072
2026-06-15 16:36:00.599,Kathy,right,66.183,3971,,,,,,,-0.7224,0.2207,2.2275,3.1666,3.1666,5.8297
2026-06-15 16:36:00.629,Kathy,right,66.217,3973,,,,,,,-0.7841,0.2544,2.2428,3.1658,3.1658,5.6985
2026-06-15 16:36:00.660,Kathy,right,66.233,3974,,,,,,,-0.8158,0.2788,2.2390,3.1586,3.1586,5.6218
2026-06-15 16:36:00.691,Kathy,right,66.267,3976,,,,,,,-0.8743,0.3102,2.2259,3.1643,3.1643,5.6751
2026-06-15 16:36:00.721,Kathy,right,66.300,3978,,,,,,,-0.9038,0.3119,2.2223,3.1946,3.1946,5.7354
2026-06-15 16:36:00.751,Kathy,right,66.333,3980,,,,,,,-0.9307,0.2679,2.2217,3.1775,3.1775,5.8664
2026-06-15 16:36:00.782,Kathy,right,66.367,3982,,,,,,,-0.9488,0.2298,2.2262,3.1710,3.1710,5.8364
2026-06-15 16:36:00.813,Kathy,right,66.400,3984,,,,,,,-1.0292,0.0508,2.2403,3.1286,3.1286,5.7476
2026-06-15 16:36:00.843,Kathy,right,66.417,3985,,,,,,,-1.1097,-0.1357,2.2397,3.1516,3.1516,5.8827
2026-06-15 16:36:00.874,Kathy,right,66.450,3987,,,,,,,-1.1289,-0.1770,2.2438,3.1807,3.1807,6.0242
2026-06-15 16:36:00.906,Kathy,right,66.483,3989,,,,,,,-1.1827,-0.2903,2.2846,3.1749,3.1749,6.0862
2026-06-15 16:36:00.936,Kathy,right,66.517,3991,,,,,,,-1.2034,-0.3175,2.3002,3.1936,3.1936,6.1096
2026-06-15 16:36:00.967,Kathy,right,66.550,3993,,,,,,,-1.2331,-0.3498,2.3344,3.1998,3.1998,6.1004
2026-06-15 16:36:00.998,Kathy,right,66.583,3995,,,,,,,-1.2242,-0.3727,2.3739,3.1670,3.1670,6.1114
2026-06-15 16:36:01.028,Kathy,right,66.617,3997,,,,,,,-1.2425,-0.3472,2.3919,3.1379,3.1379,6.0047
2026-06-15 16:36:01.059,Kathy,right,66.633,3998,,,,,,,-1.2554,-0.2818,2.3947,3.1121,3.1121,5.9674
2026-06-15 16:36:01.090,Kathy,right,66.667,4000,,,,,,,-1.2676,-0.2599,2.3978,3.0984,3.0984,6.0548
2026-06-15 16:36:01.120,Kathy,right,66.700,4002,,,,,,,-1.2647,-0.2502,2.3952,3.0958,3.0958,6.0437
2026-06-15 16:36:01.151,Kathy,right,66.733,4004,,,,,,,-1.2661,-0.2665,2.3922,3.1123,3.1123,6.0649
2026-06-15 16:36:01.182,Kathy,right,66.767,4006,,,,,,,-1.2687,-0.2856,2.4044,3.1480,3.1480,6.1100
2026-06-15 16:36:01.213,Kathy,right,66.800,4008,,,,,,,-1.2473,-0.3037,2.4197,3.1764,3.1764,6.1532
2026-06-15 16:36:01.244,Kathy,right,66.833,4010,,,,,,,-1.0014,-0.4073,2.3872,3.1639,3.1639,6.1915
2026-06-15 16:36:01.274,Kathy,right,66.850,4011,,,,,,,-0.8555,-0.4240,2.3176,3.1499,3.1499,6.1251
2026-06-15 16:36:01.305,Kathy,right,66.883,4013,,,,,,,-0.7898,-0.4378,2.2620,3.2108,3.2108,6.2322
2026-06-15 16:36:01.335,Kathy,right,66.917,4015,,,,,,,-0.7616,-0.4677,2.2413,3.2873,3.2873,6.3426
2026-06-15 16:36:01.366,Kathy,right,66.950,4017,,,,,,,-0.7399,-0.4732,2.2289,3.3048,3.3048,6.3597
2026-06-15 16:36:01.397,Kathy,right,66.983,4019,,,,,,,-0.7236,-0.4748,2.2151,3.2836,3.2836,6.3966
2026-06-15 16:36:01.427,Kathy,right,67.017,4021,,,,,,,-0.7003,-0.4727,2.1993,3.2241,3.2241,6.2682
2026-06-15 16:36:01.458,Kathy,right,67.033,4022,,,,,,,-0.6678,-0.4598,2.2034,3.2674,3.2674,6.4223
2026-06-15 16:36:01.488,Kathy,right,67.067,4024,,,,,,,-0.6544,-0.4552,2.2100,3.2893,3.2893,6.5671
2026-06-15 16:36:01.519,Kathy,right,67.100,4026,,,,,,,-0.6393,-0.4131,2.2234,3.2425,3.2425,6.7248
2026-06-15 16:36:01.549,Kathy,right,67.133,4028,,,,,,,-0.6164,-0.4089,2.2340,3.2710,3.2710,6.8596
2026-06-15 16:36:01.580,Kathy,right,67.167,4030,,,,,,,-0.6108,-0.4075,2.2527,3.3038,3.3038,6.9491
2026-06-15 16:36:01.610,Kathy,right,67.200,4032,,,,,,,-0.6502,-0.4405,2.2534,3.3882,3.3882,7.0376
